{"type":"FeatureCollection","features":[{"type":"Feature","geometry":{"type":"Point","coordinates":[3.70386,51.07033]},"properties":{"stop_id":"200014","stop_name":"Gent Hortensiastraat","qualifies_min1":true,"qualifies_min10":true,"qualifies_hourly":true,"qualifies_halfhour":true,"departures_MONDAY":96,"departures_TUESDAY":96,"departures_WEDNESDAY":96,"departures_THURSDAY":96,"departures_FRIDAY":96,"departures_SATURDAY":90,"departures_SUNDAY":77}},{"type":"Feature","geometry":{"type":"Point","coordinates":[3.70215,51.06583]},"properties":{"stop_id":"200016","stop_name":"Gent Guislainstraat","qualifies_min1":true,"qualifies_min10":true,"qualifies_hourly":true,"qualifies_halfhour":true,"departures_MONDAY":96,"departures_TUESDAY":96,"departures_WEDNESDAY":96,"departures_THURSDAY":96,"departures_FRIDAY":96,"departures_SATURDAY":90,"departures_SUNDAY":77}},{"type":"Feature","geometry":{"type":"Point","coordinates":[3.70327,51.06401]},"properties":{"stop_id":"200017","stop_name":"Gent Nieuwevaartbrug","qualifies_min1":true,"qualifies_min10":true,"qualifies_hourly":true,"qualifies_halfhour":true,"departures_MONDAY":127,"departures_TUESDAY":127,"departures_WEDNESDAY":127,"departures_THURSDAY":127,"departures_FRIDAY":127,"departures_SATURDAY":107,"departures_SUNDAY":93}},{"type":"Feature","geometry":{"type":"Point","coordinates":[3.70676,51.06245]},"properties":{"stop_id":"200018","stop_name":"Gent Wittekaproenenplein","qualifies_min1":true,"qualifies_min10":true,"qualifies_hourly":true,"qualifies_halfhour":true,"departures_MONDAY":127,"departures_TUESDAY":127,"departures_WEDNESDAY":127,"departures_THURSDAY":127,"departures_FRIDAY":127,"departures_SATURDAY":107,"departures_SUNDAY":93}},{"type":"Feature","geometry":{"type":"Point","coordinates":[3.71206,51.05986]},"properties":{"stop_id":"200019","stop_name":"Gent Rabot (Begijnhoflaan)","qualifies_min1":true,"qualifies_min10":true,"qualifies_hourly":true,"qualifies_halfhour":true,"departures_MONDAY":96,"departures_TUESDAY":96,"departures_WEDNESDAY":96,"departures_THURSDAY":96,"departures_FRIDAY":96,"departures_SATURDAY":90,"departures_SUNDAY":77}},{"type":"Feature","geometry":{"type":"Point","coordinates":[3.72138,51.05679]},"properties":{"stop_id":"200023","stop_name":"Gent Gravensteen (Sint-Veerleplein)","qualifies_min1":true,"qualifies_min10":true,"qualifies_hourly":true,"qualifies_halfhour":true,"departures_MONDAY":96,"departures_TUESDAY":96,"departures_WEDNESDAY":96,"departures_THURSDAY":96,"departures_FRIDAY":96,"departures_SATURDAY":90,"departures_SUNDAY":77}},{"type":"Feature","geometry":{"type":"Point","coordinates":[3.72298,51.03262]},"properties":{"stop_id":"200037","stop_name":"Gent Zwijnaardsesteenweg","qualifies_min1":true,"qualifies_min10":true,"qualifies_hourly":true,"qualifies_halfhour":false,"departures_MONDAY":145,"departures_TUESDAY":145,"departures_WEDNESDAY":145,"departures_THURSDAY":145,"departures_FRIDAY":145,"departures_SATURDAY":90,"departures_SUNDAY":76}},{"type":"Feature","geometry":{"type":"Point","coordinates":[3.75595,51.0605]},"properties":{"stop_id":"200045","stop_name":"Sint-Amandsberg Rozebroekstraat","qualifies_min1":true,"qualifies_min10":true,"qualifies_hourly":true,"qualifies_halfhour":false,"departures_MONDAY":62,"departures_TUESDAY":62,"departures_WEDNESDAY":62,"departures_THURSDAY":62,"departures_FRIDAY":63,"departures_SATURDAY":56,"departures_SUNDAY":55}},{"type":"Feature","geometry":{"type":"Point","coordinates":[3.77242,51.02507]},"properties":{"stop_id":"200050","stop_name":"Melle Leeuw","qualifies_min1":true,"qualifies_min10":true,"qualifies_hourly":true,"qualifies_halfhour":true,"departures_MONDAY":195,"departures_TUESDAY":195,"departures_WEDNESDAY":195,"departures_THURSDAY":195,"departures_FRIDAY":195,"departures_SATURDAY":185,"departures_SUNDAY":158}},{"type":"Feature","geometry":{"type":"Point","coordinates":[3.76903,51.02774]},"properties":{"stop_id":"200051","stop_name":"Gentbrugge Pecherstraat","qualifies_min1":true,"qualifies_min10":true,"qualifies_hourly":true,"qualifies_halfhour":true,"departures_MONDAY":205,"departures_TUESDAY":205,"departures_WEDNESDAY":205,"departures_THURSDAY":205,"departures_FRIDAY":205,"departures_SATURDAY":151,"departures_SUNDAY":124}},{"type":"Feature","geometry":{"type":"Point","coordinates":[3.76512,51.02964]},"properties":{"stop_id":"200052","stop_name":"Gentbrugge Tennisstraat","qualifies_min1":true,"qualifies_min10":true,"qualifies_hourly":true,"qualifies_halfhour":true,"departures_MONDAY":205,"departures_TUESDAY":205,"departures_WEDNESDAY":205,"departures_THURSDAY":205,"departures_FRIDAY":205,"departures_SATURDAY":151,"departures_SUNDAY":124}},{"type":"Feature","geometry":{"type":"Point","coordinates":[3.76027,51.03204]},"properties":{"stop_id":"200053","stop_name":"Gentbrugge Schooldreef","qualifies_min1":true,"qualifies_min10":true,"qualifies_hourly":true,"qualifies_halfhour":true,"departures_MONDAY":97,"departures_TUESDAY":97,"departures_WEDNESDAY":97,"departures_THURSDAY":97,"departures_FRIDAY":97,"departures_SATURDAY":92,"departures_SUNDAY":79}},{"type":"Feature","geometry":{"type":"Point","coordinates":[3.74975,51.03722]},"properties":{"stop_id":"200060","stop_name":"Gentbrugge Stelplaats","qualifies_min1":true,"qualifies_min10":true,"qualifies_hourly":true,"qualifies_halfhour":true,"departures_MONDAY":131,"departures_TUESDAY":131,"departures_WEDNESDAY":131,"departures_THURSDAY":131,"departures_FRIDAY":131,"departures_SATURDAY":129,"departures_SUNDAY":108}},{"type":"Feature","geometry":{"type":"Point","coordinates":[3.74408,51.04009]},"properties":{"stop_id":"200061","stop_name":"Ledeberg Van Lokerenstraat","qualifies_min1":true,"qualifies_min10":true,"qualifies_hourly":true,"qualifies_halfhour":true,"departures_MONDAY":106,"departures_TUESDAY":106,"departures_WEDNESDAY":106,"departures_THURSDAY":106,"departures_FRIDAY":106,"departures_SATURDAY":100,"departures_SUNDAY":83}},{"type":"Feature","geometry":{"type":"Point","coordinates":[3.73808,51.04271]},"properties":{"stop_id":"200062","stop_name":"Gent Keizerpoort (Brusselsepoortstraat)","qualifies_min1":true,"qualifies_min10":true,"qualifies_hourly":true,"qualifies_halfhour":true,"departures_MONDAY":106,"departures_TUESDAY":106,"departures_WEDNESDAY":106,"departures_THURSDAY":106,"departures_FRIDAY":106,"departures_SATURDAY":100,"departures_SUNDAY":83}},{"type":"Feature","geometry":{"type":"Point","coordinates":[3.73365,51.04466]},"properties":{"stop_id":"200064","stop_name":"Gent Vijfwindgatenstraat","qualifies_min1":true,"qualifies_min10":true,"qualifies_hourly":true,"qualifies_halfhour":true,"departures_MONDAY":516,"departures_TUESDAY":516,"departures_WEDNESDAY":516,"departures_THURSDAY":516,"departures_FRIDAY":516,"departures_SATURDAY":497,"departures_SUNDAY":421}},{"type":"Feature","geometry":{"type":"Point","coordinates":[3.73161,51.04823]},"properties":{"stop_id":"200065","stop_name":"Gent Zuid perron 1","qualifies_min1":true,"qualifies_min10":true,"qualifies_hourly":true,"qualifies_halfhour":true,"departures_MONDAY":282,"departures_TUESDAY":282,"departures_WEDNESDAY":282,"departures_THURSDAY":282,"departures_FRIDAY":282,"departures_SATURDAY":287,"departures_SUNDAY":242}},{"type":"Feature","geometry":{"type":"Point","coordinates":[3.72989,51.05045]},"properties":{"stop_id":"200066","stop_name":"Gent Lippensplein","qualifies_min1":true,"qualifies_min10":true,"qualifies_hourly":true,"qualifies_halfhour":true,"departures_MONDAY":341,"departures_TUESDAY":341,"departures_WEDNESDAY":341,"departures_THURSDAY":341,"departures_FRIDAY":103,"departures_SATURDAY":95,"departures_SUNDAY":81}},{"type":"Feature","geometry":{"type":"Point","coordinates":[3.72643,51.05061]},"properties":{"stop_id":"200067","stop_name":"Gent Vogelmarkt","qualifies_min1":true,"qualifies_min10":true,"qualifies_hourly":true,"qualifies_halfhour":true,"departures_MONDAY":176,"departures_TUESDAY":176,"departures_WEDNESDAY":176,"departures_THURSDAY":176,"departures_FRIDAY":176,"departures_SATURDAY":190,"departures_SUNDAY":159}},{"type":"Feature","geometry":{"type":"Point","coordinates":[3.71676,51.05008]},"properties":{"stop_id":"200070","stop_name":"Gent Oude Houtlei","qualifies_min1":true,"qualifies_min10":true,"qualifies_hourly":true,"qualifies_halfhour":true,"departures_MONDAY":176,"departures_TUESDAY":176,"departures_WEDNESDAY":176,"departures_THURSDAY":176,"departures_FRIDAY":176,"departures_SATURDAY":190,"departures_SUNDAY":159}},{"type":"Feature","geometry":{"type":"Point","coordinates":[3.71343,51.05075]},"properties":{"stop_id":"200071","stop_name":"Gent Galgenberg","qualifies_min1":true,"qualifies_min10":true,"qualifies_hourly":true,"qualifies_halfhour":true,"departures_MONDAY":176,"departures_TUESDAY":176,"departures_WEDNESDAY":176,"departures_THURSDAY":176,"departures_FRIDAY":176,"departures_SATURDAY":190,"departures_SUNDAY":159}},{"type":"Feature","geometry":{"type":"Point","coordinates":[3.70968,51.04987]},"properties":{"stop_id":"200072","stop_name":"Gent Rozemarijnbrug","qualifies_min1":true,"qualifies_min10":true,"qualifies_hourly":true,"qualifies_halfhour":true,"departures_MONDAY":259,"departures_TUESDAY":259,"departures_WEDNESDAY":259,"departures_THURSDAY":259,"departures_FRIDAY":259,"departures_SATURDAY":261,"departures_SUNDAY":224}},{"type":"Feature","geometry":{"type":"Point","coordinates":[3.70969,51.04788]},"properties":{"stop_id":"200073","stop_name":"Gent Bernard Spaelaan","qualifies_min1":true,"qualifies_min10":true,"qualifies_hourly":true,"qualifies_halfhour":true,"departures_MONDAY":259,"departures_TUESDAY":259,"departures_WEDNESDAY":259,"departures_THURSDAY":259,"departures_FRIDAY":259,"departures_SATURDAY":261,"departures_SUNDAY":224}},{"type":"Feature","geometry":{"type":"Point","coordinates":[3.71357,51.04529]},"properties":{"stop_id":"200074","stop_name":"Gent Bijlokehof","qualifies_min1":true,"qualifies_min10":true,"qualifies_hourly":true,"qualifies_halfhour":true,"departures_MONDAY":259,"departures_TUESDAY":259,"departures_WEDNESDAY":259,"departures_THURSDAY":259,"departures_FRIDAY":259,"departures_SATURDAY":261,"departures_SUNDAY":224}},{"type":"Feature","geometry":{"type":"Point","coordinates":[3.71105,51.04283]},"properties":{"stop_id":"200075","stop_name":"Gent Koning Albertbrug","qualifies_min1":true,"qualifies_min10":true,"qualifies_hourly":true,"qualifies_halfhour":true,"departures_MONDAY":258,"departures_TUESDAY":258,"departures_WEDNESDAY":258,"departures_THURSDAY":258,"departures_FRIDAY":258,"departures_SATURDAY":260,"departures_SUNDAY":223}},{"type":"Feature","geometry":{"type":"Point","coordinates":[3.7105,51.03855]},"properties":{"stop_id":"200076","stop_name":"Gent Meersstraat","qualifies_min1":true,"qualifies_min10":true,"qualifies_hourly":true,"qualifies_halfhour":true,"departures_MONDAY":410,"departures_TUESDAY":410,"departures_WEDNESDAY":410,"departures_THURSDAY":410,"departures_FRIDAY":410,"departures_SATURDAY":338,"departures_SUNDAY":299}},{"type":"Feature","geometry":{"type":"Point","coordinates":[3.65383,50.96556]},"properties":{"stop_id":"200082","stop_name":"Eke Duivelstraat","qualifies_min1":true,"qualifies_min10":true,"qualifies_hourly":false,"qualifies_halfhour":false,"departures_MONDAY":18,"departures_TUESDAY":18,"departures_WEDNESDAY":18,"departures_THURSDAY":18,"departures_FRIDAY":18,"departures_SATURDAY":18,"departures_SUNDAY":14}},{"type":"Feature","geometry":{"type":"Point","coordinates":[3.73141,51.04789]},"properties":{"stop_id":"200083","stop_name":"Gent Zuid perron 5","qualifies_min1":true,"qualifies_min10":true,"qualifies_hourly":true,"qualifies_halfhour":true,"departures_MONDAY":141,"departures_TUESDAY":141,"departures_WEDNESDAY":141,"departures_THURSDAY":141,"departures_FRIDAY":141,"departures_SATURDAY":127,"departures_SUNDAY":93}},{"type":"Feature","geometry":{"type":"Point","coordinates":[3.72945,51.05023]},"properties":{"stop_id":"200089","stop_name":"Gent Lippensplein","qualifies_min1":true,"qualifies_min10":true,"qualifies_hourly":true,"qualifies_halfhour":true,"departures_MONDAY":176,"departures_TUESDAY":176,"departures_WEDNESDAY":176,"departures_THURSDAY":176,"departures_FRIDAY":176,"departures_SATURDAY":190,"departures_SUNDAY":159}},{"type":"Feature","geometry":{"type":"Point","coordinates":[3.75102,51.02945]},"properties":{"stop_id":"200090","stop_name":"Gentbrugge Moscou","qualifies_min1":true,"qualifies_min10":true,"qualifies_hourly":true,"qualifies_halfhour":true,"departures_MONDAY":320,"departures_TUESDAY":320,"departures_WEDNESDAY":320,"departures_THURSDAY":320,"departures_FRIDAY":320,"departures_SATURDAY":336,"departures_SUNDAY":288}},{"type":"Feature","geometry":{"type":"Point","coordinates":[3.74132,51.03664]},"properties":{"stop_id":"200094","stop_name":"Ledeberg Ledebergplein","qualifies_min1":true,"qualifies_min10":true,"qualifies_hourly":true,"qualifies_halfhour":true,"departures_MONDAY":159,"departures_TUESDAY":159,"departures_WEDNESDAY":159,"departures_THURSDAY":159,"departures_FRIDAY":159,"departures_SATURDAY":167,"departures_SUNDAY":143}},{"type":"Feature","geometry":{"type":"Point","coordinates":[3.73664,51.03944]},"properties":{"stop_id":"200096","stop_name":"Gent Sint-Lievenspoort (Zuidpark)","qualifies_min1":true,"qualifies_min10":true,"qualifies_hourly":true,"qualifies_halfhour":true,"departures_MONDAY":239,"departures_TUESDAY":239,"departures_WEDNESDAY":239,"departures_THURSDAY":239,"departures_FRIDAY":239,"departures_SATURDAY":246,"departures_SUNDAY":202}},{"type":"Feature","geometry":{"type":"Point","coordinates":[3.72799,51.05205]},"properties":{"stop_id":"200098","stop_name":"Gent Duivelsteen","qualifies_min1":true,"qualifies_min10":true,"qualifies_hourly":true,"qualifies_halfhour":true,"departures_MONDAY":341,"departures_TUESDAY":341,"departures_WEDNESDAY":341,"departures_THURSDAY":341,"departures_FRIDAY":103,"departures_SATURDAY":95,"departures_SUNDAY":81}},{"type":"Feature","geometry":{"type":"Point","coordinates":[3.72145,51.05706]},"properties":{"stop_id":"200100","stop_name":"Gent Gravensteen (Geldmunt)","qualifies_min1":true,"qualifies_min10":false,"qualifies_hourly":false,"qualifies_halfhour":false,"departures_MONDAY":5,"departures_TUESDAY":5,"departures_WEDNESDAY":5,"departures_THURSDAY":5,"departures_FRIDAY":5,"departures_SATURDAY":3,"departures_SUNDAY":4}},{"type":"Feature","geometry":{"type":"Point","coordinates":[3.72142,51.05869]},"properties":{"stop_id":"200101","stop_name":"Gent Lange Steenstraat","qualifies_min1":true,"qualifies_min10":true,"qualifies_hourly":true,"qualifies_halfhour":true,"departures_MONDAY":88,"departures_TUESDAY":88,"departures_WEDNESDAY":88,"departures_THURSDAY":88,"departures_FRIDAY":88,"departures_SATURDAY":74,"departures_SUNDAY":69}},{"type":"Feature","geometry":{"type":"Point","coordinates":[3.72439,51.05993]},"properties":{"stop_id":"200102","stop_name":"Gent Sluizeken","qualifies_min1":true,"qualifies_min10":true,"qualifies_hourly":true,"qualifies_halfhour":true,"departures_MONDAY":83,"departures_TUESDAY":83,"departures_WEDNESDAY":83,"departures_THURSDAY":83,"departures_FRIDAY":83,"departures_SATURDAY":71,"departures_SUNDAY":65}},{"type":"Feature","geometry":{"type":"Point","coordinates":[3.72746,51.06211]},"properties":{"stop_id":"200103","stop_name":"Gent Coppinsstraat","qualifies_min1":true,"qualifies_min10":true,"qualifies_hourly":true,"qualifies_halfhour":true,"departures_MONDAY":83,"departures_TUESDAY":83,"departures_WEDNESDAY":83,"departures_THURSDAY":83,"departures_FRIDAY":83,"departures_SATURDAY":71,"departures_SUNDAY":65}},{"type":"Feature","geometry":{"type":"Point","coordinates":[3.72909,51.06395]},"properties":{"stop_id":"200104","stop_name":"Gent Heilig-Kerst","qualifies_min1":true,"qualifies_min10":true,"qualifies_hourly":true,"qualifies_halfhour":true,"departures_MONDAY":83,"departures_TUESDAY":83,"departures_WEDNESDAY":83,"departures_THURSDAY":83,"departures_FRIDAY":83,"departures_SATURDAY":71,"departures_SUNDAY":65}},{"type":"Feature","geometry":{"type":"Point","coordinates":[3.72985,51.06968]},"properties":{"stop_id":"200106","stop_name":"Gent Muidebrug","qualifies_min1":true,"qualifies_min10":true,"qualifies_hourly":true,"qualifies_halfhour":true,"departures_MONDAY":213,"departures_TUESDAY":213,"departures_WEDNESDAY":213,"departures_THURSDAY":213,"departures_FRIDAY":217,"departures_SATURDAY":203,"departures_SUNDAY":181}},{"type":"Feature","geometry":{"type":"Point","coordinates":[3.72651,51.06724]},"properties":{"stop_id":"200108","stop_name":"Gent Tolpoort (Neuseplein)","qualifies_min1":true,"qualifies_min10":true,"qualifies_hourly":true,"qualifies_halfhour":true,"departures_MONDAY":83,"departures_TUESDAY":83,"departures_WEDNESDAY":83,"departures_THURSDAY":83,"departures_FRIDAY":83,"departures_SATURDAY":71,"departures_SUNDAY":65}},{"type":"Feature","geometry":{"type":"Point","coordinates":[3.71851,51.06481]},"properties":{"stop_id":"200110","stop_name":"Gent AZ Sint-Lucas (Blaisantvest)","qualifies_min1":true,"qualifies_min10":true,"qualifies_hourly":true,"qualifies_halfhour":true,"departures_MONDAY":83,"departures_TUESDAY":83,"departures_WEDNESDAY":83,"departures_THURSDAY":83,"departures_FRIDAY":83,"departures_SATURDAY":71,"departures_SUNDAY":65}},{"type":"Feature","geometry":{"type":"Point","coordinates":[3.71554,51.0626]},"properties":{"stop_id":"200111","stop_name":"Gent Opgeëistenlaan","qualifies_min1":true,"qualifies_min10":true,"qualifies_hourly":true,"qualifies_halfhour":true,"departures_MONDAY":83,"departures_TUESDAY":83,"departures_WEDNESDAY":83,"departures_THURSDAY":83,"departures_FRIDAY":83,"departures_SATURDAY":71,"departures_SUNDAY":65}},{"type":"Feature","geometry":{"type":"Point","coordinates":[3.70987,51.05693]},"properties":{"stop_id":"200112","stop_name":"Gent Brugsepoort (Begijnhoflaan)","qualifies_min1":true,"qualifies_min10":true,"qualifies_hourly":true,"qualifies_halfhour":true,"departures_MONDAY":83,"departures_TUESDAY":83,"departures_WEDNESDAY":83,"departures_THURSDAY":83,"departures_FRIDAY":83,"departures_SATURDAY":71,"departures_SUNDAY":65}},{"type":"Feature","geometry":{"type":"Point","coordinates":[3.77073,51.07083]},"properties":{"stop_id":"200128","stop_name":"Sint-Amandsberg Carelshof","qualifies_min1":true,"qualifies_min10":true,"qualifies_hourly":true,"qualifies_halfhour":true,"departures_MONDAY":68,"departures_TUESDAY":68,"departures_WEDNESDAY":68,"departures_THURSDAY":68,"departures_FRIDAY":68,"departures_SATURDAY":65,"departures_SUNDAY":58}},{"type":"Feature","geometry":{"type":"Point","coordinates":[3.77632,51.07328]},"properties":{"stop_id":"200129","stop_name":"Sint-Amandsberg Oudebareelstraat","qualifies_min1":true,"qualifies_min10":true,"qualifies_hourly":true,"qualifies_halfhour":true,"departures_MONDAY":68,"departures_TUESDAY":68,"departures_WEDNESDAY":68,"departures_THURSDAY":68,"departures_FRIDAY":68,"departures_SATURDAY":65,"departures_SUNDAY":58}},{"type":"Feature","geometry":{"type":"Point","coordinates":[3.75572,51.04526]},"properties":{"stop_id":"200132","stop_name":"Gentbrugge Tweekapellenstraat","qualifies_min1":true,"qualifies_min10":true,"qualifies_hourly":true,"qualifies_halfhour":true,"departures_MONDAY":76,"departures_TUESDAY":76,"departures_WEDNESDAY":76,"departures_THURSDAY":76,"departures_FRIDAY":87,"departures_SATURDAY":84,"departures_SUNDAY":65}},{"type":"Feature","geometry":{"type":"Point","coordinates":[3.75458,51.04787]},"properties":{"stop_id":"200133","stop_name":"Sint-Amandsberg Gentbruggebrug","qualifies_min1":true,"qualifies_min10":true,"qualifies_hourly":true,"qualifies_halfhour":true,"departures_MONDAY":101,"departures_TUESDAY":101,"departures_WEDNESDAY":101,"departures_THURSDAY":101,"departures_FRIDAY":112,"departures_SATURDAY":105,"departures_SUNDAY":74}},{"type":"Feature","geometry":{"type":"Point","coordinates":[3.74814,51.0527]},"properties":{"stop_id":"200135","stop_name":"Sint-Amandsberg Heernisplein","qualifies_min1":true,"qualifies_min10":true,"qualifies_hourly":true,"qualifies_halfhour":true,"departures_MONDAY":138,"departures_TUESDAY":138,"departures_WEDNESDAY":138,"departures_THURSDAY":138,"departures_FRIDAY":149,"departures_SATURDAY":141,"departures_SUNDAY":94}},{"type":"Feature","geometry":{"type":"Point","coordinates":[3.74539,51.05323]},"properties":{"stop_id":"200136","stop_name":"Gent Banierstraat","qualifies_min1":true,"qualifies_min10":true,"qualifies_hourly":true,"qualifies_halfhour":true,"departures_MONDAY":138,"departures_TUESDAY":138,"departures_WEDNESDAY":138,"departures_THURSDAY":138,"departures_FRIDAY":149,"departures_SATURDAY":141,"departures_SUNDAY":94}},{"type":"Feature","geometry":{"type":"Point","coordinates":[3.74283,51.05533]},"properties":{"stop_id":"200137","stop_name":"Gent Nieuwhof","qualifies_min1":true,"qualifies_min10":true,"qualifies_hourly":true,"qualifies_halfhour":true,"departures_MONDAY":138,"departures_TUESDAY":138,"departures_WEDNESDAY":138,"departures_THURSDAY":138,"departures_FRIDAY":149,"departures_SATURDAY":141,"departures_SUNDAY":94}},{"type":"Feature","geometry":{"type":"Point","coordinates":[3.7122,51.03601]},"properties":{"stop_id":"200144","stop_name":"Gent Sint-Pietersstation perron 20","qualifies_min1":true,"qualifies_min10":true,"qualifies_hourly":true,"qualifies_halfhour":true,"departures_MONDAY":170,"departures_TUESDAY":170,"departures_WEDNESDAY":170,"departures_THURSDAY":170,"departures_FRIDAY":170,"departures_SATURDAY":165,"departures_SUNDAY":143}},{"type":"Feature","geometry":{"type":"Point","coordinates":[3.7164,51.05454]},"properties":{"stop_id":"200145","stop_name":"Gent Poel","qualifies_min1":true,"qualifies_min10":true,"qualifies_hourly":true,"qualifies_halfhour":true,"departures_MONDAY":238,"departures_TUESDAY":238,"departures_WEDNESDAY":238,"departures_THURSDAY":238,"departures_FRIDAY":265,"departures_SATURDAY":255,"departures_SUNDAY":233}},{"type":"Feature","geometry":{"type":"Point","coordinates":[3.71031,51.0565]},"properties":{"stop_id":"200147","stop_name":"Gent Brugsepoort (Brugsepoortstraat)","qualifies_min1":true,"qualifies_min10":true,"qualifies_hourly":true,"qualifies_halfhour":true,"departures_MONDAY":237,"departures_TUESDAY":237,"departures_WEDNESDAY":237,"departures_THURSDAY":237,"departures_FRIDAY":265,"departures_SATURDAY":255,"departures_SUNDAY":233}},{"type":"Feature","geometry":{"type":"Point","coordinates":[3.70383,51.05934]},"properties":{"stop_id":"200148","stop_name":"Gent Seghersplein","qualifies_min1":true,"qualifies_min10":true,"qualifies_hourly":true,"qualifies_halfhour":true,"departures_MONDAY":100,"departures_TUESDAY":100,"departures_WEDNESDAY":100,"departures_THURSDAY":100,"departures_FRIDAY":116,"departures_SATURDAY":115,"departures_SUNDAY":113}},{"type":"Feature","geometry":{"type":"Point","coordinates":[3.69447,51.06399]},"properties":{"stop_id":"200150","stop_name":"Gent Rooigem (Brugsesteenweg)","qualifies_min1":true,"qualifies_min10":true,"qualifies_hourly":true,"qualifies_halfhour":true,"departures_MONDAY":137,"departures_TUESDAY":137,"departures_WEDNESDAY":137,"departures_THURSDAY":137,"departures_FRIDAY":153,"departures_SATURDAY":145,"departures_SUNDAY":143}},{"type":"Feature","geometry":{"type":"Point","coordinates":[3.68978,51.06544]},"properties":{"stop_id":"200151","stop_name":"Gent Malpertuusplein","qualifies_min1":true,"qualifies_min10":true,"qualifies_hourly":true,"qualifies_halfhour":true,"departures_MONDAY":137,"departures_TUESDAY":137,"departures_WEDNESDAY":137,"departures_THURSDAY":137,"departures_FRIDAY":153,"departures_SATURDAY":145,"departures_SUNDAY":143}},{"type":"Feature","geometry":{"type":"Point","coordinates":[3.68718,51.06731]},"properties":{"stop_id":"200152","stop_name":"Gent Fluweelstraat","qualifies_min1":true,"qualifies_min10":true,"qualifies_hourly":true,"qualifies_halfhour":true,"departures_MONDAY":137,"departures_TUESDAY":137,"departures_WEDNESDAY":137,"departures_THURSDAY":137,"departures_FRIDAY":153,"departures_SATURDAY":145,"departures_SUNDAY":143}},{"type":"Feature","geometry":{"type":"Point","coordinates":[3.68463,51.06879]},"properties":{"stop_id":"200153","stop_name":"Mariakerke Jutestraat","qualifies_min1":true,"qualifies_min10":true,"qualifies_hourly":true,"qualifies_halfhour":true,"departures_MONDAY":137,"departures_TUESDAY":137,"departures_WEDNESDAY":137,"departures_THURSDAY":137,"departures_FRIDAY":153,"departures_SATURDAY":145,"departures_SUNDAY":143}},{"type":"Feature","geometry":{"type":"Point","coordinates":[3.68197,51.07043]},"properties":{"stop_id":"200154","stop_name":"Mariakerke Spellewerkstraat","qualifies_min1":true,"qualifies_min10":true,"qualifies_hourly":true,"qualifies_halfhour":true,"departures_MONDAY":136,"departures_TUESDAY":136,"departures_WEDNESDAY":136,"departures_THURSDAY":136,"departures_FRIDAY":153,"departures_SATURDAY":145,"departures_SUNDAY":143}},{"type":"Feature","geometry":{"type":"Point","coordinates":[3.68082,51.07249]},"properties":{"stop_id":"200155","stop_name":"Mariakerke Claeysplein","qualifies_min1":true,"qualifies_min10":true,"qualifies_hourly":true,"qualifies_halfhour":true,"departures_MONDAY":136,"departures_TUESDAY":136,"departures_WEDNESDAY":136,"departures_THURSDAY":136,"departures_FRIDAY":153,"departures_SATURDAY":145,"departures_SUNDAY":143}},{"type":"Feature","geometry":{"type":"Point","coordinates":[3.81069,50.99824]},"properties":{"stop_id":"200158","stop_name":"Melle College","qualifies_min1":true,"qualifies_min10":true,"qualifies_hourly":false,"qualifies_halfhour":false,"departures_MONDAY":39,"departures_TUESDAY":39,"departures_WEDNESDAY":39,"departures_THURSDAY":39,"departures_FRIDAY":39,"departures_SATURDAY":14,"departures_SUNDAY":14}},{"type":"Feature","geometry":{"type":"Point","coordinates":[3.70639,51.02476]},"properties":{"stop_id":"200161","stop_name":"Gent Maaltebruggestraat","qualifies_min1":true,"qualifies_min10":true,"qualifies_hourly":true,"qualifies_halfhour":true,"departures_MONDAY":151,"departures_TUESDAY":151,"departures_WEDNESDAY":151,"departures_THURSDAY":151,"departures_FRIDAY":151,"departures_SATURDAY":156,"departures_SUNDAY":137}},{"type":"Feature","geometry":{"type":"Point","coordinates":[3.69868,51.02296]},"properties":{"stop_id":"200162","stop_name":"Gent M. Middelares - Maalte","qualifies_min1":true,"qualifies_min10":true,"qualifies_hourly":true,"qualifies_halfhour":true,"departures_MONDAY":151,"departures_TUESDAY":151,"departures_WEDNESDAY":151,"departures_THURSDAY":151,"departures_FRIDAY":151,"departures_SATURDAY":156,"departures_SUNDAY":137}},{"type":"Feature","geometry":{"type":"Point","coordinates":[3.71653,51.08835]},"properties":{"stop_id":"200163","stop_name":"Wondelgem Sint-Sebastiaanstraat","qualifies_min1":true,"qualifies_min10":true,"qualifies_hourly":true,"qualifies_halfhour":true,"departures_MONDAY":203,"departures_TUESDAY":203,"departures_WEDNESDAY":203,"departures_THURSDAY":203,"departures_FRIDAY":210,"departures_SATURDAY":210,"departures_SUNDAY":178}},{"type":"Feature","geometry":{"type":"Point","coordinates":[3.60823,50.95866]},"properties":{"stop_id":"200164","stop_name":"Nazareth Sporthal","qualifies_min1":true,"qualifies_min10":true,"qualifies_hourly":false,"qualifies_halfhour":false,"departures_MONDAY":18,"departures_TUESDAY":18,"departures_WEDNESDAY":18,"departures_THURSDAY":18,"departures_FRIDAY":18,"departures_SATURDAY":18,"departures_SUNDAY":14}},{"type":"Feature","geometry":{"type":"Point","coordinates":[3.84062,51.10402]},"properties":{"stop_id":"200166","stop_name":"Lochristi Dorpsstraat","qualifies_min1":true,"qualifies_min10":true,"qualifies_hourly":false,"qualifies_halfhour":false,"departures_MONDAY":20,"departures_TUESDAY":20,"departures_WEDNESDAY":20,"departures_THURSDAY":20,"departures_FRIDAY":20,"departures_SATURDAY":18,"departures_SUNDAY":15}},{"type":"Feature","geometry":{"type":"Point","coordinates":[3.83407,51.11561]},"properties":{"stop_id":"200167","stop_name":"Zaffelare Verleydonckstraat","qualifies_min1":true,"qualifies_min10":true,"qualifies_hourly":false,"qualifies_halfhour":false,"departures_MONDAY":21,"departures_TUESDAY":21,"departures_WEDNESDAY":21,"departures_THURSDAY":21,"departures_FRIDAY":21,"departures_SATURDAY":18,"departures_SUNDAY":15}},{"type":"Feature","geometry":{"type":"Point","coordinates":[3.69832,51.05657]},"properties":{"stop_id":"200172","stop_name":"Gent Geitstraat","qualifies_min1":true,"qualifies_min10":true,"qualifies_hourly":true,"qualifies_halfhour":false,"departures_MONDAY":61,"departures_TUESDAY":61,"departures_WEDNESDAY":61,"departures_THURSDAY":61,"departures_FRIDAY":63,"departures_SATURDAY":57,"departures_SUNDAY":55}},{"type":"Feature","geometry":{"type":"Point","coordinates":[3.69355,51.05585]},"properties":{"stop_id":"200173","stop_name":"Gent Malem (Drongensesteenweg)","qualifies_min1":true,"qualifies_min10":true,"qualifies_hourly":true,"qualifies_halfhour":false,"departures_MONDAY":62,"departures_TUESDAY":62,"departures_WEDNESDAY":62,"departures_THURSDAY":62,"departures_FRIDAY":63,"departures_SATURDAY":56,"departures_SUNDAY":54}},{"type":"Feature","geometry":{"type":"Point","coordinates":[3.68272,51.05436]},"properties":{"stop_id":"200175","stop_name":"Gent Halfweg","qualifies_min1":true,"qualifies_min10":true,"qualifies_hourly":true,"qualifies_halfhour":false,"departures_MONDAY":62,"departures_TUESDAY":62,"departures_WEDNESDAY":62,"departures_THURSDAY":62,"departures_FRIDAY":63,"departures_SATURDAY":56,"departures_SUNDAY":54}},{"type":"Feature","geometry":{"type":"Point","coordinates":[3.6624,51.05009]},"properties":{"stop_id":"200179","stop_name":"Drongen Drongenplein","qualifies_min1":true,"qualifies_min10":true,"qualifies_hourly":true,"qualifies_halfhour":false,"departures_MONDAY":62,"departures_TUESDAY":62,"departures_WEDNESDAY":62,"departures_THURSDAY":62,"departures_FRIDAY":63,"departures_SATURDAY":56,"departures_SUNDAY":54}},{"type":"Feature","geometry":{"type":"Point","coordinates":[3.65713,51.05003]},"properties":{"stop_id":"200180","stop_name":"Drongen Klaverdries","qualifies_min1":true,"qualifies_min10":true,"qualifies_hourly":true,"qualifies_halfhour":false,"departures_MONDAY":61,"departures_TUESDAY":61,"departures_WEDNESDAY":61,"departures_THURSDAY":61,"departures_FRIDAY":62,"departures_SATURDAY":56,"departures_SUNDAY":54}},{"type":"Feature","geometry":{"type":"Point","coordinates":[3.65076,51.04757]},"properties":{"stop_id":"200181","stop_name":"Drongen Brug","qualifies_min1":true,"qualifies_min10":true,"qualifies_hourly":true,"qualifies_halfhour":false,"departures_MONDAY":30,"departures_TUESDAY":30,"departures_WEDNESDAY":30,"departures_THURSDAY":30,"departures_FRIDAY":30,"departures_SATURDAY":28,"departures_SUNDAY":27}},{"type":"Feature","geometry":{"type":"Point","coordinates":[3.65324,51.05305]},"properties":{"stop_id":"200186","stop_name":"Drongen Congregatiestraat","qualifies_min1":true,"qualifies_min10":true,"qualifies_hourly":true,"qualifies_halfhour":false,"departures_MONDAY":30,"departures_TUESDAY":30,"departures_WEDNESDAY":30,"departures_THURSDAY":30,"departures_FRIDAY":31,"departures_SATURDAY":28,"departures_SUNDAY":28}},{"type":"Feature","geometry":{"type":"Point","coordinates":[3.64644,51.05533]},"properties":{"stop_id":"200187","stop_name":"Drongen Rozenlaan","qualifies_min1":true,"qualifies_min10":true,"qualifies_hourly":true,"qualifies_halfhour":false,"departures_MONDAY":31,"departures_TUESDAY":31,"departures_WEDNESDAY":31,"departures_THURSDAY":31,"departures_FRIDAY":32,"departures_SATURDAY":28,"departures_SUNDAY":27}},{"type":"Feature","geometry":{"type":"Point","coordinates":[3.88068,51.00142]},"properties":{"stop_id":"200197","stop_name":"Wetteren Station perron 4","qualifies_min1":true,"qualifies_min10":false,"qualifies_hourly":false,"qualifies_halfhour":false,"departures_MONDAY":33,"departures_TUESDAY":33,"departures_WEDNESDAY":33,"departures_THURSDAY":33,"departures_FRIDAY":33,"departures_SATURDAY":20,"departures_SUNDAY":8}},{"type":"Feature","geometry":{"type":"Point","coordinates":[3.72596,51.03893]},"properties":{"stop_id":"200200","stop_name":"Gent Heuvelpoort (Overpoortstraat)","qualifies_min1":true,"qualifies_min10":true,"qualifies_hourly":false,"qualifies_halfhour":false,"departures_MONDAY":66,"departures_TUESDAY":66,"departures_WEDNESDAY":66,"departures_THURSDAY":66,"departures_FRIDAY":70,"departures_SATURDAY":69,"departures_SUNDAY":42}},{"type":"Feature","geometry":{"type":"Point","coordinates":[3.77225,51.02442]},"properties":{"stop_id":"200202","stop_name":"Melle Leeuw","qualifies_min1":true,"qualifies_min10":true,"qualifies_hourly":true,"qualifies_halfhour":false,"departures_MONDAY":38,"departures_TUESDAY":38,"departures_WEDNESDAY":38,"departures_THURSDAY":38,"departures_FRIDAY":38,"departures_SATURDAY":31,"departures_SUNDAY":30}},{"type":"Feature","geometry":{"type":"Point","coordinates":[3.76688,51.07751]},"properties":{"stop_id":"200203","stop_name":"Oostakker Goedlevenstraat","qualifies_min1":true,"qualifies_min10":true,"qualifies_hourly":true,"qualifies_halfhour":false,"departures_MONDAY":31,"departures_TUESDAY":31,"departures_WEDNESDAY":31,"departures_THURSDAY":31,"departures_FRIDAY":32,"departures_SATURDAY":28,"departures_SUNDAY":28}},{"type":"Feature","geometry":{"type":"Point","coordinates":[3.77142,51.08127]},"properties":{"stop_id":"200204","stop_name":"Oostakker Krijtestraat","qualifies_min1":true,"qualifies_min10":true,"qualifies_hourly":true,"qualifies_halfhour":false,"departures_MONDAY":31,"departures_TUESDAY":31,"departures_WEDNESDAY":31,"departures_THURSDAY":31,"departures_FRIDAY":32,"departures_SATURDAY":28,"departures_SUNDAY":28}},{"type":"Feature","geometry":{"type":"Point","coordinates":[3.79629,51.07805]},"properties":{"stop_id":"200208","stop_name":"Sint-Amandsberg Pijkestraat","qualifies_min1":true,"qualifies_min10":true,"qualifies_hourly":true,"qualifies_halfhour":false,"departures_MONDAY":31,"departures_TUESDAY":31,"departures_WEDNESDAY":31,"departures_THURSDAY":31,"departures_FRIDAY":31,"departures_SATURDAY":28,"departures_SUNDAY":27}},{"type":"Feature","geometry":{"type":"Point","coordinates":[3.75577,51.07115]},"properties":{"stop_id":"200214","stop_name":"Sint-Amandsberg Snellaertplein","qualifies_min1":true,"qualifies_min10":true,"qualifies_hourly":true,"qualifies_halfhour":true,"departures_MONDAY":104,"departures_TUESDAY":104,"departures_WEDNESDAY":104,"departures_THURSDAY":104,"departures_FRIDAY":110,"departures_SATURDAY":109,"departures_SUNDAY":106}},{"type":"Feature","geometry":{"type":"Point","coordinates":[3.75823,51.06674]},"properties":{"stop_id":"200216","stop_name":"Sint-Amandsberg Zavelput","qualifies_min1":true,"qualifies_min10":true,"qualifies_hourly":true,"qualifies_halfhour":true,"departures_MONDAY":121,"departures_TUESDAY":121,"departures_WEDNESDAY":121,"departures_THURSDAY":121,"departures_FRIDAY":123,"departures_SATURDAY":119,"departures_SUNDAY":111}},{"type":"Feature","geometry":{"type":"Point","coordinates":[3.76394,51.0688]},"properties":{"stop_id":"200217","stop_name":"Sint-Amandsberg Everstraat","qualifies_min1":true,"qualifies_min10":true,"qualifies_hourly":true,"qualifies_halfhour":true,"departures_MONDAY":68,"departures_TUESDAY":68,"departures_WEDNESDAY":68,"departures_THURSDAY":68,"departures_FRIDAY":68,"departures_SATURDAY":65,"departures_SUNDAY":58}},{"type":"Feature","geometry":{"type":"Point","coordinates":[3.75276,51.06478]},"properties":{"stop_id":"200218","stop_name":"Sint-Amandsberg Grondwetlaan","qualifies_min1":true,"qualifies_min10":true,"qualifies_hourly":true,"qualifies_halfhour":true,"departures_MONDAY":186,"departures_TUESDAY":186,"departures_WEDNESDAY":186,"departures_THURSDAY":186,"departures_FRIDAY":188,"departures_SATURDAY":181,"departures_SUNDAY":168}},{"type":"Feature","geometry":{"type":"Point","coordinates":[3.74935,51.06195]},"properties":{"stop_id":"200219","stop_name":"Sint-Amandsberg Dienstencentrum","qualifies_min1":true,"qualifies_min10":true,"qualifies_hourly":true,"qualifies_halfhour":true,"departures_MONDAY":186,"departures_TUESDAY":186,"departures_WEDNESDAY":186,"departures_THURSDAY":186,"departures_FRIDAY":188,"departures_SATURDAY":181,"departures_SUNDAY":168}},{"type":"Feature","geometry":{"type":"Point","coordinates":[3.74013,51.0501]},"properties":{"stop_id":"200224","stop_name":"Gent Eendrachtstraat","qualifies_min1":true,"qualifies_min10":true,"qualifies_hourly":true,"qualifies_halfhour":true,"departures_MONDAY":590,"departures_TUESDAY":590,"departures_WEDNESDAY":590,"departures_THURSDAY":590,"departures_FRIDAY":209,"departures_SATURDAY":200,"departures_SUNDAY":175}},{"type":"Feature","geometry":{"type":"Point","coordinates":[3.73644,51.05183]},"properties":{"stop_id":"200226","stop_name":"Gent Puinstraat","qualifies_min1":true,"qualifies_min10":false,"qualifies_hourly":false,"qualifies_halfhour":false,"departures_MONDAY":25,"departures_TUESDAY":25,"departures_WEDNESDAY":25,"departures_THURSDAY":25,"departures_FRIDAY":25,"departures_SATURDAY":21,"departures_SUNDAY":9}},{"type":"Feature","geometry":{"type":"Point","coordinates":[3.73397,51.05329]},"properties":{"stop_id":"200227","stop_name":"Gent Van Eyckstraat","qualifies_min1":true,"qualifies_min10":false,"qualifies_hourly":false,"qualifies_halfhour":false,"departures_MONDAY":25,"departures_TUESDAY":25,"departures_WEDNESDAY":25,"departures_THURSDAY":25,"departures_FRIDAY":25,"departures_SATURDAY":21,"departures_SUNDAY":9}},{"type":"Feature","geometry":{"type":"Point","coordinates":[3.73159,51.05303]},"properties":{"stop_id":"200228","stop_name":"Gent Reep","qualifies_min1":true,"qualifies_min10":true,"qualifies_hourly":true,"qualifies_halfhour":true,"departures_MONDAY":130,"departures_TUESDAY":130,"departures_WEDNESDAY":130,"departures_THURSDAY":130,"departures_FRIDAY":285,"departures_SATURDAY":287,"departures_SUNDAY":237}},{"type":"Feature","geometry":{"type":"Point","coordinates":[3.70382,51.05427]},"properties":{"stop_id":"200229","stop_name":"Gent Nieuwewandeling","qualifies_min1":true,"qualifies_min10":true,"qualifies_hourly":true,"qualifies_halfhour":true,"departures_MONDAY":106,"departures_TUESDAY":106,"departures_WEDNESDAY":106,"departures_THURSDAY":106,"departures_FRIDAY":117,"departures_SATURDAY":100,"departures_SUNDAY":81}},{"type":"Feature","geometry":{"type":"Point","coordinates":[3.74736,51.0476]},"properties":{"stop_id":"200231","stop_name":"Gent Minneplein","qualifies_min1":true,"qualifies_min10":false,"qualifies_hourly":false,"qualifies_halfhour":false,"departures_MONDAY":25,"departures_TUESDAY":25,"departures_WEDNESDAY":25,"departures_THURSDAY":25,"departures_FRIDAY":25,"departures_SATURDAY":21,"departures_SUNDAY":9}},{"type":"Feature","geometry":{"type":"Point","coordinates":[3.70281,51.0491]},"properties":{"stop_id":"200232","stop_name":"Gent Beneluxplein","qualifies_min1":true,"qualifies_min10":true,"qualifies_hourly":true,"qualifies_halfhour":true,"departures_MONDAY":182,"departures_TUESDAY":182,"departures_WEDNESDAY":182,"departures_THURSDAY":182,"departures_FRIDAY":193,"departures_SATURDAY":162,"departures_SUNDAY":141}},{"type":"Feature","geometry":{"type":"Point","coordinates":[3.70402,51.04414]},"properties":{"stop_id":"200235","stop_name":"Gent Verenigde-Natieslaan","qualifies_min1":true,"qualifies_min10":true,"qualifies_hourly":true,"qualifies_halfhour":true,"departures_MONDAY":109,"departures_TUESDAY":109,"departures_WEDNESDAY":109,"departures_THURSDAY":109,"departures_FRIDAY":109,"departures_SATURDAY":80,"departures_SUNDAY":76}},{"type":"Feature","geometry":{"type":"Point","coordinates":[3.78113,51.077]},"properties":{"stop_id":"200242","stop_name":"Sint-Amandsberg Achtenkouterstraat","qualifies_min1":true,"qualifies_min10":true,"qualifies_hourly":true,"qualifies_halfhour":true,"departures_MONDAY":99,"departures_TUESDAY":99,"departures_WEDNESDAY":99,"departures_THURSDAY":99,"departures_FRIDAY":99,"departures_SATURDAY":93,"departures_SUNDAY":85}},{"type":"Feature","geometry":{"type":"Point","coordinates":[3.70693,51.04354]},"properties":{"stop_id":"200249","stop_name":"Gent Neermeerskaai","qualifies_min1":true,"qualifies_min10":true,"qualifies_hourly":true,"qualifies_halfhour":true,"departures_MONDAY":109,"departures_TUESDAY":109,"departures_WEDNESDAY":109,"departures_THURSDAY":109,"departures_FRIDAY":109,"departures_SATURDAY":80,"departures_SUNDAY":76}},{"type":"Feature","geometry":{"type":"Point","coordinates":[3.77341,51.09107]},"properties":{"stop_id":"200254","stop_name":"Oostakker Sint-Arnoutstraat","qualifies_min1":true,"qualifies_min10":true,"qualifies_hourly":true,"qualifies_halfhour":false,"departures_MONDAY":31,"departures_TUESDAY":31,"departures_WEDNESDAY":31,"departures_THURSDAY":31,"departures_FRIDAY":32,"departures_SATURDAY":28,"departures_SUNDAY":28}},{"type":"Feature","geometry":{"type":"Point","coordinates":[3.77819,51.09572]},"properties":{"stop_id":"200255","stop_name":"Oostakker Zalegemstraat","qualifies_min1":true,"qualifies_min10":true,"qualifies_hourly":true,"qualifies_halfhour":false,"departures_MONDAY":31,"departures_TUESDAY":31,"departures_WEDNESDAY":31,"departures_THURSDAY":31,"departures_FRIDAY":32,"departures_SATURDAY":28,"departures_SUNDAY":28}},{"type":"Feature","geometry":{"type":"Point","coordinates":[3.77647,51.09851]},"properties":{"stop_id":"200258","stop_name":"Oostakker Wolfputstraat","qualifies_min1":true,"qualifies_min10":true,"qualifies_hourly":true,"qualifies_halfhour":false,"departures_MONDAY":31,"departures_TUESDAY":31,"departures_WEDNESDAY":31,"departures_THURSDAY":31,"departures_FRIDAY":32,"departures_SATURDAY":28,"departures_SUNDAY":28}},{"type":"Feature","geometry":{"type":"Point","coordinates":[3.761367,51.061787]},"properties":{"stop_id":"200259","stop_name":"Sint-Amandsberg Jef Crickstraat","qualifies_min1":true,"qualifies_min10":true,"qualifies_hourly":true,"qualifies_halfhour":false,"departures_MONDAY":62,"departures_TUESDAY":62,"departures_WEDNESDAY":62,"departures_THURSDAY":62,"departures_FRIDAY":63,"departures_SATURDAY":56,"departures_SUNDAY":55}},{"type":"Feature","geometry":{"type":"Point","coordinates":[3.76882,51.06333]},"properties":{"stop_id":"200261","stop_name":"Sint-Amandsberg Nachtegaaldreef","qualifies_min1":true,"qualifies_min10":true,"qualifies_hourly":true,"qualifies_halfhour":false,"departures_MONDAY":62,"departures_TUESDAY":62,"departures_WEDNESDAY":62,"departures_THURSDAY":62,"departures_FRIDAY":63,"departures_SATURDAY":56,"departures_SUNDAY":55}},{"type":"Feature","geometry":{"type":"Point","coordinates":[3.7532,51.07796]},"properties":{"stop_id":"200262","stop_name":"Oostakker Sint-Bernadettestraat","qualifies_min1":true,"qualifies_min10":true,"qualifies_hourly":true,"qualifies_halfhour":false,"departures_MONDAY":66,"departures_TUESDAY":66,"departures_WEDNESDAY":66,"departures_THURSDAY":66,"departures_FRIDAY":66,"departures_SATURDAY":63,"departures_SUNDAY":57}},{"type":"Feature","geometry":{"type":"Point","coordinates":[3.75004,51.06786]},"properties":{"stop_id":"200266","stop_name":"Sint-Amandsberg Visitatiestraat","qualifies_min1":true,"qualifies_min10":true,"qualifies_hourly":true,"qualifies_halfhour":false,"departures_MONDAY":66,"departures_TUESDAY":66,"departures_WEDNESDAY":66,"departures_THURSDAY":66,"departures_FRIDAY":66,"departures_SATURDAY":63,"departures_SUNDAY":57}},{"type":"Feature","geometry":{"type":"Point","coordinates":[3.73741,51.04881]},"properties":{"stop_id":"200267","stop_name":"Gent Tweebruggenstraat","qualifies_min1":true,"qualifies_min10":true,"qualifies_hourly":true,"qualifies_halfhour":true,"departures_MONDAY":590,"departures_TUESDAY":590,"departures_WEDNESDAY":590,"departures_THURSDAY":590,"departures_FRIDAY":209,"departures_SATURDAY":200,"departures_SUNDAY":175}},{"type":"Feature","geometry":{"type":"Point","coordinates":[3.73147,51.04795]},"properties":{"stop_id":"200269","stop_name":"Gent Zuid perron 4","qualifies_min1":true,"qualifies_min10":true,"qualifies_hourly":true,"qualifies_halfhour":true,"departures_MONDAY":167,"departures_TUESDAY":167,"departures_WEDNESDAY":167,"departures_THURSDAY":167,"departures_FRIDAY":167,"departures_SATURDAY":154,"departures_SUNDAY":131}},{"type":"Feature","geometry":{"type":"Point","coordinates":[3.73268,51.04254]},"properties":{"stop_id":"200271","stop_name":"Gent Muinklaan","qualifies_min1":true,"qualifies_min10":true,"qualifies_hourly":true,"qualifies_halfhour":true,"departures_MONDAY":166,"departures_TUESDAY":166,"departures_WEDNESDAY":166,"departures_THURSDAY":166,"departures_FRIDAY":166,"departures_SATURDAY":154,"departures_SUNDAY":131}},{"type":"Feature","geometry":{"type":"Point","coordinates":[3.7323,51.03987]},"properties":{"stop_id":"200272","stop_name":"Gent Leeuwstraat","qualifies_min1":true,"qualifies_min10":true,"qualifies_hourly":true,"qualifies_halfhour":true,"departures_MONDAY":166,"departures_TUESDAY":166,"departures_WEDNESDAY":166,"departures_THURSDAY":166,"departures_FRIDAY":166,"departures_SATURDAY":154,"departures_SUNDAY":131}},{"type":"Feature","geometry":{"type":"Point","coordinates":[3.73057,51.0386]},"properties":{"stop_id":"200273","stop_name":"Gent Terplatenbrug","qualifies_min1":true,"qualifies_min10":true,"qualifies_hourly":true,"qualifies_halfhour":true,"departures_MONDAY":166,"departures_TUESDAY":166,"departures_WEDNESDAY":166,"departures_THURSDAY":166,"departures_FRIDAY":166,"departures_SATURDAY":154,"departures_SUNDAY":131}},{"type":"Feature","geometry":{"type":"Point","coordinates":[3.72695,51.03858]},"properties":{"stop_id":"200274","stop_name":"Gent Heuvelpoort","qualifies_min1":true,"qualifies_min10":true,"qualifies_hourly":true,"qualifies_halfhour":true,"departures_MONDAY":201,"departures_TUESDAY":201,"departures_WEDNESDAY":201,"departures_THURSDAY":201,"departures_FRIDAY":201,"departures_SATURDAY":186,"departures_SUNDAY":148}},{"type":"Feature","geometry":{"type":"Point","coordinates":[3.72227,51.03691]},"properties":{"stop_id":"200275","stop_name":"Gent Ledeganckstraat","qualifies_min1":true,"qualifies_min10":true,"qualifies_hourly":true,"qualifies_halfhour":true,"departures_MONDAY":201,"departures_TUESDAY":201,"departures_WEDNESDAY":201,"departures_THURSDAY":201,"departures_FRIDAY":201,"departures_SATURDAY":186,"departures_SUNDAY":148}},{"type":"Feature","geometry":{"type":"Point","coordinates":[3.71958,51.03524]},"properties":{"stop_id":"200276","stop_name":"Gent Fortlaan","qualifies_min1":true,"qualifies_min10":true,"qualifies_hourly":true,"qualifies_halfhour":true,"departures_MONDAY":201,"departures_TUESDAY":201,"departures_WEDNESDAY":201,"departures_THURSDAY":201,"departures_FRIDAY":201,"departures_SATURDAY":186,"departures_SUNDAY":148}},{"type":"Feature","geometry":{"type":"Point","coordinates":[3.72186,51.02669]},"properties":{"stop_id":"200286","stop_name":"Gent UZ Zwijnaardsesteenweg","qualifies_min1":true,"qualifies_min10":true,"qualifies_hourly":true,"qualifies_halfhour":true,"departures_MONDAY":88,"departures_TUESDAY":88,"departures_WEDNESDAY":88,"departures_THURSDAY":88,"departures_FRIDAY":93,"departures_SATURDAY":90,"departures_SUNDAY":62}},{"type":"Feature","geometry":{"type":"Point","coordinates":[3.77638,51.07013]},"properties":{"stop_id":"200300","stop_name":"Sint-Amandsberg Schuurstraat","qualifies_min1":true,"qualifies_min10":true,"qualifies_hourly":true,"qualifies_halfhour":false,"departures_MONDAY":62,"departures_TUESDAY":62,"departures_WEDNESDAY":62,"departures_THURSDAY":62,"departures_FRIDAY":63,"departures_SATURDAY":56,"departures_SUNDAY":55}},{"type":"Feature","geometry":{"type":"Point","coordinates":[3.77343,51.06708]},"properties":{"stop_id":"200301","stop_name":"Sint-Amandsberg Vinkenlaan","qualifies_min1":true,"qualifies_min10":true,"qualifies_hourly":true,"qualifies_halfhour":false,"departures_MONDAY":62,"departures_TUESDAY":62,"departures_WEDNESDAY":62,"departures_THURSDAY":62,"departures_FRIDAY":63,"departures_SATURDAY":56,"departures_SUNDAY":55}},{"type":"Feature","geometry":{"type":"Point","coordinates":[3.76887,51.06615]},"properties":{"stop_id":"200302","stop_name":"Sint-Amandsberg Koerspleinstraat","qualifies_min1":true,"qualifies_min10":true,"qualifies_hourly":true,"qualifies_halfhour":false,"departures_MONDAY":62,"departures_TUESDAY":62,"departures_WEDNESDAY":62,"departures_THURSDAY":62,"departures_FRIDAY":63,"departures_SATURDAY":56,"departures_SUNDAY":55}},{"type":"Feature","geometry":{"type":"Point","coordinates":[3.74514,51.05812]},"properties":{"stop_id":"200308","stop_name":"Gent van Arenbergstraat","qualifies_min1":true,"qualifies_min10":true,"qualifies_hourly":true,"qualifies_halfhour":false,"departures_MONDAY":62,"departures_TUESDAY":62,"departures_WEDNESDAY":62,"departures_THURSDAY":62,"departures_FRIDAY":63,"departures_SATURDAY":56,"departures_SUNDAY":55}},{"type":"Feature","geometry":{"type":"Point","coordinates":[3.70943,51.02575]},"properties":{"stop_id":"200311","stop_name":"Gent Sterre (Kortrijksesteenweg)","qualifies_min1":true,"qualifies_min10":true,"qualifies_hourly":true,"qualifies_halfhour":false,"departures_MONDAY":66,"departures_TUESDAY":66,"departures_WEDNESDAY":66,"departures_THURSDAY":66,"departures_FRIDAY":66,"departures_SATURDAY":64,"departures_SUNDAY":58}},{"type":"Feature","geometry":{"type":"Point","coordinates":[3.692716,51.024788]},"properties":{"stop_id":"200314","stop_name":"Sint-Denijs-Westrem P+R Flanders Expo","qualifies_min1":true,"qualifies_min10":true,"qualifies_hourly":true,"qualifies_halfhour":true,"departures_MONDAY":85,"departures_TUESDAY":85,"departures_WEDNESDAY":85,"departures_THURSDAY":85,"departures_FRIDAY":85,"departures_SATURDAY":92,"departures_SUNDAY":79}},{"type":"Feature","geometry":{"type":"Point","coordinates":[3.67085,51.01853]},"properties":{"stop_id":"200318","stop_name":"Sint-Denijs-Westrem Soenenspark","qualifies_min1":true,"qualifies_min10":true,"qualifies_hourly":true,"qualifies_halfhour":false,"departures_MONDAY":66,"departures_TUESDAY":66,"departures_WEDNESDAY":66,"departures_THURSDAY":66,"departures_FRIDAY":66,"departures_SATURDAY":64,"departures_SUNDAY":58}},{"type":"Feature","geometry":{"type":"Point","coordinates":[3.66863,51.02014]},"properties":{"stop_id":"200319","stop_name":"Sint-Denijs-Westrem Dorp","qualifies_min1":true,"qualifies_min10":true,"qualifies_hourly":true,"qualifies_halfhour":false,"departures_MONDAY":66,"departures_TUESDAY":66,"departures_WEDNESDAY":66,"departures_THURSDAY":66,"departures_FRIDAY":66,"departures_SATURDAY":64,"departures_SUNDAY":58}},{"type":"Feature","geometry":{"type":"Point","coordinates":[3.71472,51.00505]},"properties":{"stop_id":"200325","stop_name":"Zwijnaarde Molen","qualifies_min1":true,"qualifies_min10":true,"qualifies_hourly":false,"qualifies_halfhour":false,"departures_MONDAY":32,"departures_TUESDAY":32,"departures_WEDNESDAY":32,"departures_THURSDAY":32,"departures_FRIDAY":32,"departures_SATURDAY":30,"departures_SUNDAY":13}},{"type":"Feature","geometry":{"type":"Point","coordinates":[3.71408,51.03099]},"properties":{"stop_id":"200341","stop_name":"Gent Sint-Pietersaalststraat","qualifies_min1":true,"qualifies_min10":true,"qualifies_hourly":true,"qualifies_halfhour":true,"departures_MONDAY":171,"departures_TUESDAY":171,"departures_WEDNESDAY":171,"departures_THURSDAY":171,"departures_FRIDAY":171,"departures_SATURDAY":168,"departures_SUNDAY":144}},{"type":"Feature","geometry":{"type":"Point","coordinates":[3.71822,51.02895]},"properties":{"stop_id":"200342","stop_name":"Gent Krijgslaan","qualifies_min1":true,"qualifies_min10":true,"qualifies_hourly":true,"qualifies_halfhour":true,"departures_MONDAY":171,"departures_TUESDAY":171,"departures_WEDNESDAY":171,"departures_THURSDAY":171,"departures_FRIDAY":171,"departures_SATURDAY":168,"departures_SUNDAY":144}},{"type":"Feature","geometry":{"type":"Point","coordinates":[3.72047,51.02599]},"properties":{"stop_id":"200343","stop_name":"Gent De Pintelaan","qualifies_min1":true,"qualifies_min10":true,"qualifies_hourly":true,"qualifies_halfhour":true,"departures_MONDAY":86,"departures_TUESDAY":86,"departures_WEDNESDAY":86,"departures_THURSDAY":86,"departures_FRIDAY":86,"departures_SATURDAY":92,"departures_SUNDAY":77}},{"type":"Feature","geometry":{"type":"Point","coordinates":[3.72046,51.02287]},"properties":{"stop_id":"200344","stop_name":"Gent Rerum-Novarumplein","qualifies_min1":true,"qualifies_min10":true,"qualifies_hourly":true,"qualifies_halfhour":true,"departures_MONDAY":173,"departures_TUESDAY":173,"departures_WEDNESDAY":173,"departures_THURSDAY":173,"departures_FRIDAY":178,"departures_SATURDAY":181,"departures_SUNDAY":139}},{"type":"Feature","geometry":{"type":"Point","coordinates":[3.71989,51.01746]},"properties":{"stop_id":"200345","stop_name":"Zwijnaarde Gestichtstraat","qualifies_min1":true,"qualifies_min10":true,"qualifies_hourly":true,"qualifies_halfhour":true,"departures_MONDAY":84,"departures_TUESDAY":84,"departures_WEDNESDAY":84,"departures_THURSDAY":84,"departures_FRIDAY":84,"departures_SATURDAY":90,"departures_SUNDAY":77}},{"type":"Feature","geometry":{"type":"Point","coordinates":[3.73736,51.03385]},"properties":{"stop_id":"200346","stop_name":"Ledeberg Gaston Crommenlaan","qualifies_min1":true,"qualifies_min10":true,"qualifies_hourly":true,"qualifies_halfhour":true,"departures_MONDAY":146,"departures_TUESDAY":146,"departures_WEDNESDAY":146,"departures_THURSDAY":146,"departures_FRIDAY":146,"departures_SATURDAY":90,"departures_SUNDAY":75}},{"type":"Feature","geometry":{"type":"Point","coordinates":[3.71026,51.07233]},"properties":{"stop_id":"200350","stop_name":"Gent Van Beverenplein","qualifies_min1":true,"qualifies_min10":true,"qualifies_hourly":true,"qualifies_halfhour":true,"departures_MONDAY":203,"departures_TUESDAY":203,"departures_WEDNESDAY":203,"departures_THURSDAY":203,"departures_FRIDAY":210,"departures_SATURDAY":210,"departures_SUNDAY":178}},{"type":"Feature","geometry":{"type":"Point","coordinates":[3.70809,51.06991]},"properties":{"stop_id":"200351","stop_name":"Gent Fuchsiastraat","qualifies_min1":true,"qualifies_min10":true,"qualifies_hourly":true,"qualifies_halfhour":true,"departures_MONDAY":203,"departures_TUESDAY":203,"departures_WEDNESDAY":203,"departures_THURSDAY":203,"departures_FRIDAY":210,"departures_SATURDAY":210,"departures_SUNDAY":178}},{"type":"Feature","geometry":{"type":"Point","coordinates":[3.70993,51.06536]},"properties":{"stop_id":"200355","stop_name":"Gent Wondelgembrug","qualifies_min1":true,"qualifies_min10":true,"qualifies_hourly":true,"qualifies_halfhour":true,"departures_MONDAY":203,"departures_TUESDAY":203,"departures_WEDNESDAY":203,"departures_THURSDAY":203,"departures_FRIDAY":210,"departures_SATURDAY":210,"departures_SUNDAY":178}},{"type":"Feature","geometry":{"type":"Point","coordinates":[3.71722,51.06653]},"properties":{"stop_id":"200356","stop_name":"Gent Gaardeniersbrug (Gasmeterlaan)","qualifies_min1":true,"qualifies_min10":true,"qualifies_hourly":true,"qualifies_halfhour":true,"departures_MONDAY":203,"departures_TUESDAY":203,"departures_WEDNESDAY":203,"departures_THURSDAY":203,"departures_FRIDAY":210,"departures_SATURDAY":210,"departures_SUNDAY":178}},{"type":"Feature","geometry":{"type":"Point","coordinates":[3.72936,51.06401]},"properties":{"stop_id":"200363","stop_name":"Gent Heilig-Kerst","qualifies_min1":true,"qualifies_min10":true,"qualifies_hourly":true,"qualifies_halfhour":true,"departures_MONDAY":192,"departures_TUESDAY":192,"departures_WEDNESDAY":192,"departures_THURSDAY":192,"departures_FRIDAY":48,"departures_SATURDAY":48,"departures_SUNDAY":48}},{"type":"Feature","geometry":{"type":"Point","coordinates":[3.73417,51.0627]},"properties":{"stop_id":"200364","stop_name":"Gent Stapelplein","qualifies_min1":true,"qualifies_min10":true,"qualifies_hourly":true,"qualifies_halfhour":true,"departures_MONDAY":192,"departures_TUESDAY":192,"departures_WEDNESDAY":192,"departures_THURSDAY":192,"departures_FRIDAY":48,"departures_SATURDAY":48,"departures_SUNDAY":48}},{"type":"Feature","geometry":{"type":"Point","coordinates":[3.73266,51.05166]},"properties":{"stop_id":"200369","stop_name":"Gent Kapucijnenham","qualifies_min1":true,"qualifies_min10":true,"qualifies_hourly":true,"qualifies_halfhour":true,"departures_MONDAY":130,"departures_TUESDAY":130,"departures_WEDNESDAY":130,"departures_THURSDAY":130,"departures_FRIDAY":285,"departures_SATURDAY":287,"departures_SUNDAY":237}},{"type":"Feature","geometry":{"type":"Point","coordinates":[3.72707,51.04724]},"properties":{"stop_id":"200370","stop_name":"Gent Bagattenstraat","qualifies_min1":true,"qualifies_min10":true,"qualifies_hourly":true,"qualifies_halfhour":true,"departures_MONDAY":88,"departures_TUESDAY":88,"departures_WEDNESDAY":88,"departures_THURSDAY":88,"departures_FRIDAY":94,"departures_SATURDAY":91,"departures_SUNDAY":62}},{"type":"Feature","geometry":{"type":"Point","coordinates":[3.72622,51.0441]},"properties":{"stop_id":"200371","stop_name":"Gent Blandijnberg","qualifies_min1":true,"qualifies_min10":true,"qualifies_hourly":true,"qualifies_halfhour":true,"departures_MONDAY":88,"departures_TUESDAY":88,"departures_WEDNESDAY":88,"departures_THURSDAY":88,"departures_FRIDAY":94,"departures_SATURDAY":91,"departures_SUNDAY":62}},{"type":"Feature","geometry":{"type":"Point","coordinates":[3.72548,51.04226]},"properties":{"stop_id":"200372","stop_name":"Gent Sint-Pietersplein","qualifies_min1":true,"qualifies_min10":true,"qualifies_hourly":true,"qualifies_halfhour":true,"departures_MONDAY":88,"departures_TUESDAY":88,"departures_WEDNESDAY":88,"departures_THURSDAY":88,"departures_FRIDAY":94,"departures_SATURDAY":91,"departures_SUNDAY":62}},{"type":"Feature","geometry":{"type":"Point","coordinates":[3.72551,51.03429]},"properties":{"stop_id":"200374","stop_name":"Gent de Heerestraat","qualifies_min1":true,"qualifies_min10":true,"qualifies_hourly":true,"qualifies_halfhour":true,"departures_MONDAY":88,"departures_TUESDAY":88,"departures_WEDNESDAY":88,"departures_THURSDAY":88,"departures_FRIDAY":93,"departures_SATURDAY":90,"departures_SUNDAY":62}},{"type":"Feature","geometry":{"type":"Point","coordinates":[3.72223,51.02903]},"properties":{"stop_id":"200376","stop_name":"Gent Opvoedingstraat","qualifies_min1":true,"qualifies_min10":true,"qualifies_hourly":true,"qualifies_halfhour":true,"departures_MONDAY":88,"departures_TUESDAY":88,"departures_WEDNESDAY":88,"departures_THURSDAY":88,"departures_FRIDAY":93,"departures_SATURDAY":90,"departures_SUNDAY":62}},{"type":"Feature","geometry":{"type":"Point","coordinates":[3.72848,51.0556]},"properties":{"stop_id":"200383","stop_name":"Gent Sint-Jacobs perron 3","qualifies_min1":true,"qualifies_min10":true,"qualifies_hourly":true,"qualifies_halfhour":false,"departures_MONDAY":105,"departures_TUESDAY":105,"departures_WEDNESDAY":105,"departures_THURSDAY":105,"departures_FRIDAY":105,"departures_SATURDAY":93,"departures_SUNDAY":62}},{"type":"Feature","geometry":{"type":"Point","coordinates":[3.71341,51.07476]},"properties":{"stop_id":"200392","stop_name":"Gent van Ryhovelaan","qualifies_min1":true,"qualifies_min10":true,"qualifies_hourly":true,"qualifies_halfhour":true,"departures_MONDAY":203,"departures_TUESDAY":203,"departures_WEDNESDAY":203,"departures_THURSDAY":203,"departures_FRIDAY":210,"departures_SATURDAY":210,"departures_SUNDAY":178}},{"type":"Feature","geometry":{"type":"Point","coordinates":[3.7308,51.04823]},"properties":{"stop_id":"200393","stop_name":"Gent Zuid perron 9","qualifies_min1":true,"qualifies_min10":true,"qualifies_hourly":true,"qualifies_halfhour":true,"departures_MONDAY":88,"departures_TUESDAY":88,"departures_WEDNESDAY":88,"departures_THURSDAY":88,"departures_FRIDAY":94,"departures_SATURDAY":91,"departures_SUNDAY":62}},{"type":"Feature","geometry":{"type":"Point","coordinates":[3.63771,51.08848]},"properties":{"stop_id":"200402","stop_name":"Vinderhoute Neerstraat","qualifies_min1":true,"qualifies_min10":true,"qualifies_hourly":true,"qualifies_halfhour":false,"departures_MONDAY":34,"departures_TUESDAY":34,"departures_WEDNESDAY":34,"departures_THURSDAY":34,"departures_FRIDAY":34,"departures_SATURDAY":29,"departures_SUNDAY":17}},{"type":"Feature","geometry":{"type":"Point","coordinates":[3.67742,51.07725]},"properties":{"stop_id":"200412","stop_name":"Mariakerke Mariakerkebrug","qualifies_min1":true,"qualifies_min10":true,"qualifies_hourly":true,"qualifies_halfhour":false,"departures_MONDAY":37,"departures_TUESDAY":37,"departures_WEDNESDAY":37,"departures_THURSDAY":37,"departures_FRIDAY":37,"departures_SATURDAY":30,"departures_SUNDAY":30}},{"type":"Feature","geometry":{"type":"Point","coordinates":[3.67955,51.07992]},"properties":{"stop_id":"200413","stop_name":"Mariakerke Dienstencentrum","qualifies_min1":true,"qualifies_min10":true,"qualifies_hourly":true,"qualifies_halfhour":false,"departures_MONDAY":37,"departures_TUESDAY":37,"departures_WEDNESDAY":37,"departures_THURSDAY":37,"departures_FRIDAY":37,"departures_SATURDAY":30,"departures_SUNDAY":30}},{"type":"Feature","geometry":{"type":"Point","coordinates":[3.68702,51.0815]},"properties":{"stop_id":"200414","stop_name":"Mariakerke Kollekasteel (Groenestaakstraat)","qualifies_min1":true,"qualifies_min10":true,"qualifies_hourly":true,"qualifies_halfhour":false,"departures_MONDAY":37,"departures_TUESDAY":37,"departures_WEDNESDAY":37,"departures_THURSDAY":37,"departures_FRIDAY":37,"departures_SATURDAY":30,"departures_SUNDAY":30}},{"type":"Feature","geometry":{"type":"Point","coordinates":[3.69252,51.08269]},"properties":{"stop_id":"200415","stop_name":"Mariakerke Lusthoflaan","qualifies_min1":true,"qualifies_min10":true,"qualifies_hourly":true,"qualifies_halfhour":false,"departures_MONDAY":75,"departures_TUESDAY":75,"departures_WEDNESDAY":75,"departures_THURSDAY":75,"departures_FRIDAY":75,"departures_SATURDAY":61,"departures_SUNDAY":60}},{"type":"Feature","geometry":{"type":"Point","coordinates":[3.70113,51.08547]},"properties":{"stop_id":"200416","stop_name":"Wondelgem Gaverstraat","qualifies_min1":true,"qualifies_min10":true,"qualifies_hourly":true,"qualifies_halfhour":false,"departures_MONDAY":75,"departures_TUESDAY":75,"departures_WEDNESDAY":75,"departures_THURSDAY":75,"departures_FRIDAY":75,"departures_SATURDAY":61,"departures_SUNDAY":60}},{"type":"Feature","geometry":{"type":"Point","coordinates":[3.7103,51.08898]},"properties":{"stop_id":"200418","stop_name":"Wondelgem Vroonstalledries","qualifies_min1":true,"qualifies_min10":true,"qualifies_hourly":true,"qualifies_halfhour":false,"departures_MONDAY":37,"departures_TUESDAY":37,"departures_WEDNESDAY":37,"departures_THURSDAY":37,"departures_FRIDAY":37,"departures_SATURDAY":30,"departures_SUNDAY":30}},{"type":"Feature","geometry":{"type":"Point","coordinates":[3.71681,51.09037]},"properties":{"stop_id":"200419","stop_name":"Wondelgem Evergemsesteenweg","qualifies_min1":true,"qualifies_min10":true,"qualifies_hourly":true,"qualifies_halfhour":true,"departures_MONDAY":139,"departures_TUESDAY":139,"departures_WEDNESDAY":139,"departures_THURSDAY":139,"departures_FRIDAY":139,"departures_SATURDAY":118,"departures_SUNDAY":93}},{"type":"Feature","geometry":{"type":"Point","coordinates":[3.72015,51.08919]},"properties":{"stop_id":"200420","stop_name":"Wondelgem Station","qualifies_min1":true,"qualifies_min10":true,"qualifies_hourly":true,"qualifies_halfhour":true,"departures_MONDAY":102,"departures_TUESDAY":102,"departures_WEDNESDAY":102,"departures_THURSDAY":102,"departures_FRIDAY":102,"departures_SATURDAY":88,"departures_SUNDAY":63}},{"type":"Feature","geometry":{"type":"Point","coordinates":[3.72794,51.08269]},"properties":{"stop_id":"200425","stop_name":"Gent Glasgowstraat","qualifies_min1":true,"qualifies_min10":true,"qualifies_hourly":true,"qualifies_halfhour":false,"departures_MONDAY":46,"departures_TUESDAY":46,"departures_WEDNESDAY":46,"departures_THURSDAY":46,"departures_FRIDAY":51,"departures_SATURDAY":58,"departures_SUNDAY":50}},{"type":"Feature","geometry":{"type":"Point","coordinates":[3.75107,51.05704]},"properties":{"stop_id":"200436","stop_name":"Gent van Cleemputteplein","qualifies_min1":true,"qualifies_min10":false,"qualifies_hourly":false,"qualifies_halfhour":false,"departures_MONDAY":25,"departures_TUESDAY":25,"departures_WEDNESDAY":25,"departures_THURSDAY":25,"departures_FRIDAY":25,"departures_SATURDAY":21,"departures_SUNDAY":9}},{"type":"Feature","geometry":{"type":"Point","coordinates":[3.74522,51.04709]},"properties":{"stop_id":"200442","stop_name":"Gent Vlaamsekaai","qualifies_min1":true,"qualifies_min10":false,"qualifies_hourly":false,"qualifies_halfhour":false,"departures_MONDAY":25,"departures_TUESDAY":25,"departures_WEDNESDAY":25,"departures_THURSDAY":25,"departures_FRIDAY":25,"departures_SATURDAY":21,"departures_SUNDAY":9}},{"type":"Feature","geometry":{"type":"Point","coordinates":[3.74261,51.0486]},"properties":{"stop_id":"200443","stop_name":"Gent Zalmstraat","qualifies_min1":true,"qualifies_min10":false,"qualifies_hourly":false,"qualifies_halfhour":false,"departures_MONDAY":25,"departures_TUESDAY":25,"departures_WEDNESDAY":25,"departures_THURSDAY":25,"departures_FRIDAY":25,"departures_SATURDAY":21,"departures_SUNDAY":9}},{"type":"Feature","geometry":{"type":"Point","coordinates":[3.73969,51.04756]},"properties":{"stop_id":"200444","stop_name":"Gent Lousbergskaai","qualifies_min1":true,"qualifies_min10":false,"qualifies_hourly":false,"qualifies_halfhour":false,"departures_MONDAY":25,"departures_TUESDAY":25,"departures_WEDNESDAY":25,"departures_THURSDAY":25,"departures_FRIDAY":25,"departures_SATURDAY":21,"departures_SUNDAY":9}},{"type":"Feature","geometry":{"type":"Point","coordinates":[3.72981,51.08637]},"properties":{"stop_id":"200451","stop_name":"Gent Meeuwstraat","qualifies_min1":true,"qualifies_min10":true,"qualifies_hourly":true,"qualifies_halfhour":false,"departures_MONDAY":46,"departures_TUESDAY":46,"departures_WEDNESDAY":46,"departures_THURSDAY":46,"departures_FRIDAY":51,"departures_SATURDAY":58,"departures_SUNDAY":50}},{"type":"Feature","geometry":{"type":"Point","coordinates":[3.7519,51.04705]},"properties":{"stop_id":"200468","stop_name":"Gent Wolterslaan","qualifies_min1":true,"qualifies_min10":false,"qualifies_hourly":false,"qualifies_halfhour":false,"departures_MONDAY":25,"departures_TUESDAY":25,"departures_WEDNESDAY":25,"departures_THURSDAY":25,"departures_FRIDAY":25,"departures_SATURDAY":21,"departures_SUNDAY":9}},{"type":"Feature","geometry":{"type":"Point","coordinates":[3.76855,51.04182]},"properties":{"stop_id":"200472","stop_name":"Gentbrugge Voordries","qualifies_min1":true,"qualifies_min10":true,"qualifies_hourly":true,"qualifies_halfhour":false,"departures_MONDAY":38,"departures_TUESDAY":38,"departures_WEDNESDAY":38,"departures_THURSDAY":38,"departures_FRIDAY":38,"departures_SATURDAY":30,"departures_SUNDAY":30}},{"type":"Feature","geometry":{"type":"Point","coordinates":[3.7632,51.04031]},"properties":{"stop_id":"200473","stop_name":"Gentbrugge Meersemdries","qualifies_min1":true,"qualifies_min10":true,"qualifies_hourly":true,"qualifies_halfhour":false,"departures_MONDAY":38,"departures_TUESDAY":38,"departures_WEDNESDAY":38,"departures_THURSDAY":38,"departures_FRIDAY":38,"departures_SATURDAY":30,"departures_SUNDAY":30}},{"type":"Feature","geometry":{"type":"Point","coordinates":[3.76164,51.03215]},"properties":{"stop_id":"200477","stop_name":"Gentbrugge Schooldreef","qualifies_min1":true,"qualifies_min10":true,"qualifies_hourly":true,"qualifies_halfhour":false,"departures_MONDAY":38,"departures_TUESDAY":38,"departures_WEDNESDAY":38,"departures_THURSDAY":38,"departures_FRIDAY":38,"departures_SATURDAY":30,"departures_SUNDAY":30}},{"type":"Feature","geometry":{"type":"Point","coordinates":[3.7565,51.03399]},"properties":{"stop_id":"200478","stop_name":"Gentbrugge Arsenaal","qualifies_min1":true,"qualifies_min10":true,"qualifies_hourly":true,"qualifies_halfhour":true,"departures_MONDAY":146,"departures_TUESDAY":146,"departures_WEDNESDAY":146,"departures_THURSDAY":146,"departures_FRIDAY":146,"departures_SATURDAY":90,"departures_SUNDAY":75}},{"type":"Feature","geometry":{"type":"Point","coordinates":[3.75116,51.03662]},"properties":{"stop_id":"200479","stop_name":"Gentbrugge Stelplaats","qualifies_min1":true,"qualifies_min10":true,"qualifies_hourly":true,"qualifies_halfhour":true,"departures_MONDAY":146,"departures_TUESDAY":146,"departures_WEDNESDAY":146,"departures_THURSDAY":146,"departures_FRIDAY":146,"departures_SATURDAY":90,"departures_SUNDAY":75}},{"type":"Feature","geometry":{"type":"Point","coordinates":[3.74205,51.03747]},"properties":{"stop_id":"200481","stop_name":"Ledeberg Ledebergplein","qualifies_min1":true,"qualifies_min10":true,"qualifies_hourly":true,"qualifies_halfhour":true,"departures_MONDAY":163,"departures_TUESDAY":163,"departures_WEDNESDAY":163,"departures_THURSDAY":163,"departures_FRIDAY":163,"departures_SATURDAY":110,"departures_SUNDAY":91}},{"type":"Feature","geometry":{"type":"Point","coordinates":[3.67838,51.07594]},"properties":{"stop_id":"200505","stop_name":"Mariakerke Post","qualifies_min1":true,"qualifies_min10":true,"qualifies_hourly":true,"qualifies_halfhour":false,"departures_MONDAY":37,"departures_TUESDAY":37,"departures_WEDNESDAY":37,"departures_THURSDAY":37,"departures_FRIDAY":37,"departures_SATURDAY":30,"departures_SUNDAY":30}},{"type":"Feature","geometry":{"type":"Point","coordinates":[3.68982,51.07949]},"properties":{"stop_id":"200506","stop_name":"Mariakerke Losweg","qualifies_min1":true,"qualifies_min10":true,"qualifies_hourly":true,"qualifies_halfhour":false,"departures_MONDAY":38,"departures_TUESDAY":38,"departures_WEDNESDAY":38,"departures_THURSDAY":38,"departures_FRIDAY":38,"departures_SATURDAY":31,"departures_SUNDAY":30}},{"type":"Feature","geometry":{"type":"Point","coordinates":[3.69597,51.06915]},"properties":{"stop_id":"200511","stop_name":"Gent Staakskenstraat","qualifies_min1":true,"qualifies_min10":true,"qualifies_hourly":true,"qualifies_halfhour":false,"departures_MONDAY":38,"departures_TUESDAY":38,"departures_WEDNESDAY":38,"departures_THURSDAY":38,"departures_FRIDAY":38,"departures_SATURDAY":31,"departures_SUNDAY":30}},{"type":"Feature","geometry":{"type":"Point","coordinates":[3.69859,51.06579]},"properties":{"stop_id":"200512","stop_name":"Gent Guislainbrug","qualifies_min1":true,"qualifies_min10":true,"qualifies_hourly":true,"qualifies_halfhour":false,"departures_MONDAY":38,"departures_TUESDAY":38,"departures_WEDNESDAY":38,"departures_THURSDAY":38,"departures_FRIDAY":38,"departures_SATURDAY":31,"departures_SUNDAY":30}},{"type":"Feature","geometry":{"type":"Point","coordinates":[3.6947,51.06298]},"properties":{"stop_id":"200513","stop_name":"Gent Rooigem (R40)","qualifies_min1":true,"qualifies_min10":true,"qualifies_hourly":true,"qualifies_halfhour":false,"departures_MONDAY":76,"departures_TUESDAY":76,"departures_WEDNESDAY":76,"departures_THURSDAY":76,"departures_FRIDAY":76,"departures_SATURDAY":62,"departures_SUNDAY":60}},{"type":"Feature","geometry":{"type":"Point","coordinates":[3.69888,51.0517]},"properties":{"stop_id":"200518","stop_name":"Gent Overzet","qualifies_min1":true,"qualifies_min10":true,"qualifies_hourly":true,"qualifies_halfhour":true,"departures_MONDAY":182,"departures_TUESDAY":182,"departures_WEDNESDAY":182,"departures_THURSDAY":182,"departures_FRIDAY":193,"departures_SATURDAY":162,"departures_SUNDAY":141}},{"type":"Feature","geometry":{"type":"Point","coordinates":[3.70962,51.02493]},"properties":{"stop_id":"200537","stop_name":"Gent Sterre (Oudenaardsesteenweg)","qualifies_min1":true,"qualifies_min10":true,"qualifies_hourly":false,"qualifies_halfhour":false,"departures_MONDAY":97,"departures_TUESDAY":97,"departures_WEDNESDAY":97,"departures_THURSDAY":97,"departures_FRIDAY":97,"departures_SATURDAY":60,"departures_SUNDAY":38}},{"type":"Feature","geometry":{"type":"Point","coordinates":[3.70904,51.02249]},"properties":{"stop_id":"200538","stop_name":"Gent De Pintelaan","qualifies_min1":true,"qualifies_min10":true,"qualifies_hourly":false,"qualifies_halfhour":false,"departures_MONDAY":97,"departures_TUESDAY":97,"departures_WEDNESDAY":97,"departures_THURSDAY":97,"departures_FRIDAY":97,"departures_SATURDAY":60,"departures_SUNDAY":38}},{"type":"Feature","geometry":{"type":"Point","coordinates":[3.70919,51.01934]},"properties":{"stop_id":"200539","stop_name":"Zwijnaarde De Deynestraat","qualifies_min1":true,"qualifies_min10":true,"qualifies_hourly":false,"qualifies_halfhour":false,"departures_MONDAY":97,"departures_TUESDAY":97,"departures_WEDNESDAY":97,"departures_THURSDAY":97,"departures_FRIDAY":97,"departures_SATURDAY":60,"departures_SUNDAY":38}},{"type":"Feature","geometry":{"type":"Point","coordinates":[3.71207,51.00668]},"properties":{"stop_id":"200543","stop_name":"Zwijnaarde Campusstraat","qualifies_min1":true,"qualifies_min10":true,"qualifies_hourly":false,"qualifies_halfhour":false,"departures_MONDAY":32,"departures_TUESDAY":32,"departures_WEDNESDAY":32,"departures_THURSDAY":32,"departures_FRIDAY":32,"departures_SATURDAY":30,"departures_SUNDAY":13}},{"type":"Feature","geometry":{"type":"Point","coordinates":[3.76324,51.03817]},"properties":{"stop_id":"200546","stop_name":"Gentbrugge Braemkasteel","qualifies_min1":true,"qualifies_min10":true,"qualifies_hourly":true,"qualifies_halfhour":true,"departures_MONDAY":77,"departures_TUESDAY":77,"departures_WEDNESDAY":77,"departures_THURSDAY":77,"departures_FRIDAY":87,"departures_SATURDAY":84,"departures_SUNDAY":65}},{"type":"Feature","geometry":{"type":"Point","coordinates":[3.72948,51.03157]},"properties":{"stop_id":"200548","stop_name":"Gent Zomerstraat","qualifies_min1":true,"qualifies_min10":true,"qualifies_hourly":true,"qualifies_halfhour":false,"departures_MONDAY":145,"departures_TUESDAY":145,"departures_WEDNESDAY":145,"departures_THURSDAY":145,"departures_FRIDAY":145,"departures_SATURDAY":90,"departures_SUNDAY":76}},{"type":"Feature","geometry":{"type":"Point","coordinates":[3.73274,51.06429]},"properties":{"stop_id":"200549","stop_name":"Gent Dok-Noord","qualifies_min1":true,"qualifies_min10":true,"qualifies_hourly":true,"qualifies_halfhour":true,"departures_MONDAY":192,"departures_TUESDAY":192,"departures_WEDNESDAY":192,"departures_THURSDAY":192,"departures_FRIDAY":48,"departures_SATURDAY":48,"departures_SUNDAY":48}},{"type":"Feature","geometry":{"type":"Point","coordinates":[3.72173,51.05388]},"properties":{"stop_id":"200552","stop_name":"Gent Korenmarkt perron 2","qualifies_min1":true,"qualifies_min10":true,"qualifies_hourly":true,"qualifies_halfhour":true,"departures_MONDAY":234,"departures_TUESDAY":234,"departures_WEDNESDAY":234,"departures_THURSDAY":234,"departures_FRIDAY":266,"departures_SATURDAY":254,"departures_SUNDAY":230}},{"type":"Feature","geometry":{"type":"Point","coordinates":[3.76973,51.02011]},"properties":{"stop_id":"200625","stop_name":"Melle Vogelhoekplein","qualifies_min1":true,"qualifies_min10":true,"qualifies_hourly":true,"qualifies_halfhour":false,"departures_MONDAY":38,"departures_TUESDAY":38,"departures_WEDNESDAY":38,"departures_THURSDAY":38,"departures_FRIDAY":38,"departures_SATURDAY":31,"departures_SUNDAY":30}},{"type":"Feature","geometry":{"type":"Point","coordinates":[3.76469,51.01971]},"properties":{"stop_id":"200626","stop_name":"Gentbrugge Merelbeke Station","qualifies_min1":true,"qualifies_min10":true,"qualifies_hourly":true,"qualifies_halfhour":false,"departures_MONDAY":76,"departures_TUESDAY":76,"departures_WEDNESDAY":76,"departures_THURSDAY":76,"departures_FRIDAY":76,"departures_SATURDAY":62,"departures_SUNDAY":60}},{"type":"Feature","geometry":{"type":"Point","coordinates":[3.78689,50.99967]},"properties":{"stop_id":"200632","stop_name":"Melle Gontrode Heirweg","qualifies_min1":true,"qualifies_min10":true,"qualifies_hourly":false,"qualifies_halfhour":false,"departures_MONDAY":15,"departures_TUESDAY":15,"departures_WEDNESDAY":15,"departures_THURSDAY":15,"departures_FRIDAY":15,"departures_SATURDAY":13,"departures_SUNDAY":11}},{"type":"Feature","geometry":{"type":"Point","coordinates":[3.74985,51.05919]},"properties":{"stop_id":"200641","stop_name":"Gent Schoolstraat","qualifies_min1":true,"qualifies_min10":true,"qualifies_hourly":true,"qualifies_halfhour":false,"departures_MONDAY":62,"departures_TUESDAY":62,"departures_WEDNESDAY":62,"departures_THURSDAY":62,"departures_FRIDAY":63,"departures_SATURDAY":56,"departures_SUNDAY":55}},{"type":"Feature","geometry":{"type":"Point","coordinates":[3.70405,51.01223]},"properties":{"stop_id":"200657","stop_name":"Zwijnaarde Bollebergen","qualifies_min1":true,"qualifies_min10":true,"qualifies_hourly":false,"qualifies_halfhour":false,"departures_MONDAY":97,"departures_TUESDAY":97,"departures_WEDNESDAY":97,"departures_THURSDAY":97,"departures_FRIDAY":97,"departures_SATURDAY":60,"departures_SUNDAY":38}},{"type":"Feature","geometry":{"type":"Point","coordinates":[3.7042,51.00963]},"properties":{"stop_id":"200658","stop_name":"Zwijnaarde Tramstraat","qualifies_min1":true,"qualifies_min10":true,"qualifies_hourly":false,"qualifies_halfhour":false,"departures_MONDAY":32,"departures_TUESDAY":32,"departures_WEDNESDAY":32,"departures_THURSDAY":32,"departures_FRIDAY":32,"departures_SATURDAY":30,"departures_SUNDAY":13}},{"type":"Feature","geometry":{"type":"Point","coordinates":[3.70743,51.00833]},"properties":{"stop_id":"200659","stop_name":"Zwijnaarde Technologiepark (Tramstraat)","qualifies_min1":true,"qualifies_min10":true,"qualifies_hourly":false,"qualifies_halfhour":false,"departures_MONDAY":32,"departures_TUESDAY":32,"departures_WEDNESDAY":32,"departures_THURSDAY":32,"departures_FRIDAY":32,"departures_SATURDAY":30,"departures_SUNDAY":13}},{"type":"Feature","geometry":{"type":"Point","coordinates":[3.79224,50.99842]},"properties":{"stop_id":"200660","stop_name":"Melle OCMW","qualifies_min1":true,"qualifies_min10":true,"qualifies_hourly":false,"qualifies_halfhour":false,"departures_MONDAY":15,"departures_TUESDAY":15,"departures_WEDNESDAY":15,"departures_THURSDAY":15,"departures_FRIDAY":15,"departures_SATURDAY":13,"departures_SUNDAY":11}},{"type":"Feature","geometry":{"type":"Point","coordinates":[3.72242,51.05383]},"properties":{"stop_id":"200780","stop_name":"Gent Korenmarkt perron 3","qualifies_min1":true,"qualifies_min10":true,"qualifies_hourly":true,"qualifies_halfhour":true,"departures_MONDAY":340,"departures_TUESDAY":340,"departures_WEDNESDAY":340,"departures_THURSDAY":340,"departures_FRIDAY":369,"departures_SATURDAY":351,"departures_SUNDAY":314}},{"type":"Feature","geometry":{"type":"Point","coordinates":[3.72376,51.05363]},"properties":{"stop_id":"200781","stop_name":"Gent Korenmarkt perron 4","qualifies_min1":true,"qualifies_min10":true,"qualifies_hourly":true,"qualifies_halfhour":true,"departures_MONDAY":101,"departures_TUESDAY":101,"departures_WEDNESDAY":101,"departures_THURSDAY":101,"departures_FRIDAY":101,"departures_SATURDAY":96,"departures_SUNDAY":81}},{"type":"Feature","geometry":{"type":"Point","coordinates":[3.63799,51.01112]},"properties":{"stop_id":"200960","stop_name":"Sint-Martens-Latem Paddenhoek","qualifies_min1":true,"qualifies_min10":true,"qualifies_hourly":false,"qualifies_halfhour":false,"departures_MONDAY":33,"departures_TUESDAY":33,"departures_WEDNESDAY":33,"departures_THURSDAY":33,"departures_FRIDAY":33,"departures_SATURDAY":30,"departures_SUNDAY":15}},{"type":"Feature","geometry":{"type":"Point","coordinates":[3.62081,51.00372]},"properties":{"stop_id":"200961","stop_name":"Sint-Martens-Latem Overmeerspark","qualifies_min1":true,"qualifies_min10":true,"qualifies_hourly":false,"qualifies_halfhour":false,"departures_MONDAY":33,"departures_TUESDAY":33,"departures_WEDNESDAY":33,"departures_THURSDAY":33,"departures_FRIDAY":33,"departures_SATURDAY":30,"departures_SUNDAY":15}},{"type":"Feature","geometry":{"type":"Point","coordinates":[3.59657,50.96467]},"properties":{"stop_id":"200967","stop_name":"Nazareth Kortrijkseheerweg","qualifies_min1":true,"qualifies_min10":false,"qualifies_hourly":false,"qualifies_halfhour":false,"departures_MONDAY":10,"departures_TUESDAY":10,"departures_WEDNESDAY":10,"departures_THURSDAY":10,"departures_FRIDAY":10,"departures_SATURDAY":8,"departures_SUNDAY":4}},{"type":"Feature","geometry":{"type":"Point","coordinates":[3.7405,50.97653]},"properties":{"stop_id":"200982","stop_name":"Merelbeke Sallemeulekouter","qualifies_min1":true,"qualifies_min10":true,"qualifies_hourly":false,"qualifies_halfhour":false,"departures_MONDAY":46,"departures_TUESDAY":46,"departures_WEDNESDAY":46,"departures_THURSDAY":46,"departures_FRIDAY":46,"departures_SATURDAY":46,"departures_SUNDAY":25}},{"type":"Feature","geometry":{"type":"Point","coordinates":[3.71735,51.03467]},"properties":{"stop_id":"200984","stop_name":"Gent Parkplein (Parklaan)","qualifies_min1":true,"qualifies_min10":true,"qualifies_hourly":true,"qualifies_halfhour":true,"departures_MONDAY":201,"departures_TUESDAY":201,"departures_WEDNESDAY":201,"departures_THURSDAY":201,"departures_FRIDAY":201,"departures_SATURDAY":186,"departures_SUNDAY":148}},{"type":"Feature","geometry":{"type":"Point","coordinates":[3.73323,51.0593]},"properties":{"stop_id":"200985","stop_name":"Gent Blekerijstraat","qualifies_min1":true,"qualifies_min10":true,"qualifies_hourly":true,"qualifies_halfhour":true,"departures_MONDAY":192,"departures_TUESDAY":192,"departures_WEDNESDAY":192,"departures_THURSDAY":192,"departures_FRIDAY":48,"departures_SATURDAY":48,"departures_SUNDAY":48}},{"type":"Feature","geometry":{"type":"Point","coordinates":[3.70389,51.07025]},"properties":{"stop_id":"201014","stop_name":"Gent Hortensiastraat","qualifies_min1":true,"qualifies_min10":true,"qualifies_hourly":true,"qualifies_halfhour":true,"departures_MONDAY":97,"departures_TUESDAY":97,"departures_WEDNESDAY":97,"departures_THURSDAY":97,"departures_FRIDAY":97,"departures_SATURDAY":91,"departures_SUNDAY":77}},{"type":"Feature","geometry":{"type":"Point","coordinates":[3.70205,51.06657]},"properties":{"stop_id":"201016","stop_name":"Gent Guislainstraat","qualifies_min1":true,"qualifies_min10":true,"qualifies_hourly":true,"qualifies_halfhour":true,"departures_MONDAY":97,"departures_TUESDAY":97,"departures_WEDNESDAY":97,"departures_THURSDAY":97,"departures_FRIDAY":97,"departures_SATURDAY":91,"departures_SUNDAY":77}},{"type":"Feature","geometry":{"type":"Point","coordinates":[3.7033,51.06411]},"properties":{"stop_id":"201017","stop_name":"Gent Nieuwevaartbrug","qualifies_min1":true,"qualifies_min10":true,"qualifies_hourly":true,"qualifies_halfhour":true,"departures_MONDAY":130,"departures_TUESDAY":130,"departures_WEDNESDAY":130,"departures_THURSDAY":130,"departures_FRIDAY":130,"departures_SATURDAY":109,"departures_SUNDAY":93}},{"type":"Feature","geometry":{"type":"Point","coordinates":[3.70667,51.06255]},"properties":{"stop_id":"201018","stop_name":"Gent Wittekaproenenplein","qualifies_min1":true,"qualifies_min10":true,"qualifies_hourly":true,"qualifies_halfhour":true,"departures_MONDAY":130,"departures_TUESDAY":130,"departures_WEDNESDAY":130,"departures_THURSDAY":130,"departures_FRIDAY":130,"departures_SATURDAY":109,"departures_SUNDAY":93}},{"type":"Feature","geometry":{"type":"Point","coordinates":[3.71197,51.05992]},"properties":{"stop_id":"201019","stop_name":"Gent Rabot (Begijnhoflaan)","qualifies_min1":true,"qualifies_min10":true,"qualifies_hourly":true,"qualifies_halfhour":true,"departures_MONDAY":97,"departures_TUESDAY":97,"departures_WEDNESDAY":97,"departures_THURSDAY":97,"departures_FRIDAY":97,"departures_SATURDAY":91,"departures_SUNDAY":77}},{"type":"Feature","geometry":{"type":"Point","coordinates":[3.72088,51.05677]},"properties":{"stop_id":"201023","stop_name":"Gent Gravensteen (Sint-Veerleplein)","qualifies_min1":true,"qualifies_min10":true,"qualifies_hourly":true,"qualifies_halfhour":true,"departures_MONDAY":97,"departures_TUESDAY":97,"departures_WEDNESDAY":97,"departures_THURSDAY":97,"departures_FRIDAY":97,"departures_SATURDAY":91,"departures_SUNDAY":77}},{"type":"Feature","geometry":{"type":"Point","coordinates":[3.72341,51.03264]},"properties":{"stop_id":"201037","stop_name":"Gent Zwijnaardsesteenweg","qualifies_min1":true,"qualifies_min10":true,"qualifies_hourly":true,"qualifies_halfhour":true,"departures_MONDAY":146,"departures_TUESDAY":146,"departures_WEDNESDAY":146,"departures_THURSDAY":146,"departures_FRIDAY":146,"departures_SATURDAY":90,"departures_SUNDAY":75}},{"type":"Feature","geometry":{"type":"Point","coordinates":[3.79642,51.07199]},"properties":{"stop_id":"201044","stop_name":"Sint-Amandsberg Achtendries","qualifies_min1":true,"qualifies_min10":true,"qualifies_hourly":true,"qualifies_halfhour":false,"departures_MONDAY":63,"departures_TUESDAY":63,"departures_WEDNESDAY":63,"departures_THURSDAY":63,"departures_FRIDAY":63,"departures_SATURDAY":58,"departures_SUNDAY":55}},{"type":"Feature","geometry":{"type":"Point","coordinates":[3.76927,51.02744]},"properties":{"stop_id":"201051","stop_name":"Gentbrugge Pecherstraat","qualifies_min1":true,"qualifies_min10":true,"qualifies_hourly":true,"qualifies_halfhour":true,"departures_MONDAY":98,"departures_TUESDAY":98,"departures_WEDNESDAY":98,"departures_THURSDAY":98,"departures_FRIDAY":98,"departures_SATURDAY":93,"departures_SUNDAY":79}},{"type":"Feature","geometry":{"type":"Point","coordinates":[3.76531,51.02947]},"properties":{"stop_id":"201052","stop_name":"Gentbrugge Tennisstraat","qualifies_min1":true,"qualifies_min10":true,"qualifies_hourly":true,"qualifies_halfhour":true,"departures_MONDAY":98,"departures_TUESDAY":98,"departures_WEDNESDAY":98,"departures_THURSDAY":98,"departures_FRIDAY":98,"departures_SATURDAY":93,"departures_SUNDAY":79}},{"type":"Feature","geometry":{"type":"Point","coordinates":[3.76155,51.03134]},"properties":{"stop_id":"201053","stop_name":"Gentbrugge Schooldreef","qualifies_min1":true,"qualifies_min10":true,"qualifies_hourly":true,"qualifies_halfhour":true,"departures_MONDAY":98,"departures_TUESDAY":98,"departures_WEDNESDAY":98,"departures_THURSDAY":98,"departures_FRIDAY":98,"departures_SATURDAY":93,"departures_SUNDAY":79}},{"type":"Feature","geometry":{"type":"Point","coordinates":[3.74949,51.03732]},"properties":{"stop_id":"201060","stop_name":"Gentbrugge Stelplaats","qualifies_min1":true,"qualifies_min10":true,"qualifies_hourly":true,"qualifies_halfhour":true,"departures_MONDAY":117,"departures_TUESDAY":117,"departures_WEDNESDAY":117,"departures_THURSDAY":117,"departures_FRIDAY":117,"departures_SATURDAY":115,"departures_SUNDAY":100}},{"type":"Feature","geometry":{"type":"Point","coordinates":[3.74485,51.03963]},"properties":{"stop_id":"201061","stop_name":"Ledeberg Van Lokerenstraat","qualifies_min1":true,"qualifies_min10":true,"qualifies_hourly":true,"qualifies_halfhour":true,"departures_MONDAY":101,"departures_TUESDAY":101,"departures_WEDNESDAY":101,"departures_THURSDAY":101,"departures_FRIDAY":101,"departures_SATURDAY":95,"departures_SUNDAY":80}},{"type":"Feature","geometry":{"type":"Point","coordinates":[3.73828,51.04255]},"properties":{"stop_id":"201062","stop_name":"Gent Keizerpoort (Brusselsepoortstraat)","qualifies_min1":true,"qualifies_min10":true,"qualifies_hourly":true,"qualifies_halfhour":true,"departures_MONDAY":101,"departures_TUESDAY":101,"departures_WEDNESDAY":101,"departures_THURSDAY":101,"departures_FRIDAY":101,"departures_SATURDAY":95,"departures_SUNDAY":80}},{"type":"Feature","geometry":{"type":"Point","coordinates":[3.73358,51.04453]},"properties":{"stop_id":"201064","stop_name":"Gent Vijfwindgatenstraat","qualifies_min1":true,"qualifies_min10":true,"qualifies_hourly":true,"qualifies_halfhour":true,"departures_MONDAY":502,"departures_TUESDAY":502,"departures_WEDNESDAY":502,"departures_THURSDAY":502,"departures_FRIDAY":502,"departures_SATURDAY":489,"departures_SUNDAY":410}},{"type":"Feature","geometry":{"type":"Point","coordinates":[3.73157,51.04813]},"properties":{"stop_id":"201065","stop_name":"Gent Zuid perron 2","qualifies_min1":true,"qualifies_min10":true,"qualifies_hourly":true,"qualifies_halfhour":true,"departures_MONDAY":270,"departures_TUESDAY":270,"departures_WEDNESDAY":270,"departures_THURSDAY":270,"departures_FRIDAY":270,"departures_SATURDAY":275,"departures_SUNDAY":235}},{"type":"Feature","geometry":{"type":"Point","coordinates":[3.73045,51.04975]},"properties":{"stop_id":"201066","stop_name":"Gent Lippensplein","qualifies_min1":true,"qualifies_min10":true,"qualifies_hourly":true,"qualifies_halfhour":true,"departures_MONDAY":503,"departures_TUESDAY":503,"departures_WEDNESDAY":503,"departures_THURSDAY":503,"departures_FRIDAY":269,"departures_SATURDAY":275,"departures_SUNDAY":234}},{"type":"Feature","geometry":{"type":"Point","coordinates":[3.72604,51.05051]},"properties":{"stop_id":"201067","stop_name":"Gent Vogelmarkt","qualifies_min1":true,"qualifies_min10":true,"qualifies_hourly":true,"qualifies_halfhour":true,"departures_MONDAY":169,"departures_TUESDAY":169,"departures_WEDNESDAY":169,"departures_THURSDAY":169,"departures_FRIDAY":169,"departures_SATURDAY":180,"departures_SUNDAY":154}},{"type":"Feature","geometry":{"type":"Point","coordinates":[3.71772,51.05028]},"properties":{"stop_id":"201070","stop_name":"Gent Oude Houtlei","qualifies_min1":true,"qualifies_min10":true,"qualifies_hourly":true,"qualifies_halfhour":true,"departures_MONDAY":169,"departures_TUESDAY":169,"departures_WEDNESDAY":169,"departures_THURSDAY":169,"departures_FRIDAY":169,"departures_SATURDAY":180,"departures_SUNDAY":154}},{"type":"Feature","geometry":{"type":"Point","coordinates":[3.71347,51.05066]},"properties":{"stop_id":"201071","stop_name":"Gent Galgenberg","qualifies_min1":true,"qualifies_min10":true,"qualifies_hourly":true,"qualifies_halfhour":true,"departures_MONDAY":169,"departures_TUESDAY":169,"departures_WEDNESDAY":169,"departures_THURSDAY":169,"departures_FRIDAY":169,"departures_SATURDAY":180,"departures_SUNDAY":154}},{"type":"Feature","geometry":{"type":"Point","coordinates":[3.70975,51.05004]},"properties":{"stop_id":"201072","stop_name":"Gent Rozemarijnbrug","qualifies_min1":true,"qualifies_min10":true,"qualifies_hourly":true,"qualifies_halfhour":true,"departures_MONDAY":253,"departures_TUESDAY":253,"departures_WEDNESDAY":253,"departures_THURSDAY":253,"departures_FRIDAY":253,"departures_SATURDAY":255,"departures_SUNDAY":220}},{"type":"Feature","geometry":{"type":"Point","coordinates":[3.70972,51.04797]},"properties":{"stop_id":"201073","stop_name":"Gent Bernard Spaelaan","qualifies_min1":true,"qualifies_min10":true,"qualifies_hourly":true,"qualifies_halfhour":true,"departures_MONDAY":253,"departures_TUESDAY":253,"departures_WEDNESDAY":253,"departures_THURSDAY":253,"departures_FRIDAY":253,"departures_SATURDAY":255,"departures_SUNDAY":220}},{"type":"Feature","geometry":{"type":"Point","coordinates":[3.71359,51.04519]},"properties":{"stop_id":"201074","stop_name":"Gent Bijlokehof","qualifies_min1":true,"qualifies_min10":true,"qualifies_hourly":true,"qualifies_halfhour":true,"departures_MONDAY":253,"departures_TUESDAY":253,"departures_WEDNESDAY":253,"departures_THURSDAY":253,"departures_FRIDAY":253,"departures_SATURDAY":255,"departures_SUNDAY":220}},{"type":"Feature","geometry":{"type":"Point","coordinates":[3.71108,51.04279]},"properties":{"stop_id":"201075","stop_name":"Gent Koning Albertbrug","qualifies_min1":true,"qualifies_min10":true,"qualifies_hourly":true,"qualifies_halfhour":true,"departures_MONDAY":253,"departures_TUESDAY":253,"departures_WEDNESDAY":253,"departures_THURSDAY":253,"departures_FRIDAY":253,"departures_SATURDAY":255,"departures_SUNDAY":220}},{"type":"Feature","geometry":{"type":"Point","coordinates":[3.71064,51.03857]},"properties":{"stop_id":"201076","stop_name":"Gent Meersstraat","qualifies_min1":true,"qualifies_min10":true,"qualifies_hourly":true,"qualifies_halfhour":true,"departures_MONDAY":408,"departures_TUESDAY":408,"departures_WEDNESDAY":408,"departures_THURSDAY":408,"departures_FRIDAY":408,"departures_SATURDAY":336,"departures_SUNDAY":297}},{"type":"Feature","geometry":{"type":"Point","coordinates":[3.65517,50.966]},"properties":{"stop_id":"201082","stop_name":"Eke Duivelstraat","qualifies_min1":true,"qualifies_min10":true,"qualifies_hourly":false,"qualifies_halfhour":false,"departures_MONDAY":20,"departures_TUESDAY":20,"departures_WEDNESDAY":20,"departures_THURSDAY":20,"departures_FRIDAY":20,"departures_SATURDAY":17,"departures_SUNDAY":13}},{"type":"Feature","geometry":{"type":"Point","coordinates":[3.7316,51.04751]},"properties":{"stop_id":"201083","stop_name":"Gent Zuid perron 7","qualifies_min1":true,"qualifies_min10":true,"qualifies_hourly":true,"qualifies_halfhour":false,"departures_MONDAY":129,"departures_TUESDAY":129,"departures_WEDNESDAY":129,"departures_THURSDAY":129,"departures_FRIDAY":129,"departures_SATURDAY":119,"departures_SUNDAY":87}},{"type":"Feature","geometry":{"type":"Point","coordinates":[3.74121,51.03672]},"properties":{"stop_id":"201094","stop_name":"Ledeberg Ledebergplein","qualifies_min1":true,"qualifies_min10":true,"qualifies_hourly":true,"qualifies_halfhour":true,"departures_MONDAY":161,"departures_TUESDAY":161,"departures_WEDNESDAY":161,"departures_THURSDAY":161,"departures_FRIDAY":161,"departures_SATURDAY":169,"departures_SUNDAY":144}},{"type":"Feature","geometry":{"type":"Point","coordinates":[3.73619,51.04009]},"properties":{"stop_id":"201096","stop_name":"Gent Sint-Lievenspoort (Zuidpark)","qualifies_min1":true,"qualifies_min10":true,"qualifies_hourly":true,"qualifies_halfhour":true,"departures_MONDAY":235,"departures_TUESDAY":235,"departures_WEDNESDAY":235,"departures_THURSDAY":235,"departures_FRIDAY":235,"departures_SATURDAY":240,"departures_SUNDAY":199}},{"type":"Feature","geometry":{"type":"Point","coordinates":[3.72813,51.05191]},"properties":{"stop_id":"201098","stop_name":"Gent Duivelsteen","qualifies_min1":true,"qualifies_min10":true,"qualifies_hourly":true,"qualifies_halfhour":true,"departures_MONDAY":335,"departures_TUESDAY":335,"departures_WEDNESDAY":335,"departures_THURSDAY":335,"departures_FRIDAY":101,"departures_SATURDAY":96,"departures_SUNDAY":81}},{"type":"Feature","geometry":{"type":"Point","coordinates":[3.72139,51.05698]},"properties":{"stop_id":"201100","stop_name":"Gent Gravensteen (Geldmunt)","qualifies_min1":true,"qualifies_min10":false,"qualifies_hourly":false,"qualifies_halfhour":false,"departures_MONDAY":5,"departures_TUESDAY":5,"departures_WEDNESDAY":5,"departures_THURSDAY":5,"departures_FRIDAY":5,"departures_SATURDAY":6,"departures_SUNDAY":4}},{"type":"Feature","geometry":{"type":"Point","coordinates":[3.72126,51.05867]},"properties":{"stop_id":"201101","stop_name":"Gent Lange Steenstraat","qualifies_min1":true,"qualifies_min10":true,"qualifies_hourly":true,"qualifies_halfhour":true,"departures_MONDAY":88,"departures_TUESDAY":88,"departures_WEDNESDAY":88,"departures_THURSDAY":88,"departures_FRIDAY":88,"departures_SATURDAY":80,"departures_SUNDAY":69}},{"type":"Feature","geometry":{"type":"Point","coordinates":[3.725,51.06019]},"properties":{"stop_id":"201102","stop_name":"Gent Sluizeken","qualifies_min1":true,"qualifies_min10":true,"qualifies_hourly":true,"qualifies_halfhour":true,"departures_MONDAY":83,"departures_TUESDAY":83,"departures_WEDNESDAY":83,"departures_THURSDAY":83,"departures_FRIDAY":83,"departures_SATURDAY":74,"departures_SUNDAY":65}},{"type":"Feature","geometry":{"type":"Point","coordinates":[3.72735,51.06215]},"properties":{"stop_id":"201103","stop_name":"Gent Coppinsstraat","qualifies_min1":true,"qualifies_min10":true,"qualifies_hourly":true,"qualifies_halfhour":true,"departures_MONDAY":83,"departures_TUESDAY":83,"departures_WEDNESDAY":83,"departures_THURSDAY":83,"departures_FRIDAY":83,"departures_SATURDAY":74,"departures_SUNDAY":65}},{"type":"Feature","geometry":{"type":"Point","coordinates":[3.72907,51.06415]},"properties":{"stop_id":"201104","stop_name":"Gent Heilig-Kerst","qualifies_min1":true,"qualifies_min10":true,"qualifies_hourly":true,"qualifies_halfhour":true,"departures_MONDAY":83,"departures_TUESDAY":83,"departures_WEDNESDAY":83,"departures_THURSDAY":83,"departures_FRIDAY":83,"departures_SATURDAY":74,"departures_SUNDAY":65}},{"type":"Feature","geometry":{"type":"Point","coordinates":[3.7267,51.0672]},"properties":{"stop_id":"201108","stop_name":"Gent Tolpoort (Neuseplein)","qualifies_min1":true,"qualifies_min10":true,"qualifies_hourly":true,"qualifies_halfhour":true,"departures_MONDAY":84,"departures_TUESDAY":84,"departures_WEDNESDAY":84,"departures_THURSDAY":84,"departures_FRIDAY":84,"departures_SATURDAY":75,"departures_SUNDAY":66}},{"type":"Feature","geometry":{"type":"Point","coordinates":[3.71873,51.06486]},"properties":{"stop_id":"201110","stop_name":"Gent AZ Sint-Lucas (Blaisantvest)","qualifies_min1":true,"qualifies_min10":true,"qualifies_hourly":true,"qualifies_halfhour":true,"departures_MONDAY":84,"departures_TUESDAY":84,"departures_WEDNESDAY":84,"departures_THURSDAY":84,"departures_FRIDAY":84,"departures_SATURDAY":75,"departures_SUNDAY":66}},{"type":"Feature","geometry":{"type":"Point","coordinates":[3.715781,51.062702]},"properties":{"stop_id":"201111","stop_name":"Gent Opgeëistenlaan","qualifies_min1":true,"qualifies_min10":true,"qualifies_hourly":true,"qualifies_halfhour":true,"departures_MONDAY":84,"departures_TUESDAY":84,"departures_WEDNESDAY":84,"departures_THURSDAY":84,"departures_FRIDAY":84,"departures_SATURDAY":75,"departures_SUNDAY":66}},{"type":"Feature","geometry":{"type":"Point","coordinates":[3.71,51.057]},"properties":{"stop_id":"201112","stop_name":"Gent Brugsepoort (Begijnhoflaan)","qualifies_min1":true,"qualifies_min10":true,"qualifies_hourly":true,"qualifies_halfhour":true,"departures_MONDAY":84,"departures_TUESDAY":84,"departures_WEDNESDAY":84,"departures_THURSDAY":84,"departures_FRIDAY":84,"departures_SATURDAY":75,"departures_SUNDAY":66}},{"type":"Feature","geometry":{"type":"Point","coordinates":[3.77015,51.07043]},"properties":{"stop_id":"201128","stop_name":"Sint-Amandsberg Carelshof","qualifies_min1":true,"qualifies_min10":true,"qualifies_hourly":true,"qualifies_halfhour":false,"departures_MONDAY":69,"departures_TUESDAY":69,"departures_WEDNESDAY":69,"departures_THURSDAY":69,"departures_FRIDAY":69,"departures_SATURDAY":63,"departures_SUNDAY":58}},{"type":"Feature","geometry":{"type":"Point","coordinates":[3.77657,51.07319]},"properties":{"stop_id":"201129","stop_name":"Sint-Amandsberg Oudebareelstraat","qualifies_min1":true,"qualifies_min10":true,"qualifies_hourly":true,"qualifies_halfhour":true,"departures_MONDAY":100,"departures_TUESDAY":100,"departures_WEDNESDAY":100,"departures_THURSDAY":100,"departures_FRIDAY":100,"departures_SATURDAY":92,"departures_SUNDAY":86}},{"type":"Feature","geometry":{"type":"Point","coordinates":[3.75556,51.04412]},"properties":{"stop_id":"201132","stop_name":"Gentbrugge Tweekapellenstraat","qualifies_min1":true,"qualifies_min10":true,"qualifies_hourly":true,"qualifies_halfhour":true,"departures_MONDAY":74,"departures_TUESDAY":74,"departures_WEDNESDAY":74,"departures_THURSDAY":74,"departures_FRIDAY":86,"departures_SATURDAY":83,"departures_SUNDAY":66}},{"type":"Feature","geometry":{"type":"Point","coordinates":[3.75424,51.04802]},"properties":{"stop_id":"201133","stop_name":"Sint-Amandsberg Gentbruggebrug","qualifies_min1":true,"qualifies_min10":true,"qualifies_hourly":true,"qualifies_halfhour":true,"departures_MONDAY":99,"departures_TUESDAY":99,"departures_WEDNESDAY":99,"departures_THURSDAY":99,"departures_FRIDAY":111,"departures_SATURDAY":104,"departures_SUNDAY":75}},{"type":"Feature","geometry":{"type":"Point","coordinates":[3.74921,51.0525]},"properties":{"stop_id":"201135","stop_name":"Sint-Amandsberg Heernisplein","qualifies_min1":true,"qualifies_min10":true,"qualifies_hourly":true,"qualifies_halfhour":true,"departures_MONDAY":137,"departures_TUESDAY":137,"departures_WEDNESDAY":137,"departures_THURSDAY":137,"departures_FRIDAY":149,"departures_SATURDAY":140,"departures_SUNDAY":95}},{"type":"Feature","geometry":{"type":"Point","coordinates":[3.74539,51.05316]},"properties":{"stop_id":"201136","stop_name":"Gent Banierstraat","qualifies_min1":true,"qualifies_min10":true,"qualifies_hourly":true,"qualifies_halfhour":true,"departures_MONDAY":137,"departures_TUESDAY":137,"departures_WEDNESDAY":137,"departures_THURSDAY":137,"departures_FRIDAY":149,"departures_SATURDAY":140,"departures_SUNDAY":95}},{"type":"Feature","geometry":{"type":"Point","coordinates":[3.74283,51.05509]},"properties":{"stop_id":"201137","stop_name":"Gent Nieuwhof","qualifies_min1":true,"qualifies_min10":true,"qualifies_hourly":true,"qualifies_halfhour":true,"departures_MONDAY":137,"departures_TUESDAY":137,"departures_WEDNESDAY":137,"departures_THURSDAY":137,"departures_FRIDAY":149,"departures_SATURDAY":140,"departures_SUNDAY":95}},{"type":"Feature","geometry":{"type":"Point","coordinates":[3.71136,51.0364]},"properties":{"stop_id":"201144","stop_name":"Gent Sint-Pietersstation perron 17","qualifies_min1":true,"qualifies_min10":true,"qualifies_hourly":true,"qualifies_halfhour":true,"departures_MONDAY":173,"departures_TUESDAY":173,"departures_WEDNESDAY":173,"departures_THURSDAY":173,"departures_FRIDAY":173,"departures_SATURDAY":168,"departures_SUNDAY":144}},{"type":"Feature","geometry":{"type":"Point","coordinates":[3.71684,51.05444]},"properties":{"stop_id":"201145","stop_name":"Gent Poel","qualifies_min1":true,"qualifies_min10":true,"qualifies_hourly":true,"qualifies_halfhour":true,"departures_MONDAY":234,"departures_TUESDAY":234,"departures_WEDNESDAY":234,"departures_THURSDAY":234,"departures_FRIDAY":267,"departures_SATURDAY":255,"departures_SUNDAY":230}},{"type":"Feature","geometry":{"type":"Point","coordinates":[3.70377,51.0593]},"properties":{"stop_id":"201148","stop_name":"Gent Seghersplein","qualifies_min1":true,"qualifies_min10":true,"qualifies_hourly":true,"qualifies_halfhour":true,"departures_MONDAY":97,"departures_TUESDAY":97,"departures_WEDNESDAY":97,"departures_THURSDAY":97,"departures_FRIDAY":117,"departures_SATURDAY":115,"departures_SUNDAY":110}},{"type":"Feature","geometry":{"type":"Point","coordinates":[3.69045,51.06506]},"properties":{"stop_id":"201151","stop_name":"Gent Malpertuusplein","qualifies_min1":true,"qualifies_min10":true,"qualifies_hourly":true,"qualifies_halfhour":true,"departures_MONDAY":136,"departures_TUESDAY":136,"departures_WEDNESDAY":136,"departures_THURSDAY":136,"departures_FRIDAY":155,"departures_SATURDAY":146,"departures_SUNDAY":140}},{"type":"Feature","geometry":{"type":"Point","coordinates":[3.68759,51.06691]},"properties":{"stop_id":"201152","stop_name":"Gent Fluweelstraat","qualifies_min1":true,"qualifies_min10":true,"qualifies_hourly":true,"qualifies_halfhour":true,"departures_MONDAY":136,"departures_TUESDAY":136,"departures_WEDNESDAY":136,"departures_THURSDAY":136,"departures_FRIDAY":155,"departures_SATURDAY":146,"departures_SUNDAY":140}},{"type":"Feature","geometry":{"type":"Point","coordinates":[3.68499,51.06843]},"properties":{"stop_id":"201153","stop_name":"Mariakerke Jutestraat","qualifies_min1":true,"qualifies_min10":true,"qualifies_hourly":true,"qualifies_halfhour":true,"departures_MONDAY":136,"departures_TUESDAY":136,"departures_WEDNESDAY":136,"departures_THURSDAY":136,"departures_FRIDAY":155,"departures_SATURDAY":146,"departures_SUNDAY":140}},{"type":"Feature","geometry":{"type":"Point","coordinates":[3.68262,51.06981]},"properties":{"stop_id":"201154","stop_name":"Mariakerke Spellewerkstraat","qualifies_min1":true,"qualifies_min10":true,"qualifies_hourly":true,"qualifies_halfhour":true,"departures_MONDAY":136,"departures_TUESDAY":136,"departures_WEDNESDAY":136,"departures_THURSDAY":136,"departures_FRIDAY":155,"departures_SATURDAY":146,"departures_SUNDAY":140}},{"type":"Feature","geometry":{"type":"Point","coordinates":[3.6806,51.07201]},"properties":{"stop_id":"201155","stop_name":"Mariakerke Claeysplein","qualifies_min1":true,"qualifies_min10":true,"qualifies_hourly":true,"qualifies_halfhour":true,"departures_MONDAY":136,"departures_TUESDAY":136,"departures_WEDNESDAY":136,"departures_THURSDAY":136,"departures_FRIDAY":155,"departures_SATURDAY":146,"departures_SUNDAY":140}},{"type":"Feature","geometry":{"type":"Point","coordinates":[3.67927,51.07507]},"properties":{"stop_id":"201157","stop_name":"Mariakerke Post","qualifies_min1":true,"qualifies_min10":true,"qualifies_hourly":true,"qualifies_halfhour":true,"departures_MONDAY":197,"departures_TUESDAY":197,"departures_WEDNESDAY":197,"departures_THURSDAY":197,"departures_FRIDAY":233,"departures_SATURDAY":230,"departures_SUNDAY":223}},{"type":"Feature","geometry":{"type":"Point","coordinates":[3.70646,51.02474]},"properties":{"stop_id":"201161","stop_name":"Gent Maaltebruggestraat","qualifies_min1":true,"qualifies_min10":true,"qualifies_hourly":true,"qualifies_halfhour":true,"departures_MONDAY":148,"departures_TUESDAY":148,"departures_WEDNESDAY":148,"departures_THURSDAY":148,"departures_FRIDAY":148,"departures_SATURDAY":154,"departures_SUNDAY":137}},{"type":"Feature","geometry":{"type":"Point","coordinates":[3.69899,51.02288]},"properties":{"stop_id":"201162","stop_name":"Gent M. Middelares - Maalte","qualifies_min1":true,"qualifies_min10":true,"qualifies_hourly":true,"qualifies_halfhour":true,"departures_MONDAY":148,"departures_TUESDAY":148,"departures_WEDNESDAY":148,"departures_THURSDAY":148,"departures_FRIDAY":148,"departures_SATURDAY":154,"departures_SUNDAY":137}},{"type":"Feature","geometry":{"type":"Point","coordinates":[3.71672,51.08829]},"properties":{"stop_id":"201163","stop_name":"Wondelgem Sint-Sebastiaanstraat","qualifies_min1":true,"qualifies_min10":true,"qualifies_hourly":true,"qualifies_halfhour":true,"departures_MONDAY":202,"departures_TUESDAY":202,"departures_WEDNESDAY":202,"departures_THURSDAY":202,"departures_FRIDAY":209,"departures_SATURDAY":205,"departures_SUNDAY":181}},{"type":"Feature","geometry":{"type":"Point","coordinates":[3.60835,50.95852]},"properties":{"stop_id":"201164","stop_name":"Nazareth Sporthal","qualifies_min1":true,"qualifies_min10":true,"qualifies_hourly":false,"qualifies_halfhour":false,"departures_MONDAY":20,"departures_TUESDAY":20,"departures_WEDNESDAY":20,"departures_THURSDAY":20,"departures_FRIDAY":20,"departures_SATURDAY":17,"departures_SUNDAY":13}},{"type":"Feature","geometry":{"type":"Point","coordinates":[3.84078,51.10408]},"properties":{"stop_id":"201166","stop_name":"Lochristi Dorpsstraat","qualifies_min1":true,"qualifies_min10":true,"qualifies_hourly":false,"qualifies_halfhour":false,"departures_MONDAY":20,"departures_TUESDAY":20,"departures_WEDNESDAY":20,"departures_THURSDAY":20,"departures_FRIDAY":20,"departures_SATURDAY":17,"departures_SUNDAY":16}},{"type":"Feature","geometry":{"type":"Point","coordinates":[3.83423,51.11567]},"properties":{"stop_id":"201167","stop_name":"Zaffelare Verleydonckstraat","qualifies_min1":true,"qualifies_min10":true,"qualifies_hourly":false,"qualifies_halfhour":false,"departures_MONDAY":20,"departures_TUESDAY":20,"departures_WEDNESDAY":20,"departures_THURSDAY":20,"departures_FRIDAY":20,"departures_SATURDAY":17,"departures_SUNDAY":16}},{"type":"Feature","geometry":{"type":"Point","coordinates":[3.71033,51.05636]},"properties":{"stop_id":"201169","stop_name":"Gent Brugsepoort (Brugsepoortstraat)","qualifies_min1":true,"qualifies_min10":true,"qualifies_hourly":true,"qualifies_halfhour":true,"departures_MONDAY":234,"departures_TUESDAY":234,"departures_WEDNESDAY":234,"departures_THURSDAY":234,"departures_FRIDAY":267,"departures_SATURDAY":255,"departures_SUNDAY":230}},{"type":"Feature","geometry":{"type":"Point","coordinates":[3.69897,51.0566]},"properties":{"stop_id":"201172","stop_name":"Gent Geitstraat","qualifies_min1":true,"qualifies_min10":true,"qualifies_hourly":true,"qualifies_halfhour":false,"departures_MONDAY":62,"departures_TUESDAY":62,"departures_WEDNESDAY":62,"departures_THURSDAY":62,"departures_FRIDAY":63,"departures_SATURDAY":56,"departures_SUNDAY":54}},{"type":"Feature","geometry":{"type":"Point","coordinates":[3.69333,51.05603]},"properties":{"stop_id":"201173","stop_name":"Gent Malem (Drongensesteenweg)","qualifies_min1":true,"qualifies_min10":true,"qualifies_hourly":true,"qualifies_halfhour":false,"departures_MONDAY":61,"departures_TUESDAY":61,"departures_WEDNESDAY":61,"departures_THURSDAY":61,"departures_FRIDAY":62,"departures_SATURDAY":56,"departures_SUNDAY":55}},{"type":"Feature","geometry":{"type":"Point","coordinates":[3.68201,51.05461]},"properties":{"stop_id":"201175","stop_name":"Gent Halfweg","qualifies_min1":true,"qualifies_min10":true,"qualifies_hourly":true,"qualifies_halfhour":false,"departures_MONDAY":61,"departures_TUESDAY":61,"departures_WEDNESDAY":61,"departures_THURSDAY":61,"departures_FRIDAY":62,"departures_SATURDAY":56,"departures_SUNDAY":55}},{"type":"Feature","geometry":{"type":"Point","coordinates":[3.66284,51.05035]},"properties":{"stop_id":"201179","stop_name":"Drongen Drongenplein","qualifies_min1":true,"qualifies_min10":true,"qualifies_hourly":true,"qualifies_halfhour":false,"departures_MONDAY":61,"departures_TUESDAY":61,"departures_WEDNESDAY":61,"departures_THURSDAY":61,"departures_FRIDAY":62,"departures_SATURDAY":56,"departures_SUNDAY":55}},{"type":"Feature","geometry":{"type":"Point","coordinates":[3.65718,51.05016]},"properties":{"stop_id":"201180","stop_name":"Drongen Klaverdries","qualifies_min1":true,"qualifies_min10":true,"qualifies_hourly":true,"qualifies_halfhour":false,"departures_MONDAY":61,"departures_TUESDAY":61,"departures_WEDNESDAY":61,"departures_THURSDAY":61,"departures_FRIDAY":62,"departures_SATURDAY":56,"departures_SUNDAY":55}},{"type":"Feature","geometry":{"type":"Point","coordinates":[3.65044,51.04764]},"properties":{"stop_id":"201181","stop_name":"Drongen Brug","qualifies_min1":true,"qualifies_min10":true,"qualifies_hourly":true,"qualifies_halfhour":false,"departures_MONDAY":31,"departures_TUESDAY":31,"departures_WEDNESDAY":31,"departures_THURSDAY":31,"departures_FRIDAY":31,"departures_SATURDAY":28,"departures_SUNDAY":27}},{"type":"Feature","geometry":{"type":"Point","coordinates":[3.88964,51.00227]},"properties":{"stop_id":"201184","stop_name":"Wetteren Buyssestraat","qualifies_min1":true,"qualifies_min10":false,"qualifies_hourly":false,"qualifies_halfhour":false,"departures_MONDAY":28,"departures_TUESDAY":28,"departures_WEDNESDAY":28,"departures_THURSDAY":28,"departures_FRIDAY":28,"departures_SATURDAY":21,"departures_SUNDAY":4}},{"type":"Feature","geometry":{"type":"Point","coordinates":[3.65358,51.05273]},"properties":{"stop_id":"201186","stop_name":"Drongen Congregatiestraat","qualifies_min1":true,"qualifies_min10":true,"qualifies_hourly":true,"qualifies_halfhour":false,"departures_MONDAY":31,"departures_TUESDAY":31,"departures_WEDNESDAY":31,"departures_THURSDAY":31,"departures_FRIDAY":32,"departures_SATURDAY":28,"departures_SUNDAY":27}},{"type":"Feature","geometry":{"type":"Point","coordinates":[3.64661,51.05536]},"properties":{"stop_id":"201187","stop_name":"Drongen Rozenlaan","qualifies_min1":true,"qualifies_min10":true,"qualifies_hourly":true,"qualifies_halfhour":false,"departures_MONDAY":30,"departures_TUESDAY":30,"departures_WEDNESDAY":30,"departures_THURSDAY":30,"departures_FRIDAY":31,"departures_SATURDAY":28,"departures_SUNDAY":28}},{"type":"Feature","geometry":{"type":"Point","coordinates":[3.65615,51.06353]},"properties":{"stop_id":"201188","stop_name":"Drongen Kerkhof","qualifies_min1":true,"qualifies_min10":true,"qualifies_hourly":true,"qualifies_halfhour":false,"departures_MONDAY":34,"departures_TUESDAY":34,"departures_WEDNESDAY":34,"departures_THURSDAY":34,"departures_FRIDAY":34,"departures_SATURDAY":29,"departures_SUNDAY":17}},{"type":"Feature","geometry":{"type":"Point","coordinates":[3.64898,51.06757]},"properties":{"stop_id":"201189","stop_name":"Drongen Beekstraat","qualifies_min1":true,"qualifies_min10":true,"qualifies_hourly":true,"qualifies_halfhour":false,"departures_MONDAY":34,"departures_TUESDAY":34,"departures_WEDNESDAY":34,"departures_THURSDAY":34,"departures_FRIDAY":34,"departures_SATURDAY":29,"departures_SUNDAY":17}},{"type":"Feature","geometry":{"type":"Point","coordinates":[3.767,51.07746]},"properties":{"stop_id":"201203","stop_name":"Oostakker Goedlevenstraat","qualifies_min1":true,"qualifies_min10":true,"qualifies_hourly":true,"qualifies_halfhour":false,"departures_MONDAY":30,"departures_TUESDAY":30,"departures_WEDNESDAY":30,"departures_THURSDAY":30,"departures_FRIDAY":31,"departures_SATURDAY":28,"departures_SUNDAY":28}},{"type":"Feature","geometry":{"type":"Point","coordinates":[3.77142,51.08123]},"properties":{"stop_id":"201204","stop_name":"Oostakker Krijtestraat","qualifies_min1":true,"qualifies_min10":true,"qualifies_hourly":true,"qualifies_halfhour":false,"departures_MONDAY":30,"departures_TUESDAY":30,"departures_WEDNESDAY":30,"departures_THURSDAY":30,"departures_FRIDAY":31,"departures_SATURDAY":28,"departures_SUNDAY":28}},{"type":"Feature","geometry":{"type":"Point","coordinates":[3.75925,51.06698]},"properties":{"stop_id":"201216","stop_name":"Sint-Amandsberg Zavelput","qualifies_min1":true,"qualifies_min10":true,"qualifies_hourly":true,"qualifies_halfhour":true,"departures_MONDAY":120,"departures_TUESDAY":120,"departures_WEDNESDAY":120,"departures_THURSDAY":120,"departures_FRIDAY":124,"departures_SATURDAY":118,"departures_SUNDAY":111}},{"type":"Feature","geometry":{"type":"Point","coordinates":[3.76291,51.06836]},"properties":{"stop_id":"201217","stop_name":"Sint-Amandsberg Everstraat","qualifies_min1":true,"qualifies_min10":true,"qualifies_hourly":true,"qualifies_halfhour":false,"departures_MONDAY":69,"departures_TUESDAY":69,"departures_WEDNESDAY":69,"departures_THURSDAY":69,"departures_FRIDAY":69,"departures_SATURDAY":63,"departures_SUNDAY":58}},{"type":"Feature","geometry":{"type":"Point","coordinates":[3.75327,51.06545]},"properties":{"stop_id":"201218","stop_name":"Sint-Amandsberg Grondwetlaan","qualifies_min1":true,"qualifies_min10":true,"qualifies_hourly":true,"qualifies_halfhour":true,"departures_MONDAY":185,"departures_TUESDAY":185,"departures_WEDNESDAY":185,"departures_THURSDAY":185,"departures_FRIDAY":189,"departures_SATURDAY":179,"departures_SUNDAY":167}},{"type":"Feature","geometry":{"type":"Point","coordinates":[3.74947,51.0619]},"properties":{"stop_id":"201219","stop_name":"Sint-Amandsberg Dienstencentrum","qualifies_min1":true,"qualifies_min10":true,"qualifies_hourly":true,"qualifies_halfhour":true,"departures_MONDAY":185,"departures_TUESDAY":185,"departures_WEDNESDAY":185,"departures_THURSDAY":185,"departures_FRIDAY":189,"departures_SATURDAY":179,"departures_SUNDAY":167}},{"type":"Feature","geometry":{"type":"Point","coordinates":[3.74077,51.0506]},"properties":{"stop_id":"201224","stop_name":"Gent Eendrachtstraat","qualifies_min1":true,"qualifies_min10":true,"qualifies_hourly":true,"qualifies_halfhour":true,"departures_MONDAY":591,"departures_TUESDAY":591,"departures_WEDNESDAY":591,"departures_THURSDAY":591,"departures_FRIDAY":209,"departures_SATURDAY":197,"departures_SUNDAY":174}},{"type":"Feature","geometry":{"type":"Point","coordinates":[3.73812,51.04949]},"properties":{"stop_id":"201225","stop_name":"Gent Lousbergbrug","qualifies_min1":true,"qualifies_min10":false,"qualifies_hourly":false,"qualifies_halfhour":false,"departures_MONDAY":25,"departures_TUESDAY":25,"departures_WEDNESDAY":25,"departures_THURSDAY":25,"departures_FRIDAY":25,"departures_SATURDAY":21,"departures_SUNDAY":9}},{"type":"Feature","geometry":{"type":"Point","coordinates":[3.73637,51.05175]},"properties":{"stop_id":"201226","stop_name":"Gent Puinstraat","qualifies_min1":true,"qualifies_min10":false,"qualifies_hourly":false,"qualifies_halfhour":false,"departures_MONDAY":25,"departures_TUESDAY":25,"departures_WEDNESDAY":25,"departures_THURSDAY":25,"departures_FRIDAY":25,"departures_SATURDAY":21,"departures_SUNDAY":9}},{"type":"Feature","geometry":{"type":"Point","coordinates":[3.73392,51.05318]},"properties":{"stop_id":"201227","stop_name":"Gent Van Eyckstraat","qualifies_min1":true,"qualifies_min10":false,"qualifies_hourly":false,"qualifies_halfhour":false,"departures_MONDAY":25,"departures_TUESDAY":25,"departures_WEDNESDAY":25,"departures_THURSDAY":25,"departures_FRIDAY":25,"departures_SATURDAY":21,"departures_SUNDAY":9}},{"type":"Feature","geometry":{"type":"Point","coordinates":[3.70433,51.05439]},"properties":{"stop_id":"201229","stop_name":"Gent Nieuwewandeling","qualifies_min1":true,"qualifies_min10":true,"qualifies_hourly":true,"qualifies_halfhour":true,"departures_MONDAY":108,"departures_TUESDAY":108,"departures_WEDNESDAY":108,"departures_THURSDAY":108,"departures_FRIDAY":120,"departures_SATURDAY":102,"departures_SUNDAY":82}},{"type":"Feature","geometry":{"type":"Point","coordinates":[3.70066,51.05284]},"properties":{"stop_id":"201230","stop_name":"Gent Einde Were","qualifies_min1":true,"qualifies_min10":true,"qualifies_hourly":true,"qualifies_halfhour":true,"departures_MONDAY":108,"departures_TUESDAY":108,"departures_WEDNESDAY":108,"departures_THURSDAY":108,"departures_FRIDAY":120,"departures_SATURDAY":102,"departures_SUNDAY":82}},{"type":"Feature","geometry":{"type":"Point","coordinates":[3.74738,51.04773]},"properties":{"stop_id":"201231","stop_name":"Gent Minneplein","qualifies_min1":true,"qualifies_min10":false,"qualifies_hourly":false,"qualifies_halfhour":false,"departures_MONDAY":25,"departures_TUESDAY":25,"departures_WEDNESDAY":25,"departures_THURSDAY":25,"departures_FRIDAY":25,"departures_SATURDAY":21,"departures_SUNDAY":9}},{"type":"Feature","geometry":{"type":"Point","coordinates":[3.70298,51.04913]},"properties":{"stop_id":"201232","stop_name":"Gent Beneluxplein","qualifies_min1":true,"qualifies_min10":true,"qualifies_hourly":true,"qualifies_halfhour":true,"departures_MONDAY":183,"departures_TUESDAY":183,"departures_WEDNESDAY":183,"departures_THURSDAY":183,"departures_FRIDAY":195,"departures_SATURDAY":163,"departures_SUNDAY":142}},{"type":"Feature","geometry":{"type":"Point","coordinates":[3.70402,51.04402]},"properties":{"stop_id":"201235","stop_name":"Gent Verenigde-Natieslaan","qualifies_min1":true,"qualifies_min10":true,"qualifies_hourly":true,"qualifies_halfhour":true,"departures_MONDAY":106,"departures_TUESDAY":106,"departures_WEDNESDAY":106,"departures_THURSDAY":106,"departures_FRIDAY":106,"departures_SATURDAY":78,"departures_SUNDAY":76}},{"type":"Feature","geometry":{"type":"Point","coordinates":[3.68155,51.04784]},"properties":{"stop_id":"201241","stop_name":"Gent Blaarmeersen (Campinglaan)","qualifies_min1":true,"qualifies_min10":true,"qualifies_hourly":true,"qualifies_halfhour":true,"departures_MONDAY":120,"departures_TUESDAY":120,"departures_WEDNESDAY":120,"departures_THURSDAY":120,"departures_FRIDAY":131,"departures_SATURDAY":83,"departures_SUNDAY":65}},{"type":"Feature","geometry":{"type":"Point","coordinates":[3.77966,51.07536]},"properties":{"stop_id":"201244","stop_name":"Sint-Amandsberg P+R Oostakker","qualifies_min1":true,"qualifies_min10":true,"qualifies_hourly":true,"qualifies_halfhour":true,"departures_MONDAY":100,"departures_TUESDAY":100,"departures_WEDNESDAY":100,"departures_THURSDAY":100,"departures_FRIDAY":100,"departures_SATURDAY":92,"departures_SUNDAY":86}},{"type":"Feature","geometry":{"type":"Point","coordinates":[3.76219,51.04029]},"properties":{"stop_id":"201250","stop_name":"Gentbrugge Meersemdries","qualifies_min1":true,"qualifies_min10":true,"qualifies_hourly":true,"qualifies_halfhour":true,"departures_MONDAY":74,"departures_TUESDAY":74,"departures_WEDNESDAY":74,"departures_THURSDAY":74,"departures_FRIDAY":86,"departures_SATURDAY":83,"departures_SUNDAY":66}},{"type":"Feature","geometry":{"type":"Point","coordinates":[3.7736,51.09097]},"properties":{"stop_id":"201254","stop_name":"Oostakker Sint-Arnoutstraat","qualifies_min1":true,"qualifies_min10":true,"qualifies_hourly":false,"qualifies_halfhour":false,"departures_MONDAY":30,"departures_TUESDAY":30,"departures_WEDNESDAY":30,"departures_THURSDAY":30,"departures_FRIDAY":31,"departures_SATURDAY":28,"departures_SUNDAY":28}},{"type":"Feature","geometry":{"type":"Point","coordinates":[3.77833,51.09549]},"properties":{"stop_id":"201255","stop_name":"Oostakker Zalegemstraat","qualifies_min1":true,"qualifies_min10":true,"qualifies_hourly":true,"qualifies_halfhour":false,"departures_MONDAY":30,"departures_TUESDAY":30,"departures_WEDNESDAY":30,"departures_THURSDAY":30,"departures_FRIDAY":31,"departures_SATURDAY":28,"departures_SUNDAY":28}},{"type":"Feature","geometry":{"type":"Point","coordinates":[3.77661,51.09852]},"properties":{"stop_id":"201258","stop_name":"Oostakker Wolfputstraat","qualifies_min1":true,"qualifies_min10":true,"qualifies_hourly":true,"qualifies_halfhour":false,"departures_MONDAY":30,"departures_TUESDAY":30,"departures_WEDNESDAY":30,"departures_THURSDAY":30,"departures_FRIDAY":31,"departures_SATURDAY":28,"departures_SUNDAY":28}},{"type":"Feature","geometry":{"type":"Point","coordinates":[3.76251,51.06188]},"properties":{"stop_id":"201259","stop_name":"Sint-Amandsberg Jef Crickstraat","qualifies_min1":true,"qualifies_min10":true,"qualifies_hourly":true,"qualifies_halfhour":false,"departures_MONDAY":61,"departures_TUESDAY":61,"departures_WEDNESDAY":61,"departures_THURSDAY":61,"departures_FRIDAY":63,"departures_SATURDAY":58,"departures_SUNDAY":56}},{"type":"Feature","geometry":{"type":"Point","coordinates":[3.75698,51.06062]},"properties":{"stop_id":"201260","stop_name":"Sint-Amandsberg Rozebroekstraat","qualifies_min1":true,"qualifies_min10":true,"qualifies_hourly":true,"qualifies_halfhour":false,"departures_MONDAY":62,"departures_TUESDAY":62,"departures_WEDNESDAY":62,"departures_THURSDAY":62,"departures_FRIDAY":63,"departures_SATURDAY":58,"departures_SUNDAY":56}},{"type":"Feature","geometry":{"type":"Point","coordinates":[3.76903,51.06329]},"properties":{"stop_id":"201261","stop_name":"Sint-Amandsberg Nachtegaaldreef","qualifies_min1":true,"qualifies_min10":true,"qualifies_hourly":true,"qualifies_halfhour":false,"departures_MONDAY":61,"departures_TUESDAY":61,"departures_WEDNESDAY":61,"departures_THURSDAY":61,"departures_FRIDAY":62,"departures_SATURDAY":57,"departures_SUNDAY":56}},{"type":"Feature","geometry":{"type":"Point","coordinates":[3.75343,51.07788]},"properties":{"stop_id":"201262","stop_name":"Oostakker Sint-Bernadettestraat","qualifies_min1":true,"qualifies_min10":true,"qualifies_hourly":true,"qualifies_halfhour":false,"departures_MONDAY":65,"departures_TUESDAY":65,"departures_WEDNESDAY":65,"departures_THURSDAY":65,"departures_FRIDAY":65,"departures_SATURDAY":61,"departures_SUNDAY":56}},{"type":"Feature","geometry":{"type":"Point","coordinates":[3.75021,51.06867]},"properties":{"stop_id":"201266","stop_name":"Sint-Amandsberg Visitatiestraat","qualifies_min1":true,"qualifies_min10":true,"qualifies_hourly":true,"qualifies_halfhour":false,"departures_MONDAY":65,"departures_TUESDAY":65,"departures_WEDNESDAY":65,"departures_THURSDAY":65,"departures_FRIDAY":65,"departures_SATURDAY":61,"departures_SUNDAY":56}},{"type":"Feature","geometry":{"type":"Point","coordinates":[3.73595,51.04882]},"properties":{"stop_id":"201267","stop_name":"Gent Tweebruggenstraat","qualifies_min1":true,"qualifies_min10":true,"qualifies_hourly":true,"qualifies_halfhour":true,"departures_MONDAY":592,"departures_TUESDAY":592,"departures_WEDNESDAY":592,"departures_THURSDAY":592,"departures_FRIDAY":210,"departures_SATURDAY":198,"departures_SUNDAY":175}},{"type":"Feature","geometry":{"type":"Point","coordinates":[3.73155,51.04804]},"properties":{"stop_id":"201269","stop_name":"Gent Zuid perron 3","qualifies_min1":true,"qualifies_min10":true,"qualifies_hourly":true,"qualifies_halfhour":true,"departures_MONDAY":171,"departures_TUESDAY":171,"departures_WEDNESDAY":171,"departures_THURSDAY":171,"departures_FRIDAY":171,"departures_SATURDAY":151,"departures_SUNDAY":136}},{"type":"Feature","geometry":{"type":"Point","coordinates":[3.73247,51.04319]},"properties":{"stop_id":"201271","stop_name":"Gent Muinklaan","qualifies_min1":true,"qualifies_min10":true,"qualifies_hourly":true,"qualifies_halfhour":true,"departures_MONDAY":171,"departures_TUESDAY":171,"departures_WEDNESDAY":171,"departures_THURSDAY":171,"departures_FRIDAY":171,"departures_SATURDAY":151,"departures_SUNDAY":136}},{"type":"Feature","geometry":{"type":"Point","coordinates":[3.73294,51.04037]},"properties":{"stop_id":"201272","stop_name":"Gent Leeuwstraat","qualifies_min1":true,"qualifies_min10":true,"qualifies_hourly":true,"qualifies_halfhour":true,"departures_MONDAY":171,"departures_TUESDAY":171,"departures_WEDNESDAY":171,"departures_THURSDAY":171,"departures_FRIDAY":171,"departures_SATURDAY":151,"departures_SUNDAY":136}},{"type":"Feature","geometry":{"type":"Point","coordinates":[3.73153,51.03903]},"properties":{"stop_id":"201273","stop_name":"Gent Terplatenbrug","qualifies_min1":true,"qualifies_min10":true,"qualifies_hourly":true,"qualifies_halfhour":true,"departures_MONDAY":171,"departures_TUESDAY":171,"departures_WEDNESDAY":171,"departures_THURSDAY":171,"departures_FRIDAY":171,"departures_SATURDAY":151,"departures_SUNDAY":136}},{"type":"Feature","geometry":{"type":"Point","coordinates":[3.72614,51.03819]},"properties":{"stop_id":"201274","stop_name":"Gent Heuvelpoort","qualifies_min1":true,"qualifies_min10":true,"qualifies_hourly":true,"qualifies_halfhour":true,"departures_MONDAY":207,"departures_TUESDAY":207,"departures_WEDNESDAY":207,"departures_THURSDAY":207,"departures_FRIDAY":207,"departures_SATURDAY":184,"departures_SUNDAY":153}},{"type":"Feature","geometry":{"type":"Point","coordinates":[3.72288,51.03698]},"properties":{"stop_id":"201275","stop_name":"Gent Ledeganckstraat","qualifies_min1":true,"qualifies_min10":true,"qualifies_hourly":true,"qualifies_halfhour":true,"departures_MONDAY":208,"departures_TUESDAY":208,"departures_WEDNESDAY":208,"departures_THURSDAY":208,"departures_FRIDAY":208,"departures_SATURDAY":184,"departures_SUNDAY":153}},{"type":"Feature","geometry":{"type":"Point","coordinates":[3.71954,51.03494]},"properties":{"stop_id":"201276","stop_name":"Gent Fortlaan","qualifies_min1":true,"qualifies_min10":true,"qualifies_hourly":true,"qualifies_halfhour":true,"departures_MONDAY":208,"departures_TUESDAY":208,"departures_WEDNESDAY":208,"departures_THURSDAY":208,"departures_FRIDAY":208,"departures_SATURDAY":184,"departures_SUNDAY":153}},{"type":"Feature","geometry":{"type":"Point","coordinates":[3.72274,51.02274]},"properties":{"stop_id":"201288","stop_name":"Gent van Haelststraat","qualifies_min1":true,"qualifies_min10":true,"qualifies_hourly":true,"qualifies_halfhour":true,"departures_MONDAY":89,"departures_TUESDAY":89,"departures_WEDNESDAY":89,"departures_THURSDAY":89,"departures_FRIDAY":95,"departures_SATURDAY":91,"departures_SUNDAY":60}},{"type":"Feature","geometry":{"type":"Point","coordinates":[3.7249,51.0199]},"properties":{"stop_id":"201289","stop_name":"Gent Roelandtplein","qualifies_min1":true,"qualifies_min10":true,"qualifies_hourly":true,"qualifies_halfhour":true,"departures_MONDAY":89,"departures_TUESDAY":89,"departures_WEDNESDAY":89,"departures_THURSDAY":89,"departures_FRIDAY":95,"departures_SATURDAY":91,"departures_SUNDAY":60}},{"type":"Feature","geometry":{"type":"Point","coordinates":[3.72028,51.01873]},"properties":{"stop_id":"201290","stop_name":"Gent Haardstedestraat","qualifies_min1":true,"qualifies_min10":true,"qualifies_hourly":true,"qualifies_halfhour":true,"departures_MONDAY":89,"departures_TUESDAY":89,"departures_WEDNESDAY":89,"departures_THURSDAY":89,"departures_FRIDAY":95,"departures_SATURDAY":91,"departures_SUNDAY":60}},{"type":"Feature","geometry":{"type":"Point","coordinates":[3.78119,51.07678]},"properties":{"stop_id":"201298","stop_name":"Sint-Amandsberg Achtenkouterstraat","qualifies_min1":true,"qualifies_min10":true,"qualifies_hourly":true,"qualifies_halfhour":true,"departures_MONDAY":100,"departures_TUESDAY":100,"departures_WEDNESDAY":100,"departures_THURSDAY":100,"departures_FRIDAY":100,"departures_SATURDAY":92,"departures_SUNDAY":86}},{"type":"Feature","geometry":{"type":"Point","coordinates":[3.77425,51.06716]},"properties":{"stop_id":"201301","stop_name":"Sint-Amandsberg Vinkenlaan","qualifies_min1":true,"qualifies_min10":true,"qualifies_hourly":true,"qualifies_halfhour":false,"departures_MONDAY":61,"departures_TUESDAY":61,"departures_WEDNESDAY":61,"departures_THURSDAY":61,"departures_FRIDAY":62,"departures_SATURDAY":57,"departures_SUNDAY":56}},{"type":"Feature","geometry":{"type":"Point","coordinates":[3.76772,51.066]},"properties":{"stop_id":"201302","stop_name":"Sint-Amandsberg Koerspleinstraat","qualifies_min1":true,"qualifies_min10":true,"qualifies_hourly":true,"qualifies_halfhour":false,"departures_MONDAY":61,"departures_TUESDAY":61,"departures_WEDNESDAY":61,"departures_THURSDAY":61,"departures_FRIDAY":62,"departures_SATURDAY":57,"departures_SUNDAY":56}},{"type":"Feature","geometry":{"type":"Point","coordinates":[3.74866,51.05878]},"properties":{"stop_id":"201307","stop_name":"Gent Schoolstraat","qualifies_min1":true,"qualifies_min10":true,"qualifies_hourly":true,"qualifies_halfhour":false,"departures_MONDAY":62,"departures_TUESDAY":62,"departures_WEDNESDAY":62,"departures_THURSDAY":62,"departures_FRIDAY":63,"departures_SATURDAY":58,"departures_SUNDAY":56}},{"type":"Feature","geometry":{"type":"Point","coordinates":[3.74526,51.05798]},"properties":{"stop_id":"201308","stop_name":"Gent van Arenbergstraat","qualifies_min1":true,"qualifies_min10":true,"qualifies_hourly":true,"qualifies_halfhour":false,"departures_MONDAY":62,"departures_TUESDAY":62,"departures_WEDNESDAY":62,"departures_THURSDAY":62,"departures_FRIDAY":63,"departures_SATURDAY":58,"departures_SUNDAY":56}},{"type":"Feature","geometry":{"type":"Point","coordinates":[3.70965,51.02562]},"properties":{"stop_id":"201311","stop_name":"Gent Sterre (Kortrijksesteenweg)","qualifies_min1":true,"qualifies_min10":true,"qualifies_hourly":true,"qualifies_halfhour":false,"departures_MONDAY":64,"departures_TUESDAY":64,"departures_WEDNESDAY":64,"departures_THURSDAY":64,"departures_FRIDAY":64,"departures_SATURDAY":63,"departures_SUNDAY":59}},{"type":"Feature","geometry":{"type":"Point","coordinates":[3.69271,51.02478]},"properties":{"stop_id":"201314","stop_name":"Sint-Denijs-Westrem P+R Flanders Expo","qualifies_min1":true,"qualifies_min10":true,"qualifies_hourly":true,"qualifies_halfhour":true,"departures_MONDAY":85,"departures_TUESDAY":85,"departures_WEDNESDAY":85,"departures_THURSDAY":85,"departures_FRIDAY":85,"departures_SATURDAY":92,"departures_SUNDAY":79}},{"type":"Feature","geometry":{"type":"Point","coordinates":[3.6719,51.01806]},"properties":{"stop_id":"201317","stop_name":"Sint-Denijs-Westrem Soenenspark","qualifies_min1":true,"qualifies_min10":true,"qualifies_hourly":true,"qualifies_halfhour":false,"departures_MONDAY":64,"departures_TUESDAY":64,"departures_WEDNESDAY":64,"departures_THURSDAY":64,"departures_FRIDAY":64,"departures_SATURDAY":63,"departures_SUNDAY":59}},{"type":"Feature","geometry":{"type":"Point","coordinates":[3.66878,51.01974]},"properties":{"stop_id":"201319","stop_name":"Sint-Denijs-Westrem Dorp","qualifies_min1":true,"qualifies_min10":true,"qualifies_hourly":true,"qualifies_halfhour":false,"departures_MONDAY":64,"departures_TUESDAY":64,"departures_WEDNESDAY":64,"departures_THURSDAY":64,"departures_FRIDAY":64,"departures_SATURDAY":63,"departures_SUNDAY":59}},{"type":"Feature","geometry":{"type":"Point","coordinates":[3.77656,51.0703]},"properties":{"stop_id":"201323","stop_name":"Sint-Amandsberg Schuurstraat","qualifies_min1":true,"qualifies_min10":true,"qualifies_hourly":true,"qualifies_halfhour":false,"departures_MONDAY":61,"departures_TUESDAY":61,"departures_WEDNESDAY":61,"departures_THURSDAY":61,"departures_FRIDAY":62,"departures_SATURDAY":57,"departures_SUNDAY":56}},{"type":"Feature","geometry":{"type":"Point","coordinates":[3.71504,51.00508]},"properties":{"stop_id":"201325","stop_name":"Zwijnaarde Molen","qualifies_min1":true,"qualifies_min10":true,"qualifies_hourly":false,"qualifies_halfhour":false,"departures_MONDAY":31,"departures_TUESDAY":31,"departures_WEDNESDAY":31,"departures_THURSDAY":31,"departures_FRIDAY":31,"departures_SATURDAY":30,"departures_SUNDAY":14}},{"type":"Feature","geometry":{"type":"Point","coordinates":[3.71675,51.03443]},"properties":{"stop_id":"201335","stop_name":"Gent Parkplein (Burggravenlaan)","qualifies_min1":true,"qualifies_min10":true,"qualifies_hourly":true,"qualifies_halfhour":false,"departures_MONDAY":191,"departures_TUESDAY":191,"departures_WEDNESDAY":191,"departures_THURSDAY":191,"departures_FRIDAY":191,"departures_SATURDAY":90,"departures_SUNDAY":76}},{"type":"Feature","geometry":{"type":"Point","coordinates":[3.71391,51.03116]},"properties":{"stop_id":"201341","stop_name":"Gent Sint-Pietersaalststraat","qualifies_min1":true,"qualifies_min10":true,"qualifies_hourly":true,"qualifies_halfhour":true,"departures_MONDAY":169,"departures_TUESDAY":169,"departures_WEDNESDAY":169,"departures_THURSDAY":169,"departures_FRIDAY":169,"departures_SATURDAY":166,"departures_SUNDAY":144}},{"type":"Feature","geometry":{"type":"Point","coordinates":[3.71844,51.02879]},"properties":{"stop_id":"201342","stop_name":"Gent Krijgslaan","qualifies_min1":true,"qualifies_min10":true,"qualifies_hourly":true,"qualifies_halfhour":true,"departures_MONDAY":169,"departures_TUESDAY":169,"departures_WEDNESDAY":169,"departures_THURSDAY":169,"departures_FRIDAY":169,"departures_SATURDAY":166,"departures_SUNDAY":144}},{"type":"Feature","geometry":{"type":"Point","coordinates":[3.72057,51.02614]},"properties":{"stop_id":"201343","stop_name":"Gent De Pintelaan","qualifies_min1":true,"qualifies_min10":true,"qualifies_hourly":true,"qualifies_halfhour":true,"departures_MONDAY":84,"departures_TUESDAY":84,"departures_WEDNESDAY":84,"departures_THURSDAY":84,"departures_FRIDAY":84,"departures_SATURDAY":90,"departures_SUNDAY":77}},{"type":"Feature","geometry":{"type":"Point","coordinates":[3.72049,51.02285]},"properties":{"stop_id":"201344","stop_name":"Gent Rerum-Novarumplein","qualifies_min1":true,"qualifies_min10":true,"qualifies_hourly":true,"qualifies_halfhour":true,"departures_MONDAY":84,"departures_TUESDAY":84,"departures_WEDNESDAY":84,"departures_THURSDAY":84,"departures_FRIDAY":84,"departures_SATURDAY":90,"departures_SUNDAY":77}},{"type":"Feature","geometry":{"type":"Point","coordinates":[3.73704,51.03322]},"properties":{"stop_id":"201346","stop_name":"Ledeberg Gaston Crommenlaan","qualifies_min1":true,"qualifies_min10":true,"qualifies_hourly":true,"qualifies_halfhour":false,"departures_MONDAY":145,"departures_TUESDAY":145,"departures_WEDNESDAY":145,"departures_THURSDAY":145,"departures_FRIDAY":145,"departures_SATURDAY":90,"departures_SUNDAY":76}},{"type":"Feature","geometry":{"type":"Point","coordinates":[3.71071,51.07255]},"properties":{"stop_id":"201350","stop_name":"Gent Van Beverenplein","qualifies_min1":true,"qualifies_min10":true,"qualifies_hourly":true,"qualifies_halfhour":true,"departures_MONDAY":203,"departures_TUESDAY":203,"departures_WEDNESDAY":203,"departures_THURSDAY":203,"departures_FRIDAY":210,"departures_SATURDAY":205,"departures_SUNDAY":181}},{"type":"Feature","geometry":{"type":"Point","coordinates":[3.70819,51.06983]},"properties":{"stop_id":"201351","stop_name":"Gent Fuchsiastraat","qualifies_min1":true,"qualifies_min10":true,"qualifies_hourly":true,"qualifies_halfhour":true,"departures_MONDAY":204,"departures_TUESDAY":204,"departures_WEDNESDAY":204,"departures_THURSDAY":204,"departures_FRIDAY":210,"departures_SATURDAY":206,"departures_SUNDAY":181}},{"type":"Feature","geometry":{"type":"Point","coordinates":[3.72713,51.06627]},"properties":{"stop_id":"201360","stop_name":"Gent Tolpoort (Tolhuislaan)","qualifies_min1":true,"qualifies_min10":true,"qualifies_hourly":true,"qualifies_halfhour":true,"departures_MONDAY":299,"departures_TUESDAY":299,"departures_WEDNESDAY":299,"departures_THURSDAY":299,"departures_FRIDAY":311,"departures_SATURDAY":312,"departures_SUNDAY":278}},{"type":"Feature","geometry":{"type":"Point","coordinates":[3.72512,51.06253]},"properties":{"stop_id":"201362","stop_name":"Gent AZ Sint-Lucas (Fratersplein)","qualifies_min1":true,"qualifies_min10":true,"qualifies_hourly":true,"qualifies_halfhour":true,"departures_MONDAY":103,"departures_TUESDAY":103,"departures_WEDNESDAY":103,"departures_THURSDAY":103,"departures_FRIDAY":263,"departures_SATURDAY":264,"departures_SUNDAY":230}},{"type":"Feature","geometry":{"type":"Point","coordinates":[3.7343,51.06271]},"properties":{"stop_id":"201364","stop_name":"Gent Stapelplein","qualifies_min1":true,"qualifies_min10":true,"qualifies_hourly":true,"qualifies_halfhour":true,"departures_MONDAY":196,"departures_TUESDAY":196,"departures_WEDNESDAY":196,"departures_THURSDAY":196,"departures_FRIDAY":48,"departures_SATURDAY":48,"departures_SUNDAY":48}},{"type":"Feature","geometry":{"type":"Point","coordinates":[3.72833,51.05617]},"properties":{"stop_id":"201367","stop_name":"Gent Sint-Jacobs perron 1","qualifies_min1":true,"qualifies_min10":true,"qualifies_hourly":true,"qualifies_halfhour":true,"departures_MONDAY":103,"departures_TUESDAY":103,"departures_WEDNESDAY":103,"departures_THURSDAY":103,"departures_FRIDAY":263,"departures_SATURDAY":264,"departures_SUNDAY":230}},{"type":"Feature","geometry":{"type":"Point","coordinates":[3.73125,51.05371]},"properties":{"stop_id":"201368","stop_name":"Gent Reep","qualifies_min1":true,"qualifies_min10":true,"qualifies_hourly":true,"qualifies_halfhour":true,"departures_MONDAY":103,"departures_TUESDAY":103,"departures_WEDNESDAY":103,"departures_THURSDAY":103,"departures_FRIDAY":263,"departures_SATURDAY":264,"departures_SUNDAY":230}},{"type":"Feature","geometry":{"type":"Point","coordinates":[3.732257,51.052426]},"properties":{"stop_id":"201369","stop_name":"Gent Kapucijnenham","qualifies_min1":true,"qualifies_min10":true,"qualifies_hourly":true,"qualifies_halfhour":true,"departures_MONDAY":128,"departures_TUESDAY":128,"departures_WEDNESDAY":128,"departures_THURSDAY":128,"departures_FRIDAY":288,"departures_SATURDAY":285,"departures_SUNDAY":239}},{"type":"Feature","geometry":{"type":"Point","coordinates":[3.72719,51.0471]},"properties":{"stop_id":"201370","stop_name":"Gent Bagattenstraat","qualifies_min1":true,"qualifies_min10":true,"qualifies_hourly":true,"qualifies_halfhour":true,"departures_MONDAY":89,"departures_TUESDAY":89,"departures_WEDNESDAY":89,"departures_THURSDAY":89,"departures_FRIDAY":94,"departures_SATURDAY":90,"departures_SUNDAY":60}},{"type":"Feature","geometry":{"type":"Point","coordinates":[3.72642,51.04413]},"properties":{"stop_id":"201371","stop_name":"Gent Blandijnberg","qualifies_min1":true,"qualifies_min10":true,"qualifies_hourly":true,"qualifies_halfhour":true,"departures_MONDAY":89,"departures_TUESDAY":89,"departures_WEDNESDAY":89,"departures_THURSDAY":89,"departures_FRIDAY":95,"departures_SATURDAY":91,"departures_SUNDAY":60}},{"type":"Feature","geometry":{"type":"Point","coordinates":[3.7256,51.04192]},"properties":{"stop_id":"201372","stop_name":"Gent Sint-Pietersplein","qualifies_min1":true,"qualifies_min10":true,"qualifies_hourly":true,"qualifies_halfhour":true,"departures_MONDAY":89,"departures_TUESDAY":89,"departures_WEDNESDAY":89,"departures_THURSDAY":89,"departures_FRIDAY":95,"departures_SATURDAY":91,"departures_SUNDAY":60}},{"type":"Feature","geometry":{"type":"Point","coordinates":[3.72582,51.03466]},"properties":{"stop_id":"201374","stop_name":"Gent de Heerestraat","qualifies_min1":true,"qualifies_min10":true,"qualifies_hourly":true,"qualifies_halfhour":true,"departures_MONDAY":89,"departures_TUESDAY":89,"departures_WEDNESDAY":89,"departures_THURSDAY":89,"departures_FRIDAY":95,"departures_SATURDAY":91,"departures_SUNDAY":60}},{"type":"Feature","geometry":{"type":"Point","coordinates":[3.7224,51.02893]},"properties":{"stop_id":"201376","stop_name":"Gent Opvoedingstraat","qualifies_min1":true,"qualifies_min10":true,"qualifies_hourly":true,"qualifies_halfhour":true,"departures_MONDAY":89,"departures_TUESDAY":89,"departures_WEDNESDAY":89,"departures_THURSDAY":89,"departures_FRIDAY":95,"departures_SATURDAY":91,"departures_SUNDAY":60}},{"type":"Feature","geometry":{"type":"Point","coordinates":[3.7118,51.0209]},"properties":{"stop_id":"201379","stop_name":"Gent Berkhoutsheide","qualifies_min1":true,"qualifies_min10":true,"qualifies_hourly":true,"qualifies_halfhour":true,"departures_MONDAY":89,"departures_TUESDAY":89,"departures_WEDNESDAY":89,"departures_THURSDAY":89,"departures_FRIDAY":95,"departures_SATURDAY":91,"departures_SUNDAY":60}},{"type":"Feature","geometry":{"type":"Point","coordinates":[3.7158,51.01977]},"properties":{"stop_id":"201380","stop_name":"Gent Jaspisstraat","qualifies_min1":true,"qualifies_min10":true,"qualifies_hourly":true,"qualifies_halfhour":true,"departures_MONDAY":89,"departures_TUESDAY":89,"departures_WEDNESDAY":89,"departures_THURSDAY":89,"departures_FRIDAY":95,"departures_SATURDAY":91,"departures_SUNDAY":60}},{"type":"Feature","geometry":{"type":"Point","coordinates":[3.722,51.02665]},"properties":{"stop_id":"201381","stop_name":"Gent UZ Zwijnaardsesteenweg","qualifies_min1":true,"qualifies_min10":true,"qualifies_hourly":true,"qualifies_halfhour":true,"departures_MONDAY":89,"departures_TUESDAY":89,"departures_WEDNESDAY":89,"departures_THURSDAY":89,"departures_FRIDAY":95,"departures_SATURDAY":91,"departures_SUNDAY":60}},{"type":"Feature","geometry":{"type":"Point","coordinates":[3.7266,51.03701]},"properties":{"stop_id":"201382","stop_name":"Gent Ottergemsesteenweg","qualifies_min1":true,"qualifies_min10":true,"qualifies_hourly":true,"qualifies_halfhour":true,"departures_MONDAY":89,"departures_TUESDAY":89,"departures_WEDNESDAY":89,"departures_THURSDAY":89,"departures_FRIDAY":95,"departures_SATURDAY":91,"departures_SUNDAY":60}},{"type":"Feature","geometry":{"type":"Point","coordinates":[3.72424,51.06822]},"properties":{"stop_id":"201385","stop_name":"Gent Wiedauwkaai","qualifies_min1":true,"qualifies_min10":true,"qualifies_hourly":true,"qualifies_halfhour":true,"departures_MONDAY":204,"departures_TUESDAY":204,"departures_WEDNESDAY":204,"departures_THURSDAY":204,"departures_FRIDAY":210,"departures_SATURDAY":206,"departures_SUNDAY":181}},{"type":"Feature","geometry":{"type":"Point","coordinates":[3.7218,51.06785]},"properties":{"stop_id":"201386","stop_name":"Gent Vynckier","qualifies_min1":true,"qualifies_min10":true,"qualifies_hourly":true,"qualifies_halfhour":true,"departures_MONDAY":204,"departures_TUESDAY":204,"departures_WEDNESDAY":204,"departures_THURSDAY":204,"departures_FRIDAY":210,"departures_SATURDAY":206,"departures_SUNDAY":181}},{"type":"Feature","geometry":{"type":"Point","coordinates":[3.71562,51.06691]},"properties":{"stop_id":"201387","stop_name":"Gent Gaardeniersbrug (Nieuwevaart)","qualifies_min1":true,"qualifies_min10":true,"qualifies_hourly":true,"qualifies_halfhour":true,"departures_MONDAY":204,"departures_TUESDAY":204,"departures_WEDNESDAY":204,"departures_THURSDAY":204,"departures_FRIDAY":210,"departures_SATURDAY":206,"departures_SUNDAY":181}},{"type":"Feature","geometry":{"type":"Point","coordinates":[3.70899,51.0661]},"properties":{"stop_id":"201388","stop_name":"Gent Wondelgembrug","qualifies_min1":true,"qualifies_min10":true,"qualifies_hourly":true,"qualifies_halfhour":true,"departures_MONDAY":204,"departures_TUESDAY":204,"departures_WEDNESDAY":204,"departures_THURSDAY":204,"departures_FRIDAY":210,"departures_SATURDAY":206,"departures_SUNDAY":181}},{"type":"Feature","geometry":{"type":"Point","coordinates":[3.71313,51.07447]},"properties":{"stop_id":"201392","stop_name":"Gent van Ryhovelaan","qualifies_min1":true,"qualifies_min10":true,"qualifies_hourly":true,"qualifies_halfhour":true,"departures_MONDAY":202,"departures_TUESDAY":202,"departures_WEDNESDAY":202,"departures_THURSDAY":202,"departures_FRIDAY":209,"departures_SATURDAY":205,"departures_SUNDAY":181}},{"type":"Feature","geometry":{"type":"Point","coordinates":[3.73112,51.04823]},"properties":{"stop_id":"201393","stop_name":"Gent Zuid perron 8","qualifies_min1":true,"qualifies_min10":true,"qualifies_hourly":true,"qualifies_halfhour":true,"departures_MONDAY":351,"departures_TUESDAY":351,"departures_WEDNESDAY":351,"departures_THURSDAY":351,"departures_FRIDAY":368,"departures_SATURDAY":397,"departures_SUNDAY":386}},{"type":"Feature","geometry":{"type":"Point","coordinates":[3.68546,50.99654]},"properties":{"stop_id":"201397","stop_name":"Zwijnaarde Klossestraat","qualifies_min1":true,"qualifies_min10":true,"qualifies_hourly":false,"qualifies_halfhour":false,"departures_MONDAY":18,"departures_TUESDAY":18,"departures_WEDNESDAY":18,"departures_THURSDAY":18,"departures_FRIDAY":18,"departures_SATURDAY":18,"departures_SUNDAY":14}},{"type":"Feature","geometry":{"type":"Point","coordinates":[3.63788,51.08848]},"properties":{"stop_id":"201402","stop_name":"Vinderhoute Neerstraat","qualifies_min1":true,"qualifies_min10":true,"qualifies_hourly":true,"qualifies_halfhour":false,"departures_MONDAY":34,"departures_TUESDAY":34,"departures_WEDNESDAY":34,"departures_THURSDAY":34,"departures_FRIDAY":34,"departures_SATURDAY":29,"departures_SUNDAY":18}},{"type":"Feature","geometry":{"type":"Point","coordinates":[3.677296,51.077265]},"properties":{"stop_id":"201412","stop_name":"Mariakerke Mariakerkebrug","qualifies_min1":true,"qualifies_min10":true,"qualifies_hourly":true,"qualifies_halfhour":false,"departures_MONDAY":38,"departures_TUESDAY":38,"departures_WEDNESDAY":38,"departures_THURSDAY":38,"departures_FRIDAY":38,"departures_SATURDAY":31,"departures_SUNDAY":30}},{"type":"Feature","geometry":{"type":"Point","coordinates":[3.6804,51.0802]},"properties":{"stop_id":"201413","stop_name":"Mariakerke Dienstencentrum","qualifies_min1":true,"qualifies_min10":true,"qualifies_hourly":true,"qualifies_halfhour":false,"departures_MONDAY":38,"departures_TUESDAY":38,"departures_WEDNESDAY":38,"departures_THURSDAY":38,"departures_FRIDAY":38,"departures_SATURDAY":31,"departures_SUNDAY":30}},{"type":"Feature","geometry":{"type":"Point","coordinates":[3.6871,51.08165]},"properties":{"stop_id":"201414","stop_name":"Mariakerke Kollekasteel (Groenestaakstraat)","qualifies_min1":true,"qualifies_min10":true,"qualifies_hourly":true,"qualifies_halfhour":false,"departures_MONDAY":38,"departures_TUESDAY":38,"departures_WEDNESDAY":38,"departures_THURSDAY":38,"departures_FRIDAY":38,"departures_SATURDAY":31,"departures_SUNDAY":30}},{"type":"Feature","geometry":{"type":"Point","coordinates":[3.69325,51.08306]},"properties":{"stop_id":"201415","stop_name":"Mariakerke Lusthoflaan","qualifies_min1":true,"qualifies_min10":true,"qualifies_hourly":true,"qualifies_halfhour":false,"departures_MONDAY":76,"departures_TUESDAY":76,"departures_WEDNESDAY":76,"departures_THURSDAY":76,"departures_FRIDAY":76,"departures_SATURDAY":62,"departures_SUNDAY":60}},{"type":"Feature","geometry":{"type":"Point","coordinates":[3.69961,51.08529]},"properties":{"stop_id":"201416","stop_name":"Wondelgem Gaverstraat","qualifies_min1":true,"qualifies_min10":true,"qualifies_hourly":true,"qualifies_halfhour":false,"departures_MONDAY":76,"departures_TUESDAY":76,"departures_WEDNESDAY":76,"departures_THURSDAY":76,"departures_FRIDAY":76,"departures_SATURDAY":62,"departures_SUNDAY":60}},{"type":"Feature","geometry":{"type":"Point","coordinates":[3.71067,51.08927]},"properties":{"stop_id":"201418","stop_name":"Wondelgem Vroonstalledries","qualifies_min1":true,"qualifies_min10":true,"qualifies_hourly":true,"qualifies_halfhour":false,"departures_MONDAY":38,"departures_TUESDAY":38,"departures_WEDNESDAY":38,"departures_THURSDAY":38,"departures_FRIDAY":38,"departures_SATURDAY":31,"departures_SUNDAY":30}},{"type":"Feature","geometry":{"type":"Point","coordinates":[3.71482,51.09031]},"properties":{"stop_id":"201419","stop_name":"Wondelgem Evergemsesteenweg","qualifies_min1":true,"qualifies_min10":true,"qualifies_hourly":true,"qualifies_halfhour":false,"departures_MONDAY":38,"departures_TUESDAY":38,"departures_WEDNESDAY":38,"departures_THURSDAY":38,"departures_FRIDAY":38,"departures_SATURDAY":31,"departures_SUNDAY":30}},{"type":"Feature","geometry":{"type":"Point","coordinates":[3.71967,51.09001]},"properties":{"stop_id":"201420","stop_name":"Wondelgem Station","qualifies_min1":true,"qualifies_min10":true,"qualifies_hourly":true,"qualifies_halfhour":true,"departures_MONDAY":105,"departures_TUESDAY":105,"departures_WEDNESDAY":105,"departures_THURSDAY":105,"departures_FRIDAY":105,"departures_SATURDAY":94,"departures_SUNDAY":62}},{"type":"Feature","geometry":{"type":"Point","coordinates":[3.6339,51.00938]},"properties":{"stop_id":"201422","stop_name":"Sint-Martens-Latem De Kroon","qualifies_min1":true,"qualifies_min10":true,"qualifies_hourly":false,"qualifies_halfhour":false,"departures_MONDAY":33,"departures_TUESDAY":33,"departures_WEDNESDAY":33,"departures_THURSDAY":33,"departures_FRIDAY":33,"departures_SATURDAY":30,"departures_SUNDAY":15}},{"type":"Feature","geometry":{"type":"Point","coordinates":[3.72806,51.08276]},"properties":{"stop_id":"201425","stop_name":"Gent Glasgowstraat","qualifies_min1":true,"qualifies_min10":true,"qualifies_hourly":true,"qualifies_halfhour":false,"departures_MONDAY":47,"departures_TUESDAY":47,"departures_WEDNESDAY":47,"departures_THURSDAY":47,"departures_FRIDAY":52,"departures_SATURDAY":57,"departures_SUNDAY":49}},{"type":"Feature","geometry":{"type":"Point","coordinates":[3.73823,51.06954]},"properties":{"stop_id":"201433","stop_name":"Gent Scandinaviëstraat","qualifies_min1":true,"qualifies_min10":true,"qualifies_hourly":true,"qualifies_halfhour":true,"departures_MONDAY":48,"departures_TUESDAY":48,"departures_WEDNESDAY":48,"departures_THURSDAY":48,"departures_FRIDAY":48,"departures_SATURDAY":48,"departures_SUNDAY":48}},{"type":"Feature","geometry":{"type":"Point","coordinates":[3.7512,51.05707]},"properties":{"stop_id":"201436","stop_name":"Gent van Cleemputteplein","qualifies_min1":true,"qualifies_min10":false,"qualifies_hourly":false,"qualifies_halfhour":false,"departures_MONDAY":25,"departures_TUESDAY":25,"departures_WEDNESDAY":25,"departures_THURSDAY":25,"departures_FRIDAY":25,"departures_SATURDAY":21,"departures_SUNDAY":9}},{"type":"Feature","geometry":{"type":"Point","coordinates":[3.74332,51.04883]},"properties":{"stop_id":"201443","stop_name":"Gent Zalmstraat","qualifies_min1":true,"qualifies_min10":false,"qualifies_hourly":false,"qualifies_halfhour":false,"departures_MONDAY":25,"departures_TUESDAY":25,"departures_WEDNESDAY":25,"departures_THURSDAY":25,"departures_FRIDAY":25,"departures_SATURDAY":21,"departures_SUNDAY":9}},{"type":"Feature","geometry":{"type":"Point","coordinates":[3.73979,51.04747]},"properties":{"stop_id":"201444","stop_name":"Gent Lousbergskaai","qualifies_min1":true,"qualifies_min10":false,"qualifies_hourly":false,"qualifies_halfhour":false,"departures_MONDAY":25,"departures_TUESDAY":25,"departures_WEDNESDAY":25,"departures_THURSDAY":25,"departures_FRIDAY":25,"departures_SATURDAY":21,"departures_SUNDAY":9}},{"type":"Feature","geometry":{"type":"Point","coordinates":[3.70835,51.04351]},"properties":{"stop_id":"201450","stop_name":"Gent Neermeerskaai","qualifies_min1":true,"qualifies_min10":true,"qualifies_hourly":true,"qualifies_halfhour":true,"departures_MONDAY":106,"departures_TUESDAY":106,"departures_WEDNESDAY":106,"departures_THURSDAY":106,"departures_FRIDAY":106,"departures_SATURDAY":78,"departures_SUNDAY":76}},{"type":"Feature","geometry":{"type":"Point","coordinates":[3.72986,51.08683]},"properties":{"stop_id":"201451","stop_name":"Gent Meeuwstraat","qualifies_min1":true,"qualifies_min10":true,"qualifies_hourly":true,"qualifies_halfhour":false,"departures_MONDAY":47,"departures_TUESDAY":47,"departures_WEDNESDAY":47,"departures_THURSDAY":47,"departures_FRIDAY":52,"departures_SATURDAY":57,"departures_SUNDAY":49}},{"type":"Feature","geometry":{"type":"Point","coordinates":[3.75183,51.04715]},"properties":{"stop_id":"201468","stop_name":"Gent Wolterslaan","qualifies_min1":true,"qualifies_min10":false,"qualifies_hourly":false,"qualifies_halfhour":false,"departures_MONDAY":25,"departures_TUESDAY":25,"departures_WEDNESDAY":25,"departures_THURSDAY":25,"departures_FRIDAY":25,"departures_SATURDAY":21,"departures_SUNDAY":9}},{"type":"Feature","geometry":{"type":"Point","coordinates":[3.774,51.04105]},"properties":{"stop_id":"201470","stop_name":"Gentbrugge Groeningewijk","qualifies_min1":true,"qualifies_min10":true,"qualifies_hourly":true,"qualifies_halfhour":false,"departures_MONDAY":76,"departures_TUESDAY":76,"departures_WEDNESDAY":76,"departures_THURSDAY":76,"departures_FRIDAY":76,"departures_SATURDAY":61,"departures_SUNDAY":60}},{"type":"Feature","geometry":{"type":"Point","coordinates":[3.77066,51.04341]},"properties":{"stop_id":"201471","stop_name":"Gentbrugge De Guchteneerestraat","qualifies_min1":true,"qualifies_min10":true,"qualifies_hourly":true,"qualifies_halfhour":false,"departures_MONDAY":38,"departures_TUESDAY":38,"departures_WEDNESDAY":38,"departures_THURSDAY":38,"departures_FRIDAY":38,"departures_SATURDAY":31,"departures_SUNDAY":30}},{"type":"Feature","geometry":{"type":"Point","coordinates":[3.7676,51.04159]},"properties":{"stop_id":"201472","stop_name":"Gentbrugge Voordries","qualifies_min1":true,"qualifies_min10":true,"qualifies_hourly":true,"qualifies_halfhour":false,"departures_MONDAY":38,"departures_TUESDAY":38,"departures_WEDNESDAY":38,"departures_THURSDAY":38,"departures_FRIDAY":38,"departures_SATURDAY":31,"departures_SUNDAY":30}},{"type":"Feature","geometry":{"type":"Point","coordinates":[3.76314,51.03806]},"properties":{"stop_id":"201474","stop_name":"Gentbrugge Braemkasteel","qualifies_min1":true,"qualifies_min10":true,"qualifies_hourly":true,"qualifies_halfhour":true,"departures_MONDAY":74,"departures_TUESDAY":74,"departures_WEDNESDAY":74,"departures_THURSDAY":74,"departures_FRIDAY":86,"departures_SATURDAY":83,"departures_SUNDAY":66}},{"type":"Feature","geometry":{"type":"Point","coordinates":[3.76159,51.03224]},"properties":{"stop_id":"201477","stop_name":"Gentbrugge Schooldreef","qualifies_min1":true,"qualifies_min10":true,"qualifies_hourly":true,"qualifies_halfhour":false,"departures_MONDAY":38,"departures_TUESDAY":38,"departures_WEDNESDAY":38,"departures_THURSDAY":38,"departures_FRIDAY":38,"departures_SATURDAY":31,"departures_SUNDAY":30}},{"type":"Feature","geometry":{"type":"Point","coordinates":[3.7569,51.03347]},"properties":{"stop_id":"201478","stop_name":"Gentbrugge Arsenaal","qualifies_min1":true,"qualifies_min10":true,"qualifies_hourly":true,"qualifies_halfhour":false,"departures_MONDAY":145,"departures_TUESDAY":145,"departures_WEDNESDAY":145,"departures_THURSDAY":145,"departures_FRIDAY":145,"departures_SATURDAY":90,"departures_SUNDAY":76}},{"type":"Feature","geometry":{"type":"Point","coordinates":[3.75162,51.03606]},"properties":{"stop_id":"201479","stop_name":"Gentbrugge Stelplaats","qualifies_min1":true,"qualifies_min10":true,"qualifies_hourly":true,"qualifies_halfhour":false,"departures_MONDAY":145,"departures_TUESDAY":145,"departures_WEDNESDAY":145,"departures_THURSDAY":145,"departures_FRIDAY":145,"departures_SATURDAY":90,"departures_SUNDAY":76}},{"type":"Feature","geometry":{"type":"Point","coordinates":[3.74299,51.03737]},"properties":{"stop_id":"201481","stop_name":"Ledeberg Ledebergplein","qualifies_min1":true,"qualifies_min10":true,"qualifies_hourly":true,"qualifies_halfhour":false,"departures_MONDAY":153,"departures_TUESDAY":153,"departures_WEDNESDAY":153,"departures_THURSDAY":153,"departures_FRIDAY":153,"departures_SATURDAY":101,"departures_SUNDAY":87}},{"type":"Feature","geometry":{"type":"Point","coordinates":[3.69008,51.07942]},"properties":{"stop_id":"201506","stop_name":"Mariakerke Losweg","qualifies_min1":true,"qualifies_min10":true,"qualifies_hourly":true,"qualifies_halfhour":false,"departures_MONDAY":38,"departures_TUESDAY":38,"departures_WEDNESDAY":38,"departures_THURSDAY":38,"departures_FRIDAY":38,"departures_SATURDAY":31,"departures_SUNDAY":30}},{"type":"Feature","geometry":{"type":"Point","coordinates":[3.69599,51.06947]},"properties":{"stop_id":"201511","stop_name":"Gent Staakskenstraat","qualifies_min1":true,"qualifies_min10":true,"qualifies_hourly":false,"qualifies_halfhour":false,"departures_MONDAY":38,"departures_TUESDAY":38,"departures_WEDNESDAY":38,"departures_THURSDAY":38,"departures_FRIDAY":38,"departures_SATURDAY":31,"departures_SUNDAY":30}},{"type":"Feature","geometry":{"type":"Point","coordinates":[3.6989,51.06568]},"properties":{"stop_id":"201512","stop_name":"Gent Guislainbrug","qualifies_min1":true,"qualifies_min10":true,"qualifies_hourly":true,"qualifies_halfhour":false,"departures_MONDAY":38,"departures_TUESDAY":38,"departures_WEDNESDAY":38,"departures_THURSDAY":38,"departures_FRIDAY":38,"departures_SATURDAY":31,"departures_SUNDAY":30}},{"type":"Feature","geometry":{"type":"Point","coordinates":[3.69611,51.06426]},"properties":{"stop_id":"201513","stop_name":"Gent Rooigem (R40)","qualifies_min1":true,"qualifies_min10":true,"qualifies_hourly":true,"qualifies_halfhour":false,"departures_MONDAY":38,"departures_TUESDAY":38,"departures_WEDNESDAY":38,"departures_THURSDAY":38,"departures_FRIDAY":38,"departures_SATURDAY":31,"departures_SUNDAY":30}},{"type":"Feature","geometry":{"type":"Point","coordinates":[3.69934,51.05132]},"properties":{"stop_id":"201518","stop_name":"Gent Overzet","qualifies_min1":true,"qualifies_min10":true,"qualifies_hourly":true,"qualifies_halfhour":true,"departures_MONDAY":183,"departures_TUESDAY":183,"departures_WEDNESDAY":183,"departures_THURSDAY":183,"departures_FRIDAY":195,"departures_SATURDAY":163,"departures_SUNDAY":142}},{"type":"Feature","geometry":{"type":"Point","coordinates":[3.71045,51.02541]},"properties":{"stop_id":"201537","stop_name":"Gent Sterre (Oudenaardsesteenweg)","qualifies_min1":true,"qualifies_min10":true,"qualifies_hourly":false,"qualifies_halfhour":false,"departures_MONDAY":98,"departures_TUESDAY":98,"departures_WEDNESDAY":98,"departures_THURSDAY":98,"departures_FRIDAY":98,"departures_SATURDAY":59,"departures_SUNDAY":38}},{"type":"Feature","geometry":{"type":"Point","coordinates":[3.70932,51.02229]},"properties":{"stop_id":"201538","stop_name":"Gent De Pintelaan","qualifies_min1":true,"qualifies_min10":true,"qualifies_hourly":false,"qualifies_halfhour":false,"departures_MONDAY":98,"departures_TUESDAY":98,"departures_WEDNESDAY":98,"departures_THURSDAY":98,"departures_FRIDAY":98,"departures_SATURDAY":59,"departures_SUNDAY":38}},{"type":"Feature","geometry":{"type":"Point","coordinates":[3.70951,51.01913]},"properties":{"stop_id":"201539","stop_name":"Zwijnaarde De Deynestraat","qualifies_min1":true,"qualifies_min10":true,"qualifies_hourly":false,"qualifies_halfhour":false,"departures_MONDAY":98,"departures_TUESDAY":98,"departures_WEDNESDAY":98,"departures_THURSDAY":98,"departures_FRIDAY":98,"departures_SATURDAY":59,"departures_SUNDAY":38}},{"type":"Feature","geometry":{"type":"Point","coordinates":[3.71186,51.00689]},"properties":{"stop_id":"201543","stop_name":"Zwijnaarde Campusstraat","qualifies_min1":true,"qualifies_min10":true,"qualifies_hourly":false,"qualifies_halfhour":false,"departures_MONDAY":31,"departures_TUESDAY":31,"departures_WEDNESDAY":31,"departures_THURSDAY":31,"departures_FRIDAY":31,"departures_SATURDAY":30,"departures_SUNDAY":14}},{"type":"Feature","geometry":{"type":"Point","coordinates":[3.729843,51.031663]},"properties":{"stop_id":"201548","stop_name":"Gent Zomerstraat","qualifies_min1":true,"qualifies_min10":true,"qualifies_hourly":true,"qualifies_halfhour":true,"departures_MONDAY":146,"departures_TUESDAY":146,"departures_WEDNESDAY":146,"departures_THURSDAY":146,"departures_FRIDAY":146,"departures_SATURDAY":90,"departures_SUNDAY":75}},{"type":"Feature","geometry":{"type":"Point","coordinates":[3.73328,51.06442]},"properties":{"stop_id":"201549","stop_name":"Gent Dok-Noord","qualifies_min1":true,"qualifies_min10":true,"qualifies_hourly":true,"qualifies_halfhour":true,"departures_MONDAY":196,"departures_TUESDAY":196,"departures_WEDNESDAY":196,"departures_THURSDAY":196,"departures_FRIDAY":48,"departures_SATURDAY":48,"departures_SUNDAY":48}},{"type":"Feature","geometry":{"type":"Point","coordinates":[3.6992,51.05303]},"properties":{"stop_id":"201550","stop_name":"Gent Einde Were","qualifies_min1":true,"qualifies_min10":true,"qualifies_hourly":true,"qualifies_halfhour":false,"departures_MONDAY":75,"departures_TUESDAY":75,"departures_WEDNESDAY":75,"departures_THURSDAY":75,"departures_FRIDAY":75,"departures_SATURDAY":61,"departures_SUNDAY":60}},{"type":"Feature","geometry":{"type":"Point","coordinates":[3.63372,51.00908]},"properties":{"stop_id":"201573","stop_name":"Sint-Martens-Latem De Kroon","qualifies_min1":true,"qualifies_min10":true,"qualifies_hourly":true,"qualifies_halfhour":false,"departures_MONDAY":30,"departures_TUESDAY":30,"departures_WEDNESDAY":30,"departures_THURSDAY":30,"departures_FRIDAY":30,"departures_SATURDAY":27,"departures_SUNDAY":16}},{"type":"Feature","geometry":{"type":"Point","coordinates":[3.76968,51.01952]},"properties":{"stop_id":"201625","stop_name":"Melle Vogelhoekplein","qualifies_min1":true,"qualifies_min10":true,"qualifies_hourly":true,"qualifies_halfhour":false,"departures_MONDAY":38,"departures_TUESDAY":38,"departures_WEDNESDAY":38,"departures_THURSDAY":38,"departures_FRIDAY":38,"departures_SATURDAY":31,"departures_SUNDAY":30}},{"type":"Feature","geometry":{"type":"Point","coordinates":[3.78684,50.99978]},"properties":{"stop_id":"201632","stop_name":"Melle Gontrode Heirweg","qualifies_min1":true,"qualifies_min10":true,"qualifies_hourly":false,"qualifies_halfhour":false,"departures_MONDAY":15,"departures_TUESDAY":15,"departures_WEDNESDAY":15,"departures_THURSDAY":15,"departures_FRIDAY":15,"departures_SATURDAY":13,"departures_SUNDAY":11}},{"type":"Feature","geometry":{"type":"Point","coordinates":[3.81063,50.9986]},"properties":{"stop_id":"201639","stop_name":"Melle College","qualifies_min1":true,"qualifies_min10":false,"qualifies_hourly":false,"qualifies_halfhour":false,"departures_MONDAY":24,"departures_TUESDAY":24,"departures_WEDNESDAY":24,"departures_THURSDAY":24,"departures_FRIDAY":25,"departures_SATURDAY":14,"departures_SUNDAY":1}},{"type":"Feature","geometry":{"type":"Point","coordinates":[3.6852,51.0498]},"properties":{"stop_id":"201650","stop_name":"Gent Topsporthal Vlaanderen","qualifies_min1":true,"qualifies_min10":true,"qualifies_hourly":true,"qualifies_halfhour":true,"departures_MONDAY":122,"departures_TUESDAY":122,"departures_WEDNESDAY":122,"departures_THURSDAY":122,"departures_FRIDAY":133,"departures_SATURDAY":84,"departures_SUNDAY":66}},{"type":"Feature","geometry":{"type":"Point","coordinates":[3.70466,51.01207]},"properties":{"stop_id":"201657","stop_name":"Zwijnaarde Bollebergen","qualifies_min1":true,"qualifies_min10":true,"qualifies_hourly":false,"qualifies_halfhour":false,"departures_MONDAY":98,"departures_TUESDAY":98,"departures_WEDNESDAY":98,"departures_THURSDAY":98,"departures_FRIDAY":98,"departures_SATURDAY":71,"departures_SUNDAY":49}},{"type":"Feature","geometry":{"type":"Point","coordinates":[3.70379,51.00991]},"properties":{"stop_id":"201658","stop_name":"Zwijnaarde Tramstraat","qualifies_min1":true,"qualifies_min10":true,"qualifies_hourly":false,"qualifies_halfhour":false,"departures_MONDAY":31,"departures_TUESDAY":31,"departures_WEDNESDAY":31,"departures_THURSDAY":31,"departures_FRIDAY":31,"departures_SATURDAY":30,"departures_SUNDAY":14}},{"type":"Feature","geometry":{"type":"Point","coordinates":[3.70777,51.0084]},"properties":{"stop_id":"201659","stop_name":"Zwijnaarde Technologiepark (Tramstraat)","qualifies_min1":true,"qualifies_min10":true,"qualifies_hourly":false,"qualifies_halfhour":false,"departures_MONDAY":31,"departures_TUESDAY":31,"departures_WEDNESDAY":31,"departures_THURSDAY":31,"departures_FRIDAY":31,"departures_SATURDAY":30,"departures_SUNDAY":14}},{"type":"Feature","geometry":{"type":"Point","coordinates":[3.79207,50.99826]},"properties":{"stop_id":"201660","stop_name":"Melle OCMW","qualifies_min1":true,"qualifies_min10":true,"qualifies_hourly":false,"qualifies_halfhour":false,"departures_MONDAY":15,"departures_TUESDAY":15,"departures_WEDNESDAY":15,"departures_THURSDAY":15,"departures_FRIDAY":15,"departures_SATURDAY":13,"departures_SUNDAY":11}},{"type":"Feature","geometry":{"type":"Point","coordinates":[3.74256,51.1322]},"properties":{"stop_id":"201881","stop_name":"Evergem Industriezone De Nest","qualifies_min1":true,"qualifies_min10":true,"qualifies_hourly":false,"qualifies_halfhour":false,"departures_MONDAY":32,"departures_TUESDAY":32,"departures_WEDNESDAY":32,"departures_THURSDAY":32,"departures_FRIDAY":32,"departures_SATURDAY":26,"departures_SUNDAY":16}},{"type":"Feature","geometry":{"type":"Point","coordinates":[3.63811,51.01098]},"properties":{"stop_id":"201960","stop_name":"Sint-Martens-Latem Paddenhoek","qualifies_min1":true,"qualifies_min10":true,"qualifies_hourly":true,"qualifies_halfhour":false,"departures_MONDAY":30,"departures_TUESDAY":30,"departures_WEDNESDAY":30,"departures_THURSDAY":30,"departures_FRIDAY":30,"departures_SATURDAY":27,"departures_SUNDAY":16}},{"type":"Feature","geometry":{"type":"Point","coordinates":[3.62099,51.00364]},"properties":{"stop_id":"201961","stop_name":"Sint-Martens-Latem Overmeerspark","qualifies_min1":true,"qualifies_min10":true,"qualifies_hourly":true,"qualifies_halfhour":false,"departures_MONDAY":30,"departures_TUESDAY":30,"departures_WEDNESDAY":30,"departures_THURSDAY":30,"departures_FRIDAY":30,"departures_SATURDAY":27,"departures_SUNDAY":16}},{"type":"Feature","geometry":{"type":"Point","coordinates":[3.74007,50.97643]},"properties":{"stop_id":"201982","stop_name":"Merelbeke Sallemeulekouter","qualifies_min1":true,"qualifies_min10":true,"qualifies_hourly":false,"qualifies_halfhour":false,"departures_MONDAY":49,"departures_TUESDAY":49,"departures_WEDNESDAY":49,"departures_THURSDAY":49,"departures_FRIDAY":49,"departures_SATURDAY":44,"departures_SUNDAY":23}},{"type":"Feature","geometry":{"type":"Point","coordinates":[3.7264,51.03685]},"properties":{"stop_id":"201984","stop_name":"Gent Ottergemsesteenweg","qualifies_min1":true,"qualifies_min10":true,"qualifies_hourly":true,"qualifies_halfhour":true,"departures_MONDAY":88,"departures_TUESDAY":88,"departures_WEDNESDAY":88,"departures_THURSDAY":88,"departures_FRIDAY":93,"departures_SATURDAY":90,"departures_SUNDAY":62}},{"type":"Feature","geometry":{"type":"Point","coordinates":[3.73341,51.05941]},"properties":{"stop_id":"201985","stop_name":"Gent Blekerijstraat","qualifies_min1":true,"qualifies_min10":true,"qualifies_hourly":true,"qualifies_halfhour":true,"departures_MONDAY":196,"departures_TUESDAY":196,"departures_WEDNESDAY":196,"departures_THURSDAY":196,"departures_FRIDAY":48,"departures_SATURDAY":48,"departures_SUNDAY":48}},{"type":"Feature","geometry":{"type":"Point","coordinates":[3.72971,51.03854]},"properties":{"stop_id":"202002","stop_name":"Gent Terplatenbrug","qualifies_min1":true,"qualifies_min10":true,"qualifies_hourly":false,"qualifies_halfhour":false,"departures_MONDAY":35,"departures_TUESDAY":35,"departures_WEDNESDAY":35,"departures_THURSDAY":35,"departures_FRIDAY":35,"departures_SATURDAY":32,"departures_SUNDAY":17}},{"type":"Feature","geometry":{"type":"Point","coordinates":[3.67763,51.12418]},"properties":{"stop_id":"202003","stop_name":"Sleidinge Bernt","qualifies_min1":true,"qualifies_min10":true,"qualifies_hourly":true,"qualifies_halfhour":true,"departures_MONDAY":72,"departures_TUESDAY":72,"departures_WEDNESDAY":72,"departures_THURSDAY":72,"departures_FRIDAY":72,"departures_SATURDAY":66,"departures_SUNDAY":46}},{"type":"Feature","geometry":{"type":"Point","coordinates":[3.72457,51.06195]},"properties":{"stop_id":"202005","stop_name":"Gent AZ Sint-Lucas (Fratersplein)","qualifies_min1":true,"qualifies_min10":true,"qualifies_hourly":true,"qualifies_halfhour":true,"departures_MONDAY":105,"departures_TUESDAY":105,"departures_WEDNESDAY":105,"departures_THURSDAY":105,"departures_FRIDAY":260,"departures_SATURDAY":267,"departures_SUNDAY":228}},{"type":"Feature","geometry":{"type":"Point","coordinates":[3.72709,51.06656]},"properties":{"stop_id":"202006","stop_name":"Gent Tolpoort (Tolhuislaan)","qualifies_min1":true,"qualifies_min10":true,"qualifies_hourly":true,"qualifies_halfhour":true,"departures_MONDAY":297,"departures_TUESDAY":297,"departures_WEDNESDAY":297,"departures_THURSDAY":297,"departures_FRIDAY":308,"departures_SATURDAY":315,"departures_SUNDAY":276}},{"type":"Feature","geometry":{"type":"Point","coordinates":[3.71496,51.09597]},"properties":{"stop_id":"202013","stop_name":"Wondelgem Kwikstaartlaan","qualifies_min1":true,"qualifies_min10":true,"qualifies_hourly":true,"qualifies_halfhour":true,"departures_MONDAY":98,"departures_TUESDAY":98,"departures_WEDNESDAY":98,"departures_THURSDAY":98,"departures_FRIDAY":105,"departures_SATURDAY":117,"departures_SUNDAY":116}},{"type":"Feature","geometry":{"type":"Point","coordinates":[3.71236,51.09848]},"properties":{"stop_id":"202014","stop_name":"Wondelgem Liefkensstraat","qualifies_min1":true,"qualifies_min10":true,"qualifies_hourly":true,"qualifies_halfhour":true,"departures_MONDAY":98,"departures_TUESDAY":98,"departures_WEDNESDAY":98,"departures_THURSDAY":98,"departures_FRIDAY":105,"departures_SATURDAY":117,"departures_SUNDAY":116}},{"type":"Feature","geometry":{"type":"Point","coordinates":[3.69261,51.11369]},"properties":{"stop_id":"202020","stop_name":"Evergem Kromveldstraatje","qualifies_min1":true,"qualifies_min10":true,"qualifies_hourly":true,"qualifies_halfhour":true,"departures_MONDAY":72,"departures_TUESDAY":72,"departures_WEDNESDAY":72,"departures_THURSDAY":72,"departures_FRIDAY":72,"departures_SATURDAY":66,"departures_SUNDAY":46}},{"type":"Feature","geometry":{"type":"Point","coordinates":[3.68645,51.11699]},"properties":{"stop_id":"202021","stop_name":"Evergem Asschoutstraatje","qualifies_min1":true,"qualifies_min10":true,"qualifies_hourly":true,"qualifies_halfhour":true,"departures_MONDAY":72,"departures_TUESDAY":72,"departures_WEDNESDAY":72,"departures_THURSDAY":72,"departures_FRIDAY":72,"departures_SATURDAY":66,"departures_SUNDAY":46}},{"type":"Feature","geometry":{"type":"Point","coordinates":[3.67694,51.122]},"properties":{"stop_id":"202022","stop_name":"Sleidinge Wurmstraat","qualifies_min1":true,"qualifies_min10":true,"qualifies_hourly":true,"qualifies_halfhour":true,"departures_MONDAY":72,"departures_TUESDAY":72,"departures_WEDNESDAY":72,"departures_THURSDAY":72,"departures_FRIDAY":72,"departures_SATURDAY":66,"departures_SUNDAY":46}},{"type":"Feature","geometry":{"type":"Point","coordinates":[3.67877,51.13124]},"properties":{"stop_id":"202024","stop_name":"Sleidinge Dorp","qualifies_min1":true,"qualifies_min10":true,"qualifies_hourly":true,"qualifies_halfhour":true,"departures_MONDAY":72,"departures_TUESDAY":72,"departures_WEDNESDAY":72,"departures_THURSDAY":72,"departures_FRIDAY":72,"departures_SATURDAY":66,"departures_SUNDAY":46}},{"type":"Feature","geometry":{"type":"Point","coordinates":[3.60523,51.15203]},"properties":{"stop_id":"202037","stop_name":"Waarschoot Kerk","qualifies_min1":true,"qualifies_min10":true,"qualifies_hourly":true,"qualifies_halfhour":false,"departures_MONDAY":34,"departures_TUESDAY":34,"departures_WEDNESDAY":34,"departures_THURSDAY":34,"departures_FRIDAY":34,"departures_SATURDAY":29,"departures_SUNDAY":17}},{"type":"Feature","geometry":{"type":"Point","coordinates":[3.59937,51.15417]},"properties":{"stop_id":"202038","stop_name":"Waarschoot Schoolstraat","qualifies_min1":true,"qualifies_min10":true,"qualifies_hourly":true,"qualifies_halfhour":false,"departures_MONDAY":34,"departures_TUESDAY":34,"departures_WEDNESDAY":34,"departures_THURSDAY":34,"departures_FRIDAY":34,"departures_SATURDAY":29,"departures_SUNDAY":17}},{"type":"Feature","geometry":{"type":"Point","coordinates":[3.58322,51.17273]},"properties":{"stop_id":"202040","stop_name":"Eeklo Het Leen","qualifies_min1":true,"qualifies_min10":true,"qualifies_hourly":true,"qualifies_halfhour":false,"departures_MONDAY":34,"departures_TUESDAY":34,"departures_WEDNESDAY":34,"departures_THURSDAY":34,"departures_FRIDAY":34,"departures_SATURDAY":29,"departures_SUNDAY":17}},{"type":"Feature","geometry":{"type":"Point","coordinates":[3.58016,51.17562]},"properties":{"stop_id":"202041","stop_name":"Eeklo Oude Gentweg","qualifies_min1":true,"qualifies_min10":true,"qualifies_hourly":true,"qualifies_halfhour":false,"departures_MONDAY":34,"departures_TUESDAY":34,"departures_WEDNESDAY":34,"departures_THURSDAY":34,"departures_FRIDAY":34,"departures_SATURDAY":29,"departures_SUNDAY":17}},{"type":"Feature","geometry":{"type":"Point","coordinates":[3.63243,51.19509]},"properties":{"stop_id":"202092","stop_name":"Lembeke Dorp","qualifies_min1":true,"qualifies_min10":true,"qualifies_hourly":false,"qualifies_halfhour":false,"departures_MONDAY":32,"departures_TUESDAY":32,"departures_WEDNESDAY":32,"departures_THURSDAY":32,"departures_FRIDAY":32,"departures_SATURDAY":29,"departures_SUNDAY":13}},{"type":"Feature","geometry":{"type":"Point","coordinates":[3.84536,51.08757]},"properties":{"stop_id":"202117","stop_name":"Lochristi Rozelaredreef","qualifies_min1":true,"qualifies_min10":true,"qualifies_hourly":false,"qualifies_halfhour":false,"departures_MONDAY":15,"departures_TUESDAY":15,"departures_WEDNESDAY":15,"departures_THURSDAY":15,"departures_FRIDAY":15,"departures_SATURDAY":14,"departures_SUNDAY":11}},{"type":"Feature","geometry":{"type":"Point","coordinates":[3.88333,51.17099]},"properties":{"stop_id":"202124","stop_name":"Wachtebeke Kalve","qualifies_min1":true,"qualifies_min10":false,"qualifies_hourly":false,"qualifies_halfhour":false,"departures_MONDAY":16,"departures_TUESDAY":16,"departures_WEDNESDAY":16,"departures_THURSDAY":16,"departures_FRIDAY":16,"departures_SATURDAY":15,"departures_SUNDAY":6}},{"type":"Feature","geometry":{"type":"Point","coordinates":[3.87738,51.17172]},"properties":{"stop_id":"202125","stop_name":"Wachtebeke Axelsvaardeken","qualifies_min1":true,"qualifies_min10":false,"qualifies_hourly":false,"qualifies_halfhour":false,"departures_MONDAY":16,"departures_TUESDAY":16,"departures_WEDNESDAY":16,"departures_THURSDAY":16,"departures_FRIDAY":16,"departures_SATURDAY":15,"departures_SUNDAY":6}},{"type":"Feature","geometry":{"type":"Point","coordinates":[3.86888,51.17172]},"properties":{"stop_id":"202126","stop_name":"Wachtebeke Molenhoek","qualifies_min1":true,"qualifies_min10":false,"qualifies_hourly":false,"qualifies_halfhour":false,"departures_MONDAY":16,"departures_TUESDAY":16,"departures_WEDNESDAY":16,"departures_THURSDAY":16,"departures_FRIDAY":16,"departures_SATURDAY":15,"departures_SUNDAY":6}},{"type":"Feature","geometry":{"type":"Point","coordinates":[3.84773,51.16904]},"properties":{"stop_id":"202128","stop_name":"Wachtebeke Groenstraat","qualifies_min1":true,"qualifies_min10":true,"qualifies_hourly":true,"qualifies_halfhour":false,"departures_MONDAY":21,"departures_TUESDAY":21,"departures_WEDNESDAY":21,"departures_THURSDAY":21,"departures_FRIDAY":21,"departures_SATURDAY":18,"departures_SUNDAY":15}},{"type":"Feature","geometry":{"type":"Point","coordinates":[3.7366,51.12321]},"properties":{"stop_id":"202130","stop_name":"Evergem Kerkbruggestraat","qualifies_min1":true,"qualifies_min10":true,"qualifies_hourly":true,"qualifies_halfhour":false,"departures_MONDAY":34,"departures_TUESDAY":34,"departures_WEDNESDAY":34,"departures_THURSDAY":34,"departures_FRIDAY":34,"departures_SATURDAY":28,"departures_SUNDAY":16}},{"type":"Feature","geometry":{"type":"Point","coordinates":[3.73917,51.04158]},"properties":{"stop_id":"202132","stop_name":"Gent Keizerpoort (Keizervest)","qualifies_min1":true,"qualifies_min10":true,"qualifies_hourly":true,"qualifies_halfhour":false,"departures_MONDAY":35,"departures_TUESDAY":35,"departures_WEDNESDAY":35,"departures_THURSDAY":35,"departures_FRIDAY":35,"departures_SATURDAY":32,"departures_SUNDAY":17}},{"type":"Feature","geometry":{"type":"Point","coordinates":[3.7447,51.04616]},"properties":{"stop_id":"202133","stop_name":"Gent Vlaamsekaai","qualifies_min1":true,"qualifies_min10":true,"qualifies_hourly":true,"qualifies_halfhour":false,"departures_MONDAY":35,"departures_TUESDAY":35,"departures_WEDNESDAY":35,"departures_THURSDAY":35,"departures_FRIDAY":35,"departures_SATURDAY":32,"departures_SUNDAY":17}},{"type":"Feature","geometry":{"type":"Point","coordinates":[3.74397,51.04901]},"properties":{"stop_id":"202134","stop_name":"Gent Forelstraat","qualifies_min1":true,"qualifies_min10":true,"qualifies_hourly":true,"qualifies_halfhour":false,"departures_MONDAY":35,"departures_TUESDAY":35,"departures_WEDNESDAY":35,"departures_THURSDAY":35,"departures_FRIDAY":35,"departures_SATURDAY":32,"departures_SUNDAY":17}},{"type":"Feature","geometry":{"type":"Point","coordinates":[3.87705,51.09433]},"properties":{"stop_id":"202140","stop_name":"Beervelde Bastelare","qualifies_min1":true,"qualifies_min10":true,"qualifies_hourly":false,"qualifies_halfhour":false,"departures_MONDAY":15,"departures_TUESDAY":15,"departures_WEDNESDAY":15,"departures_THURSDAY":15,"departures_FRIDAY":15,"departures_SATURDAY":14,"departures_SUNDAY":11}},{"type":"Feature","geometry":{"type":"Point","coordinates":[3.78695,51.0806]},"properties":{"stop_id":"202142","stop_name":"Oostakker Teirlinckstraat","qualifies_min1":true,"qualifies_min10":true,"qualifies_hourly":true,"qualifies_halfhour":true,"departures_MONDAY":68,"departures_TUESDAY":68,"departures_WEDNESDAY":68,"departures_THURSDAY":68,"departures_FRIDAY":68,"departures_SATURDAY":65,"departures_SUNDAY":58}},{"type":"Feature","geometry":{"type":"Point","coordinates":[3.79252,51.08307]},"properties":{"stop_id":"202143","stop_name":"Oostakker Eisenhowerlaan","qualifies_min1":true,"qualifies_min10":true,"qualifies_hourly":true,"qualifies_halfhour":true,"departures_MONDAY":68,"departures_TUESDAY":68,"departures_WEDNESDAY":68,"departures_THURSDAY":68,"departures_FRIDAY":68,"departures_SATURDAY":65,"departures_SUNDAY":58}},{"type":"Feature","geometry":{"type":"Point","coordinates":[3.79996,51.0857]},"properties":{"stop_id":"202144","stop_name":"Lochristi Sparrenlaan","qualifies_min1":true,"qualifies_min10":true,"qualifies_hourly":true,"qualifies_halfhour":true,"departures_MONDAY":68,"departures_TUESDAY":68,"departures_WEDNESDAY":68,"departures_THURSDAY":68,"departures_FRIDAY":68,"departures_SATURDAY":65,"departures_SUNDAY":58}},{"type":"Feature","geometry":{"type":"Point","coordinates":[3.80791,51.0885]},"properties":{"stop_id":"202145","stop_name":"Lochristi Doornikstraat","qualifies_min1":true,"qualifies_min10":true,"qualifies_hourly":true,"qualifies_halfhour":true,"departures_MONDAY":68,"departures_TUESDAY":68,"departures_WEDNESDAY":68,"departures_THURSDAY":68,"departures_FRIDAY":68,"departures_SATURDAY":65,"departures_SUNDAY":58}},{"type":"Feature","geometry":{"type":"Point","coordinates":[3.81396,51.09058]},"properties":{"stop_id":"202146","stop_name":"Lochristi Lichtelarestraat","qualifies_min1":true,"qualifies_min10":true,"qualifies_hourly":true,"qualifies_halfhour":true,"departures_MONDAY":68,"departures_TUESDAY":68,"departures_WEDNESDAY":68,"departures_THURSDAY":68,"departures_FRIDAY":68,"departures_SATURDAY":65,"departures_SUNDAY":58}},{"type":"Feature","geometry":{"type":"Point","coordinates":[3.81845,51.09214]},"properties":{"stop_id":"202147","stop_name":"Lochristi Azalealaan","qualifies_min1":true,"qualifies_min10":true,"qualifies_hourly":true,"qualifies_halfhour":true,"departures_MONDAY":68,"departures_TUESDAY":68,"departures_WEDNESDAY":68,"departures_THURSDAY":68,"departures_FRIDAY":68,"departures_SATURDAY":65,"departures_SUNDAY":58}},{"type":"Feature","geometry":{"type":"Point","coordinates":[3.82855,51.09526]},"properties":{"stop_id":"202149","stop_name":"Lochristi Schoolstraat","qualifies_min1":true,"qualifies_min10":true,"qualifies_hourly":true,"qualifies_halfhour":true,"departures_MONDAY":68,"departures_TUESDAY":68,"departures_WEDNESDAY":68,"departures_THURSDAY":68,"departures_FRIDAY":68,"departures_SATURDAY":65,"departures_SUNDAY":58}},{"type":"Feature","geometry":{"type":"Point","coordinates":[3.8348,51.09681]},"properties":{"stop_id":"202150","stop_name":"Lochristi Kerk","qualifies_min1":true,"qualifies_min10":true,"qualifies_hourly":true,"qualifies_halfhour":true,"departures_MONDAY":69,"departures_TUESDAY":69,"departures_WEDNESDAY":69,"departures_THURSDAY":69,"departures_FRIDAY":69,"departures_SATURDAY":65,"departures_SUNDAY":58}},{"type":"Feature","geometry":{"type":"Point","coordinates":[3.83875,51.09632]},"properties":{"stop_id":"202151","stop_name":"Lochristi Rustoord","qualifies_min1":true,"qualifies_min10":true,"qualifies_hourly":false,"qualifies_halfhour":false,"departures_MONDAY":15,"departures_TUESDAY":15,"departures_WEDNESDAY":15,"departures_THURSDAY":15,"departures_FRIDAY":15,"departures_SATURDAY":14,"departures_SUNDAY":11}},{"type":"Feature","geometry":{"type":"Point","coordinates":[3.86967,51.10592]},"properties":{"stop_id":"202153","stop_name":"Lochristi Lozen Boer","qualifies_min1":true,"qualifies_min10":true,"qualifies_hourly":true,"qualifies_halfhour":false,"departures_MONDAY":19,"departures_TUESDAY":19,"departures_WEDNESDAY":19,"departures_THURSDAY":19,"departures_FRIDAY":19,"departures_SATURDAY":17,"departures_SUNDAY":16}},{"type":"Feature","geometry":{"type":"Point","coordinates":[3.88012,51.10758]},"properties":{"stop_id":"202154","stop_name":"Zeveneken Eikstraat","qualifies_min1":true,"qualifies_min10":true,"qualifies_hourly":true,"qualifies_halfhour":false,"departures_MONDAY":19,"departures_TUESDAY":19,"departures_WEDNESDAY":19,"departures_THURSDAY":19,"departures_FRIDAY":19,"departures_SATURDAY":17,"departures_SUNDAY":16}},{"type":"Feature","geometry":{"type":"Point","coordinates":[3.89173,51.10721]},"properties":{"stop_id":"202155","stop_name":"Zeveneken Zavel","qualifies_min1":true,"qualifies_min10":true,"qualifies_hourly":true,"qualifies_halfhour":false,"departures_MONDAY":19,"departures_TUESDAY":19,"departures_WEDNESDAY":19,"departures_THURSDAY":19,"departures_FRIDAY":19,"departures_SATURDAY":17,"departures_SUNDAY":16}},{"type":"Feature","geometry":{"type":"Point","coordinates":[3.89884,51.10751]},"properties":{"stop_id":"202156","stop_name":"Zeveneken Kerk","qualifies_min1":true,"qualifies_min10":true,"qualifies_hourly":true,"qualifies_halfhour":false,"departures_MONDAY":19,"departures_TUESDAY":19,"departures_WEDNESDAY":19,"departures_THURSDAY":19,"departures_FRIDAY":19,"departures_SATURDAY":17,"departures_SUNDAY":16}},{"type":"Feature","geometry":{"type":"Point","coordinates":[3.85014,51.08791]},"properties":{"stop_id":"202171","stop_name":"Lochristi Boskapellaan","qualifies_min1":true,"qualifies_min10":true,"qualifies_hourly":false,"qualifies_halfhour":false,"departures_MONDAY":15,"departures_TUESDAY":15,"departures_WEDNESDAY":15,"departures_THURSDAY":15,"departures_FRIDAY":15,"departures_SATURDAY":14,"departures_SUNDAY":11}},{"type":"Feature","geometry":{"type":"Point","coordinates":[3.86059,51.09332]},"properties":{"stop_id":"202174","stop_name":"Lochristi Tomboslaan","qualifies_min1":true,"qualifies_min10":true,"qualifies_hourly":false,"qualifies_halfhour":false,"departures_MONDAY":15,"departures_TUESDAY":15,"departures_WEDNESDAY":15,"departures_THURSDAY":15,"departures_FRIDAY":15,"departures_SATURDAY":14,"departures_SUNDAY":11}},{"type":"Feature","geometry":{"type":"Point","coordinates":[3.88019,51.08623]},"properties":{"stop_id":"202176","stop_name":"Beervelde Station","qualifies_min1":true,"qualifies_min10":true,"qualifies_hourly":false,"qualifies_halfhour":false,"departures_MONDAY":15,"departures_TUESDAY":15,"departures_WEDNESDAY":15,"departures_THURSDAY":15,"departures_FRIDAY":15,"departures_SATURDAY":14,"departures_SUNDAY":11}},{"type":"Feature","geometry":{"type":"Point","coordinates":[3.88161,51.08022]},"properties":{"stop_id":"202177","stop_name":"Beervelde Bennesteeg","qualifies_min1":true,"qualifies_min10":true,"qualifies_hourly":false,"qualifies_halfhour":false,"departures_MONDAY":15,"departures_TUESDAY":15,"departures_WEDNESDAY":15,"departures_THURSDAY":15,"departures_FRIDAY":15,"departures_SATURDAY":14,"departures_SUNDAY":11}},{"type":"Feature","geometry":{"type":"Point","coordinates":[3.89016,51.08078]},"properties":{"stop_id":"202179","stop_name":"Beervelde Tollekenswegel","qualifies_min1":true,"qualifies_min10":true,"qualifies_hourly":false,"qualifies_halfhour":false,"departures_MONDAY":15,"departures_TUESDAY":15,"departures_WEDNESDAY":15,"departures_THURSDAY":15,"departures_FRIDAY":15,"departures_SATURDAY":14,"departures_SUNDAY":11}},{"type":"Feature","geometry":{"type":"Point","coordinates":[3.85821,51.10241]},"properties":{"stop_id":"202190","stop_name":"Lochristi Denen","qualifies_min1":true,"qualifies_min10":true,"qualifies_hourly":true,"qualifies_halfhour":false,"departures_MONDAY":19,"departures_TUESDAY":19,"departures_WEDNESDAY":19,"departures_THURSDAY":19,"departures_FRIDAY":19,"departures_SATURDAY":17,"departures_SUNDAY":16}},{"type":"Feature","geometry":{"type":"Point","coordinates":[3.65192,51.01484]},"properties":{"stop_id":"202192","stop_name":"Sint-Denijs-Westrem Rosdamstraat","qualifies_min1":true,"qualifies_min10":true,"qualifies_hourly":false,"qualifies_halfhour":false,"departures_MONDAY":33,"departures_TUESDAY":33,"departures_WEDNESDAY":33,"departures_THURSDAY":33,"departures_FRIDAY":33,"departures_SATURDAY":30,"departures_SUNDAY":15}},{"type":"Feature","geometry":{"type":"Point","coordinates":[3.64404,51.01307]},"properties":{"stop_id":"202193","stop_name":"Sint-Martens-Latem Maenhoutstraat","qualifies_min1":true,"qualifies_min10":true,"qualifies_hourly":false,"qualifies_halfhour":false,"departures_MONDAY":33,"departures_TUESDAY":33,"departures_WEDNESDAY":33,"departures_THURSDAY":33,"departures_FRIDAY":33,"departures_SATURDAY":30,"departures_SUNDAY":15}},{"type":"Feature","geometry":{"type":"Point","coordinates":[3.62647,51.0062]},"properties":{"stop_id":"202195","stop_name":"Sint-Martens-Latem Twee Dreven","qualifies_min1":true,"qualifies_min10":true,"qualifies_hourly":false,"qualifies_halfhour":false,"departures_MONDAY":33,"departures_TUESDAY":33,"departures_WEDNESDAY":33,"departures_THURSDAY":33,"departures_FRIDAY":33,"departures_SATURDAY":30,"departures_SUNDAY":15}},{"type":"Feature","geometry":{"type":"Point","coordinates":[3.6156,51.00152]},"properties":{"stop_id":"202196","stop_name":"Deurle Broekstraat","qualifies_min1":true,"qualifies_min10":true,"qualifies_hourly":false,"qualifies_halfhour":false,"departures_MONDAY":33,"departures_TUESDAY":33,"departures_WEDNESDAY":33,"departures_THURSDAY":33,"departures_FRIDAY":33,"departures_SATURDAY":30,"departures_SUNDAY":15}},{"type":"Feature","geometry":{"type":"Point","coordinates":[3.60756,50.99806]},"properties":{"stop_id":"202203","stop_name":"Deurle De Vierschaar","qualifies_min1":true,"qualifies_min10":true,"qualifies_hourly":false,"qualifies_halfhour":false,"departures_MONDAY":33,"departures_TUESDAY":33,"departures_WEDNESDAY":33,"departures_THURSDAY":33,"departures_FRIDAY":33,"departures_SATURDAY":30,"departures_SUNDAY":15}},{"type":"Feature","geometry":{"type":"Point","coordinates":[3.59051,50.99009]},"properties":{"stop_id":"202205","stop_name":"Astene Beekstraat","qualifies_min1":true,"qualifies_min10":true,"qualifies_hourly":false,"qualifies_halfhour":false,"departures_MONDAY":33,"departures_TUESDAY":33,"departures_WEDNESDAY":33,"departures_THURSDAY":33,"departures_FRIDAY":33,"departures_SATURDAY":30,"departures_SUNDAY":15}},{"type":"Feature","geometry":{"type":"Point","coordinates":[3.58068,50.98809]},"properties":{"stop_id":"202206","stop_name":"Astene Oudestraat","qualifies_min1":true,"qualifies_min10":true,"qualifies_hourly":false,"qualifies_halfhour":false,"departures_MONDAY":33,"departures_TUESDAY":33,"departures_WEDNESDAY":33,"departures_THURSDAY":33,"departures_FRIDAY":33,"departures_SATURDAY":30,"departures_SUNDAY":15}},{"type":"Feature","geometry":{"type":"Point","coordinates":[3.73474,51.12886]},"properties":{"stop_id":"202272","stop_name":"Evergem Paryslaan","qualifies_min1":true,"qualifies_min10":true,"qualifies_hourly":true,"qualifies_halfhour":false,"departures_MONDAY":34,"departures_TUESDAY":34,"departures_WEDNESDAY":34,"departures_THURSDAY":34,"departures_FRIDAY":34,"departures_SATURDAY":28,"departures_SUNDAY":16}},{"type":"Feature","geometry":{"type":"Point","coordinates":[3.74633,51.17785]},"properties":{"stop_id":"202273","stop_name":"Ertvelde Marktplein","qualifies_min1":true,"qualifies_min10":true,"qualifies_hourly":false,"qualifies_halfhour":false,"departures_MONDAY":34,"departures_TUESDAY":34,"departures_WEDNESDAY":34,"departures_THURSDAY":34,"departures_FRIDAY":34,"departures_SATURDAY":28,"departures_SUNDAY":16}},{"type":"Feature","geometry":{"type":"Point","coordinates":[3.75302,51.17883]},"properties":{"stop_id":"202279","stop_name":"Ertvelde Hermijtstraat","qualifies_min1":true,"qualifies_min10":true,"qualifies_hourly":false,"qualifies_halfhour":false,"departures_MONDAY":34,"departures_TUESDAY":34,"departures_WEDNESDAY":34,"departures_THURSDAY":34,"departures_FRIDAY":34,"departures_SATURDAY":28,"departures_SUNDAY":16}},{"type":"Feature","geometry":{"type":"Point","coordinates":[3.76108,51.17703]},"properties":{"stop_id":"202298","stop_name":"Ertvelde Rieme Kievitstraat","qualifies_min1":true,"qualifies_min10":true,"qualifies_hourly":false,"qualifies_halfhour":false,"departures_MONDAY":34,"departures_TUESDAY":34,"departures_WEDNESDAY":34,"departures_THURSDAY":34,"departures_FRIDAY":34,"departures_SATURDAY":28,"departures_SUNDAY":16}},{"type":"Feature","geometry":{"type":"Point","coordinates":[3.76969,51.17604]},"properties":{"stop_id":"202326","stop_name":"Ertvelde Rieme Stationsstraat","qualifies_min1":true,"qualifies_min10":true,"qualifies_hourly":false,"qualifies_halfhour":false,"departures_MONDAY":34,"departures_TUESDAY":34,"departures_WEDNESDAY":34,"departures_THURSDAY":34,"departures_FRIDAY":34,"departures_SATURDAY":28,"departures_SUNDAY":16}},{"type":"Feature","geometry":{"type":"Point","coordinates":[3.7766,51.17402]},"properties":{"stop_id":"202327","stop_name":"Ertvelde Rieme Overweg","qualifies_min1":true,"qualifies_min10":true,"qualifies_hourly":false,"qualifies_halfhour":false,"departures_MONDAY":34,"departures_TUESDAY":34,"departures_WEDNESDAY":34,"departures_THURSDAY":34,"departures_FRIDAY":34,"departures_SATURDAY":28,"departures_SUNDAY":16}},{"type":"Feature","geometry":{"type":"Point","coordinates":[3.76772,50.99749]},"properties":{"stop_id":"202340","stop_name":"Merelbeke Campus Diergeneeskunde","qualifies_min1":true,"qualifies_min10":true,"qualifies_hourly":false,"qualifies_halfhour":false,"departures_MONDAY":15,"departures_TUESDAY":15,"departures_WEDNESDAY":15,"departures_THURSDAY":15,"departures_FRIDAY":15,"departures_SATURDAY":13,"departures_SUNDAY":11}},{"type":"Feature","geometry":{"type":"Point","coordinates":[3.69122,51.07126]},"properties":{"stop_id":"202358","stop_name":"Mariakerke Vaartstraat","qualifies_min1":true,"qualifies_min10":true,"qualifies_hourly":true,"qualifies_halfhour":false,"departures_MONDAY":31,"departures_TUESDAY":31,"departures_WEDNESDAY":31,"departures_THURSDAY":31,"departures_FRIDAY":31,"departures_SATURDAY":17,"departures_SUNDAY":16}},{"type":"Feature","geometry":{"type":"Point","coordinates":[3.6863,51.07375]},"properties":{"stop_id":"202359","stop_name":"Mariakerke Mazestraat","qualifies_min1":true,"qualifies_min10":true,"qualifies_hourly":true,"qualifies_halfhour":false,"departures_MONDAY":31,"departures_TUESDAY":31,"departures_WEDNESDAY":31,"departures_THURSDAY":31,"departures_FRIDAY":31,"departures_SATURDAY":17,"departures_SUNDAY":16}},{"type":"Feature","geometry":{"type":"Point","coordinates":[3.67715,51.07833]},"properties":{"stop_id":"202360","stop_name":"Mariakerke Groenestaakstraat","qualifies_min1":true,"qualifies_min10":true,"qualifies_hourly":true,"qualifies_halfhour":false,"departures_MONDAY":31,"departures_TUESDAY":31,"departures_WEDNESDAY":31,"departures_THURSDAY":31,"departures_FRIDAY":31,"departures_SATURDAY":17,"departures_SUNDAY":16}},{"type":"Feature","geometry":{"type":"Point","coordinates":[3.66336,51.0853]},"properties":{"stop_id":"202362","stop_name":"Mariakerke Industrieweg","qualifies_min1":true,"qualifies_min10":true,"qualifies_hourly":true,"qualifies_halfhour":false,"departures_MONDAY":31,"departures_TUESDAY":31,"departures_WEDNESDAY":31,"departures_THURSDAY":31,"departures_FRIDAY":31,"departures_SATURDAY":17,"departures_SUNDAY":16}},{"type":"Feature","geometry":{"type":"Point","coordinates":[3.65262,51.09]},"properties":{"stop_id":"202363","stop_name":"Evergem Rabotstraat","qualifies_min1":true,"qualifies_min10":true,"qualifies_hourly":true,"qualifies_halfhour":false,"departures_MONDAY":31,"departures_TUESDAY":31,"departures_WEDNESDAY":31,"departures_THURSDAY":31,"departures_FRIDAY":31,"departures_SATURDAY":17,"departures_SUNDAY":16}},{"type":"Feature","geometry":{"type":"Point","coordinates":[3.64545,51.09245]},"properties":{"stop_id":"202364","stop_name":"Lovendegem Bierstal","qualifies_min1":true,"qualifies_min10":true,"qualifies_hourly":true,"qualifies_halfhour":false,"departures_MONDAY":31,"departures_TUESDAY":31,"departures_WEDNESDAY":31,"departures_THURSDAY":31,"departures_FRIDAY":31,"departures_SATURDAY":17,"departures_SUNDAY":16}},{"type":"Feature","geometry":{"type":"Point","coordinates":[3.63789,51.0978]},"properties":{"stop_id":"202365","stop_name":"Lovendegem Appensvoorde","qualifies_min1":true,"qualifies_min10":true,"qualifies_hourly":true,"qualifies_halfhour":false,"departures_MONDAY":65,"departures_TUESDAY":65,"departures_WEDNESDAY":65,"departures_THURSDAY":65,"departures_FRIDAY":65,"departures_SATURDAY":46,"departures_SUNDAY":33}},{"type":"Feature","geometry":{"type":"Point","coordinates":[3.62601,51.10433]},"properties":{"stop_id":"202366","stop_name":"Lovendegem Oostveld Kouter","qualifies_min1":true,"qualifies_min10":true,"qualifies_hourly":true,"qualifies_halfhour":false,"departures_MONDAY":65,"departures_TUESDAY":65,"departures_WEDNESDAY":65,"departures_THURSDAY":65,"departures_FRIDAY":65,"departures_SATURDAY":46,"departures_SUNDAY":33}},{"type":"Feature","geometry":{"type":"Point","coordinates":[3.62042,51.10649]},"properties":{"stop_id":"202367","stop_name":"Lovendegem Binnenslag","qualifies_min1":true,"qualifies_min10":true,"qualifies_hourly":true,"qualifies_halfhour":false,"departures_MONDAY":65,"departures_TUESDAY":65,"departures_WEDNESDAY":65,"departures_THURSDAY":65,"departures_FRIDAY":65,"departures_SATURDAY":46,"departures_SUNDAY":33}},{"type":"Feature","geometry":{"type":"Point","coordinates":[3.6103,51.09831]},"properties":{"stop_id":"202369","stop_name":"Lovendegem Triestlaan","qualifies_min1":true,"qualifies_min10":true,"qualifies_hourly":true,"qualifies_halfhour":false,"departures_MONDAY":31,"departures_TUESDAY":31,"departures_WEDNESDAY":31,"departures_THURSDAY":31,"departures_FRIDAY":31,"departures_SATURDAY":17,"departures_SUNDAY":16}},{"type":"Feature","geometry":{"type":"Point","coordinates":[3.58658,51.10942]},"properties":{"stop_id":"202374","stop_name":"Zomergem Mispelare Stelplaats","qualifies_min1":true,"qualifies_min10":true,"qualifies_hourly":true,"qualifies_halfhour":false,"departures_MONDAY":31,"departures_TUESDAY":31,"departures_WEDNESDAY":31,"departures_THURSDAY":31,"departures_FRIDAY":31,"departures_SATURDAY":17,"departures_SUNDAY":16}},{"type":"Feature","geometry":{"type":"Point","coordinates":[3.77085,51.09932]},"properties":{"stop_id":"202397","stop_name":"Oostakker Wulverdam","qualifies_min1":true,"qualifies_min10":true,"qualifies_hourly":true,"qualifies_halfhour":false,"departures_MONDAY":97,"departures_TUESDAY":97,"departures_WEDNESDAY":97,"departures_THURSDAY":97,"departures_FRIDAY":98,"departures_SATURDAY":91,"departures_SUNDAY":85}},{"type":"Feature","geometry":{"type":"Point","coordinates":[3.72759,51.0957]},"properties":{"stop_id":"202406","stop_name":"Gent Taminco","qualifies_min1":true,"qualifies_min10":true,"qualifies_hourly":true,"qualifies_halfhour":false,"departures_MONDAY":34,"departures_TUESDAY":34,"departures_WEDNESDAY":34,"departures_THURSDAY":34,"departures_FRIDAY":34,"departures_SATURDAY":28,"departures_SUNDAY":16}},{"type":"Feature","geometry":{"type":"Point","coordinates":[3.72908,51.09954]},"properties":{"stop_id":"202407","stop_name":"Gent Passagierstraat","qualifies_min1":true,"qualifies_min10":true,"qualifies_hourly":true,"qualifies_halfhour":false,"departures_MONDAY":34,"departures_TUESDAY":34,"departures_WEDNESDAY":34,"departures_THURSDAY":34,"departures_FRIDAY":34,"departures_SATURDAY":28,"departures_SUNDAY":16}},{"type":"Feature","geometry":{"type":"Point","coordinates":[3.73973,51.11401]},"properties":{"stop_id":"202417","stop_name":"Evergem Gentweg","qualifies_min1":true,"qualifies_min10":true,"qualifies_hourly":true,"qualifies_halfhour":false,"departures_MONDAY":34,"departures_TUESDAY":34,"departures_WEDNESDAY":34,"departures_THURSDAY":34,"departures_FRIDAY":34,"departures_SATURDAY":28,"departures_SUNDAY":16}},{"type":"Feature","geometry":{"type":"Point","coordinates":[3.73854,51.11863]},"properties":{"stop_id":"202418","stop_name":"Evergem Grovermansdreef","qualifies_min1":true,"qualifies_min10":true,"qualifies_hourly":true,"qualifies_halfhour":false,"departures_MONDAY":34,"departures_TUESDAY":34,"departures_WEDNESDAY":34,"departures_THURSDAY":34,"departures_FRIDAY":34,"departures_SATURDAY":28,"departures_SUNDAY":16}},{"type":"Feature","geometry":{"type":"Point","coordinates":[3.78406,51.17456]},"properties":{"stop_id":"202429","stop_name":"Ertvelde Rieme Kerk","qualifies_min1":true,"qualifies_min10":true,"qualifies_hourly":false,"qualifies_halfhour":false,"departures_MONDAY":34,"departures_TUESDAY":34,"departures_WEDNESDAY":34,"departures_THURSDAY":34,"departures_FRIDAY":34,"departures_SATURDAY":28,"departures_SUNDAY":16}},{"type":"Feature","geometry":{"type":"Point","coordinates":[3.79936,51.1927]},"properties":{"stop_id":"202431","stop_name":"Zelzate Klein Rusland","qualifies_min1":true,"qualifies_min10":true,"qualifies_hourly":false,"qualifies_halfhour":false,"departures_MONDAY":34,"departures_TUESDAY":34,"departures_WEDNESDAY":34,"departures_THURSDAY":34,"departures_FRIDAY":34,"departures_SATURDAY":28,"departures_SUNDAY":16}},{"type":"Feature","geometry":{"type":"Point","coordinates":[3.79944,51.19694]},"properties":{"stop_id":"202432","stop_name":"Zelzate Tweede Gidsenlaan","qualifies_min1":true,"qualifies_min10":true,"qualifies_hourly":false,"qualifies_halfhour":false,"departures_MONDAY":34,"departures_TUESDAY":34,"departures_WEDNESDAY":34,"departures_THURSDAY":34,"departures_FRIDAY":34,"departures_SATURDAY":28,"departures_SUNDAY":16}},{"type":"Feature","geometry":{"type":"Point","coordinates":[3.75419,51.05209]},"properties":{"stop_id":"202451","stop_name":"Sint-Amandsberg Baeyensstraat","qualifies_min1":true,"qualifies_min10":true,"qualifies_hourly":true,"qualifies_halfhour":false,"departures_MONDAY":87,"departures_TUESDAY":87,"departures_WEDNESDAY":87,"departures_THURSDAY":87,"departures_FRIDAY":87,"departures_SATURDAY":78,"departures_SUNDAY":38}},{"type":"Feature","geometry":{"type":"Point","coordinates":[3.7582,51.05183]},"properties":{"stop_id":"202452","stop_name":"Destelbergen Lossystraat","qualifies_min1":true,"qualifies_min10":true,"qualifies_hourly":true,"qualifies_halfhour":false,"departures_MONDAY":62,"departures_TUESDAY":62,"departures_WEDNESDAY":62,"departures_THURSDAY":62,"departures_FRIDAY":62,"departures_SATURDAY":57,"departures_SUNDAY":29}},{"type":"Feature","geometry":{"type":"Point","coordinates":[3.76553,51.05253]},"properties":{"stop_id":"202453","stop_name":"Destelbergen Stelplaats","qualifies_min1":true,"qualifies_min10":true,"qualifies_hourly":true,"qualifies_halfhour":false,"departures_MONDAY":62,"departures_TUESDAY":62,"departures_WEDNESDAY":62,"departures_THURSDAY":62,"departures_FRIDAY":62,"departures_SATURDAY":57,"departures_SUNDAY":29}},{"type":"Feature","geometry":{"type":"Point","coordinates":[3.77113,51.05416]},"properties":{"stop_id":"202454","stop_name":"Destelbergen Admiraalstraat","qualifies_min1":true,"qualifies_min10":true,"qualifies_hourly":true,"qualifies_halfhour":false,"departures_MONDAY":62,"departures_TUESDAY":62,"departures_WEDNESDAY":62,"departures_THURSDAY":62,"departures_FRIDAY":62,"departures_SATURDAY":57,"departures_SUNDAY":29}},{"type":"Feature","geometry":{"type":"Point","coordinates":[3.78096,51.05532]},"properties":{"stop_id":"202455","stop_name":"Destelbergen Zenderstraat","qualifies_min1":true,"qualifies_min10":true,"qualifies_hourly":true,"qualifies_halfhour":false,"departures_MONDAY":62,"departures_TUESDAY":62,"departures_WEDNESDAY":62,"departures_THURSDAY":62,"departures_FRIDAY":62,"departures_SATURDAY":57,"departures_SUNDAY":29}},{"type":"Feature","geometry":{"type":"Point","coordinates":[3.79622,51.04844]},"properties":{"stop_id":"202459","stop_name":"Destelbergen Scheldekant","qualifies_min1":true,"qualifies_min10":true,"qualifies_hourly":true,"qualifies_halfhour":false,"departures_MONDAY":33,"departures_TUESDAY":33,"departures_WEDNESDAY":33,"departures_THURSDAY":33,"departures_FRIDAY":33,"departures_SATURDAY":30,"departures_SUNDAY":17}},{"type":"Feature","geometry":{"type":"Point","coordinates":[3.79495,51.04134]},"properties":{"stop_id":"202460","stop_name":"Heusden Doolaegepark","qualifies_min1":true,"qualifies_min10":true,"qualifies_hourly":true,"qualifies_halfhour":false,"departures_MONDAY":33,"departures_TUESDAY":33,"departures_WEDNESDAY":33,"departures_THURSDAY":33,"departures_FRIDAY":33,"departures_SATURDAY":30,"departures_SUNDAY":17}},{"type":"Feature","geometry":{"type":"Point","coordinates":[3.80301,51.03316]},"properties":{"stop_id":"202462","stop_name":"Heusden Tramstraat","qualifies_min1":true,"qualifies_min10":true,"qualifies_hourly":true,"qualifies_halfhour":false,"departures_MONDAY":33,"departures_TUESDAY":33,"departures_WEDNESDAY":33,"departures_THURSDAY":33,"departures_FRIDAY":33,"departures_SATURDAY":30,"departures_SUNDAY":17}},{"type":"Feature","geometry":{"type":"Point","coordinates":[3.81417,51.03515]},"properties":{"stop_id":"202464","stop_name":"Heusden Blauwe Steenstraat","qualifies_min1":true,"qualifies_min10":true,"qualifies_hourly":true,"qualifies_halfhour":false,"departures_MONDAY":33,"departures_TUESDAY":33,"departures_WEDNESDAY":33,"departures_THURSDAY":33,"departures_FRIDAY":33,"departures_SATURDAY":29,"departures_SUNDAY":17}},{"type":"Feature","geometry":{"type":"Point","coordinates":[3.8194,51.03461]},"properties":{"stop_id":"202467","stop_name":"Heusden Dries","qualifies_min1":true,"qualifies_min10":true,"qualifies_hourly":true,"qualifies_halfhour":false,"departures_MONDAY":33,"departures_TUESDAY":33,"departures_WEDNESDAY":33,"departures_THURSDAY":33,"departures_FRIDAY":33,"departures_SATURDAY":29,"departures_SUNDAY":17}},{"type":"Feature","geometry":{"type":"Point","coordinates":[3.82638,51.03327]},"properties":{"stop_id":"202468","stop_name":"Heusden Broekstraat","qualifies_min1":true,"qualifies_min10":true,"qualifies_hourly":true,"qualifies_halfhour":false,"departures_MONDAY":33,"departures_TUESDAY":33,"departures_WEDNESDAY":33,"departures_THURSDAY":33,"departures_FRIDAY":33,"departures_SATURDAY":29,"departures_SUNDAY":17}},{"type":"Feature","geometry":{"type":"Point","coordinates":[3.83223,51.03353]},"properties":{"stop_id":"202469","stop_name":"Laarne Korte Eekhoekstraat","qualifies_min1":true,"qualifies_min10":true,"qualifies_hourly":true,"qualifies_halfhour":false,"departures_MONDAY":33,"departures_TUESDAY":33,"departures_WEDNESDAY":33,"departures_THURSDAY":33,"departures_FRIDAY":33,"departures_SATURDAY":29,"departures_SUNDAY":17}},{"type":"Feature","geometry":{"type":"Point","coordinates":[3.84014,51.02837]},"properties":{"stop_id":"202470","stop_name":"Laarne Kasteel","qualifies_min1":true,"qualifies_min10":true,"qualifies_hourly":true,"qualifies_halfhour":false,"departures_MONDAY":33,"departures_TUESDAY":33,"departures_WEDNESDAY":33,"departures_THURSDAY":33,"departures_FRIDAY":33,"departures_SATURDAY":29,"departures_SUNDAY":17}},{"type":"Feature","geometry":{"type":"Point","coordinates":[3.84995,51.02957]},"properties":{"stop_id":"202471","stop_name":"Laarne Dorp","qualifies_min1":true,"qualifies_min10":true,"qualifies_hourly":true,"qualifies_halfhour":false,"departures_MONDAY":33,"departures_TUESDAY":33,"departures_WEDNESDAY":33,"departures_THURSDAY":33,"departures_FRIDAY":33,"departures_SATURDAY":29,"departures_SUNDAY":17}},{"type":"Feature","geometry":{"type":"Point","coordinates":[3.85467,51.02922]},"properties":{"stop_id":"202472","stop_name":"Laarne Oostremstraat","qualifies_min1":true,"qualifies_min10":true,"qualifies_hourly":true,"qualifies_halfhour":false,"departures_MONDAY":33,"departures_TUESDAY":33,"departures_WEDNESDAY":33,"departures_THURSDAY":33,"departures_FRIDAY":33,"departures_SATURDAY":29,"departures_SUNDAY":17}},{"type":"Feature","geometry":{"type":"Point","coordinates":[3.86084,51.02727]},"properties":{"stop_id":"202473","stop_name":"Laarne Termstraat","qualifies_min1":true,"qualifies_min10":true,"qualifies_hourly":true,"qualifies_halfhour":false,"departures_MONDAY":33,"departures_TUESDAY":33,"departures_WEDNESDAY":33,"departures_THURSDAY":33,"departures_FRIDAY":33,"departures_SATURDAY":29,"departures_SUNDAY":17}},{"type":"Feature","geometry":{"type":"Point","coordinates":[3.8663,51.02287]},"properties":{"stop_id":"202474","stop_name":"Laarne Meirhoekwegel","qualifies_min1":true,"qualifies_min10":true,"qualifies_hourly":true,"qualifies_halfhour":false,"departures_MONDAY":33,"departures_TUESDAY":33,"departures_WEDNESDAY":33,"departures_THURSDAY":33,"departures_FRIDAY":33,"departures_SATURDAY":29,"departures_SUNDAY":17}},{"type":"Feature","geometry":{"type":"Point","coordinates":[3.87051,51.01829]},"properties":{"stop_id":"202475","stop_name":"Wetteren Zavelstraat","qualifies_min1":true,"qualifies_min10":true,"qualifies_hourly":true,"qualifies_halfhour":false,"departures_MONDAY":33,"departures_TUESDAY":33,"departures_WEDNESDAY":33,"departures_THURSDAY":33,"departures_FRIDAY":33,"departures_SATURDAY":29,"departures_SUNDAY":17}},{"type":"Feature","geometry":{"type":"Point","coordinates":[3.87142,51.01537]},"properties":{"stop_id":"202476","stop_name":"Wetteren Kerkwegel","qualifies_min1":true,"qualifies_min10":true,"qualifies_hourly":true,"qualifies_halfhour":false,"departures_MONDAY":33,"departures_TUESDAY":33,"departures_WEDNESDAY":33,"departures_THURSDAY":33,"departures_FRIDAY":33,"departures_SATURDAY":29,"departures_SUNDAY":17}},{"type":"Feature","geometry":{"type":"Point","coordinates":[3.88157,51.01148]},"properties":{"stop_id":"202477","stop_name":"Wetteren Kapellendries","qualifies_min1":true,"qualifies_min10":true,"qualifies_hourly":true,"qualifies_halfhour":false,"departures_MONDAY":48,"departures_TUESDAY":48,"departures_WEDNESDAY":48,"departures_THURSDAY":48,"departures_FRIDAY":48,"departures_SATURDAY":44,"departures_SUNDAY":17}},{"type":"Feature","geometry":{"type":"Point","coordinates":[3.87866,51.00499]},"properties":{"stop_id":"202479","stop_name":"Wetteren Kon. Astridlaan","qualifies_min1":true,"qualifies_min10":true,"qualifies_hourly":true,"qualifies_halfhour":false,"departures_MONDAY":55,"departures_TUESDAY":55,"departures_WEDNESDAY":55,"departures_THURSDAY":55,"departures_FRIDAY":55,"departures_SATURDAY":44,"departures_SUNDAY":17}},{"type":"Feature","geometry":{"type":"Point","coordinates":[3.79717,51.05604]},"properties":{"stop_id":"202485","stop_name":"Destelbergen Kerk","qualifies_min1":true,"qualifies_min10":true,"qualifies_hourly":true,"qualifies_halfhour":false,"departures_MONDAY":62,"departures_TUESDAY":62,"departures_WEDNESDAY":62,"departures_THURSDAY":62,"departures_FRIDAY":62,"departures_SATURDAY":57,"departures_SUNDAY":29}},{"type":"Feature","geometry":{"type":"Point","coordinates":[3.8043,51.05688]},"properties":{"stop_id":"202506","stop_name":"Destelbergen Sint-Pietershofstraat","qualifies_min1":true,"qualifies_min10":true,"qualifies_hourly":false,"qualifies_halfhour":false,"departures_MONDAY":27,"departures_TUESDAY":27,"departures_WEDNESDAY":27,"departures_THURSDAY":27,"departures_FRIDAY":27,"departures_SATURDAY":25,"departures_SUNDAY":12}},{"type":"Feature","geometry":{"type":"Point","coordinates":[3.60018,51.18397]},"properties":{"stop_id":"202539","stop_name":"Eeklo Lazarijstraat","qualifies_min1":true,"qualifies_min10":true,"qualifies_hourly":false,"qualifies_halfhour":false,"departures_MONDAY":16,"departures_TUESDAY":16,"departures_WEDNESDAY":16,"departures_THURSDAY":16,"departures_FRIDAY":16,"departures_SATURDAY":15,"departures_SUNDAY":13}},{"type":"Feature","geometry":{"type":"Point","coordinates":[3.75237,51.07605]},"properties":{"stop_id":"202546","stop_name":"Gent Bernadette Kerk","qualifies_min1":true,"qualifies_min10":true,"qualifies_hourly":true,"qualifies_halfhour":false,"departures_MONDAY":66,"departures_TUESDAY":66,"departures_WEDNESDAY":66,"departures_THURSDAY":66,"departures_FRIDAY":66,"departures_SATURDAY":63,"departures_SUNDAY":57}},{"type":"Feature","geometry":{"type":"Point","coordinates":[3.75722,51.07992]},"properties":{"stop_id":"202547","stop_name":"Oostakker Slotendries","qualifies_min1":true,"qualifies_min10":true,"qualifies_hourly":true,"qualifies_halfhour":false,"departures_MONDAY":66,"departures_TUESDAY":66,"departures_WEDNESDAY":66,"departures_THURSDAY":66,"departures_FRIDAY":66,"departures_SATURDAY":63,"departures_SUNDAY":57}},{"type":"Feature","geometry":{"type":"Point","coordinates":[3.75861,51.08207]},"properties":{"stop_id":"202548","stop_name":"Oostakker Lourdes","qualifies_min1":true,"qualifies_min10":true,"qualifies_hourly":true,"qualifies_halfhour":false,"departures_MONDAY":66,"departures_TUESDAY":66,"departures_WEDNESDAY":66,"departures_THURSDAY":66,"departures_FRIDAY":66,"departures_SATURDAY":63,"departures_SUNDAY":57}},{"type":"Feature","geometry":{"type":"Point","coordinates":[3.75822,51.08914]},"properties":{"stop_id":"202549","stop_name":"Oostakker Eikstraat","qualifies_min1":true,"qualifies_min10":true,"qualifies_hourly":true,"qualifies_halfhour":false,"departures_MONDAY":66,"departures_TUESDAY":66,"departures_WEDNESDAY":66,"departures_THURSDAY":66,"departures_FRIDAY":66,"departures_SATURDAY":63,"departures_SUNDAY":57}},{"type":"Feature","geometry":{"type":"Point","coordinates":[3.75828,51.09153]},"properties":{"stop_id":"202550","stop_name":"Oostakker Drie Zwaantjes","qualifies_min1":true,"qualifies_min10":true,"qualifies_hourly":true,"qualifies_halfhour":false,"departures_MONDAY":66,"departures_TUESDAY":66,"departures_WEDNESDAY":66,"departures_THURSDAY":66,"departures_FRIDAY":66,"departures_SATURDAY":63,"departures_SUNDAY":57}},{"type":"Feature","geometry":{"type":"Point","coordinates":[3.77542,51.09824]},"properties":{"stop_id":"202562","stop_name":"Oostakker Drieselstraat","qualifies_min1":true,"qualifies_min10":true,"qualifies_hourly":true,"qualifies_halfhour":false,"departures_MONDAY":66,"departures_TUESDAY":66,"departures_WEDNESDAY":66,"departures_THURSDAY":66,"departures_FRIDAY":66,"departures_SATURDAY":63,"departures_SUNDAY":57}},{"type":"Feature","geometry":{"type":"Point","coordinates":[3.84599,51.17463]},"properties":{"stop_id":"202583","stop_name":"Wachtebeke Gebr. Naudtslaan","qualifies_min1":true,"qualifies_min10":false,"qualifies_hourly":false,"qualifies_halfhour":false,"departures_MONDAY":16,"departures_TUESDAY":16,"departures_WEDNESDAY":16,"departures_THURSDAY":16,"departures_FRIDAY":16,"departures_SATURDAY":15,"departures_SUNDAY":6}},{"type":"Feature","geometry":{"type":"Point","coordinates":[3.8216,51.19614]},"properties":{"stop_id":"202585","stop_name":"Zelzate Verbindingsstraat","qualifies_min1":true,"qualifies_min10":false,"qualifies_hourly":false,"qualifies_halfhour":false,"departures_MONDAY":16,"departures_TUESDAY":16,"departures_WEDNESDAY":16,"departures_THURSDAY":16,"departures_FRIDAY":16,"departures_SATURDAY":15,"departures_SUNDAY":6}},{"type":"Feature","geometry":{"type":"Point","coordinates":[3.81626,51.19697]},"properties":{"stop_id":"202586","stop_name":"Zelzate Verbroederingslaan","qualifies_min1":true,"qualifies_min10":false,"qualifies_hourly":false,"qualifies_halfhour":false,"departures_MONDAY":16,"departures_TUESDAY":16,"departures_WEDNESDAY":16,"departures_THURSDAY":16,"departures_FRIDAY":16,"departures_SATURDAY":15,"departures_SUNDAY":6}},{"type":"Feature","geometry":{"type":"Point","coordinates":[3.60628,51.09537]},"properties":{"stop_id":"202587","stop_name":"Lovendegem Kerk","qualifies_min1":true,"qualifies_min10":true,"qualifies_hourly":true,"qualifies_halfhour":false,"departures_MONDAY":31,"departures_TUESDAY":31,"departures_WEDNESDAY":31,"departures_THURSDAY":31,"departures_FRIDAY":31,"departures_SATURDAY":17,"departures_SUNDAY":16}},{"type":"Feature","geometry":{"type":"Point","coordinates":[3.76499,51.09387]},"properties":{"stop_id":"202608","stop_name":"Oostakker Sporthal Wolfput","qualifies_min1":true,"qualifies_min10":true,"qualifies_hourly":true,"qualifies_halfhour":false,"departures_MONDAY":66,"departures_TUESDAY":66,"departures_WEDNESDAY":66,"departures_THURSDAY":66,"departures_FRIDAY":66,"departures_SATURDAY":63,"departures_SUNDAY":57}},{"type":"Feature","geometry":{"type":"Point","coordinates":[3.83151,51.12192]},"properties":{"stop_id":"202619","stop_name":"Zaffelare Kapiteinstraat","qualifies_min1":true,"qualifies_min10":true,"qualifies_hourly":false,"qualifies_halfhour":false,"departures_MONDAY":21,"departures_TUESDAY":21,"departures_WEDNESDAY":21,"departures_THURSDAY":21,"departures_FRIDAY":21,"departures_SATURDAY":18,"departures_SUNDAY":15}},{"type":"Feature","geometry":{"type":"Point","coordinates":[3.83646,51.12373]},"properties":{"stop_id":"202620","stop_name":"Zaffelare Rechtstraat","qualifies_min1":true,"qualifies_min10":true,"qualifies_hourly":false,"qualifies_halfhour":false,"departures_MONDAY":21,"departures_TUESDAY":21,"departures_WEDNESDAY":21,"departures_THURSDAY":21,"departures_FRIDAY":21,"departures_SATURDAY":18,"departures_SUNDAY":15}},{"type":"Feature","geometry":{"type":"Point","coordinates":[3.84506,51.12793]},"properties":{"stop_id":"202621","stop_name":"Zaffelare Nerenhoek","qualifies_min1":true,"qualifies_min10":true,"qualifies_hourly":false,"qualifies_halfhour":false,"departures_MONDAY":21,"departures_TUESDAY":21,"departures_WEDNESDAY":21,"departures_THURSDAY":21,"departures_FRIDAY":21,"departures_SATURDAY":18,"departures_SUNDAY":15}},{"type":"Feature","geometry":{"type":"Point","coordinates":[3.85439,51.13025]},"properties":{"stop_id":"202622","stop_name":"Zaffelare Molenstraat","qualifies_min1":true,"qualifies_min10":true,"qualifies_hourly":false,"qualifies_halfhour":false,"departures_MONDAY":21,"departures_TUESDAY":21,"departures_WEDNESDAY":21,"departures_THURSDAY":21,"departures_FRIDAY":21,"departures_SATURDAY":18,"departures_SUNDAY":15}},{"type":"Feature","geometry":{"type":"Point","coordinates":[3.86251,51.13283]},"properties":{"stop_id":"202623","stop_name":"Zaffelare Kerk","qualifies_min1":true,"qualifies_min10":true,"qualifies_hourly":false,"qualifies_halfhour":false,"departures_MONDAY":21,"departures_TUESDAY":21,"departures_WEDNESDAY":21,"departures_THURSDAY":21,"departures_FRIDAY":21,"departures_SATURDAY":18,"departures_SUNDAY":15}},{"type":"Feature","geometry":{"type":"Point","coordinates":[3.86408,51.15137]},"properties":{"stop_id":"202641","stop_name":"Wachtebeke Craenendam","qualifies_min1":true,"qualifies_min10":true,"qualifies_hourly":false,"qualifies_halfhour":false,"departures_MONDAY":21,"departures_TUESDAY":21,"departures_WEDNESDAY":21,"departures_THURSDAY":21,"departures_FRIDAY":21,"departures_SATURDAY":18,"departures_SUNDAY":15}},{"type":"Feature","geometry":{"type":"Point","coordinates":[3.87165,51.153]},"properties":{"stop_id":"202642","stop_name":"Wachtebeke Domein Puyenbroeck P1","qualifies_min1":true,"qualifies_min10":true,"qualifies_hourly":false,"qualifies_halfhour":false,"departures_MONDAY":28,"departures_TUESDAY":28,"departures_WEDNESDAY":28,"departures_THURSDAY":28,"departures_FRIDAY":28,"departures_SATURDAY":28,"departures_SUNDAY":23}},{"type":"Feature","geometry":{"type":"Point","coordinates":[3.71096,51.05983]},"properties":{"stop_id":"202648","stop_name":"Gent Rabot (Griendeplein)","qualifies_min1":true,"qualifies_min10":true,"qualifies_hourly":true,"qualifies_halfhour":false,"departures_MONDAY":31,"departures_TUESDAY":31,"departures_WEDNESDAY":31,"departures_THURSDAY":31,"departures_FRIDAY":31,"departures_SATURDAY":17,"departures_SUNDAY":16}},{"type":"Feature","geometry":{"type":"Point","coordinates":[3.71489,51.07602]},"properties":{"stop_id":"202651","stop_name":"Gent Grensstraat","qualifies_min1":true,"qualifies_min10":true,"qualifies_hourly":true,"qualifies_halfhour":true,"departures_MONDAY":203,"departures_TUESDAY":203,"departures_WEDNESDAY":203,"departures_THURSDAY":203,"departures_FRIDAY":210,"departures_SATURDAY":210,"departures_SUNDAY":178}},{"type":"Feature","geometry":{"type":"Point","coordinates":[3.71656,51.08053]},"properties":{"stop_id":"202652","stop_name":"Wondelgem Spoorwegstraat","qualifies_min1":true,"qualifies_min10":true,"qualifies_hourly":true,"qualifies_halfhour":true,"departures_MONDAY":203,"departures_TUESDAY":203,"departures_WEDNESDAY":203,"departures_THURSDAY":203,"departures_FRIDAY":210,"departures_SATURDAY":210,"departures_SUNDAY":178}},{"type":"Feature","geometry":{"type":"Point","coordinates":[3.71652,51.08556]},"properties":{"stop_id":"202654","stop_name":"Wondelgem Molenstraat","qualifies_min1":true,"qualifies_min10":true,"qualifies_hourly":true,"qualifies_halfhour":true,"departures_MONDAY":203,"departures_TUESDAY":203,"departures_WEDNESDAY":203,"departures_THURSDAY":203,"departures_FRIDAY":210,"departures_SATURDAY":210,"departures_SUNDAY":178}},{"type":"Feature","geometry":{"type":"Point","coordinates":[3.73508,51.15441]},"properties":{"stop_id":"202665","stop_name":"Kluizen Toekomststraat","qualifies_min1":true,"qualifies_min10":true,"qualifies_hourly":true,"qualifies_halfhour":false,"departures_MONDAY":34,"departures_TUESDAY":34,"departures_WEDNESDAY":34,"departures_THURSDAY":34,"departures_FRIDAY":34,"departures_SATURDAY":28,"departures_SUNDAY":16}},{"type":"Feature","geometry":{"type":"Point","coordinates":[3.73652,51.15737]},"properties":{"stop_id":"202666","stop_name":"Kluizen Hoogstraat","qualifies_min1":true,"qualifies_min10":true,"qualifies_hourly":false,"qualifies_halfhour":false,"departures_MONDAY":34,"departures_TUESDAY":34,"departures_WEDNESDAY":34,"departures_THURSDAY":34,"departures_FRIDAY":34,"departures_SATURDAY":28,"departures_SUNDAY":16}},{"type":"Feature","geometry":{"type":"Point","coordinates":[3.74253,51.17002]},"properties":{"stop_id":"202667","stop_name":"Ertvelde Vaartstraat-West","qualifies_min1":true,"qualifies_min10":true,"qualifies_hourly":false,"qualifies_halfhour":false,"departures_MONDAY":34,"departures_TUESDAY":34,"departures_WEDNESDAY":34,"departures_THURSDAY":34,"departures_FRIDAY":34,"departures_SATURDAY":28,"departures_SUNDAY":16}},{"type":"Feature","geometry":{"type":"Point","coordinates":[3.74524,51.1753]},"properties":{"stop_id":"202668","stop_name":"Ertvelde Steenstraat","qualifies_min1":true,"qualifies_min10":true,"qualifies_hourly":false,"qualifies_halfhour":false,"departures_MONDAY":34,"departures_TUESDAY":34,"departures_WEDNESDAY":34,"departures_THURSDAY":34,"departures_FRIDAY":34,"departures_SATURDAY":28,"departures_SUNDAY":16}},{"type":"Feature","geometry":{"type":"Point","coordinates":[3.6886,51.19223]},"properties":{"stop_id":"202675","stop_name":"Oosteeklo Kerk","qualifies_min1":true,"qualifies_min10":true,"qualifies_hourly":false,"qualifies_halfhour":false,"departures_MONDAY":16,"departures_TUESDAY":16,"departures_WEDNESDAY":16,"departures_THURSDAY":16,"departures_FRIDAY":16,"departures_SATURDAY":15,"departures_SUNDAY":13}},{"type":"Feature","geometry":{"type":"Point","coordinates":[3.68906,51.19693]},"properties":{"stop_id":"202676","stop_name":"Oosteeklo Bosstraat","qualifies_min1":true,"qualifies_min10":true,"qualifies_hourly":false,"qualifies_halfhour":false,"departures_MONDAY":16,"departures_TUESDAY":16,"departures_WEDNESDAY":16,"departures_THURSDAY":16,"departures_FRIDAY":16,"departures_SATURDAY":15,"departures_SUNDAY":13}},{"type":"Feature","geometry":{"type":"Point","coordinates":[3.58225,51.18122]},"properties":{"stop_id":"202686","stop_name":"Eeklo Zwembadstraat","qualifies_min1":true,"qualifies_min10":true,"qualifies_hourly":false,"qualifies_halfhour":false,"departures_MONDAY":16,"departures_TUESDAY":16,"departures_WEDNESDAY":16,"departures_THURSDAY":16,"departures_FRIDAY":16,"departures_SATURDAY":15,"departures_SUNDAY":13}},{"type":"Feature","geometry":{"type":"Point","coordinates":[3.59106,51.1816]},"properties":{"stop_id":"202687","stop_name":"Eeklo Kriekmoerstraat","qualifies_min1":true,"qualifies_min10":true,"qualifies_hourly":false,"qualifies_halfhour":false,"departures_MONDAY":16,"departures_TUESDAY":16,"departures_WEDNESDAY":16,"departures_THURSDAY":16,"departures_FRIDAY":16,"departures_SATURDAY":15,"departures_SUNDAY":13}},{"type":"Feature","geometry":{"type":"Point","coordinates":[3.61471,51.18523]},"properties":{"stop_id":"202689","stop_name":"Lembeke Windgatstraat","qualifies_min1":true,"qualifies_min10":true,"qualifies_hourly":false,"qualifies_halfhour":false,"departures_MONDAY":16,"departures_TUESDAY":16,"departures_WEDNESDAY":16,"departures_THURSDAY":16,"departures_FRIDAY":16,"departures_SATURDAY":15,"departures_SUNDAY":13}},{"type":"Feature","geometry":{"type":"Point","coordinates":[3.65013,51.18617]},"properties":{"stop_id":"202721","stop_name":"Lembeke Kaprijkestraat","qualifies_min1":true,"qualifies_min10":true,"qualifies_hourly":false,"qualifies_halfhour":false,"departures_MONDAY":16,"departures_TUESDAY":16,"departures_WEDNESDAY":16,"departures_THURSDAY":16,"departures_FRIDAY":16,"departures_SATURDAY":15,"departures_SUNDAY":13}},{"type":"Feature","geometry":{"type":"Point","coordinates":[3.65997,51.18712]},"properties":{"stop_id":"202722","stop_name":"Lembeke Weststraat","qualifies_min1":true,"qualifies_min10":true,"qualifies_hourly":false,"qualifies_halfhour":false,"departures_MONDAY":16,"departures_TUESDAY":16,"departures_WEDNESDAY":16,"departures_THURSDAY":16,"departures_FRIDAY":16,"departures_SATURDAY":15,"departures_SUNDAY":13}},{"type":"Feature","geometry":{"type":"Point","coordinates":[3.68113,51.18754]},"properties":{"stop_id":"202723","stop_name":"Oosteeklo Rijkestraat","qualifies_min1":true,"qualifies_min10":true,"qualifies_hourly":false,"qualifies_halfhour":false,"departures_MONDAY":16,"departures_TUESDAY":16,"departures_WEDNESDAY":16,"departures_THURSDAY":16,"departures_FRIDAY":16,"departures_SATURDAY":15,"departures_SUNDAY":13}},{"type":"Feature","geometry":{"type":"Point","coordinates":[3.69961,51.1963]},"properties":{"stop_id":"202726","stop_name":"Oosteeklo Muikemstraat","qualifies_min1":true,"qualifies_min10":true,"qualifies_hourly":false,"qualifies_halfhour":false,"departures_MONDAY":16,"departures_TUESDAY":16,"departures_WEDNESDAY":16,"departures_THURSDAY":16,"departures_FRIDAY":16,"departures_SATURDAY":15,"departures_SUNDAY":13}},{"type":"Feature","geometry":{"type":"Point","coordinates":[3.7545,50.98476]},"properties":{"stop_id":"202733","stop_name":"Merelbeke Lamstraat","qualifies_min1":true,"qualifies_min10":true,"qualifies_hourly":false,"qualifies_halfhour":false,"departures_MONDAY":15,"departures_TUESDAY":15,"departures_WEDNESDAY":15,"departures_THURSDAY":15,"departures_FRIDAY":15,"departures_SATURDAY":13,"departures_SUNDAY":11}},{"type":"Feature","geometry":{"type":"Point","coordinates":[3.75902,50.98768]},"properties":{"stop_id":"202735","stop_name":"Merelbeke Wijnpeerstraat","qualifies_min1":true,"qualifies_min10":true,"qualifies_hourly":false,"qualifies_halfhour":false,"departures_MONDAY":15,"departures_TUESDAY":15,"departures_WEDNESDAY":15,"departures_THURSDAY":15,"departures_FRIDAY":15,"departures_SATURDAY":13,"departures_SUNDAY":11}},{"type":"Feature","geometry":{"type":"Point","coordinates":[3.88496,50.99906]},"properties":{"stop_id":"202749","stop_name":"Wetteren Oordegemsesteenweg","qualifies_min1":true,"qualifies_min10":false,"qualifies_hourly":false,"qualifies_halfhour":false,"departures_MONDAY":31,"departures_TUESDAY":31,"departures_WEDNESDAY":31,"departures_THURSDAY":31,"departures_FRIDAY":31,"departures_SATURDAY":21,"departures_SUNDAY":4}},{"type":"Feature","geometry":{"type":"Point","coordinates":[3.64186,51.04173]},"properties":{"stop_id":"202756","stop_name":"Drongen Sint-Gerolfstraat","qualifies_min1":true,"qualifies_min10":true,"qualifies_hourly":true,"qualifies_halfhour":false,"departures_MONDAY":30,"departures_TUESDAY":30,"departures_WEDNESDAY":30,"departures_THURSDAY":30,"departures_FRIDAY":30,"departures_SATURDAY":28,"departures_SUNDAY":27}},{"type":"Feature","geometry":{"type":"Point","coordinates":[3.61975,51.03713]},"properties":{"stop_id":"202760","stop_name":"Drongen Baarledorpstraat","qualifies_min1":true,"qualifies_min10":true,"qualifies_hourly":true,"qualifies_halfhour":false,"departures_MONDAY":30,"departures_TUESDAY":30,"departures_WEDNESDAY":30,"departures_THURSDAY":30,"departures_FRIDAY":30,"departures_SATURDAY":28,"departures_SUNDAY":27}},{"type":"Feature","geometry":{"type":"Point","coordinates":[3.6132,51.03543]},"properties":{"stop_id":"202761","stop_name":"Drongen Molenhuis","qualifies_min1":true,"qualifies_min10":true,"qualifies_hourly":true,"qualifies_halfhour":false,"departures_MONDAY":30,"departures_TUESDAY":30,"departures_WEDNESDAY":30,"departures_THURSDAY":30,"departures_FRIDAY":30,"departures_SATURDAY":28,"departures_SUNDAY":27}},{"type":"Feature","geometry":{"type":"Point","coordinates":[3.60875,51.03411]},"properties":{"stop_id":"202762","stop_name":"Drongen Baarleboslaan","qualifies_min1":true,"qualifies_min10":true,"qualifies_hourly":true,"qualifies_halfhour":false,"departures_MONDAY":30,"departures_TUESDAY":30,"departures_WEDNESDAY":30,"departures_THURSDAY":30,"departures_FRIDAY":30,"departures_SATURDAY":28,"departures_SUNDAY":27}},{"type":"Feature","geometry":{"type":"Point","coordinates":[3.60536,51.03192]},"properties":{"stop_id":"202763","stop_name":"Drongen Baarlewarande","qualifies_min1":true,"qualifies_min10":true,"qualifies_hourly":true,"qualifies_halfhour":false,"departures_MONDAY":30,"departures_TUESDAY":30,"departures_WEDNESDAY":30,"departures_THURSDAY":30,"departures_FRIDAY":31,"departures_SATURDAY":29,"departures_SUNDAY":27}},{"type":"Feature","geometry":{"type":"Point","coordinates":[3.60388,51.02912]},"properties":{"stop_id":"202764","stop_name":"Drongen Zombeekstraat","qualifies_min1":true,"qualifies_min10":true,"qualifies_hourly":true,"qualifies_halfhour":false,"departures_MONDAY":30,"departures_TUESDAY":30,"departures_WEDNESDAY":30,"departures_THURSDAY":30,"departures_FRIDAY":31,"departures_SATURDAY":29,"departures_SUNDAY":27}},{"type":"Feature","geometry":{"type":"Point","coordinates":[3.59075,51.01687]},"properties":{"stop_id":"202765","stop_name":"Sint-Martens-Leerne Lindeboom","qualifies_min1":true,"qualifies_min10":true,"qualifies_hourly":true,"qualifies_halfhour":false,"departures_MONDAY":30,"departures_TUESDAY":30,"departures_WEDNESDAY":30,"departures_THURSDAY":30,"departures_FRIDAY":31,"departures_SATURDAY":29,"departures_SUNDAY":27}},{"type":"Feature","geometry":{"type":"Point","coordinates":[3.58666,51.01464]},"properties":{"stop_id":"202766","stop_name":"Sint-Martens-Leerne Engelhoekstraat","qualifies_min1":true,"qualifies_min10":true,"qualifies_hourly":true,"qualifies_halfhour":false,"departures_MONDAY":61,"departures_TUESDAY":61,"departures_WEDNESDAY":61,"departures_THURSDAY":61,"departures_FRIDAY":62,"departures_SATURDAY":57,"departures_SUNDAY":54}},{"type":"Feature","geometry":{"type":"Point","coordinates":[3.74318,50.99766]},"properties":{"stop_id":"202817","stop_name":"Merelbeke Lyceum","qualifies_min1":true,"qualifies_min10":true,"qualifies_hourly":false,"qualifies_halfhour":false,"departures_MONDAY":32,"departures_TUESDAY":32,"departures_WEDNESDAY":32,"departures_THURSDAY":32,"departures_FRIDAY":32,"departures_SATURDAY":30,"departures_SUNDAY":13}},{"type":"Feature","geometry":{"type":"Point","coordinates":[3.74542,50.99477]},"properties":{"stop_id":"202818","stop_name":"Merelbeke Kerk","qualifies_min1":true,"qualifies_min10":true,"qualifies_hourly":false,"qualifies_halfhour":false,"departures_MONDAY":98,"departures_TUESDAY":98,"departures_WEDNESDAY":98,"departures_THURSDAY":98,"departures_FRIDAY":98,"departures_SATURDAY":90,"departures_SUNDAY":57}},{"type":"Feature","geometry":{"type":"Point","coordinates":[3.72462,50.97988]},"properties":{"stop_id":"202822","stop_name":"Merelbeke Sint-Elooistraat","qualifies_min1":true,"qualifies_min10":false,"qualifies_hourly":false,"qualifies_halfhour":false,"departures_MONDAY":31,"departures_TUESDAY":31,"departures_WEDNESDAY":31,"departures_THURSDAY":31,"departures_FRIDAY":31,"departures_SATURDAY":29,"departures_SUNDAY":6}},{"type":"Feature","geometry":{"type":"Point","coordinates":[3.71487,50.97093]},"properties":{"stop_id":"202823","stop_name":"Schelderode Kerk","qualifies_min1":true,"qualifies_min10":false,"qualifies_hourly":false,"qualifies_halfhour":false,"departures_MONDAY":31,"departures_TUESDAY":31,"departures_WEDNESDAY":31,"departures_THURSDAY":31,"departures_FRIDAY":31,"departures_SATURDAY":29,"departures_SUNDAY":6}},{"type":"Feature","geometry":{"type":"Point","coordinates":[3.70188,50.9616]},"properties":{"stop_id":"202824","stop_name":"Melsen Warandestraat","qualifies_min1":true,"qualifies_min10":false,"qualifies_hourly":false,"qualifies_halfhour":false,"departures_MONDAY":31,"departures_TUESDAY":31,"departures_WEDNESDAY":31,"departures_THURSDAY":31,"departures_FRIDAY":31,"departures_SATURDAY":29,"departures_SUNDAY":6}},{"type":"Feature","geometry":{"type":"Point","coordinates":[3.69421,50.95641]},"properties":{"stop_id":"202826","stop_name":"Melsen Melsenstraat","qualifies_min1":true,"qualifies_min10":false,"qualifies_hourly":false,"qualifies_halfhour":false,"departures_MONDAY":31,"departures_TUESDAY":31,"departures_WEDNESDAY":31,"departures_THURSDAY":31,"departures_FRIDAY":31,"departures_SATURDAY":29,"departures_SUNDAY":6}},{"type":"Feature","geometry":{"type":"Point","coordinates":[3.74619,50.99006]},"properties":{"stop_id":"202844","stop_name":"Merelbeke Molenhoek","qualifies_min1":true,"qualifies_min10":true,"qualifies_hourly":false,"qualifies_halfhour":false,"departures_MONDAY":98,"departures_TUESDAY":98,"departures_WEDNESDAY":98,"departures_THURSDAY":98,"departures_FRIDAY":98,"departures_SATURDAY":90,"departures_SUNDAY":57}},{"type":"Feature","geometry":{"type":"Point","coordinates":[3.76277,50.98939]},"properties":{"stop_id":"202849","stop_name":"Merelbeke Lembergsesteenweg","qualifies_min1":true,"qualifies_min10":true,"qualifies_hourly":false,"qualifies_halfhour":false,"departures_MONDAY":15,"departures_TUESDAY":15,"departures_WEDNESDAY":15,"departures_THURSDAY":15,"departures_FRIDAY":15,"departures_SATURDAY":13,"departures_SUNDAY":11}},{"type":"Feature","geometry":{"type":"Point","coordinates":[3.75889,50.96478]},"properties":{"stop_id":"202855","stop_name":"Bottelare Dorpsstraat","qualifies_min1":true,"qualifies_min10":false,"qualifies_hourly":false,"qualifies_halfhour":false,"departures_MONDAY":16,"departures_TUESDAY":16,"departures_WEDNESDAY":16,"departures_THURSDAY":16,"departures_FRIDAY":16,"departures_SATURDAY":15,"departures_SUNDAY":6}},{"type":"Feature","geometry":{"type":"Point","coordinates":[3.76734,50.96478]},"properties":{"stop_id":"202857","stop_name":"Bottelare Vijverstraat","qualifies_min1":true,"qualifies_min10":false,"qualifies_hourly":false,"qualifies_halfhour":false,"departures_MONDAY":15,"departures_TUESDAY":15,"departures_WEDNESDAY":15,"departures_THURSDAY":15,"departures_FRIDAY":15,"departures_SATURDAY":15,"departures_SUNDAY":7}},{"type":"Feature","geometry":{"type":"Point","coordinates":[3.77455,50.96152]},"properties":{"stop_id":"202858","stop_name":"Moortsele Lusbekestraat","qualifies_min1":true,"qualifies_min10":false,"qualifies_hourly":false,"qualifies_halfhour":false,"departures_MONDAY":15,"departures_TUESDAY":15,"departures_WEDNESDAY":15,"departures_THURSDAY":15,"departures_FRIDAY":15,"departures_SATURDAY":15,"departures_SUNDAY":7}},{"type":"Feature","geometry":{"type":"Point","coordinates":[3.77976,50.95834]},"properties":{"stop_id":"202859","stop_name":"Moortsele Dorp","qualifies_min1":true,"qualifies_min10":false,"qualifies_hourly":false,"qualifies_halfhour":false,"departures_MONDAY":15,"departures_TUESDAY":15,"departures_WEDNESDAY":15,"departures_THURSDAY":15,"departures_FRIDAY":15,"departures_SATURDAY":15,"departures_SUNDAY":7}},{"type":"Feature","geometry":{"type":"Point","coordinates":[3.78093,50.95417]},"properties":{"stop_id":"202860","stop_name":"Moortsele Station","qualifies_min1":true,"qualifies_min10":false,"qualifies_hourly":false,"qualifies_halfhour":false,"departures_MONDAY":15,"departures_TUESDAY":15,"departures_WEDNESDAY":15,"departures_THURSDAY":15,"departures_FRIDAY":15,"departures_SATURDAY":15,"departures_SUNDAY":7}},{"type":"Feature","geometry":{"type":"Point","coordinates":[3.87868,50.99509]},"properties":{"stop_id":"202888","stop_name":"Wetteren Diepenbroekstraat","qualifies_min1":true,"qualifies_min10":false,"qualifies_hourly":false,"qualifies_halfhour":false,"departures_MONDAY":31,"departures_TUESDAY":31,"departures_WEDNESDAY":31,"departures_THURSDAY":31,"departures_FRIDAY":31,"departures_SATURDAY":21,"departures_SUNDAY":4}},{"type":"Feature","geometry":{"type":"Point","coordinates":[3.73435,51.00056]},"properties":{"stop_id":"202890","stop_name":"Merelbeke Nijverheidsweg","qualifies_min1":true,"qualifies_min10":true,"qualifies_hourly":false,"qualifies_halfhour":false,"departures_MONDAY":32,"departures_TUESDAY":32,"departures_WEDNESDAY":32,"departures_THURSDAY":32,"departures_FRIDAY":32,"departures_SATURDAY":30,"departures_SUNDAY":13}},{"type":"Feature","geometry":{"type":"Point","coordinates":[3.74072,51.03367]},"properties":{"stop_id":"202895","stop_name":"Ledeberg Botermarkt","qualifies_min1":true,"qualifies_min10":true,"qualifies_hourly":true,"qualifies_halfhour":false,"departures_MONDAY":63,"departures_TUESDAY":63,"departures_WEDNESDAY":63,"departures_THURSDAY":63,"departures_FRIDAY":63,"departures_SATURDAY":59,"departures_SUNDAY":43}},{"type":"Feature","geometry":{"type":"Point","coordinates":[3.74642,51.02847]},"properties":{"stop_id":"202896","stop_name":"Ledeberg Eindeke","qualifies_min1":true,"qualifies_min10":true,"qualifies_hourly":true,"qualifies_halfhour":false,"departures_MONDAY":63,"departures_TUESDAY":63,"departures_WEDNESDAY":63,"departures_THURSDAY":63,"departures_FRIDAY":63,"departures_SATURDAY":59,"departures_SUNDAY":43}},{"type":"Feature","geometry":{"type":"Point","coordinates":[3.74959,51.02481]},"properties":{"stop_id":"202897","stop_name":"Merelbeke Koestraat","qualifies_min1":true,"qualifies_min10":true,"qualifies_hourly":true,"qualifies_halfhour":false,"departures_MONDAY":63,"departures_TUESDAY":63,"departures_WEDNESDAY":63,"departures_THURSDAY":63,"departures_FRIDAY":63,"departures_SATURDAY":59,"departures_SUNDAY":43}},{"type":"Feature","geometry":{"type":"Point","coordinates":[3.75249,51.02249]},"properties":{"stop_id":"202898","stop_name":"Merelbeke Benoitlaan","qualifies_min1":true,"qualifies_min10":true,"qualifies_hourly":true,"qualifies_halfhour":false,"departures_MONDAY":63,"departures_TUESDAY":63,"departures_WEDNESDAY":63,"departures_THURSDAY":63,"departures_FRIDAY":63,"departures_SATURDAY":59,"departures_SUNDAY":43}},{"type":"Feature","geometry":{"type":"Point","coordinates":[3.75372,51.01963]},"properties":{"stop_id":"202899","stop_name":"Merelbeke Van Goethemstraat","qualifies_min1":true,"qualifies_min10":true,"qualifies_hourly":true,"qualifies_halfhour":false,"departures_MONDAY":63,"departures_TUESDAY":63,"departures_WEDNESDAY":63,"departures_THURSDAY":63,"departures_FRIDAY":63,"departures_SATURDAY":59,"departures_SUNDAY":43}},{"type":"Feature","geometry":{"type":"Point","coordinates":[3.75265,51.01392]},"properties":{"stop_id":"202900","stop_name":"Merelbeke Bergstraat","qualifies_min1":true,"qualifies_min10":true,"qualifies_hourly":true,"qualifies_halfhour":false,"departures_MONDAY":63,"departures_TUESDAY":63,"departures_WEDNESDAY":63,"departures_THURSDAY":63,"departures_FRIDAY":63,"departures_SATURDAY":59,"departures_SUNDAY":43}},{"type":"Feature","geometry":{"type":"Point","coordinates":[3.7516,51.01116]},"properties":{"stop_id":"202901","stop_name":"Merelbeke Ringvaartstraat","qualifies_min1":true,"qualifies_min10":true,"qualifies_hourly":true,"qualifies_halfhour":false,"departures_MONDAY":63,"departures_TUESDAY":63,"departures_WEDNESDAY":63,"departures_THURSDAY":63,"departures_FRIDAY":63,"departures_SATURDAY":59,"departures_SUNDAY":43}},{"type":"Feature","geometry":{"type":"Point","coordinates":[3.75168,51.0055]},"properties":{"stop_id":"202906","stop_name":"Merelbeke Plataan","qualifies_min1":true,"qualifies_min10":true,"qualifies_hourly":true,"qualifies_halfhour":false,"departures_MONDAY":63,"departures_TUESDAY":63,"departures_WEDNESDAY":63,"departures_THURSDAY":63,"departures_FRIDAY":63,"departures_SATURDAY":59,"departures_SUNDAY":43}},{"type":"Feature","geometry":{"type":"Point","coordinates":[3.75179,51.00235]},"properties":{"stop_id":"202907","stop_name":"Merelbeke Waterstraat","qualifies_min1":true,"qualifies_min10":true,"qualifies_hourly":true,"qualifies_halfhour":false,"departures_MONDAY":63,"departures_TUESDAY":63,"departures_WEDNESDAY":63,"departures_THURSDAY":63,"departures_FRIDAY":63,"departures_SATURDAY":59,"departures_SUNDAY":43}},{"type":"Feature","geometry":{"type":"Point","coordinates":[3.74805,50.99705]},"properties":{"stop_id":"202908","stop_name":"Merelbeke Hebbelynckstraat","qualifies_min1":true,"qualifies_min10":true,"qualifies_hourly":true,"qualifies_halfhour":false,"departures_MONDAY":63,"departures_TUESDAY":63,"departures_WEDNESDAY":63,"departures_THURSDAY":63,"departures_FRIDAY":63,"departures_SATURDAY":59,"departures_SUNDAY":43}},{"type":"Feature","geometry":{"type":"Point","coordinates":[3.77687,50.99482]},"properties":{"stop_id":"202909","stop_name":"Melle Karus Melle","qualifies_min1":true,"qualifies_min10":true,"qualifies_hourly":false,"qualifies_halfhour":false,"departures_MONDAY":15,"departures_TUESDAY":15,"departures_WEDNESDAY":15,"departures_THURSDAY":15,"departures_FRIDAY":15,"departures_SATURDAY":13,"departures_SUNDAY":11}},{"type":"Feature","geometry":{"type":"Point","coordinates":[3.74426,50.98684]},"properties":{"stop_id":"202910","stop_name":"Merelbeke Polderstraat","qualifies_min1":true,"qualifies_min10":false,"qualifies_hourly":false,"qualifies_halfhour":false,"departures_MONDAY":34,"departures_TUESDAY":34,"departures_WEDNESDAY":34,"departures_THURSDAY":34,"departures_FRIDAY":34,"departures_SATURDAY":33,"departures_SUNDAY":8}},{"type":"Feature","geometry":{"type":"Point","coordinates":[3.74165,50.98497]},"properties":{"stop_id":"202911","stop_name":"Merelbeke Kastanjestraat","qualifies_min1":true,"qualifies_min10":false,"qualifies_hourly":false,"qualifies_halfhour":false,"departures_MONDAY":31,"departures_TUESDAY":31,"departures_WEDNESDAY":31,"departures_THURSDAY":31,"departures_FRIDAY":31,"departures_SATURDAY":29,"departures_SUNDAY":6}},{"type":"Feature","geometry":{"type":"Point","coordinates":[3.73836,50.98187]},"properties":{"stop_id":"202912","stop_name":"Merelbeke Populierenhof","qualifies_min1":true,"qualifies_min10":false,"qualifies_hourly":false,"qualifies_halfhour":false,"departures_MONDAY":31,"departures_TUESDAY":31,"departures_WEDNESDAY":31,"departures_THURSDAY":31,"departures_FRIDAY":31,"departures_SATURDAY":29,"departures_SUNDAY":6}},{"type":"Feature","geometry":{"type":"Point","coordinates":[3.72802,50.98272]},"properties":{"stop_id":"202913","stop_name":"Merelbeke Notelaarstraat","qualifies_min1":true,"qualifies_min10":false,"qualifies_hourly":false,"qualifies_halfhour":false,"departures_MONDAY":31,"departures_TUESDAY":31,"departures_WEDNESDAY":31,"departures_THURSDAY":31,"departures_FRIDAY":31,"departures_SATURDAY":29,"departures_SUNDAY":6}},{"type":"Feature","geometry":{"type":"Point","coordinates":[3.73122,50.97602]},"properties":{"stop_id":"202915","stop_name":"Merelbeke Kwenenbos","qualifies_min1":true,"qualifies_min10":true,"qualifies_hourly":false,"qualifies_halfhour":false,"departures_MONDAY":33,"departures_TUESDAY":33,"departures_WEDNESDAY":33,"departures_THURSDAY":33,"departures_FRIDAY":33,"departures_SATURDAY":29,"departures_SUNDAY":17}},{"type":"Feature","geometry":{"type":"Point","coordinates":[3.74582,50.98392]},"properties":{"stop_id":"202916","stop_name":"Merelbeke Schellebellepontweg","qualifies_min1":true,"qualifies_min10":true,"qualifies_hourly":false,"qualifies_halfhour":false,"departures_MONDAY":46,"departures_TUESDAY":46,"departures_WEDNESDAY":46,"departures_THURSDAY":46,"departures_FRIDAY":46,"departures_SATURDAY":46,"departures_SUNDAY":25}},{"type":"Feature","geometry":{"type":"Point","coordinates":[3.73781,50.96497]},"properties":{"stop_id":"202920","stop_name":"Merelbeke Motsenstraat","qualifies_min1":true,"qualifies_min10":false,"qualifies_hourly":false,"qualifies_halfhour":false,"departures_MONDAY":18,"departures_TUESDAY":18,"departures_WEDNESDAY":18,"departures_THURSDAY":18,"departures_FRIDAY":18,"departures_SATURDAY":15,"departures_SUNDAY":7}},{"type":"Feature","geometry":{"type":"Point","coordinates":[3.74966,50.96626]},"properties":{"stop_id":"202921","stop_name":"Bottelare Pontstraat","qualifies_min1":true,"qualifies_min10":false,"qualifies_hourly":false,"qualifies_halfhour":false,"departures_MONDAY":18,"departures_TUESDAY":18,"departures_WEDNESDAY":18,"departures_THURSDAY":18,"departures_FRIDAY":18,"departures_SATURDAY":15,"departures_SUNDAY":7}},{"type":"Feature","geometry":{"type":"Point","coordinates":[3.75384,50.96331]},"properties":{"stop_id":"202922","stop_name":"Bottelare Dorp","qualifies_min1":true,"qualifies_min10":false,"qualifies_hourly":false,"qualifies_halfhour":false,"departures_MONDAY":18,"departures_TUESDAY":18,"departures_WEDNESDAY":18,"departures_THURSDAY":18,"departures_FRIDAY":18,"departures_SATURDAY":15,"departures_SUNDAY":7}},{"type":"Feature","geometry":{"type":"Point","coordinates":[3.7612,51.03164]},"properties":{"stop_id":"202931","stop_name":"Gentbrugge Schooldreef","qualifies_min1":true,"qualifies_min10":true,"qualifies_hourly":true,"qualifies_halfhour":false,"departures_MONDAY":108,"departures_TUESDAY":108,"departures_WEDNESDAY":108,"departures_THURSDAY":108,"departures_FRIDAY":108,"departures_SATURDAY":59,"departures_SUNDAY":45}},{"type":"Feature","geometry":{"type":"Point","coordinates":[3.77216,51.02534]},"properties":{"stop_id":"202934","stop_name":"Melle Leeuw","qualifies_min1":true,"qualifies_min10":true,"qualifies_hourly":true,"qualifies_halfhour":false,"departures_MONDAY":108,"departures_TUESDAY":108,"departures_WEDNESDAY":108,"departures_THURSDAY":108,"departures_FRIDAY":108,"departures_SATURDAY":59,"departures_SUNDAY":45}},{"type":"Feature","geometry":{"type":"Point","coordinates":[3.77984,51.01927]},"properties":{"stop_id":"202935","stop_name":"Melle Tuinstraat","qualifies_min1":true,"qualifies_min10":true,"qualifies_hourly":false,"qualifies_halfhour":false,"departures_MONDAY":63,"departures_TUESDAY":63,"departures_WEDNESDAY":63,"departures_THURSDAY":63,"departures_FRIDAY":63,"departures_SATURDAY":28,"departures_SUNDAY":15}},{"type":"Feature","geometry":{"type":"Point","coordinates":[3.78599,51.01443]},"properties":{"stop_id":"202937","stop_name":"Melle Tuinbouwschool","qualifies_min1":true,"qualifies_min10":true,"qualifies_hourly":false,"qualifies_halfhour":false,"departures_MONDAY":63,"departures_TUESDAY":63,"departures_WEDNESDAY":63,"departures_THURSDAY":63,"departures_FRIDAY":63,"departures_SATURDAY":28,"departures_SUNDAY":15}},{"type":"Feature","geometry":{"type":"Point","coordinates":[3.79185,51.00982]},"properties":{"stop_id":"202938","stop_name":"Melle Akkerstraat","qualifies_min1":true,"qualifies_min10":true,"qualifies_hourly":false,"qualifies_halfhour":false,"departures_MONDAY":63,"departures_TUESDAY":63,"departures_WEDNESDAY":63,"departures_THURSDAY":63,"departures_FRIDAY":63,"departures_SATURDAY":28,"departures_SUNDAY":15}},{"type":"Feature","geometry":{"type":"Point","coordinates":[3.80006,51.00383]},"properties":{"stop_id":"202940","stop_name":"Melle Gemeenteplein","qualifies_min1":true,"qualifies_min10":true,"qualifies_hourly":false,"qualifies_halfhour":false,"departures_MONDAY":63,"departures_TUESDAY":63,"departures_WEDNESDAY":63,"departures_THURSDAY":63,"departures_FRIDAY":64,"departures_SATURDAY":28,"departures_SUNDAY":15}},{"type":"Feature","geometry":{"type":"Point","coordinates":[3.81979,50.99519]},"properties":{"stop_id":"202943","stop_name":"Melle Collegebaan","qualifies_min1":true,"qualifies_min10":true,"qualifies_hourly":false,"qualifies_halfhour":false,"departures_MONDAY":39,"departures_TUESDAY":39,"departures_WEDNESDAY":39,"departures_THURSDAY":39,"departures_FRIDAY":39,"departures_SATURDAY":14,"departures_SUNDAY":14}},{"type":"Feature","geometry":{"type":"Point","coordinates":[3.83037,50.99147]},"properties":{"stop_id":"202944","stop_name":"Kwatrecht Station","qualifies_min1":true,"qualifies_min10":true,"qualifies_hourly":false,"qualifies_halfhour":false,"departures_MONDAY":39,"departures_TUESDAY":39,"departures_WEDNESDAY":39,"departures_THURSDAY":39,"departures_FRIDAY":39,"departures_SATURDAY":14,"departures_SUNDAY":14}},{"type":"Feature","geometry":{"type":"Point","coordinates":[3.83886,50.98737]},"properties":{"stop_id":"202945","stop_name":"Kwatrecht Kerk","qualifies_min1":true,"qualifies_min10":true,"qualifies_hourly":false,"qualifies_halfhour":false,"departures_MONDAY":31,"departures_TUESDAY":31,"departures_WEDNESDAY":31,"departures_THURSDAY":31,"departures_FRIDAY":31,"departures_SATURDAY":14,"departures_SUNDAY":14}},{"type":"Feature","geometry":{"type":"Point","coordinates":[3.76692,50.99258]},"properties":{"stop_id":"202948","stop_name":"Merelbeke Ruiterstraat","qualifies_min1":true,"qualifies_min10":true,"qualifies_hourly":false,"qualifies_halfhour":false,"departures_MONDAY":15,"departures_TUESDAY":15,"departures_WEDNESDAY":15,"departures_THURSDAY":15,"departures_FRIDAY":15,"departures_SATURDAY":13,"departures_SUNDAY":11}},{"type":"Feature","geometry":{"type":"Point","coordinates":[3.88927,51.00287]},"properties":{"stop_id":"202955","stop_name":"Wetteren Buyssestraat","qualifies_min1":true,"qualifies_min10":false,"qualifies_hourly":false,"qualifies_halfhour":false,"departures_MONDAY":42,"departures_TUESDAY":42,"departures_WEDNESDAY":42,"departures_THURSDAY":42,"departures_FRIDAY":42,"departures_SATURDAY":21,"departures_SUNDAY":4}},{"type":"Feature","geometry":{"type":"Point","coordinates":[3.61205,51.11307]},"properties":{"stop_id":"202977","stop_name":"Lovendegem Meienbroek","qualifies_min1":true,"qualifies_min10":true,"qualifies_hourly":true,"qualifies_halfhour":false,"departures_MONDAY":34,"departures_TUESDAY":34,"departures_WEDNESDAY":34,"departures_THURSDAY":34,"departures_FRIDAY":34,"departures_SATURDAY":29,"departures_SUNDAY":17}},{"type":"Feature","geometry":{"type":"Point","coordinates":[3.72992,51.0383]},"properties":{"stop_id":"203002","stop_name":"Gent Terplatenbrug","qualifies_min1":true,"qualifies_min10":true,"qualifies_hourly":true,"qualifies_halfhour":false,"departures_MONDAY":36,"departures_TUESDAY":36,"departures_WEDNESDAY":36,"departures_THURSDAY":36,"departures_FRIDAY":36,"departures_SATURDAY":32,"departures_SUNDAY":17}},{"type":"Feature","geometry":{"type":"Point","coordinates":[3.67821,51.12443]},"properties":{"stop_id":"203003","stop_name":"Sleidinge Bernt","qualifies_min1":true,"qualifies_min10":true,"qualifies_hourly":true,"qualifies_halfhour":false,"departures_MONDAY":70,"departures_TUESDAY":70,"departures_WEDNESDAY":70,"departures_THURSDAY":70,"departures_FRIDAY":70,"departures_SATURDAY":62,"departures_SUNDAY":47}},{"type":"Feature","geometry":{"type":"Point","coordinates":[3.71329,51.10158]},"properties":{"stop_id":"203015","stop_name":"Wondelgem Waalbrugstraat","qualifies_min1":true,"qualifies_min10":true,"qualifies_hourly":true,"qualifies_halfhour":false,"departures_MONDAY":70,"departures_TUESDAY":70,"departures_WEDNESDAY":70,"departures_THURSDAY":70,"departures_FRIDAY":70,"departures_SATURDAY":62,"departures_SUNDAY":47}},{"type":"Feature","geometry":{"type":"Point","coordinates":[3.69301,51.11371]},"properties":{"stop_id":"203020","stop_name":"Evergem Kromveldstraatje","qualifies_min1":true,"qualifies_min10":true,"qualifies_hourly":true,"qualifies_halfhour":false,"departures_MONDAY":70,"departures_TUESDAY":70,"departures_WEDNESDAY":70,"departures_THURSDAY":70,"departures_FRIDAY":70,"departures_SATURDAY":62,"departures_SUNDAY":47}},{"type":"Feature","geometry":{"type":"Point","coordinates":[3.68722,51.11671]},"properties":{"stop_id":"203021","stop_name":"Evergem Asschoutstraatje","qualifies_min1":true,"qualifies_min10":true,"qualifies_hourly":true,"qualifies_halfhour":false,"departures_MONDAY":70,"departures_TUESDAY":70,"departures_WEDNESDAY":70,"departures_THURSDAY":70,"departures_FRIDAY":70,"departures_SATURDAY":62,"departures_SUNDAY":47}},{"type":"Feature","geometry":{"type":"Point","coordinates":[3.6778,51.12135]},"properties":{"stop_id":"203022","stop_name":"Sleidinge Wurmstraat","qualifies_min1":true,"qualifies_min10":true,"qualifies_hourly":true,"qualifies_halfhour":false,"departures_MONDAY":70,"departures_TUESDAY":70,"departures_WEDNESDAY":70,"departures_THURSDAY":70,"departures_FRIDAY":70,"departures_SATURDAY":62,"departures_SUNDAY":47}},{"type":"Feature","geometry":{"type":"Point","coordinates":[3.67896,51.13126]},"properties":{"stop_id":"203024","stop_name":"Sleidinge Dorp","qualifies_min1":true,"qualifies_min10":true,"qualifies_hourly":true,"qualifies_halfhour":false,"departures_MONDAY":70,"departures_TUESDAY":70,"departures_WEDNESDAY":70,"departures_THURSDAY":70,"departures_FRIDAY":70,"departures_SATURDAY":62,"departures_SUNDAY":47}},{"type":"Feature","geometry":{"type":"Point","coordinates":[3.60582,51.15175]},"properties":{"stop_id":"203037","stop_name":"Waarschoot Kerk","qualifies_min1":true,"qualifies_min10":true,"qualifies_hourly":true,"qualifies_halfhour":false,"departures_MONDAY":36,"departures_TUESDAY":36,"departures_WEDNESDAY":36,"departures_THURSDAY":36,"departures_FRIDAY":36,"departures_SATURDAY":29,"departures_SUNDAY":18}},{"type":"Feature","geometry":{"type":"Point","coordinates":[3.59914,51.15441]},"properties":{"stop_id":"203038","stop_name":"Waarschoot Schoolstraat","qualifies_min1":true,"qualifies_min10":true,"qualifies_hourly":true,"qualifies_halfhour":false,"departures_MONDAY":36,"departures_TUESDAY":36,"departures_WEDNESDAY":36,"departures_THURSDAY":36,"departures_FRIDAY":36,"departures_SATURDAY":29,"departures_SUNDAY":18}},{"type":"Feature","geometry":{"type":"Point","coordinates":[3.58342,51.17294]},"properties":{"stop_id":"203040","stop_name":"Eeklo Het Leen","qualifies_min1":true,"qualifies_min10":true,"qualifies_hourly":true,"qualifies_halfhour":false,"departures_MONDAY":36,"departures_TUESDAY":36,"departures_WEDNESDAY":36,"departures_THURSDAY":36,"departures_FRIDAY":36,"departures_SATURDAY":29,"departures_SUNDAY":18}},{"type":"Feature","geometry":{"type":"Point","coordinates":[3.58052,51.17568]},"properties":{"stop_id":"203041","stop_name":"Eeklo Oude Gentweg","qualifies_min1":true,"qualifies_min10":true,"qualifies_hourly":false,"qualifies_halfhour":false,"departures_MONDAY":36,"departures_TUESDAY":36,"departures_WEDNESDAY":36,"departures_THURSDAY":36,"departures_FRIDAY":36,"departures_SATURDAY":29,"departures_SUNDAY":18}},{"type":"Feature","geometry":{"type":"Point","coordinates":[3.63246,51.19518]},"properties":{"stop_id":"203092","stop_name":"Lembeke Dorp","qualifies_min1":true,"qualifies_min10":true,"qualifies_hourly":false,"qualifies_halfhour":false,"departures_MONDAY":32,"departures_TUESDAY":32,"departures_WEDNESDAY":32,"departures_THURSDAY":32,"departures_FRIDAY":32,"departures_SATURDAY":27,"departures_SUNDAY":13}},{"type":"Feature","geometry":{"type":"Point","coordinates":[3.84551,51.08749]},"properties":{"stop_id":"203117","stop_name":"Lochristi Rozelaredreef","qualifies_min1":true,"qualifies_min10":true,"qualifies_hourly":false,"qualifies_halfhour":false,"departures_MONDAY":16,"departures_TUESDAY":16,"departures_WEDNESDAY":16,"departures_THURSDAY":16,"departures_FRIDAY":16,"departures_SATURDAY":14,"departures_SUNDAY":11}},{"type":"Feature","geometry":{"type":"Point","coordinates":[3.88292,51.17121]},"properties":{"stop_id":"203124","stop_name":"Wachtebeke Kalve","qualifies_min1":true,"qualifies_min10":false,"qualifies_hourly":false,"qualifies_halfhour":false,"departures_MONDAY":16,"departures_TUESDAY":16,"departures_WEDNESDAY":16,"departures_THURSDAY":16,"departures_FRIDAY":16,"departures_SATURDAY":15,"departures_SUNDAY":6}},{"type":"Feature","geometry":{"type":"Point","coordinates":[3.87646,51.17191]},"properties":{"stop_id":"203125","stop_name":"Wachtebeke Axelsvaardeken","qualifies_min1":true,"qualifies_min10":false,"qualifies_hourly":false,"qualifies_halfhour":false,"departures_MONDAY":16,"departures_TUESDAY":16,"departures_WEDNESDAY":16,"departures_THURSDAY":16,"departures_FRIDAY":16,"departures_SATURDAY":15,"departures_SUNDAY":6}},{"type":"Feature","geometry":{"type":"Point","coordinates":[3.86905,51.17185]},"properties":{"stop_id":"203126","stop_name":"Wachtebeke Molenhoek","qualifies_min1":true,"qualifies_min10":false,"qualifies_hourly":false,"qualifies_halfhour":false,"departures_MONDAY":16,"departures_TUESDAY":16,"departures_WEDNESDAY":16,"departures_THURSDAY":16,"departures_FRIDAY":16,"departures_SATURDAY":15,"departures_SUNDAY":6}},{"type":"Feature","geometry":{"type":"Point","coordinates":[3.84765,51.16896]},"properties":{"stop_id":"203128","stop_name":"Wachtebeke Groenstraat","qualifies_min1":true,"qualifies_min10":true,"qualifies_hourly":false,"qualifies_halfhour":false,"departures_MONDAY":19,"departures_TUESDAY":19,"departures_WEDNESDAY":19,"departures_THURSDAY":19,"departures_FRIDAY":19,"departures_SATURDAY":16,"departures_SUNDAY":15}},{"type":"Feature","geometry":{"type":"Point","coordinates":[3.73659,51.12392]},"properties":{"stop_id":"203130","stop_name":"Evergem Kerkbruggestraat","qualifies_min1":true,"qualifies_min10":true,"qualifies_hourly":false,"qualifies_halfhour":false,"departures_MONDAY":32,"departures_TUESDAY":32,"departures_WEDNESDAY":32,"departures_THURSDAY":32,"departures_FRIDAY":32,"departures_SATURDAY":26,"departures_SUNDAY":16}},{"type":"Feature","geometry":{"type":"Point","coordinates":[3.73727,51.03862]},"properties":{"stop_id":"203131","stop_name":"Gent Sint-Lievenspoort (Keizervest)","qualifies_min1":true,"qualifies_min10":true,"qualifies_hourly":true,"qualifies_halfhour":false,"departures_MONDAY":36,"departures_TUESDAY":36,"departures_WEDNESDAY":36,"departures_THURSDAY":36,"departures_FRIDAY":36,"departures_SATURDAY":32,"departures_SUNDAY":17}},{"type":"Feature","geometry":{"type":"Point","coordinates":[3.74009,51.04205]},"properties":{"stop_id":"203132","stop_name":"Gent Keizerpoort (Keizervest)","qualifies_min1":true,"qualifies_min10":true,"qualifies_hourly":true,"qualifies_halfhour":false,"departures_MONDAY":36,"departures_TUESDAY":36,"departures_WEDNESDAY":36,"departures_THURSDAY":36,"departures_FRIDAY":36,"departures_SATURDAY":32,"departures_SUNDAY":17}},{"type":"Feature","geometry":{"type":"Point","coordinates":[3.74595,51.04741]},"properties":{"stop_id":"203133","stop_name":"Gent Vlaamsekaai","qualifies_min1":true,"qualifies_min10":true,"qualifies_hourly":true,"qualifies_halfhour":false,"departures_MONDAY":36,"departures_TUESDAY":36,"departures_WEDNESDAY":36,"departures_THURSDAY":36,"departures_FRIDAY":36,"departures_SATURDAY":32,"departures_SUNDAY":17}},{"type":"Feature","geometry":{"type":"Point","coordinates":[3.74342,51.04969]},"properties":{"stop_id":"203134","stop_name":"Gent Forelstraat","qualifies_min1":true,"qualifies_min10":true,"qualifies_hourly":true,"qualifies_halfhour":false,"departures_MONDAY":36,"departures_TUESDAY":36,"departures_WEDNESDAY":36,"departures_THURSDAY":36,"departures_FRIDAY":36,"departures_SATURDAY":32,"departures_SUNDAY":17}},{"type":"Feature","geometry":{"type":"Point","coordinates":[3.87714,51.09368]},"properties":{"stop_id":"203140","stop_name":"Beervelde Bastelare","qualifies_min1":true,"qualifies_min10":true,"qualifies_hourly":false,"qualifies_halfhour":false,"departures_MONDAY":16,"departures_TUESDAY":16,"departures_WEDNESDAY":16,"departures_THURSDAY":16,"departures_FRIDAY":16,"departures_SATURDAY":14,"departures_SUNDAY":11}},{"type":"Feature","geometry":{"type":"Point","coordinates":[3.78565,51.07975]},"properties":{"stop_id":"203142","stop_name":"Oostakker Teirlinckstraat","qualifies_min1":true,"qualifies_min10":true,"qualifies_hourly":true,"qualifies_halfhour":false,"departures_MONDAY":69,"departures_TUESDAY":69,"departures_WEDNESDAY":69,"departures_THURSDAY":69,"departures_FRIDAY":69,"departures_SATURDAY":63,"departures_SUNDAY":58}},{"type":"Feature","geometry":{"type":"Point","coordinates":[3.79263,51.08284]},"properties":{"stop_id":"203143","stop_name":"Oostakker Eisenhowerlaan","qualifies_min1":true,"qualifies_min10":true,"qualifies_hourly":true,"qualifies_halfhour":false,"departures_MONDAY":69,"departures_TUESDAY":69,"departures_WEDNESDAY":69,"departures_THURSDAY":69,"departures_FRIDAY":69,"departures_SATURDAY":63,"departures_SUNDAY":58}},{"type":"Feature","geometry":{"type":"Point","coordinates":[3.80017,51.08558]},"properties":{"stop_id":"203144","stop_name":"Lochristi Sparrenlaan","qualifies_min1":true,"qualifies_min10":true,"qualifies_hourly":true,"qualifies_halfhour":false,"departures_MONDAY":69,"departures_TUESDAY":69,"departures_WEDNESDAY":69,"departures_THURSDAY":69,"departures_FRIDAY":69,"departures_SATURDAY":63,"departures_SUNDAY":58}},{"type":"Feature","geometry":{"type":"Point","coordinates":[3.80792,51.08829]},"properties":{"stop_id":"203145","stop_name":"Lochristi Doornikstraat","qualifies_min1":true,"qualifies_min10":true,"qualifies_hourly":true,"qualifies_halfhour":false,"departures_MONDAY":69,"departures_TUESDAY":69,"departures_WEDNESDAY":69,"departures_THURSDAY":69,"departures_FRIDAY":69,"departures_SATURDAY":63,"departures_SUNDAY":58}},{"type":"Feature","geometry":{"type":"Point","coordinates":[3.81521,51.0908]},"properties":{"stop_id":"203146","stop_name":"Lochristi Lichtelarestraat","qualifies_min1":true,"qualifies_min10":true,"qualifies_hourly":true,"qualifies_halfhour":false,"departures_MONDAY":69,"departures_TUESDAY":69,"departures_WEDNESDAY":69,"departures_THURSDAY":69,"departures_FRIDAY":69,"departures_SATURDAY":63,"departures_SUNDAY":58}},{"type":"Feature","geometry":{"type":"Point","coordinates":[3.81791,51.09179]},"properties":{"stop_id":"203147","stop_name":"Lochristi Azalealaan","qualifies_min1":true,"qualifies_min10":true,"qualifies_hourly":true,"qualifies_halfhour":false,"departures_MONDAY":69,"departures_TUESDAY":69,"departures_WEDNESDAY":69,"departures_THURSDAY":69,"departures_FRIDAY":69,"departures_SATURDAY":63,"departures_SUNDAY":58}},{"type":"Feature","geometry":{"type":"Point","coordinates":[3.82892,51.09519]},"properties":{"stop_id":"203149","stop_name":"Lochristi Schoolstraat","qualifies_min1":true,"qualifies_min10":true,"qualifies_hourly":true,"qualifies_halfhour":false,"departures_MONDAY":69,"departures_TUESDAY":69,"departures_WEDNESDAY":69,"departures_THURSDAY":69,"departures_FRIDAY":69,"departures_SATURDAY":63,"departures_SUNDAY":58}},{"type":"Feature","geometry":{"type":"Point","coordinates":[3.83341,51.09625]},"properties":{"stop_id":"203150","stop_name":"Lochristi Kerk","qualifies_min1":true,"qualifies_min10":true,"qualifies_hourly":true,"qualifies_halfhour":false,"departures_MONDAY":69,"departures_TUESDAY":69,"departures_WEDNESDAY":69,"departures_THURSDAY":69,"departures_FRIDAY":69,"departures_SATURDAY":63,"departures_SUNDAY":58}},{"type":"Feature","geometry":{"type":"Point","coordinates":[3.86984,51.10575]},"properties":{"stop_id":"203153","stop_name":"Lochristi Lozen Boer","qualifies_min1":true,"qualifies_min10":true,"qualifies_hourly":true,"qualifies_halfhour":false,"departures_MONDAY":20,"departures_TUESDAY":20,"departures_WEDNESDAY":20,"departures_THURSDAY":20,"departures_FRIDAY":20,"departures_SATURDAY":17,"departures_SUNDAY":17}},{"type":"Feature","geometry":{"type":"Point","coordinates":[3.88178,51.10752]},"properties":{"stop_id":"203154","stop_name":"Zeveneken Eikstraat","qualifies_min1":true,"qualifies_min10":true,"qualifies_hourly":true,"qualifies_halfhour":false,"departures_MONDAY":20,"departures_TUESDAY":20,"departures_WEDNESDAY":20,"departures_THURSDAY":20,"departures_FRIDAY":20,"departures_SATURDAY":17,"departures_SUNDAY":17}},{"type":"Feature","geometry":{"type":"Point","coordinates":[3.8925,51.10705]},"properties":{"stop_id":"203155","stop_name":"Zeveneken Zavel","qualifies_min1":true,"qualifies_min10":true,"qualifies_hourly":true,"qualifies_halfhour":false,"departures_MONDAY":20,"departures_TUESDAY":20,"departures_WEDNESDAY":20,"departures_THURSDAY":20,"departures_FRIDAY":20,"departures_SATURDAY":17,"departures_SUNDAY":17}},{"type":"Feature","geometry":{"type":"Point","coordinates":[3.89993,51.10745]},"properties":{"stop_id":"203156","stop_name":"Zeveneken Kerk","qualifies_min1":true,"qualifies_min10":true,"qualifies_hourly":true,"qualifies_halfhour":false,"departures_MONDAY":20,"departures_TUESDAY":20,"departures_WEDNESDAY":20,"departures_THURSDAY":20,"departures_FRIDAY":20,"departures_SATURDAY":17,"departures_SUNDAY":17}},{"type":"Feature","geometry":{"type":"Point","coordinates":[3.83853,51.09639]},"properties":{"stop_id":"203169","stop_name":"Lochristi Rustoord","qualifies_min1":true,"qualifies_min10":true,"qualifies_hourly":false,"qualifies_halfhour":false,"departures_MONDAY":16,"departures_TUESDAY":16,"departures_WEDNESDAY":16,"departures_THURSDAY":16,"departures_FRIDAY":16,"departures_SATURDAY":14,"departures_SUNDAY":11}},{"type":"Feature","geometry":{"type":"Point","coordinates":[3.8501,51.08782]},"properties":{"stop_id":"203171","stop_name":"Lochristi Boskapellaan","qualifies_min1":true,"qualifies_min10":true,"qualifies_hourly":false,"qualifies_halfhour":false,"departures_MONDAY":16,"departures_TUESDAY":16,"departures_WEDNESDAY":16,"departures_THURSDAY":16,"departures_FRIDAY":16,"departures_SATURDAY":14,"departures_SUNDAY":11}},{"type":"Feature","geometry":{"type":"Point","coordinates":[3.86101,51.09355]},"properties":{"stop_id":"203174","stop_name":"Lochristi Tomboslaan","qualifies_min1":true,"qualifies_min10":true,"qualifies_hourly":false,"qualifies_halfhour":false,"departures_MONDAY":16,"departures_TUESDAY":16,"departures_WEDNESDAY":16,"departures_THURSDAY":16,"departures_FRIDAY":16,"departures_SATURDAY":14,"departures_SUNDAY":11}},{"type":"Feature","geometry":{"type":"Point","coordinates":[3.87994,51.08642]},"properties":{"stop_id":"203176","stop_name":"Beervelde Station","qualifies_min1":true,"qualifies_min10":true,"qualifies_hourly":false,"qualifies_halfhour":false,"departures_MONDAY":16,"departures_TUESDAY":16,"departures_WEDNESDAY":16,"departures_THURSDAY":16,"departures_FRIDAY":16,"departures_SATURDAY":14,"departures_SUNDAY":11}},{"type":"Feature","geometry":{"type":"Point","coordinates":[3.88153,51.08009]},"properties":{"stop_id":"203177","stop_name":"Beervelde Bennesteeg","qualifies_min1":true,"qualifies_min10":true,"qualifies_hourly":false,"qualifies_halfhour":false,"departures_MONDAY":16,"departures_TUESDAY":16,"departures_WEDNESDAY":16,"departures_THURSDAY":16,"departures_FRIDAY":16,"departures_SATURDAY":14,"departures_SUNDAY":11}},{"type":"Feature","geometry":{"type":"Point","coordinates":[3.85849,51.10235]},"properties":{"stop_id":"203190","stop_name":"Lochristi Denen","qualifies_min1":true,"qualifies_min10":true,"qualifies_hourly":true,"qualifies_halfhour":false,"departures_MONDAY":20,"departures_TUESDAY":20,"departures_WEDNESDAY":20,"departures_THURSDAY":20,"departures_FRIDAY":20,"departures_SATURDAY":17,"departures_SUNDAY":17}},{"type":"Feature","geometry":{"type":"Point","coordinates":[3.66497,51.01753]},"properties":{"stop_id":"203191","stop_name":"Sint-Denijs-Westrem Drie Sleutels","qualifies_min1":true,"qualifies_min10":true,"qualifies_hourly":true,"qualifies_halfhour":false,"departures_MONDAY":50,"departures_TUESDAY":50,"departures_WEDNESDAY":50,"departures_THURSDAY":50,"departures_FRIDAY":50,"departures_SATURDAY":44,"departures_SUNDAY":32}},{"type":"Feature","geometry":{"type":"Point","coordinates":[3.65306,51.01486]},"properties":{"stop_id":"203192","stop_name":"Sint-Denijs-Westrem Rosdamstraat","qualifies_min1":true,"qualifies_min10":true,"qualifies_hourly":true,"qualifies_halfhour":false,"departures_MONDAY":30,"departures_TUESDAY":30,"departures_WEDNESDAY":30,"departures_THURSDAY":30,"departures_FRIDAY":30,"departures_SATURDAY":27,"departures_SUNDAY":16}},{"type":"Feature","geometry":{"type":"Point","coordinates":[3.64589,51.01346]},"properties":{"stop_id":"203193","stop_name":"Sint-Martens-Latem Maenhoutstraat","qualifies_min1":true,"qualifies_min10":true,"qualifies_hourly":true,"qualifies_halfhour":false,"departures_MONDAY":30,"departures_TUESDAY":30,"departures_WEDNESDAY":30,"departures_THURSDAY":30,"departures_FRIDAY":30,"departures_SATURDAY":27,"departures_SUNDAY":16}},{"type":"Feature","geometry":{"type":"Point","coordinates":[3.62588,51.00574]},"properties":{"stop_id":"203195","stop_name":"Sint-Martens-Latem Twee Dreven","qualifies_min1":true,"qualifies_min10":true,"qualifies_hourly":true,"qualifies_halfhour":false,"departures_MONDAY":30,"departures_TUESDAY":30,"departures_WEDNESDAY":30,"departures_THURSDAY":30,"departures_FRIDAY":30,"departures_SATURDAY":27,"departures_SUNDAY":16}},{"type":"Feature","geometry":{"type":"Point","coordinates":[3.61529,51.00117]},"properties":{"stop_id":"203196","stop_name":"Deurle Broekstraat","qualifies_min1":true,"qualifies_min10":true,"qualifies_hourly":true,"qualifies_halfhour":false,"departures_MONDAY":30,"departures_TUESDAY":30,"departures_WEDNESDAY":30,"departures_THURSDAY":30,"departures_FRIDAY":30,"departures_SATURDAY":27,"departures_SUNDAY":16}},{"type":"Feature","geometry":{"type":"Point","coordinates":[3.6081,50.99807]},"properties":{"stop_id":"203203","stop_name":"Deurle De Vierschaar","qualifies_min1":true,"qualifies_min10":true,"qualifies_hourly":true,"qualifies_halfhour":false,"departures_MONDAY":30,"departures_TUESDAY":30,"departures_WEDNESDAY":30,"departures_THURSDAY":30,"departures_FRIDAY":30,"departures_SATURDAY":27,"departures_SUNDAY":16}},{"type":"Feature","geometry":{"type":"Point","coordinates":[3.59085,50.99002]},"properties":{"stop_id":"203205","stop_name":"Astene Beekstraat","qualifies_min1":true,"qualifies_min10":true,"qualifies_hourly":true,"qualifies_halfhour":false,"departures_MONDAY":30,"departures_TUESDAY":30,"departures_WEDNESDAY":30,"departures_THURSDAY":30,"departures_FRIDAY":30,"departures_SATURDAY":27,"departures_SUNDAY":16}},{"type":"Feature","geometry":{"type":"Point","coordinates":[3.58101,50.98795]},"properties":{"stop_id":"203206","stop_name":"Astene Oudestraat","qualifies_min1":true,"qualifies_min10":true,"qualifies_hourly":true,"qualifies_halfhour":false,"departures_MONDAY":30,"departures_TUESDAY":30,"departures_WEDNESDAY":30,"departures_THURSDAY":30,"departures_FRIDAY":30,"departures_SATURDAY":27,"departures_SUNDAY":16}},{"type":"Feature","geometry":{"type":"Point","coordinates":[3.73491,51.12883]},"properties":{"stop_id":"203272","stop_name":"Evergem Paryslaan","qualifies_min1":true,"qualifies_min10":true,"qualifies_hourly":false,"qualifies_halfhour":false,"departures_MONDAY":32,"departures_TUESDAY":32,"departures_WEDNESDAY":32,"departures_THURSDAY":32,"departures_FRIDAY":32,"departures_SATURDAY":26,"departures_SUNDAY":16}},{"type":"Feature","geometry":{"type":"Point","coordinates":[3.74647,51.17775]},"properties":{"stop_id":"203273","stop_name":"Ertvelde Marktplein","qualifies_min1":true,"qualifies_min10":true,"qualifies_hourly":false,"qualifies_halfhour":false,"departures_MONDAY":32,"departures_TUESDAY":32,"departures_WEDNESDAY":32,"departures_THURSDAY":32,"departures_FRIDAY":32,"departures_SATURDAY":26,"departures_SUNDAY":16}},{"type":"Feature","geometry":{"type":"Point","coordinates":[3.75298,51.17871]},"properties":{"stop_id":"203279","stop_name":"Ertvelde Hermijtstraat","qualifies_min1":true,"qualifies_min10":true,"qualifies_hourly":false,"qualifies_halfhour":false,"departures_MONDAY":32,"departures_TUESDAY":32,"departures_WEDNESDAY":32,"departures_THURSDAY":32,"departures_FRIDAY":32,"departures_SATURDAY":26,"departures_SUNDAY":16}},{"type":"Feature","geometry":{"type":"Point","coordinates":[3.76093,51.17689]},"properties":{"stop_id":"203298","stop_name":"Ertvelde Rieme Kievitstraat","qualifies_min1":true,"qualifies_min10":true,"qualifies_hourly":false,"qualifies_halfhour":false,"departures_MONDAY":32,"departures_TUESDAY":32,"departures_WEDNESDAY":32,"departures_THURSDAY":32,"departures_FRIDAY":32,"departures_SATURDAY":26,"departures_SUNDAY":16}},{"type":"Feature","geometry":{"type":"Point","coordinates":[3.76929,51.17597]},"properties":{"stop_id":"203326","stop_name":"Ertvelde Rieme Stationsstraat","qualifies_min1":true,"qualifies_min10":true,"qualifies_hourly":false,"qualifies_halfhour":false,"departures_MONDAY":32,"departures_TUESDAY":32,"departures_WEDNESDAY":32,"departures_THURSDAY":32,"departures_FRIDAY":32,"departures_SATURDAY":26,"departures_SUNDAY":16}},{"type":"Feature","geometry":{"type":"Point","coordinates":[3.77791,51.17377]},"properties":{"stop_id":"203327","stop_name":"Ertvelde Rieme Overweg","qualifies_min1":true,"qualifies_min10":true,"qualifies_hourly":false,"qualifies_halfhour":false,"departures_MONDAY":32,"departures_TUESDAY":32,"departures_WEDNESDAY":32,"departures_THURSDAY":32,"departures_FRIDAY":32,"departures_SATURDAY":26,"departures_SUNDAY":16}},{"type":"Feature","geometry":{"type":"Point","coordinates":[3.7679,50.99736]},"properties":{"stop_id":"203339","stop_name":"Merelbeke Campus Diergeneeskunde","qualifies_min1":true,"qualifies_min10":true,"qualifies_hourly":false,"qualifies_halfhour":false,"departures_MONDAY":15,"departures_TUESDAY":15,"departures_WEDNESDAY":15,"departures_THURSDAY":15,"departures_FRIDAY":15,"departures_SATURDAY":13,"departures_SUNDAY":11}},{"type":"Feature","geometry":{"type":"Point","coordinates":[3.69055,51.07175]},"properties":{"stop_id":"203358","stop_name":"Mariakerke Vaartstraat","qualifies_min1":true,"qualifies_min10":true,"qualifies_hourly":true,"qualifies_halfhour":false,"departures_MONDAY":33,"departures_TUESDAY":33,"departures_WEDNESDAY":33,"departures_THURSDAY":33,"departures_FRIDAY":33,"departures_SATURDAY":18,"departures_SUNDAY":16}},{"type":"Feature","geometry":{"type":"Point","coordinates":[3.68572,51.07421]},"properties":{"stop_id":"203359","stop_name":"Mariakerke Mazestraat","qualifies_min1":true,"qualifies_min10":true,"qualifies_hourly":true,"qualifies_halfhour":false,"departures_MONDAY":33,"departures_TUESDAY":33,"departures_WEDNESDAY":33,"departures_THURSDAY":33,"departures_FRIDAY":33,"departures_SATURDAY":18,"departures_SUNDAY":16}},{"type":"Feature","geometry":{"type":"Point","coordinates":[3.67732,51.07842]},"properties":{"stop_id":"203360","stop_name":"Mariakerke Groenestaakstraat","qualifies_min1":true,"qualifies_min10":true,"qualifies_hourly":true,"qualifies_halfhour":false,"departures_MONDAY":33,"departures_TUESDAY":33,"departures_WEDNESDAY":33,"departures_THURSDAY":33,"departures_FRIDAY":33,"departures_SATURDAY":18,"departures_SUNDAY":16}},{"type":"Feature","geometry":{"type":"Point","coordinates":[3.66375,51.0853]},"properties":{"stop_id":"203362","stop_name":"Mariakerke Industrieweg","qualifies_min1":true,"qualifies_min10":true,"qualifies_hourly":true,"qualifies_halfhour":false,"departures_MONDAY":33,"departures_TUESDAY":33,"departures_WEDNESDAY":33,"departures_THURSDAY":33,"departures_FRIDAY":33,"departures_SATURDAY":18,"departures_SUNDAY":16}},{"type":"Feature","geometry":{"type":"Point","coordinates":[3.65177,51.09045]},"properties":{"stop_id":"203363","stop_name":"Evergem Rabotstraat","qualifies_min1":true,"qualifies_min10":true,"qualifies_hourly":true,"qualifies_halfhour":false,"departures_MONDAY":33,"departures_TUESDAY":33,"departures_WEDNESDAY":33,"departures_THURSDAY":33,"departures_FRIDAY":33,"departures_SATURDAY":18,"departures_SUNDAY":16}},{"type":"Feature","geometry":{"type":"Point","coordinates":[3.64466,51.09317]},"properties":{"stop_id":"203364","stop_name":"Lovendegem Bierstal","qualifies_min1":true,"qualifies_min10":true,"qualifies_hourly":true,"qualifies_halfhour":false,"departures_MONDAY":33,"departures_TUESDAY":33,"departures_WEDNESDAY":33,"departures_THURSDAY":33,"departures_FRIDAY":33,"departures_SATURDAY":18,"departures_SUNDAY":16}},{"type":"Feature","geometry":{"type":"Point","coordinates":[3.63731,51.09862]},"properties":{"stop_id":"203365","stop_name":"Lovendegem Appensvoorde","qualifies_min1":true,"qualifies_min10":true,"qualifies_hourly":true,"qualifies_halfhour":false,"departures_MONDAY":67,"departures_TUESDAY":67,"departures_WEDNESDAY":67,"departures_THURSDAY":67,"departures_FRIDAY":67,"departures_SATURDAY":47,"departures_SUNDAY":34}},{"type":"Feature","geometry":{"type":"Point","coordinates":[3.62521,51.10482]},"properties":{"stop_id":"203366","stop_name":"Lovendegem Oostveld Kouter","qualifies_min1":true,"qualifies_min10":true,"qualifies_hourly":true,"qualifies_halfhour":false,"departures_MONDAY":69,"departures_TUESDAY":69,"departures_WEDNESDAY":69,"departures_THURSDAY":69,"departures_FRIDAY":69,"departures_SATURDAY":47,"departures_SUNDAY":34}},{"type":"Feature","geometry":{"type":"Point","coordinates":[3.61877,51.10632]},"properties":{"stop_id":"203367","stop_name":"Lovendegem Binnenslag","qualifies_min1":true,"qualifies_min10":true,"qualifies_hourly":false,"qualifies_halfhour":false,"departures_MONDAY":33,"departures_TUESDAY":33,"departures_WEDNESDAY":33,"departures_THURSDAY":33,"departures_FRIDAY":33,"departures_SATURDAY":18,"departures_SUNDAY":16}},{"type":"Feature","geometry":{"type":"Point","coordinates":[3.60952,51.09779]},"properties":{"stop_id":"203369","stop_name":"Lovendegem Triestlaan","qualifies_min1":true,"qualifies_min10":true,"qualifies_hourly":false,"qualifies_halfhour":false,"departures_MONDAY":33,"departures_TUESDAY":33,"departures_WEDNESDAY":33,"departures_THURSDAY":33,"departures_FRIDAY":33,"departures_SATURDAY":17,"departures_SUNDAY":16}},{"type":"Feature","geometry":{"type":"Point","coordinates":[3.58659,51.10957]},"properties":{"stop_id":"203374","stop_name":"Zomergem Mispelare Stelplaats","qualifies_min1":true,"qualifies_min10":true,"qualifies_hourly":false,"qualifies_halfhour":false,"departures_MONDAY":32,"departures_TUESDAY":32,"departures_WEDNESDAY":32,"departures_THURSDAY":32,"departures_FRIDAY":32,"departures_SATURDAY":17,"departures_SUNDAY":16}},{"type":"Feature","geometry":{"type":"Point","coordinates":[3.61871,51.10737]},"properties":{"stop_id":"203395","stop_name":"Lovendegem Binnenslag","qualifies_min1":true,"qualifies_min10":true,"qualifies_hourly":true,"qualifies_halfhour":false,"departures_MONDAY":36,"departures_TUESDAY":36,"departures_WEDNESDAY":36,"departures_THURSDAY":36,"departures_FRIDAY":36,"departures_SATURDAY":29,"departures_SUNDAY":18}},{"type":"Feature","geometry":{"type":"Point","coordinates":[3.77086,51.09942]},"properties":{"stop_id":"203397","stop_name":"Oostakker Wulverdam","qualifies_min1":true,"qualifies_min10":true,"qualifies_hourly":true,"qualifies_halfhour":false,"departures_MONDAY":94,"departures_TUESDAY":94,"departures_WEDNESDAY":94,"departures_THURSDAY":94,"departures_FRIDAY":95,"departures_SATURDAY":88,"departures_SUNDAY":84}},{"type":"Feature","geometry":{"type":"Point","coordinates":[3.7277,51.09571]},"properties":{"stop_id":"203406","stop_name":"Gent Taminco","qualifies_min1":true,"qualifies_min10":true,"qualifies_hourly":false,"qualifies_halfhour":false,"departures_MONDAY":32,"departures_TUESDAY":32,"departures_WEDNESDAY":32,"departures_THURSDAY":32,"departures_FRIDAY":32,"departures_SATURDAY":26,"departures_SUNDAY":16}},{"type":"Feature","geometry":{"type":"Point","coordinates":[3.72921,51.0995]},"properties":{"stop_id":"203407","stop_name":"Gent Passagierstraat","qualifies_min1":true,"qualifies_min10":true,"qualifies_hourly":false,"qualifies_halfhour":false,"departures_MONDAY":32,"departures_TUESDAY":32,"departures_WEDNESDAY":32,"departures_THURSDAY":32,"departures_FRIDAY":32,"departures_SATURDAY":26,"departures_SUNDAY":16}},{"type":"Feature","geometry":{"type":"Point","coordinates":[3.73845,51.11904]},"properties":{"stop_id":"203418","stop_name":"Evergem Grovermansdreef","qualifies_min1":true,"qualifies_min10":true,"qualifies_hourly":false,"qualifies_halfhour":false,"departures_MONDAY":32,"departures_TUESDAY":32,"departures_WEDNESDAY":32,"departures_THURSDAY":32,"departures_FRIDAY":32,"departures_SATURDAY":26,"departures_SUNDAY":16}},{"type":"Feature","geometry":{"type":"Point","coordinates":[3.78372,51.17438]},"properties":{"stop_id":"203429","stop_name":"Ertvelde Rieme Kerk","qualifies_min1":true,"qualifies_min10":true,"qualifies_hourly":false,"qualifies_halfhour":false,"departures_MONDAY":32,"departures_TUESDAY":32,"departures_WEDNESDAY":32,"departures_THURSDAY":32,"departures_FRIDAY":32,"departures_SATURDAY":26,"departures_SUNDAY":16}},{"type":"Feature","geometry":{"type":"Point","coordinates":[3.79954,51.19259]},"properties":{"stop_id":"203431","stop_name":"Zelzate Klein Rusland","qualifies_min1":true,"qualifies_min10":true,"qualifies_hourly":false,"qualifies_halfhour":false,"departures_MONDAY":31,"departures_TUESDAY":31,"departures_WEDNESDAY":31,"departures_THURSDAY":31,"departures_FRIDAY":31,"departures_SATURDAY":26,"departures_SUNDAY":16}},{"type":"Feature","geometry":{"type":"Point","coordinates":[3.75502,51.05191]},"properties":{"stop_id":"203451","stop_name":"Sint-Amandsberg Baeyensstraat","qualifies_min1":true,"qualifies_min10":true,"qualifies_hourly":true,"qualifies_halfhour":false,"departures_MONDAY":63,"departures_TUESDAY":63,"departures_WEDNESDAY":63,"departures_THURSDAY":63,"departures_FRIDAY":63,"departures_SATURDAY":57,"departures_SUNDAY":29}},{"type":"Feature","geometry":{"type":"Point","coordinates":[3.75922,51.05182]},"properties":{"stop_id":"203452","stop_name":"Destelbergen Lossystraat","qualifies_min1":true,"qualifies_min10":true,"qualifies_hourly":true,"qualifies_halfhour":false,"departures_MONDAY":63,"departures_TUESDAY":63,"departures_WEDNESDAY":63,"departures_THURSDAY":63,"departures_FRIDAY":63,"departures_SATURDAY":57,"departures_SUNDAY":29}},{"type":"Feature","geometry":{"type":"Point","coordinates":[3.76598,51.05238]},"properties":{"stop_id":"203453","stop_name":"Destelbergen Stelplaats","qualifies_min1":true,"qualifies_min10":true,"qualifies_hourly":true,"qualifies_halfhour":false,"departures_MONDAY":63,"departures_TUESDAY":63,"departures_WEDNESDAY":63,"departures_THURSDAY":63,"departures_FRIDAY":63,"departures_SATURDAY":57,"departures_SUNDAY":29}},{"type":"Feature","geometry":{"type":"Point","coordinates":[3.7702,51.05356]},"properties":{"stop_id":"203454","stop_name":"Destelbergen Admiraalstraat","qualifies_min1":true,"qualifies_min10":true,"qualifies_hourly":true,"qualifies_halfhour":false,"departures_MONDAY":63,"departures_TUESDAY":63,"departures_WEDNESDAY":63,"departures_THURSDAY":63,"departures_FRIDAY":63,"departures_SATURDAY":57,"departures_SUNDAY":29}},{"type":"Feature","geometry":{"type":"Point","coordinates":[3.78142,51.05532]},"properties":{"stop_id":"203455","stop_name":"Destelbergen Zenderstraat","qualifies_min1":true,"qualifies_min10":true,"qualifies_hourly":true,"qualifies_halfhour":false,"departures_MONDAY":63,"departures_TUESDAY":63,"departures_WEDNESDAY":63,"departures_THURSDAY":63,"departures_FRIDAY":63,"departures_SATURDAY":57,"departures_SUNDAY":29}},{"type":"Feature","geometry":{"type":"Point","coordinates":[3.79602,51.04827]},"properties":{"stop_id":"203459","stop_name":"Destelbergen Scheldekant","qualifies_min1":true,"qualifies_min10":true,"qualifies_hourly":true,"qualifies_halfhour":false,"departures_MONDAY":33,"departures_TUESDAY":33,"departures_WEDNESDAY":33,"departures_THURSDAY":33,"departures_FRIDAY":33,"departures_SATURDAY":29,"departures_SUNDAY":17}},{"type":"Feature","geometry":{"type":"Point","coordinates":[3.79474,51.04129]},"properties":{"stop_id":"203460","stop_name":"Heusden Doolaegepark","qualifies_min1":true,"qualifies_min10":true,"qualifies_hourly":true,"qualifies_halfhour":false,"departures_MONDAY":33,"departures_TUESDAY":33,"departures_WEDNESDAY":33,"departures_THURSDAY":33,"departures_FRIDAY":33,"departures_SATURDAY":29,"departures_SUNDAY":17}},{"type":"Feature","geometry":{"type":"Point","coordinates":[3.80258,51.03325]},"properties":{"stop_id":"203462","stop_name":"Heusden Tramstraat","qualifies_min1":true,"qualifies_min10":true,"qualifies_hourly":false,"qualifies_halfhour":false,"departures_MONDAY":33,"departures_TUESDAY":33,"departures_WEDNESDAY":33,"departures_THURSDAY":33,"departures_FRIDAY":33,"departures_SATURDAY":29,"departures_SUNDAY":17}},{"type":"Feature","geometry":{"type":"Point","coordinates":[3.81422,51.03504]},"properties":{"stop_id":"203464","stop_name":"Heusden Blauwe Steenstraat","qualifies_min1":true,"qualifies_min10":true,"qualifies_hourly":false,"qualifies_halfhour":false,"departures_MONDAY":33,"departures_TUESDAY":33,"departures_WEDNESDAY":33,"departures_THURSDAY":33,"departures_FRIDAY":33,"departures_SATURDAY":29,"departures_SUNDAY":17}},{"type":"Feature","geometry":{"type":"Point","coordinates":[3.81901,51.03459]},"properties":{"stop_id":"203467","stop_name":"Heusden Dries","qualifies_min1":true,"qualifies_min10":true,"qualifies_hourly":false,"qualifies_halfhour":false,"departures_MONDAY":32,"departures_TUESDAY":32,"departures_WEDNESDAY":32,"departures_THURSDAY":32,"departures_FRIDAY":32,"departures_SATURDAY":28,"departures_SUNDAY":17}},{"type":"Feature","geometry":{"type":"Point","coordinates":[3.82754,51.03316]},"properties":{"stop_id":"203468","stop_name":"Heusden Broekstraat","qualifies_min1":true,"qualifies_min10":true,"qualifies_hourly":false,"qualifies_halfhour":false,"departures_MONDAY":32,"departures_TUESDAY":32,"departures_WEDNESDAY":32,"departures_THURSDAY":32,"departures_FRIDAY":32,"departures_SATURDAY":28,"departures_SUNDAY":17}},{"type":"Feature","geometry":{"type":"Point","coordinates":[3.83284,51.0332]},"properties":{"stop_id":"203469","stop_name":"Laarne Korte Eekhoekstraat","qualifies_min1":true,"qualifies_min10":true,"qualifies_hourly":true,"qualifies_halfhour":false,"departures_MONDAY":32,"departures_TUESDAY":32,"departures_WEDNESDAY":32,"departures_THURSDAY":32,"departures_FRIDAY":32,"departures_SATURDAY":28,"departures_SUNDAY":17}},{"type":"Feature","geometry":{"type":"Point","coordinates":[3.84,51.02825]},"properties":{"stop_id":"203470","stop_name":"Laarne Kasteel","qualifies_min1":true,"qualifies_min10":true,"qualifies_hourly":true,"qualifies_halfhour":false,"departures_MONDAY":32,"departures_TUESDAY":32,"departures_WEDNESDAY":32,"departures_THURSDAY":32,"departures_FRIDAY":32,"departures_SATURDAY":28,"departures_SUNDAY":17}},{"type":"Feature","geometry":{"type":"Point","coordinates":[3.84996,51.02949]},"properties":{"stop_id":"203471","stop_name":"Laarne Dorp","qualifies_min1":true,"qualifies_min10":true,"qualifies_hourly":true,"qualifies_halfhour":false,"departures_MONDAY":32,"departures_TUESDAY":32,"departures_WEDNESDAY":32,"departures_THURSDAY":32,"departures_FRIDAY":32,"departures_SATURDAY":28,"departures_SUNDAY":17}},{"type":"Feature","geometry":{"type":"Point","coordinates":[3.85464,51.0291]},"properties":{"stop_id":"203472","stop_name":"Laarne Oostremstraat","qualifies_min1":true,"qualifies_min10":true,"qualifies_hourly":true,"qualifies_halfhour":false,"departures_MONDAY":32,"departures_TUESDAY":32,"departures_WEDNESDAY":32,"departures_THURSDAY":32,"departures_FRIDAY":32,"departures_SATURDAY":28,"departures_SUNDAY":17}},{"type":"Feature","geometry":{"type":"Point","coordinates":[3.86109,51.02705]},"properties":{"stop_id":"203473","stop_name":"Laarne Termstraat","qualifies_min1":true,"qualifies_min10":true,"qualifies_hourly":true,"qualifies_halfhour":false,"departures_MONDAY":32,"departures_TUESDAY":32,"departures_WEDNESDAY":32,"departures_THURSDAY":32,"departures_FRIDAY":32,"departures_SATURDAY":28,"departures_SUNDAY":17}},{"type":"Feature","geometry":{"type":"Point","coordinates":[3.86634,51.02268]},"properties":{"stop_id":"203474","stop_name":"Laarne Meirhoekwegel","qualifies_min1":true,"qualifies_min10":true,"qualifies_hourly":true,"qualifies_halfhour":false,"departures_MONDAY":32,"departures_TUESDAY":32,"departures_WEDNESDAY":32,"departures_THURSDAY":32,"departures_FRIDAY":32,"departures_SATURDAY":28,"departures_SUNDAY":17}},{"type":"Feature","geometry":{"type":"Point","coordinates":[3.87034,51.01832]},"properties":{"stop_id":"203475","stop_name":"Wetteren Zavelstraat","qualifies_min1":true,"qualifies_min10":true,"qualifies_hourly":true,"qualifies_halfhour":false,"departures_MONDAY":32,"departures_TUESDAY":32,"departures_WEDNESDAY":32,"departures_THURSDAY":32,"departures_FRIDAY":32,"departures_SATURDAY":28,"departures_SUNDAY":17}},{"type":"Feature","geometry":{"type":"Point","coordinates":[3.87143,51.01517]},"properties":{"stop_id":"203476","stop_name":"Wetteren Kerkwegel","qualifies_min1":true,"qualifies_min10":true,"qualifies_hourly":true,"qualifies_halfhour":false,"departures_MONDAY":32,"departures_TUESDAY":32,"departures_WEDNESDAY":32,"departures_THURSDAY":32,"departures_FRIDAY":32,"departures_SATURDAY":28,"departures_SUNDAY":17}},{"type":"Feature","geometry":{"type":"Point","coordinates":[3.8814,51.01142]},"properties":{"stop_id":"203477","stop_name":"Wetteren Kapellendries","qualifies_min1":true,"qualifies_min10":true,"qualifies_hourly":true,"qualifies_halfhour":false,"departures_MONDAY":48,"departures_TUESDAY":48,"departures_WEDNESDAY":48,"departures_THURSDAY":48,"departures_FRIDAY":48,"departures_SATURDAY":42,"departures_SUNDAY":17}},{"type":"Feature","geometry":{"type":"Point","coordinates":[3.8784,51.005]},"properties":{"stop_id":"203479","stop_name":"Wetteren Kon. Astridlaan","qualifies_min1":true,"qualifies_min10":true,"qualifies_hourly":true,"qualifies_halfhour":false,"departures_MONDAY":55,"departures_TUESDAY":55,"departures_WEDNESDAY":55,"departures_THURSDAY":55,"departures_FRIDAY":55,"departures_SATURDAY":42,"departures_SUNDAY":17}},{"type":"Feature","geometry":{"type":"Point","coordinates":[3.88158,51.00155]},"properties":{"stop_id":"203480","stop_name":"Wetteren Station perron 1","qualifies_min1":true,"qualifies_min10":true,"qualifies_hourly":true,"qualifies_halfhour":false,"departures_MONDAY":65,"departures_TUESDAY":65,"departures_WEDNESDAY":65,"departures_THURSDAY":65,"departures_FRIDAY":65,"departures_SATURDAY":57,"departures_SUNDAY":34}},{"type":"Feature","geometry":{"type":"Point","coordinates":[3.79779,51.05595]},"properties":{"stop_id":"203485","stop_name":"Destelbergen Kerk","qualifies_min1":true,"qualifies_min10":true,"qualifies_hourly":false,"qualifies_halfhour":false,"departures_MONDAY":27,"departures_TUESDAY":27,"departures_WEDNESDAY":27,"departures_THURSDAY":27,"departures_FRIDAY":27,"departures_SATURDAY":25,"departures_SUNDAY":12}},{"type":"Feature","geometry":{"type":"Point","coordinates":[3.80431,51.05675]},"properties":{"stop_id":"203506","stop_name":"Destelbergen Sint-Pietershofstraat","qualifies_min1":true,"qualifies_min10":true,"qualifies_hourly":false,"qualifies_halfhour":false,"departures_MONDAY":27,"departures_TUESDAY":27,"departures_WEDNESDAY":27,"departures_THURSDAY":27,"departures_FRIDAY":27,"departures_SATURDAY":25,"departures_SUNDAY":12}},{"type":"Feature","geometry":{"type":"Point","coordinates":[3.6002,51.1841]},"properties":{"stop_id":"203539","stop_name":"Eeklo Lazarijstraat","qualifies_min1":true,"qualifies_min10":true,"qualifies_hourly":false,"qualifies_halfhour":false,"departures_MONDAY":16,"departures_TUESDAY":16,"departures_WEDNESDAY":16,"departures_THURSDAY":16,"departures_FRIDAY":16,"departures_SATURDAY":15,"departures_SUNDAY":13}},{"type":"Feature","geometry":{"type":"Point","coordinates":[3.71761,51.03441]},"properties":{"stop_id":"203541","stop_name":"Gent Parkplein (Parklaan)","qualifies_min1":true,"qualifies_min10":true,"qualifies_hourly":true,"qualifies_halfhour":true,"departures_MONDAY":208,"departures_TUESDAY":208,"departures_WEDNESDAY":208,"departures_THURSDAY":208,"departures_FRIDAY":208,"departures_SATURDAY":184,"departures_SUNDAY":153}},{"type":"Feature","geometry":{"type":"Point","coordinates":[3.75244,51.07606]},"properties":{"stop_id":"203546","stop_name":"Gent Bernadette Kerk","qualifies_min1":true,"qualifies_min10":true,"qualifies_hourly":true,"qualifies_halfhour":false,"departures_MONDAY":65,"departures_TUESDAY":65,"departures_WEDNESDAY":65,"departures_THURSDAY":65,"departures_FRIDAY":65,"departures_SATURDAY":61,"departures_SUNDAY":56}},{"type":"Feature","geometry":{"type":"Point","coordinates":[3.75706,51.07963]},"properties":{"stop_id":"203547","stop_name":"Oostakker Slotendries","qualifies_min1":true,"qualifies_min10":true,"qualifies_hourly":true,"qualifies_halfhour":false,"departures_MONDAY":65,"departures_TUESDAY":65,"departures_WEDNESDAY":65,"departures_THURSDAY":65,"departures_FRIDAY":65,"departures_SATURDAY":61,"departures_SUNDAY":56}},{"type":"Feature","geometry":{"type":"Point","coordinates":[3.75882,51.08205]},"properties":{"stop_id":"203548","stop_name":"Oostakker Lourdes","qualifies_min1":true,"qualifies_min10":true,"qualifies_hourly":true,"qualifies_halfhour":false,"departures_MONDAY":65,"departures_TUESDAY":65,"departures_WEDNESDAY":65,"departures_THURSDAY":65,"departures_FRIDAY":65,"departures_SATURDAY":61,"departures_SUNDAY":56}},{"type":"Feature","geometry":{"type":"Point","coordinates":[3.7584,51.08902]},"properties":{"stop_id":"203549","stop_name":"Oostakker Eikstraat","qualifies_min1":true,"qualifies_min10":true,"qualifies_hourly":true,"qualifies_halfhour":false,"departures_MONDAY":64,"departures_TUESDAY":64,"departures_WEDNESDAY":64,"departures_THURSDAY":64,"departures_FRIDAY":64,"departures_SATURDAY":60,"departures_SUNDAY":56}},{"type":"Feature","geometry":{"type":"Point","coordinates":[3.75836,51.09157]},"properties":{"stop_id":"203550","stop_name":"Oostakker Drie Zwaantjes","qualifies_min1":true,"qualifies_min10":true,"qualifies_hourly":true,"qualifies_halfhour":false,"departures_MONDAY":64,"departures_TUESDAY":64,"departures_WEDNESDAY":64,"departures_THURSDAY":64,"departures_FRIDAY":64,"departures_SATURDAY":60,"departures_SUNDAY":56}},{"type":"Feature","geometry":{"type":"Point","coordinates":[3.77503,51.098]},"properties":{"stop_id":"203562","stop_name":"Oostakker Drieselstraat","qualifies_min1":true,"qualifies_min10":true,"qualifies_hourly":true,"qualifies_halfhour":false,"departures_MONDAY":64,"departures_TUESDAY":64,"departures_WEDNESDAY":64,"departures_THURSDAY":64,"departures_FRIDAY":64,"departures_SATURDAY":60,"departures_SUNDAY":56}},{"type":"Feature","geometry":{"type":"Point","coordinates":[3.84577,51.17476]},"properties":{"stop_id":"203583","stop_name":"Wachtebeke Gebr. Naudtslaan","qualifies_min1":true,"qualifies_min10":false,"qualifies_hourly":false,"qualifies_halfhour":false,"departures_MONDAY":16,"departures_TUESDAY":16,"departures_WEDNESDAY":16,"departures_THURSDAY":16,"departures_FRIDAY":16,"departures_SATURDAY":15,"departures_SUNDAY":6}},{"type":"Feature","geometry":{"type":"Point","coordinates":[3.82134,51.19625]},"properties":{"stop_id":"203585","stop_name":"Zelzate Verbindingsstraat","qualifies_min1":true,"qualifies_min10":false,"qualifies_hourly":false,"qualifies_halfhour":false,"departures_MONDAY":16,"departures_TUESDAY":16,"departures_WEDNESDAY":16,"departures_THURSDAY":16,"departures_FRIDAY":16,"departures_SATURDAY":15,"departures_SUNDAY":6}},{"type":"Feature","geometry":{"type":"Point","coordinates":[3.60676,51.09565]},"properties":{"stop_id":"203587","stop_name":"Lovendegem Kerk","qualifies_min1":true,"qualifies_min10":true,"qualifies_hourly":false,"qualifies_halfhour":false,"departures_MONDAY":32,"departures_TUESDAY":32,"departures_WEDNESDAY":32,"departures_THURSDAY":32,"departures_FRIDAY":32,"departures_SATURDAY":17,"departures_SUNDAY":16}},{"type":"Feature","geometry":{"type":"Point","coordinates":[3.76491,51.09379]},"properties":{"stop_id":"203608","stop_name":"Oostakker Sporthal Wolfput","qualifies_min1":true,"qualifies_min10":true,"qualifies_hourly":true,"qualifies_halfhour":false,"departures_MONDAY":64,"departures_TUESDAY":64,"departures_WEDNESDAY":64,"departures_THURSDAY":64,"departures_FRIDAY":64,"departures_SATURDAY":60,"departures_SUNDAY":56}},{"type":"Feature","geometry":{"type":"Point","coordinates":[3.8315,51.12184]},"properties":{"stop_id":"203619","stop_name":"Zaffelare Kapiteinstraat","qualifies_min1":true,"qualifies_min10":true,"qualifies_hourly":false,"qualifies_halfhour":false,"departures_MONDAY":20,"departures_TUESDAY":20,"departures_WEDNESDAY":20,"departures_THURSDAY":20,"departures_FRIDAY":20,"departures_SATURDAY":17,"departures_SUNDAY":16}},{"type":"Feature","geometry":{"type":"Point","coordinates":[3.83668,51.12368]},"properties":{"stop_id":"203620","stop_name":"Zaffelare Rechtstraat","qualifies_min1":true,"qualifies_min10":true,"qualifies_hourly":false,"qualifies_halfhour":false,"departures_MONDAY":20,"departures_TUESDAY":20,"departures_WEDNESDAY":20,"departures_THURSDAY":20,"departures_FRIDAY":20,"departures_SATURDAY":17,"departures_SUNDAY":16}},{"type":"Feature","geometry":{"type":"Point","coordinates":[3.84583,51.12799]},"properties":{"stop_id":"203621","stop_name":"Zaffelare Nerenhoek","qualifies_min1":true,"qualifies_min10":true,"qualifies_hourly":false,"qualifies_halfhour":false,"departures_MONDAY":20,"departures_TUESDAY":20,"departures_WEDNESDAY":20,"departures_THURSDAY":20,"departures_FRIDAY":20,"departures_SATURDAY":17,"departures_SUNDAY":16}},{"type":"Feature","geometry":{"type":"Point","coordinates":[3.85565,51.13054]},"properties":{"stop_id":"203622","stop_name":"Zaffelare Molenstraat","qualifies_min1":true,"qualifies_min10":true,"qualifies_hourly":false,"qualifies_halfhour":false,"departures_MONDAY":20,"departures_TUESDAY":20,"departures_WEDNESDAY":20,"departures_THURSDAY":20,"departures_FRIDAY":20,"departures_SATURDAY":17,"departures_SUNDAY":16}},{"type":"Feature","geometry":{"type":"Point","coordinates":[3.86392,51.1331]},"properties":{"stop_id":"203623","stop_name":"Zaffelare Kerk","qualifies_min1":true,"qualifies_min10":true,"qualifies_hourly":false,"qualifies_halfhour":false,"departures_MONDAY":20,"departures_TUESDAY":20,"departures_WEDNESDAY":20,"departures_THURSDAY":20,"departures_FRIDAY":20,"departures_SATURDAY":17,"departures_SUNDAY":16}},{"type":"Feature","geometry":{"type":"Point","coordinates":[3.86402,51.15185]},"properties":{"stop_id":"203641","stop_name":"Wachtebeke Craenendam","qualifies_min1":true,"qualifies_min10":true,"qualifies_hourly":false,"qualifies_halfhour":false,"departures_MONDAY":19,"departures_TUESDAY":19,"departures_WEDNESDAY":19,"departures_THURSDAY":19,"departures_FRIDAY":19,"departures_SATURDAY":16,"departures_SUNDAY":16}},{"type":"Feature","geometry":{"type":"Point","coordinates":[3.71073,51.06033]},"properties":{"stop_id":"203648","stop_name":"Gent Rabot (Griendeplein)","qualifies_min1":true,"qualifies_min10":true,"qualifies_hourly":true,"qualifies_halfhour":false,"departures_MONDAY":33,"departures_TUESDAY":33,"departures_WEDNESDAY":33,"departures_THURSDAY":33,"departures_FRIDAY":33,"departures_SATURDAY":18,"departures_SUNDAY":16}},{"type":"Feature","geometry":{"type":"Point","coordinates":[3.71545,51.07642]},"properties":{"stop_id":"203651","stop_name":"Gent Grensstraat","qualifies_min1":true,"qualifies_min10":true,"qualifies_hourly":true,"qualifies_halfhour":true,"departures_MONDAY":202,"departures_TUESDAY":202,"departures_WEDNESDAY":202,"departures_THURSDAY":202,"departures_FRIDAY":209,"departures_SATURDAY":205,"departures_SUNDAY":181}},{"type":"Feature","geometry":{"type":"Point","coordinates":[3.71661,51.08053]},"properties":{"stop_id":"203652","stop_name":"Wondelgem Spoorwegstraat","qualifies_min1":true,"qualifies_min10":true,"qualifies_hourly":true,"qualifies_halfhour":true,"departures_MONDAY":202,"departures_TUESDAY":202,"departures_WEDNESDAY":202,"departures_THURSDAY":202,"departures_FRIDAY":209,"departures_SATURDAY":205,"departures_SUNDAY":181}},{"type":"Feature","geometry":{"type":"Point","coordinates":[3.71673,51.08571]},"properties":{"stop_id":"203654","stop_name":"Wondelgem Molenstraat","qualifies_min1":true,"qualifies_min10":true,"qualifies_hourly":true,"qualifies_halfhour":true,"departures_MONDAY":202,"departures_TUESDAY":202,"departures_WEDNESDAY":202,"departures_THURSDAY":202,"departures_FRIDAY":209,"departures_SATURDAY":205,"departures_SUNDAY":181}},{"type":"Feature","geometry":{"type":"Point","coordinates":[3.73565,51.15501]},"properties":{"stop_id":"203665","stop_name":"Kluizen Toekomststraat","qualifies_min1":true,"qualifies_min10":true,"qualifies_hourly":false,"qualifies_halfhour":false,"departures_MONDAY":32,"departures_TUESDAY":32,"departures_WEDNESDAY":32,"departures_THURSDAY":32,"departures_FRIDAY":32,"departures_SATURDAY":26,"departures_SUNDAY":16}},{"type":"Feature","geometry":{"type":"Point","coordinates":[3.73702,51.15785]},"properties":{"stop_id":"203666","stop_name":"Kluizen Hoogstraat","qualifies_min1":true,"qualifies_min10":true,"qualifies_hourly":false,"qualifies_halfhour":false,"departures_MONDAY":32,"departures_TUESDAY":32,"departures_WEDNESDAY":32,"departures_THURSDAY":32,"departures_FRIDAY":32,"departures_SATURDAY":26,"departures_SUNDAY":16}},{"type":"Feature","geometry":{"type":"Point","coordinates":[3.74285,51.17028]},"properties":{"stop_id":"203667","stop_name":"Ertvelde Vaartstraat-West","qualifies_min1":true,"qualifies_min10":true,"qualifies_hourly":false,"qualifies_halfhour":false,"departures_MONDAY":32,"departures_TUESDAY":32,"departures_WEDNESDAY":32,"departures_THURSDAY":32,"departures_FRIDAY":32,"departures_SATURDAY":26,"departures_SUNDAY":16}},{"type":"Feature","geometry":{"type":"Point","coordinates":[3.74542,51.17529]},"properties":{"stop_id":"203668","stop_name":"Ertvelde Steenstraat","qualifies_min1":true,"qualifies_min10":true,"qualifies_hourly":false,"qualifies_halfhour":false,"departures_MONDAY":32,"departures_TUESDAY":32,"departures_WEDNESDAY":32,"departures_THURSDAY":32,"departures_FRIDAY":32,"departures_SATURDAY":26,"departures_SUNDAY":16}},{"type":"Feature","geometry":{"type":"Point","coordinates":[3.6886,51.19211]},"properties":{"stop_id":"203675","stop_name":"Oosteeklo Kerk","qualifies_min1":true,"qualifies_min10":true,"qualifies_hourly":false,"qualifies_halfhour":false,"departures_MONDAY":16,"departures_TUESDAY":16,"departures_WEDNESDAY":16,"departures_THURSDAY":16,"departures_FRIDAY":16,"departures_SATURDAY":15,"departures_SUNDAY":13}},{"type":"Feature","geometry":{"type":"Point","coordinates":[3.58282,51.1813]},"properties":{"stop_id":"203686","stop_name":"Eeklo Zwembadstraat","qualifies_min1":true,"qualifies_min10":true,"qualifies_hourly":false,"qualifies_halfhour":false,"departures_MONDAY":16,"departures_TUESDAY":16,"departures_WEDNESDAY":16,"departures_THURSDAY":16,"departures_FRIDAY":16,"departures_SATURDAY":15,"departures_SUNDAY":13}},{"type":"Feature","geometry":{"type":"Point","coordinates":[3.5908,51.18168]},"properties":{"stop_id":"203687","stop_name":"Eeklo Kriekmoerstraat","qualifies_min1":true,"qualifies_min10":true,"qualifies_hourly":false,"qualifies_halfhour":false,"departures_MONDAY":16,"departures_TUESDAY":16,"departures_WEDNESDAY":16,"departures_THURSDAY":16,"departures_FRIDAY":16,"departures_SATURDAY":15,"departures_SUNDAY":13}},{"type":"Feature","geometry":{"type":"Point","coordinates":[3.6144,51.18535]},"properties":{"stop_id":"203689","stop_name":"Lembeke Windgatstraat","qualifies_min1":true,"qualifies_min10":true,"qualifies_hourly":false,"qualifies_halfhour":false,"departures_MONDAY":16,"departures_TUESDAY":16,"departures_WEDNESDAY":16,"departures_THURSDAY":16,"departures_FRIDAY":16,"departures_SATURDAY":15,"departures_SUNDAY":13}},{"type":"Feature","geometry":{"type":"Point","coordinates":[3.65,51.18631]},"properties":{"stop_id":"203721","stop_name":"Lembeke Kaprijkestraat","qualifies_min1":true,"qualifies_min10":true,"qualifies_hourly":false,"qualifies_halfhour":false,"departures_MONDAY":16,"departures_TUESDAY":16,"departures_WEDNESDAY":16,"departures_THURSDAY":16,"departures_FRIDAY":16,"departures_SATURDAY":15,"departures_SUNDAY":13}},{"type":"Feature","geometry":{"type":"Point","coordinates":[3.66024,51.18726]},"properties":{"stop_id":"203722","stop_name":"Lembeke Weststraat","qualifies_min1":true,"qualifies_min10":true,"qualifies_hourly":false,"qualifies_halfhour":false,"departures_MONDAY":16,"departures_TUESDAY":16,"departures_WEDNESDAY":16,"departures_THURSDAY":16,"departures_FRIDAY":16,"departures_SATURDAY":15,"departures_SUNDAY":13}},{"type":"Feature","geometry":{"type":"Point","coordinates":[3.68118,51.18767]},"properties":{"stop_id":"203723","stop_name":"Oosteeklo Rijkestraat","qualifies_min1":true,"qualifies_min10":true,"qualifies_hourly":false,"qualifies_halfhour":false,"departures_MONDAY":16,"departures_TUESDAY":16,"departures_WEDNESDAY":16,"departures_THURSDAY":16,"departures_FRIDAY":16,"departures_SATURDAY":15,"departures_SUNDAY":13}},{"type":"Feature","geometry":{"type":"Point","coordinates":[3.75459,50.98447]},"properties":{"stop_id":"203733","stop_name":"Merelbeke Lamstraat","qualifies_min1":true,"qualifies_min10":true,"qualifies_hourly":false,"qualifies_halfhour":false,"departures_MONDAY":15,"departures_TUESDAY":15,"departures_WEDNESDAY":15,"departures_THURSDAY":15,"departures_FRIDAY":15,"departures_SATURDAY":13,"departures_SUNDAY":11}},{"type":"Feature","geometry":{"type":"Point","coordinates":[3.75898,50.98756]},"properties":{"stop_id":"203735","stop_name":"Merelbeke Wijnpeerstraat","qualifies_min1":true,"qualifies_min10":true,"qualifies_hourly":false,"qualifies_halfhour":false,"departures_MONDAY":15,"departures_TUESDAY":15,"departures_WEDNESDAY":15,"departures_THURSDAY":15,"departures_FRIDAY":15,"departures_SATURDAY":13,"departures_SUNDAY":11}},{"type":"Feature","geometry":{"type":"Point","coordinates":[3.885,50.99929]},"properties":{"stop_id":"203749","stop_name":"Wetteren Oordegemsesteenweg","qualifies_min1":true,"qualifies_min10":false,"qualifies_hourly":false,"qualifies_halfhour":false,"departures_MONDAY":28,"departures_TUESDAY":28,"departures_WEDNESDAY":28,"departures_THURSDAY":28,"departures_FRIDAY":28,"departures_SATURDAY":21,"departures_SUNDAY":4}},{"type":"Feature","geometry":{"type":"Point","coordinates":[3.79496,51.0553]},"properties":{"stop_id":"203750","stop_name":"Destelbergen Reinaertweg","qualifies_min1":true,"qualifies_min10":true,"qualifies_hourly":true,"qualifies_halfhour":false,"departures_MONDAY":36,"departures_TUESDAY":36,"departures_WEDNESDAY":36,"departures_THURSDAY":36,"departures_FRIDAY":36,"departures_SATURDAY":32,"departures_SUNDAY":17}},{"type":"Feature","geometry":{"type":"Point","coordinates":[3.64037,51.0415]},"properties":{"stop_id":"203756","stop_name":"Drongen Sint-Gerolfstraat","qualifies_min1":true,"qualifies_min10":true,"qualifies_hourly":true,"qualifies_halfhour":false,"departures_MONDAY":31,"departures_TUESDAY":31,"departures_WEDNESDAY":31,"departures_THURSDAY":31,"departures_FRIDAY":31,"departures_SATURDAY":28,"departures_SUNDAY":27}},{"type":"Feature","geometry":{"type":"Point","coordinates":[3.61756,51.03695]},"properties":{"stop_id":"203760","stop_name":"Drongen Baarledorpstraat","qualifies_min1":true,"qualifies_min10":true,"qualifies_hourly":true,"qualifies_halfhour":false,"departures_MONDAY":31,"departures_TUESDAY":31,"departures_WEDNESDAY":31,"departures_THURSDAY":31,"departures_FRIDAY":31,"departures_SATURDAY":28,"departures_SUNDAY":27}},{"type":"Feature","geometry":{"type":"Point","coordinates":[3.61275,51.03548]},"properties":{"stop_id":"203761","stop_name":"Drongen Molenhuis","qualifies_min1":true,"qualifies_min10":true,"qualifies_hourly":true,"qualifies_halfhour":false,"departures_MONDAY":31,"departures_TUESDAY":31,"departures_WEDNESDAY":31,"departures_THURSDAY":31,"departures_FRIDAY":31,"departures_SATURDAY":28,"departures_SUNDAY":27}},{"type":"Feature","geometry":{"type":"Point","coordinates":[3.60846,51.03414]},"properties":{"stop_id":"203762","stop_name":"Drongen Baarleboslaan","qualifies_min1":true,"qualifies_min10":true,"qualifies_hourly":true,"qualifies_halfhour":false,"departures_MONDAY":31,"departures_TUESDAY":31,"departures_WEDNESDAY":31,"departures_THURSDAY":31,"departures_FRIDAY":31,"departures_SATURDAY":28,"departures_SUNDAY":27}},{"type":"Feature","geometry":{"type":"Point","coordinates":[3.60484,51.03145]},"properties":{"stop_id":"203763","stop_name":"Drongen Baarlewarande","qualifies_min1":true,"qualifies_min10":true,"qualifies_hourly":true,"qualifies_halfhour":false,"departures_MONDAY":31,"departures_TUESDAY":31,"departures_WEDNESDAY":31,"departures_THURSDAY":31,"departures_FRIDAY":31,"departures_SATURDAY":28,"departures_SUNDAY":27}},{"type":"Feature","geometry":{"type":"Point","coordinates":[3.60361,51.02893]},"properties":{"stop_id":"203764","stop_name":"Drongen Zombeekstraat","qualifies_min1":true,"qualifies_min10":true,"qualifies_hourly":true,"qualifies_halfhour":false,"departures_MONDAY":31,"departures_TUESDAY":31,"departures_WEDNESDAY":31,"departures_THURSDAY":31,"departures_FRIDAY":31,"departures_SATURDAY":28,"departures_SUNDAY":27}},{"type":"Feature","geometry":{"type":"Point","coordinates":[3.59083,51.01704]},"properties":{"stop_id":"203765","stop_name":"Sint-Martens-Leerne Lindeboom","qualifies_min1":true,"qualifies_min10":true,"qualifies_hourly":true,"qualifies_halfhour":false,"departures_MONDAY":31,"departures_TUESDAY":31,"departures_WEDNESDAY":31,"departures_THURSDAY":31,"departures_FRIDAY":31,"departures_SATURDAY":28,"departures_SUNDAY":27}},{"type":"Feature","geometry":{"type":"Point","coordinates":[3.58672,51.01496]},"properties":{"stop_id":"203766","stop_name":"Sint-Martens-Leerne Engelhoekstraat","qualifies_min1":true,"qualifies_min10":true,"qualifies_hourly":true,"qualifies_halfhour":false,"departures_MONDAY":31,"departures_TUESDAY":31,"departures_WEDNESDAY":31,"departures_THURSDAY":31,"departures_FRIDAY":31,"departures_SATURDAY":28,"departures_SUNDAY":27}},{"type":"Feature","geometry":{"type":"Point","coordinates":[3.74343,50.99771]},"properties":{"stop_id":"203817","stop_name":"Merelbeke Lyceum","qualifies_min1":true,"qualifies_min10":true,"qualifies_hourly":false,"qualifies_halfhour":false,"departures_MONDAY":31,"departures_TUESDAY":31,"departures_WEDNESDAY":31,"departures_THURSDAY":31,"departures_FRIDAY":31,"departures_SATURDAY":30,"departures_SUNDAY":14}},{"type":"Feature","geometry":{"type":"Point","coordinates":[3.7457,50.99453]},"properties":{"stop_id":"203818","stop_name":"Merelbeke Kerk","qualifies_min1":true,"qualifies_min10":true,"qualifies_hourly":true,"qualifies_halfhour":true,"departures_MONDAY":94,"departures_TUESDAY":94,"departures_WEDNESDAY":94,"departures_THURSDAY":94,"departures_FRIDAY":94,"departures_SATURDAY":89,"departures_SUNDAY":57}},{"type":"Feature","geometry":{"type":"Point","coordinates":[3.72466,50.98059]},"properties":{"stop_id":"203822","stop_name":"Merelbeke Sint-Elooistraat","qualifies_min1":true,"qualifies_min10":false,"qualifies_hourly":false,"qualifies_halfhour":false,"departures_MONDAY":34,"departures_TUESDAY":34,"departures_WEDNESDAY":34,"departures_THURSDAY":34,"departures_FRIDAY":34,"departures_SATURDAY":33,"departures_SUNDAY":8}},{"type":"Feature","geometry":{"type":"Point","coordinates":[3.71445,50.97083]},"properties":{"stop_id":"203823","stop_name":"Schelderode Kerk","qualifies_min1":true,"qualifies_min10":false,"qualifies_hourly":false,"qualifies_halfhour":false,"departures_MONDAY":34,"departures_TUESDAY":34,"departures_WEDNESDAY":34,"departures_THURSDAY":34,"departures_FRIDAY":34,"departures_SATURDAY":33,"departures_SUNDAY":8}},{"type":"Feature","geometry":{"type":"Point","coordinates":[3.70182,50.9617]},"properties":{"stop_id":"203824","stop_name":"Melsen Warandestraat","qualifies_min1":true,"qualifies_min10":false,"qualifies_hourly":false,"qualifies_halfhour":false,"departures_MONDAY":34,"departures_TUESDAY":34,"departures_WEDNESDAY":34,"departures_THURSDAY":34,"departures_FRIDAY":34,"departures_SATURDAY":33,"departures_SUNDAY":8}},{"type":"Feature","geometry":{"type":"Point","coordinates":[3.69462,50.95685]},"properties":{"stop_id":"203826","stop_name":"Melsen Melsenstraat","qualifies_min1":true,"qualifies_min10":false,"qualifies_hourly":false,"qualifies_halfhour":false,"departures_MONDAY":34,"departures_TUESDAY":34,"departures_WEDNESDAY":34,"departures_THURSDAY":34,"departures_FRIDAY":34,"departures_SATURDAY":33,"departures_SUNDAY":8}},{"type":"Feature","geometry":{"type":"Point","coordinates":[3.74652,50.99037]},"properties":{"stop_id":"203844","stop_name":"Merelbeke Molenhoek","qualifies_min1":true,"qualifies_min10":true,"qualifies_hourly":true,"qualifies_halfhour":true,"departures_MONDAY":94,"departures_TUESDAY":94,"departures_WEDNESDAY":94,"departures_THURSDAY":94,"departures_FRIDAY":94,"departures_SATURDAY":89,"departures_SUNDAY":57}},{"type":"Feature","geometry":{"type":"Point","coordinates":[3.76293,50.98934]},"properties":{"stop_id":"203849","stop_name":"Merelbeke Lembergsesteenweg","qualifies_min1":true,"qualifies_min10":true,"qualifies_hourly":false,"qualifies_halfhour":false,"departures_MONDAY":15,"departures_TUESDAY":15,"departures_WEDNESDAY":15,"departures_THURSDAY":15,"departures_FRIDAY":15,"departures_SATURDAY":13,"departures_SUNDAY":11}},{"type":"Feature","geometry":{"type":"Point","coordinates":[3.75877,50.96485]},"properties":{"stop_id":"203855","stop_name":"Bottelare Dorpsstraat","qualifies_min1":true,"qualifies_min10":false,"qualifies_hourly":false,"qualifies_halfhour":false,"departures_MONDAY":15,"departures_TUESDAY":15,"departures_WEDNESDAY":15,"departures_THURSDAY":15,"departures_FRIDAY":15,"departures_SATURDAY":15,"departures_SUNDAY":7}},{"type":"Feature","geometry":{"type":"Point","coordinates":[3.76745,50.96459]},"properties":{"stop_id":"203857","stop_name":"Bottelare Vijverstraat","qualifies_min1":true,"qualifies_min10":false,"qualifies_hourly":false,"qualifies_halfhour":false,"departures_MONDAY":16,"departures_TUESDAY":16,"departures_WEDNESDAY":16,"departures_THURSDAY":16,"departures_FRIDAY":16,"departures_SATURDAY":15,"departures_SUNDAY":6}},{"type":"Feature","geometry":{"type":"Point","coordinates":[3.77364,50.96191]},"properties":{"stop_id":"203858","stop_name":"Moortsele Lusbekestraat","qualifies_min1":true,"qualifies_min10":false,"qualifies_hourly":false,"qualifies_halfhour":false,"departures_MONDAY":16,"departures_TUESDAY":16,"departures_WEDNESDAY":16,"departures_THURSDAY":16,"departures_FRIDAY":16,"departures_SATURDAY":15,"departures_SUNDAY":6}},{"type":"Feature","geometry":{"type":"Point","coordinates":[3.77957,50.95844]},"properties":{"stop_id":"203859","stop_name":"Moortsele Dorp","qualifies_min1":true,"qualifies_min10":false,"qualifies_hourly":false,"qualifies_halfhour":false,"departures_MONDAY":16,"departures_TUESDAY":16,"departures_WEDNESDAY":16,"departures_THURSDAY":16,"departures_FRIDAY":16,"departures_SATURDAY":15,"departures_SUNDAY":6}},{"type":"Feature","geometry":{"type":"Point","coordinates":[3.78093,50.95405]},"properties":{"stop_id":"203860","stop_name":"Moortsele Station","qualifies_min1":true,"qualifies_min10":false,"qualifies_hourly":false,"qualifies_halfhour":false,"departures_MONDAY":16,"departures_TUESDAY":16,"departures_WEDNESDAY":16,"departures_THURSDAY":16,"departures_FRIDAY":16,"departures_SATURDAY":15,"departures_SUNDAY":6}},{"type":"Feature","geometry":{"type":"Point","coordinates":[3.8784,50.9945]},"properties":{"stop_id":"203888","stop_name":"Wetteren Diepenbroekstraat","qualifies_min1":true,"qualifies_min10":false,"qualifies_hourly":false,"qualifies_halfhour":false,"departures_MONDAY":28,"departures_TUESDAY":28,"departures_WEDNESDAY":28,"departures_THURSDAY":28,"departures_FRIDAY":28,"departures_SATURDAY":21,"departures_SUNDAY":4}},{"type":"Feature","geometry":{"type":"Point","coordinates":[3.73288,51.00089]},"properties":{"stop_id":"203890","stop_name":"Merelbeke Nijverheidsweg","qualifies_min1":true,"qualifies_min10":true,"qualifies_hourly":false,"qualifies_halfhour":false,"departures_MONDAY":31,"departures_TUESDAY":31,"departures_WEDNESDAY":31,"departures_THURSDAY":31,"departures_FRIDAY":31,"departures_SATURDAY":30,"departures_SUNDAY":14}},{"type":"Feature","geometry":{"type":"Point","coordinates":[3.74079,51.0335]},"properties":{"stop_id":"203895","stop_name":"Ledeberg Botermarkt","qualifies_min1":true,"qualifies_min10":true,"qualifies_hourly":true,"qualifies_halfhour":false,"departures_MONDAY":66,"departures_TUESDAY":66,"departures_WEDNESDAY":66,"departures_THURSDAY":66,"departures_FRIDAY":66,"departures_SATURDAY":60,"departures_SUNDAY":44}},{"type":"Feature","geometry":{"type":"Point","coordinates":[3.7462,51.0282]},"properties":{"stop_id":"203896","stop_name":"Ledeberg Eindeke","qualifies_min1":true,"qualifies_min10":true,"qualifies_hourly":true,"qualifies_halfhour":false,"departures_MONDAY":66,"departures_TUESDAY":66,"departures_WEDNESDAY":66,"departures_THURSDAY":66,"departures_FRIDAY":66,"departures_SATURDAY":60,"departures_SUNDAY":44}},{"type":"Feature","geometry":{"type":"Point","coordinates":[3.74986,51.0245]},"properties":{"stop_id":"203897","stop_name":"Merelbeke Koestraat","qualifies_min1":true,"qualifies_min10":true,"qualifies_hourly":true,"qualifies_halfhour":false,"departures_MONDAY":66,"departures_TUESDAY":66,"departures_WEDNESDAY":66,"departures_THURSDAY":66,"departures_FRIDAY":66,"departures_SATURDAY":60,"departures_SUNDAY":44}},{"type":"Feature","geometry":{"type":"Point","coordinates":[3.75241,51.02227]},"properties":{"stop_id":"203898","stop_name":"Merelbeke Benoitlaan","qualifies_min1":true,"qualifies_min10":true,"qualifies_hourly":true,"qualifies_halfhour":false,"departures_MONDAY":66,"departures_TUESDAY":66,"departures_WEDNESDAY":66,"departures_THURSDAY":66,"departures_FRIDAY":66,"departures_SATURDAY":60,"departures_SUNDAY":44}},{"type":"Feature","geometry":{"type":"Point","coordinates":[3.75353,51.01953]},"properties":{"stop_id":"203899","stop_name":"Merelbeke Van Goethemstraat","qualifies_min1":true,"qualifies_min10":true,"qualifies_hourly":true,"qualifies_halfhour":false,"departures_MONDAY":66,"departures_TUESDAY":66,"departures_WEDNESDAY":66,"departures_THURSDAY":66,"departures_FRIDAY":66,"departures_SATURDAY":60,"departures_SUNDAY":44}},{"type":"Feature","geometry":{"type":"Point","coordinates":[3.75224,51.01354]},"properties":{"stop_id":"203900","stop_name":"Merelbeke Bergstraat","qualifies_min1":true,"qualifies_min10":true,"qualifies_hourly":true,"qualifies_halfhour":false,"departures_MONDAY":66,"departures_TUESDAY":66,"departures_WEDNESDAY":66,"departures_THURSDAY":66,"departures_FRIDAY":66,"departures_SATURDAY":60,"departures_SUNDAY":44}},{"type":"Feature","geometry":{"type":"Point","coordinates":[3.75137,51.0111]},"properties":{"stop_id":"203901","stop_name":"Merelbeke Ringvaartstraat","qualifies_min1":true,"qualifies_min10":true,"qualifies_hourly":true,"qualifies_halfhour":false,"departures_MONDAY":66,"departures_TUESDAY":66,"departures_WEDNESDAY":66,"departures_THURSDAY":66,"departures_FRIDAY":66,"departures_SATURDAY":60,"departures_SUNDAY":44}},{"type":"Feature","geometry":{"type":"Point","coordinates":[3.7517,51.00506]},"properties":{"stop_id":"203906","stop_name":"Merelbeke Plataan","qualifies_min1":true,"qualifies_min10":true,"qualifies_hourly":true,"qualifies_halfhour":false,"departures_MONDAY":66,"departures_TUESDAY":66,"departures_WEDNESDAY":66,"departures_THURSDAY":66,"departures_FRIDAY":66,"departures_SATURDAY":60,"departures_SUNDAY":44}},{"type":"Feature","geometry":{"type":"Point","coordinates":[3.75151,51.00222]},"properties":{"stop_id":"203907","stop_name":"Merelbeke Waterstraat","qualifies_min1":true,"qualifies_min10":true,"qualifies_hourly":false,"qualifies_halfhour":false,"departures_MONDAY":66,"departures_TUESDAY":66,"departures_WEDNESDAY":66,"departures_THURSDAY":66,"departures_FRIDAY":66,"departures_SATURDAY":60,"departures_SUNDAY":44}},{"type":"Feature","geometry":{"type":"Point","coordinates":[3.74838,50.99766]},"properties":{"stop_id":"203908","stop_name":"Merelbeke Hebbelynckstraat","qualifies_min1":true,"qualifies_min10":true,"qualifies_hourly":false,"qualifies_halfhour":false,"departures_MONDAY":66,"departures_TUESDAY":66,"departures_WEDNESDAY":66,"departures_THURSDAY":66,"departures_FRIDAY":66,"departures_SATURDAY":60,"departures_SUNDAY":44}},{"type":"Feature","geometry":{"type":"Point","coordinates":[3.7749,50.99373]},"properties":{"stop_id":"203909","stop_name":"Melle Karus Melle","qualifies_min1":true,"qualifies_min10":true,"qualifies_hourly":false,"qualifies_halfhour":false,"departures_MONDAY":15,"departures_TUESDAY":15,"departures_WEDNESDAY":15,"departures_THURSDAY":15,"departures_FRIDAY":15,"departures_SATURDAY":13,"departures_SUNDAY":11}},{"type":"Feature","geometry":{"type":"Point","coordinates":[3.74506,50.98707]},"properties":{"stop_id":"203910","stop_name":"Merelbeke Polderstraat","qualifies_min1":true,"qualifies_min10":false,"qualifies_hourly":false,"qualifies_halfhour":false,"departures_MONDAY":31,"departures_TUESDAY":31,"departures_WEDNESDAY":31,"departures_THURSDAY":31,"departures_FRIDAY":31,"departures_SATURDAY":29,"departures_SUNDAY":6}},{"type":"Feature","geometry":{"type":"Point","coordinates":[3.74145,50.98479]},"properties":{"stop_id":"203911","stop_name":"Merelbeke Kastanjestraat","qualifies_min1":true,"qualifies_min10":false,"qualifies_hourly":false,"qualifies_halfhour":false,"departures_MONDAY":34,"departures_TUESDAY":34,"departures_WEDNESDAY":34,"departures_THURSDAY":34,"departures_FRIDAY":34,"departures_SATURDAY":33,"departures_SUNDAY":8}},{"type":"Feature","geometry":{"type":"Point","coordinates":[3.73772,50.98165]},"properties":{"stop_id":"203912","stop_name":"Merelbeke Populierenhof","qualifies_min1":true,"qualifies_min10":false,"qualifies_hourly":false,"qualifies_halfhour":false,"departures_MONDAY":34,"departures_TUESDAY":34,"departures_WEDNESDAY":34,"departures_THURSDAY":34,"departures_FRIDAY":34,"departures_SATURDAY":33,"departures_SUNDAY":8}},{"type":"Feature","geometry":{"type":"Point","coordinates":[3.72785,50.98288]},"properties":{"stop_id":"203913","stop_name":"Merelbeke Notelaarstraat","qualifies_min1":true,"qualifies_min10":false,"qualifies_hourly":false,"qualifies_halfhour":false,"departures_MONDAY":34,"departures_TUESDAY":34,"departures_WEDNESDAY":34,"departures_THURSDAY":34,"departures_FRIDAY":34,"departures_SATURDAY":33,"departures_SUNDAY":8}},{"type":"Feature","geometry":{"type":"Point","coordinates":[3.73163,50.97581]},"properties":{"stop_id":"203915","stop_name":"Merelbeke Kwenenbos","qualifies_min1":true,"qualifies_min10":true,"qualifies_hourly":false,"qualifies_halfhour":false,"departures_MONDAY":31,"departures_TUESDAY":31,"departures_WEDNESDAY":31,"departures_THURSDAY":31,"departures_FRIDAY":31,"departures_SATURDAY":31,"departures_SUNDAY":18}},{"type":"Feature","geometry":{"type":"Point","coordinates":[3.74549,50.98323]},"properties":{"stop_id":"203916","stop_name":"Merelbeke Schellebellepontweg","qualifies_min1":true,"qualifies_min10":true,"qualifies_hourly":false,"qualifies_halfhour":false,"departures_MONDAY":49,"departures_TUESDAY":49,"departures_WEDNESDAY":49,"departures_THURSDAY":49,"departures_FRIDAY":49,"departures_SATURDAY":44,"departures_SUNDAY":23}},{"type":"Feature","geometry":{"type":"Point","coordinates":[3.73753,50.96498]},"properties":{"stop_id":"203920","stop_name":"Merelbeke Motsenstraat","qualifies_min1":true,"qualifies_min10":false,"qualifies_hourly":false,"qualifies_halfhour":false,"departures_MONDAY":19,"departures_TUESDAY":19,"departures_WEDNESDAY":19,"departures_THURSDAY":19,"departures_FRIDAY":19,"departures_SATURDAY":15,"departures_SUNDAY":6}},{"type":"Feature","geometry":{"type":"Point","coordinates":[3.74952,50.96619]},"properties":{"stop_id":"203921","stop_name":"Bottelare Pontstraat","qualifies_min1":true,"qualifies_min10":false,"qualifies_hourly":false,"qualifies_halfhour":false,"departures_MONDAY":19,"departures_TUESDAY":19,"departures_WEDNESDAY":19,"departures_THURSDAY":19,"departures_FRIDAY":19,"departures_SATURDAY":15,"departures_SUNDAY":6}},{"type":"Feature","geometry":{"type":"Point","coordinates":[3.7536,50.96325]},"properties":{"stop_id":"203922","stop_name":"Bottelare Dorp","qualifies_min1":true,"qualifies_min10":false,"qualifies_hourly":false,"qualifies_halfhour":false,"departures_MONDAY":19,"departures_TUESDAY":19,"departures_WEDNESDAY":19,"departures_THURSDAY":19,"departures_FRIDAY":19,"departures_SATURDAY":15,"departures_SUNDAY":6}},{"type":"Feature","geometry":{"type":"Point","coordinates":[3.7317,51.04754]},"properties":{"stop_id":"203928","stop_name":"Gent Zuid perron 6","qualifies_min1":true,"qualifies_min10":true,"qualifies_hourly":false,"qualifies_halfhour":false,"departures_MONDAY":54,"departures_TUESDAY":54,"departures_WEDNESDAY":54,"departures_THURSDAY":54,"departures_FRIDAY":54,"departures_SATURDAY":50,"departures_SUNDAY":24}},{"type":"Feature","geometry":{"type":"Point","coordinates":[3.76278,51.0306]},"properties":{"stop_id":"203931","stop_name":"Gentbrugge Schooldreef","qualifies_min1":true,"qualifies_min10":true,"qualifies_hourly":true,"qualifies_halfhour":false,"departures_MONDAY":107,"departures_TUESDAY":107,"departures_WEDNESDAY":107,"departures_THURSDAY":107,"departures_FRIDAY":107,"departures_SATURDAY":60,"departures_SUNDAY":46}},{"type":"Feature","geometry":{"type":"Point","coordinates":[3.7713,51.02567]},"properties":{"stop_id":"203934","stop_name":"Melle Leeuw","qualifies_min1":true,"qualifies_min10":true,"qualifies_hourly":false,"qualifies_halfhour":false,"departures_MONDAY":69,"departures_TUESDAY":69,"departures_WEDNESDAY":69,"departures_THURSDAY":69,"departures_FRIDAY":69,"departures_SATURDAY":29,"departures_SUNDAY":16}},{"type":"Feature","geometry":{"type":"Point","coordinates":[3.78012,51.01885]},"properties":{"stop_id":"203935","stop_name":"Melle Tuinstraat","qualifies_min1":true,"qualifies_min10":true,"qualifies_hourly":false,"qualifies_halfhour":false,"departures_MONDAY":62,"departures_TUESDAY":62,"departures_WEDNESDAY":62,"departures_THURSDAY":62,"departures_FRIDAY":62,"departures_SATURDAY":29,"departures_SUNDAY":16}},{"type":"Feature","geometry":{"type":"Point","coordinates":[3.78622,51.01391]},"properties":{"stop_id":"203937","stop_name":"Melle Tuinbouwschool","qualifies_min1":true,"qualifies_min10":true,"qualifies_hourly":false,"qualifies_halfhour":false,"departures_MONDAY":62,"departures_TUESDAY":62,"departures_WEDNESDAY":62,"departures_THURSDAY":62,"departures_FRIDAY":62,"departures_SATURDAY":29,"departures_SUNDAY":16}},{"type":"Feature","geometry":{"type":"Point","coordinates":[3.79169,51.00952]},"properties":{"stop_id":"203938","stop_name":"Melle Akkerstraat","qualifies_min1":true,"qualifies_min10":true,"qualifies_hourly":false,"qualifies_halfhour":false,"departures_MONDAY":62,"departures_TUESDAY":62,"departures_WEDNESDAY":62,"departures_THURSDAY":62,"departures_FRIDAY":62,"departures_SATURDAY":29,"departures_SUNDAY":16}},{"type":"Feature","geometry":{"type":"Point","coordinates":[3.79974,51.00383]},"properties":{"stop_id":"203940","stop_name":"Melle Gemeenteplein","qualifies_min1":true,"qualifies_min10":true,"qualifies_hourly":false,"qualifies_halfhour":false,"departures_MONDAY":62,"departures_TUESDAY":62,"departures_WEDNESDAY":62,"departures_THURSDAY":62,"departures_FRIDAY":62,"departures_SATURDAY":29,"departures_SUNDAY":16}},{"type":"Feature","geometry":{"type":"Point","coordinates":[3.81006,50.99834]},"properties":{"stop_id":"203942","stop_name":"Melle College","qualifies_min1":true,"qualifies_min10":true,"qualifies_hourly":false,"qualifies_halfhour":false,"departures_MONDAY":62,"departures_TUESDAY":62,"departures_WEDNESDAY":62,"departures_THURSDAY":62,"departures_FRIDAY":62,"departures_SATURDAY":29,"departures_SUNDAY":16}},{"type":"Feature","geometry":{"type":"Point","coordinates":[3.81999,50.99497]},"properties":{"stop_id":"203943","stop_name":"Melle Collegebaan","qualifies_min1":true,"qualifies_min10":true,"qualifies_hourly":false,"qualifies_halfhour":false,"departures_MONDAY":37,"departures_TUESDAY":37,"departures_WEDNESDAY":37,"departures_THURSDAY":37,"departures_FRIDAY":37,"departures_SATURDAY":15,"departures_SUNDAY":14}},{"type":"Feature","geometry":{"type":"Point","coordinates":[3.83087,50.99109]},"properties":{"stop_id":"203944","stop_name":"Kwatrecht Station","qualifies_min1":true,"qualifies_min10":true,"qualifies_hourly":false,"qualifies_halfhour":false,"departures_MONDAY":37,"departures_TUESDAY":37,"departures_WEDNESDAY":37,"departures_THURSDAY":37,"departures_FRIDAY":37,"departures_SATURDAY":15,"departures_SUNDAY":14}},{"type":"Feature","geometry":{"type":"Point","coordinates":[3.83872,50.98724]},"properties":{"stop_id":"203945","stop_name":"Kwatrecht Kerk","qualifies_min1":true,"qualifies_min10":true,"qualifies_hourly":false,"qualifies_halfhour":false,"departures_MONDAY":31,"departures_TUESDAY":31,"departures_WEDNESDAY":31,"departures_THURSDAY":31,"departures_FRIDAY":31,"departures_SATURDAY":15,"departures_SUNDAY":14}},{"type":"Feature","geometry":{"type":"Point","coordinates":[3.76716,50.99284]},"properties":{"stop_id":"203948","stop_name":"Merelbeke Ruiterstraat","qualifies_min1":true,"qualifies_min10":true,"qualifies_hourly":false,"qualifies_halfhour":false,"departures_MONDAY":15,"departures_TUESDAY":15,"departures_WEDNESDAY":15,"departures_THURSDAY":15,"departures_FRIDAY":15,"departures_SATURDAY":13,"departures_SUNDAY":11}},{"type":"Feature","geometry":{"type":"Point","coordinates":[3.61202,51.114]},"properties":{"stop_id":"203977","stop_name":"Lovendegem Meienbroek","qualifies_min1":true,"qualifies_min10":true,"qualifies_hourly":true,"qualifies_halfhour":false,"departures_MONDAY":36,"departures_TUESDAY":36,"departures_WEDNESDAY":36,"departures_THURSDAY":36,"departures_FRIDAY":36,"departures_SATURDAY":29,"departures_SUNDAY":18}},{"type":"Feature","geometry":{"type":"Point","coordinates":[3.91256,51.17236]},"properties":{"stop_id":"204090","stop_name":"Moerbeke-Waas Fortstraat","qualifies_min1":true,"qualifies_min10":false,"qualifies_hourly":false,"qualifies_halfhour":false,"departures_MONDAY":16,"departures_TUESDAY":16,"departures_WEDNESDAY":16,"departures_THURSDAY":16,"departures_FRIDAY":16,"departures_SATURDAY":15,"departures_SUNDAY":6}},{"type":"Feature","geometry":{"type":"Point","coordinates":[3.7317,51.04857]},"properties":{"stop_id":"204810","stop_name":"Gent Zuid perron 10","qualifies_min1":true,"qualifies_min10":true,"qualifies_hourly":true,"qualifies_halfhour":true,"departures_MONDAY":367,"departures_TUESDAY":367,"departures_WEDNESDAY":367,"departures_THURSDAY":367,"departures_FRIDAY":135,"departures_SATURDAY":153,"departures_SUNDAY":162}},{"type":"Feature","geometry":{"type":"Point","coordinates":[3.70878,51.03707]},"properties":{"stop_id":"204911","stop_name":"Gent Sint-Pietersstation perron 1","qualifies_min1":true,"qualifies_min10":true,"qualifies_hourly":true,"qualifies_halfhour":true,"departures_MONDAY":85,"departures_TUESDAY":85,"departures_WEDNESDAY":85,"departures_THURSDAY":85,"departures_FRIDAY":85,"departures_SATURDAY":92,"departures_SUNDAY":79}},{"type":"Feature","geometry":{"type":"Point","coordinates":[3.70944,51.03696]},"properties":{"stop_id":"204912","stop_name":"Gent Sint-Pietersstation perron 2","qualifies_min1":true,"qualifies_min10":true,"qualifies_hourly":true,"qualifies_halfhour":true,"departures_MONDAY":84,"departures_TUESDAY":84,"departures_WEDNESDAY":84,"departures_THURSDAY":84,"departures_FRIDAY":84,"departures_SATURDAY":91,"departures_SUNDAY":78}},{"type":"Feature","geometry":{"type":"Point","coordinates":[3.70875,51.03662]},"properties":{"stop_id":"204916","stop_name":"Gent Sint-Pietersstation perron 6","qualifies_min1":true,"qualifies_min10":true,"qualifies_hourly":false,"qualifies_halfhour":false,"departures_MONDAY":63,"departures_TUESDAY":63,"departures_WEDNESDAY":63,"departures_THURSDAY":63,"departures_FRIDAY":63,"departures_SATURDAY":60,"departures_SUNDAY":27}},{"type":"Feature","geometry":{"type":"Point","coordinates":[3.70883,51.0366]},"properties":{"stop_id":"204917","stop_name":"Gent Sint-Pietersstation perron 7","qualifies_min1":true,"qualifies_min10":true,"qualifies_hourly":true,"qualifies_halfhour":false,"departures_MONDAY":104,"departures_TUESDAY":104,"departures_WEDNESDAY":104,"departures_THURSDAY":104,"departures_FRIDAY":104,"departures_SATURDAY":90,"departures_SUNDAY":74}},{"type":"Feature","geometry":{"type":"Point","coordinates":[3.70916,51.03654]},"properties":{"stop_id":"204918","stop_name":"Gent Sint-Pietersstation perron 8","qualifies_min1":true,"qualifies_min10":true,"qualifies_hourly":true,"qualifies_halfhour":false,"departures_MONDAY":68,"departures_TUESDAY":68,"departures_WEDNESDAY":68,"departures_THURSDAY":68,"departures_FRIDAY":68,"departures_SATURDAY":64,"departures_SUNDAY":59}},{"type":"Feature","geometry":{"type":"Point","coordinates":[3.68815,51.02221]},"properties":{"stop_id":"204920","stop_name":"Gent Bovenhove","qualifies_min1":true,"qualifies_min10":true,"qualifies_hourly":true,"qualifies_halfhour":false,"departures_MONDAY":66,"departures_TUESDAY":66,"departures_WEDNESDAY":66,"departures_THURSDAY":66,"departures_FRIDAY":66,"departures_SATURDAY":64,"departures_SUNDAY":58}},{"type":"Feature","geometry":{"type":"Point","coordinates":[3.70022,51.04605]},"properties":{"stop_id":"204924","stop_name":"Gent Europalaan","qualifies_min1":true,"qualifies_min10":true,"qualifies_hourly":true,"qualifies_halfhour":true,"departures_MONDAY":120,"departures_TUESDAY":120,"departures_WEDNESDAY":120,"departures_THURSDAY":120,"departures_FRIDAY":131,"departures_SATURDAY":83,"departures_SUNDAY":65}},{"type":"Feature","geometry":{"type":"Point","coordinates":[3.91241,51.17246]},"properties":{"stop_id":"205090","stop_name":"Moerbeke-Waas Fortstraat","qualifies_min1":true,"qualifies_min10":false,"qualifies_hourly":false,"qualifies_halfhour":false,"departures_MONDAY":16,"departures_TUESDAY":16,"departures_WEDNESDAY":16,"departures_THURSDAY":16,"departures_FRIDAY":16,"departures_SATURDAY":15,"departures_SUNDAY":6}},{"type":"Feature","geometry":{"type":"Point","coordinates":[3.7094,51.0365]},"properties":{"stop_id":"205914","stop_name":"Gent Sint-Pietersstation perron 14","qualifies_min1":true,"qualifies_min10":true,"qualifies_hourly":true,"qualifies_halfhour":true,"departures_MONDAY":142,"departures_TUESDAY":142,"departures_WEDNESDAY":142,"departures_THURSDAY":142,"departures_FRIDAY":142,"departures_SATURDAY":96,"departures_SUNDAY":67}},{"type":"Feature","geometry":{"type":"Point","coordinates":[3.70949,51.03653]},"properties":{"stop_id":"205915","stop_name":"Gent Sint-Pietersstation perron 15","qualifies_min1":true,"qualifies_min10":true,"qualifies_hourly":true,"qualifies_halfhour":false,"departures_MONDAY":66,"departures_TUESDAY":66,"departures_WEDNESDAY":66,"departures_THURSDAY":66,"departures_FRIDAY":66,"departures_SATURDAY":54,"departures_SUNDAY":32}},{"type":"Feature","geometry":{"type":"Point","coordinates":[3.70959,51.03648]},"properties":{"stop_id":"205916","stop_name":"Gent Sint-Pietersstation perron 16","qualifies_min1":true,"qualifies_min10":true,"qualifies_hourly":true,"qualifies_halfhour":true,"departures_MONDAY":143,"departures_TUESDAY":143,"departures_WEDNESDAY":143,"departures_THURSDAY":143,"departures_FRIDAY":143,"departures_SATURDAY":127,"departures_SUNDAY":121}},{"type":"Feature","geometry":{"type":"Point","coordinates":[3.71212,51.0361]},"properties":{"stop_id":"205919","stop_name":"Gent Sint-Pietersstation perron 19","qualifies_min1":true,"qualifies_min10":true,"qualifies_hourly":true,"qualifies_halfhour":true,"departures_MONDAY":166,"departures_TUESDAY":166,"departures_WEDNESDAY":166,"departures_THURSDAY":166,"departures_FRIDAY":166,"departures_SATURDAY":94,"departures_SUNDAY":77}},{"type":"Feature","geometry":{"type":"Point","coordinates":[3.68807,51.02209]},"properties":{"stop_id":"205920","stop_name":"Gent Bovenhove","qualifies_min1":true,"qualifies_min10":true,"qualifies_hourly":true,"qualifies_halfhour":false,"departures_MONDAY":64,"departures_TUESDAY":64,"departures_WEDNESDAY":64,"departures_THURSDAY":64,"departures_FRIDAY":64,"departures_SATURDAY":63,"departures_SUNDAY":59}},{"type":"Feature","geometry":{"type":"Point","coordinates":[3.712293,51.035881]},"properties":{"stop_id":"205921","stop_name":"Gent Sint-Pietersstation perron 21","qualifies_min1":true,"qualifies_min10":true,"qualifies_hourly":true,"qualifies_halfhour":false,"departures_MONDAY":191,"departures_TUESDAY":191,"departures_WEDNESDAY":191,"departures_THURSDAY":191,"departures_FRIDAY":191,"departures_SATURDAY":90,"departures_SUNDAY":76}},{"type":"Feature","geometry":{"type":"Point","coordinates":[3.69914,51.04591]},"properties":{"stop_id":"205924","stop_name":"Gent Europalaan","qualifies_min1":true,"qualifies_min10":true,"qualifies_hourly":true,"qualifies_halfhour":true,"departures_MONDAY":121,"departures_TUESDAY":121,"departures_WEDNESDAY":121,"departures_THURSDAY":121,"departures_FRIDAY":133,"departures_SATURDAY":84,"departures_SUNDAY":66}},{"type":"Feature","geometry":{"type":"Point","coordinates":[3.76685,51.01806]},"properties":{"stop_id":"205984","stop_name":"Melle Vijverwegel","qualifies_min1":true,"qualifies_min10":true,"qualifies_hourly":true,"qualifies_halfhour":false,"departures_MONDAY":38,"departures_TUESDAY":38,"departures_WEDNESDAY":38,"departures_THURSDAY":38,"departures_FRIDAY":38,"departures_SATURDAY":31,"departures_SUNDAY":30}},{"type":"Feature","geometry":{"type":"Point","coordinates":[3.87908,50.99028]},"properties":{"stop_id":"206426","stop_name":"Massemen Maelbroekstraat","qualifies_min1":true,"qualifies_min10":false,"qualifies_hourly":false,"qualifies_halfhour":false,"departures_MONDAY":31,"departures_TUESDAY":31,"departures_WEDNESDAY":31,"departures_THURSDAY":31,"departures_FRIDAY":31,"departures_SATURDAY":21,"departures_SUNDAY":4}},{"type":"Feature","geometry":{"type":"Point","coordinates":[3.84653,50.98341]},"properties":{"stop_id":"206554","stop_name":"Kwatrecht Oosterzelesteenweg","qualifies_min1":true,"qualifies_min10":true,"qualifies_hourly":false,"qualifies_halfhour":false,"departures_MONDAY":31,"departures_TUESDAY":31,"departures_WEDNESDAY":31,"departures_THURSDAY":31,"departures_FRIDAY":31,"departures_SATURDAY":15,"departures_SUNDAY":14}},{"type":"Feature","geometry":{"type":"Point","coordinates":[3.91824,50.95349]},"properties":{"stop_id":"206563","stop_name":"Oordegem Sportpark","qualifies_min1":true,"qualifies_min10":true,"qualifies_hourly":false,"qualifies_halfhour":false,"departures_MONDAY":31,"departures_TUESDAY":31,"departures_WEDNESDAY":31,"departures_THURSDAY":31,"departures_FRIDAY":31,"departures_SATURDAY":15,"departures_SUNDAY":14}},{"type":"Feature","geometry":{"type":"Point","coordinates":[3.89732,50.95859]},"properties":{"stop_id":"206565","stop_name":"Oordegem Grote Steenweg","qualifies_min1":true,"qualifies_min10":true,"qualifies_hourly":false,"qualifies_halfhour":false,"departures_MONDAY":46,"departures_TUESDAY":46,"departures_WEDNESDAY":46,"departures_THURSDAY":46,"departures_FRIDAY":46,"departures_SATURDAY":25,"departures_SUNDAY":18}},{"type":"Feature","geometry":{"type":"Point","coordinates":[3.89035,50.962]},"properties":{"stop_id":"206566","stop_name":"Oordegem Stichelendries","qualifies_min1":true,"qualifies_min10":true,"qualifies_hourly":false,"qualifies_halfhour":false,"departures_MONDAY":31,"departures_TUESDAY":31,"departures_WEDNESDAY":31,"departures_THURSDAY":31,"departures_FRIDAY":31,"departures_SATURDAY":15,"departures_SUNDAY":14}},{"type":"Feature","geometry":{"type":"Point","coordinates":[3.88074,50.96674]},"properties":{"stop_id":"206567","stop_name":"Oordegem Molen","qualifies_min1":true,"qualifies_min10":true,"qualifies_hourly":false,"qualifies_halfhour":false,"departures_MONDAY":31,"departures_TUESDAY":31,"departures_WEDNESDAY":31,"departures_THURSDAY":31,"departures_FRIDAY":31,"departures_SATURDAY":15,"departures_SUNDAY":14}},{"type":"Feature","geometry":{"type":"Point","coordinates":[3.86565,50.97413]},"properties":{"stop_id":"206568","stop_name":"Massemen Strop","qualifies_min1":true,"qualifies_min10":true,"qualifies_hourly":false,"qualifies_halfhour":false,"departures_MONDAY":31,"departures_TUESDAY":31,"departures_WEDNESDAY":31,"departures_THURSDAY":31,"departures_FRIDAY":31,"departures_SATURDAY":15,"departures_SUNDAY":14}},{"type":"Feature","geometry":{"type":"Point","coordinates":[3.90862,50.96039]},"properties":{"stop_id":"206577","stop_name":"Oordegem Rodtstraat","qualifies_min1":true,"qualifies_min10":false,"qualifies_hourly":false,"qualifies_halfhour":false,"departures_MONDAY":15,"departures_TUESDAY":15,"departures_WEDNESDAY":15,"departures_THURSDAY":15,"departures_FRIDAY":15,"departures_SATURDAY":10,"departures_SUNDAY":4}},{"type":"Feature","geometry":{"type":"Point","coordinates":[3.85639,50.97865]},"properties":{"stop_id":"206594","stop_name":"Massemen Begijnestraat","qualifies_min1":true,"qualifies_min10":true,"qualifies_hourly":false,"qualifies_halfhour":false,"departures_MONDAY":31,"departures_TUESDAY":31,"departures_WEDNESDAY":31,"departures_THURSDAY":31,"departures_FRIDAY":31,"departures_SATURDAY":15,"departures_SUNDAY":14}},{"type":"Feature","geometry":{"type":"Point","coordinates":[3.90018,50.95716]},"properties":{"stop_id":"206830","stop_name":"Oordegem Dorp","qualifies_min1":true,"qualifies_min10":true,"qualifies_hourly":false,"qualifies_halfhour":false,"departures_MONDAY":46,"departures_TUESDAY":46,"departures_WEDNESDAY":46,"departures_THURSDAY":46,"departures_FRIDAY":46,"departures_SATURDAY":25,"departures_SUNDAY":18}},{"type":"Feature","geometry":{"type":"Point","coordinates":[3.87468,50.98188]},"properties":{"stop_id":"206831","stop_name":"Massemen Dorp","qualifies_min1":true,"qualifies_min10":false,"qualifies_hourly":false,"qualifies_halfhour":false,"departures_MONDAY":31,"departures_TUESDAY":31,"departures_WEDNESDAY":31,"departures_THURSDAY":31,"departures_FRIDAY":31,"departures_SATURDAY":21,"departures_SUNDAY":4}},{"type":"Feature","geometry":{"type":"Point","coordinates":[3.88712,50.97946]},"properties":{"stop_id":"206834","stop_name":"Massemen Loweestraat","qualifies_min1":true,"qualifies_min10":false,"qualifies_hourly":false,"qualifies_halfhour":false,"departures_MONDAY":18,"departures_TUESDAY":18,"departures_WEDNESDAY":18,"departures_THURSDAY":18,"departures_FRIDAY":18,"departures_SATURDAY":10,"departures_SUNDAY":4}},{"type":"Feature","geometry":{"type":"Point","coordinates":[3.89186,50.97876]},"properties":{"stop_id":"206835","stop_name":"Massemen Oordegemsesteenweg","qualifies_min1":true,"qualifies_min10":false,"qualifies_hourly":false,"qualifies_halfhour":false,"departures_MONDAY":18,"departures_TUESDAY":18,"departures_WEDNESDAY":18,"departures_THURSDAY":18,"departures_FRIDAY":18,"departures_SATURDAY":10,"departures_SUNDAY":4}},{"type":"Feature","geometry":{"type":"Point","coordinates":[3.90338,50.96512]},"properties":{"stop_id":"206836","stop_name":"Oordegem Blekte","qualifies_min1":true,"qualifies_min10":false,"qualifies_hourly":false,"qualifies_halfhour":false,"departures_MONDAY":18,"departures_TUESDAY":18,"departures_WEDNESDAY":18,"departures_THURSDAY":18,"departures_FRIDAY":18,"departures_SATURDAY":10,"departures_SUNDAY":4}},{"type":"Feature","geometry":{"type":"Point","coordinates":[3.89889,50.96252]},"properties":{"stop_id":"206837","stop_name":"Oordegem Dries","qualifies_min1":true,"qualifies_min10":false,"qualifies_hourly":false,"qualifies_halfhour":false,"departures_MONDAY":18,"departures_TUESDAY":18,"departures_WEDNESDAY":18,"departures_THURSDAY":18,"departures_FRIDAY":18,"departures_SATURDAY":10,"departures_SUNDAY":4}},{"type":"Feature","geometry":{"type":"Point","coordinates":[3.87301,50.97053]},"properties":{"stop_id":"206965","stop_name":"Westrem Dorpsstraat","qualifies_min1":true,"qualifies_min10":true,"qualifies_hourly":false,"qualifies_halfhour":false,"departures_MONDAY":31,"departures_TUESDAY":31,"departures_WEDNESDAY":31,"departures_THURSDAY":31,"departures_FRIDAY":31,"departures_SATURDAY":15,"departures_SUNDAY":14}},{"type":"Feature","geometry":{"type":"Point","coordinates":[3.87467,50.98234]},"properties":{"stop_id":"207425","stop_name":"Massemen Dorp","qualifies_min1":true,"qualifies_min10":false,"qualifies_hourly":false,"qualifies_halfhour":false,"departures_MONDAY":28,"departures_TUESDAY":28,"departures_WEDNESDAY":28,"departures_THURSDAY":28,"departures_FRIDAY":28,"departures_SATURDAY":21,"departures_SUNDAY":4}},{"type":"Feature","geometry":{"type":"Point","coordinates":[3.87858,50.98964]},"properties":{"stop_id":"207426","stop_name":"Massemen Maelbroekstraat","qualifies_min1":true,"qualifies_min10":false,"qualifies_hourly":false,"qualifies_halfhour":false,"departures_MONDAY":28,"departures_TUESDAY":28,"departures_WEDNESDAY":28,"departures_THURSDAY":28,"departures_FRIDAY":28,"departures_SATURDAY":21,"departures_SUNDAY":4}},{"type":"Feature","geometry":{"type":"Point","coordinates":[3.91719,50.95387]},"properties":{"stop_id":"207563","stop_name":"Oordegem Sportpark","qualifies_min1":true,"qualifies_min10":true,"qualifies_hourly":false,"qualifies_halfhour":false,"departures_MONDAY":30,"departures_TUESDAY":30,"departures_WEDNESDAY":30,"departures_THURSDAY":30,"departures_FRIDAY":30,"departures_SATURDAY":14,"departures_SUNDAY":14}},{"type":"Feature","geometry":{"type":"Point","coordinates":[3.89722,50.95882]},"properties":{"stop_id":"207565","stop_name":"Oordegem Grote Steenweg","qualifies_min1":true,"qualifies_min10":true,"qualifies_hourly":false,"qualifies_halfhour":false,"departures_MONDAY":48,"departures_TUESDAY":48,"departures_WEDNESDAY":48,"departures_THURSDAY":48,"departures_FRIDAY":48,"departures_SATURDAY":24,"departures_SUNDAY":18}},{"type":"Feature","geometry":{"type":"Point","coordinates":[3.89059,50.96206]},"properties":{"stop_id":"207566","stop_name":"Oordegem Stichelendries","qualifies_min1":true,"qualifies_min10":true,"qualifies_hourly":false,"qualifies_halfhour":false,"departures_MONDAY":30,"departures_TUESDAY":30,"departures_WEDNESDAY":30,"departures_THURSDAY":30,"departures_FRIDAY":30,"departures_SATURDAY":14,"departures_SUNDAY":14}},{"type":"Feature","geometry":{"type":"Point","coordinates":[3.88132,50.96665]},"properties":{"stop_id":"207567","stop_name":"Oordegem Molen","qualifies_min1":true,"qualifies_min10":true,"qualifies_hourly":false,"qualifies_halfhour":false,"departures_MONDAY":30,"departures_TUESDAY":30,"departures_WEDNESDAY":30,"departures_THURSDAY":30,"departures_FRIDAY":30,"departures_SATURDAY":14,"departures_SUNDAY":14}},{"type":"Feature","geometry":{"type":"Point","coordinates":[3.86416,50.97504]},"properties":{"stop_id":"207568","stop_name":"Massemen Strop","qualifies_min1":true,"qualifies_min10":true,"qualifies_hourly":false,"qualifies_halfhour":false,"departures_MONDAY":31,"departures_TUESDAY":31,"departures_WEDNESDAY":31,"departures_THURSDAY":31,"departures_FRIDAY":31,"departures_SATURDAY":14,"departures_SUNDAY":14}},{"type":"Feature","geometry":{"type":"Point","coordinates":[3.9088,50.96061]},"properties":{"stop_id":"207577","stop_name":"Oordegem Rodtstraat","qualifies_min1":true,"qualifies_min10":false,"qualifies_hourly":false,"qualifies_halfhour":false,"departures_MONDAY":18,"departures_TUESDAY":18,"departures_WEDNESDAY":18,"departures_THURSDAY":18,"departures_FRIDAY":18,"departures_SATURDAY":10,"departures_SUNDAY":4}},{"type":"Feature","geometry":{"type":"Point","coordinates":[3.85655,50.97876]},"properties":{"stop_id":"207594","stop_name":"Massemen Begijnestraat","qualifies_min1":true,"qualifies_min10":true,"qualifies_hourly":false,"qualifies_halfhour":false,"departures_MONDAY":31,"departures_TUESDAY":31,"departures_WEDNESDAY":31,"departures_THURSDAY":31,"departures_FRIDAY":31,"departures_SATURDAY":14,"departures_SUNDAY":14}},{"type":"Feature","geometry":{"type":"Point","coordinates":[3.9012,50.9569]},"properties":{"stop_id":"207830","stop_name":"Oordegem Dorp","qualifies_min1":true,"qualifies_min10":true,"qualifies_hourly":false,"qualifies_halfhour":false,"departures_MONDAY":48,"departures_TUESDAY":48,"departures_WEDNESDAY":48,"departures_THURSDAY":48,"departures_FRIDAY":48,"departures_SATURDAY":24,"departures_SUNDAY":18}},{"type":"Feature","geometry":{"type":"Point","coordinates":[3.88731,50.97931]},"properties":{"stop_id":"207834","stop_name":"Massemen Loweestraat","qualifies_min1":true,"qualifies_min10":false,"qualifies_hourly":false,"qualifies_halfhour":false,"departures_MONDAY":15,"departures_TUESDAY":15,"departures_WEDNESDAY":15,"departures_THURSDAY":15,"departures_FRIDAY":15,"departures_SATURDAY":10,"departures_SUNDAY":4}},{"type":"Feature","geometry":{"type":"Point","coordinates":[3.89172,50.97873]},"properties":{"stop_id":"207835","stop_name":"Massemen Oordegemsesteenweg","qualifies_min1":true,"qualifies_min10":false,"qualifies_hourly":false,"qualifies_halfhour":false,"departures_MONDAY":15,"departures_TUESDAY":15,"departures_WEDNESDAY":15,"departures_THURSDAY":15,"departures_FRIDAY":15,"departures_SATURDAY":10,"departures_SUNDAY":4}},{"type":"Feature","geometry":{"type":"Point","coordinates":[3.90245,50.965]},"properties":{"stop_id":"207836","stop_name":"Oordegem Blekte","qualifies_min1":true,"qualifies_min10":false,"qualifies_hourly":false,"qualifies_halfhour":false,"departures_MONDAY":15,"departures_TUESDAY":15,"departures_WEDNESDAY":15,"departures_THURSDAY":15,"departures_FRIDAY":15,"departures_SATURDAY":10,"departures_SUNDAY":4}},{"type":"Feature","geometry":{"type":"Point","coordinates":[3.89876,50.96242]},"properties":{"stop_id":"207837","stop_name":"Oordegem Dries","qualifies_min1":true,"qualifies_min10":false,"qualifies_hourly":false,"qualifies_halfhour":false,"departures_MONDAY":15,"departures_TUESDAY":15,"departures_WEDNESDAY":15,"departures_THURSDAY":15,"departures_FRIDAY":15,"departures_SATURDAY":10,"departures_SUNDAY":4}},{"type":"Feature","geometry":{"type":"Point","coordinates":[3.87355,50.97045]},"properties":{"stop_id":"207965","stop_name":"Westrem Dorpsstraat","qualifies_min1":true,"qualifies_min10":true,"qualifies_hourly":false,"qualifies_halfhour":false,"departures_MONDAY":30,"departures_TUESDAY":30,"departures_WEDNESDAY":30,"departures_THURSDAY":30,"departures_FRIDAY":30,"departures_SATURDAY":14,"departures_SUNDAY":14}},{"type":"Feature","geometry":{"type":"Point","coordinates":[3.65013,50.9647]},"properties":{"stop_id":"208291","stop_name":"Eke Nieuwe Steenweg","qualifies_min1":true,"qualifies_min10":true,"qualifies_hourly":false,"qualifies_halfhour":false,"departures_MONDAY":18,"departures_TUESDAY":18,"departures_WEDNESDAY":18,"departures_THURSDAY":18,"departures_FRIDAY":18,"departures_SATURDAY":18,"departures_SUNDAY":14}},{"type":"Feature","geometry":{"type":"Point","coordinates":[3.64449,50.96136]},"properties":{"stop_id":"208292","stop_name":"Eke 's Gravendreef","qualifies_min1":true,"qualifies_min10":true,"qualifies_hourly":false,"qualifies_halfhour":false,"departures_MONDAY":18,"departures_TUESDAY":18,"departures_WEDNESDAY":18,"departures_THURSDAY":18,"departures_FRIDAY":18,"departures_SATURDAY":18,"departures_SUNDAY":14}},{"type":"Feature","geometry":{"type":"Point","coordinates":[3.64027,50.95724]},"properties":{"stop_id":"208293","stop_name":"Eke De Lichterveldestraat","qualifies_min1":true,"qualifies_min10":true,"qualifies_hourly":false,"qualifies_halfhour":false,"departures_MONDAY":18,"departures_TUESDAY":18,"departures_WEDNESDAY":18,"departures_THURSDAY":18,"departures_FRIDAY":18,"departures_SATURDAY":18,"departures_SUNDAY":14}},{"type":"Feature","geometry":{"type":"Point","coordinates":[3.6332,50.95935]},"properties":{"stop_id":"208294","stop_name":"Eke Biesten","qualifies_min1":true,"qualifies_min10":true,"qualifies_hourly":false,"qualifies_halfhour":false,"departures_MONDAY":18,"departures_TUESDAY":18,"departures_WEDNESDAY":18,"departures_THURSDAY":18,"departures_FRIDAY":18,"departures_SATURDAY":18,"departures_SUNDAY":14}},{"type":"Feature","geometry":{"type":"Point","coordinates":[3.57986,50.96783]},"properties":{"stop_id":"208662","stop_name":"Astene Oude Heirweg","qualifies_min1":true,"qualifies_min10":true,"qualifies_hourly":false,"qualifies_halfhour":false,"departures_MONDAY":14,"departures_TUESDAY":14,"departures_WEDNESDAY":14,"departures_THURSDAY":14,"departures_FRIDAY":14,"departures_SATURDAY":14,"departures_SUNDAY":12}},{"type":"Feature","geometry":{"type":"Point","coordinates":[3.59118,50.95975]},"properties":{"stop_id":"208663","stop_name":"Nazareth Deinzestraat","qualifies_min1":true,"qualifies_min10":true,"qualifies_hourly":false,"qualifies_halfhour":false,"departures_MONDAY":14,"departures_TUESDAY":14,"departures_WEDNESDAY":14,"departures_THURSDAY":14,"departures_FRIDAY":14,"departures_SATURDAY":14,"departures_SUNDAY":12}},{"type":"Feature","geometry":{"type":"Point","coordinates":[3.68118,50.98984]},"properties":{"stop_id":"208703","stop_name":"Zevergem Grote Steenweg","qualifies_min1":true,"qualifies_min10":true,"qualifies_hourly":false,"qualifies_halfhour":false,"departures_MONDAY":18,"departures_TUESDAY":18,"departures_WEDNESDAY":18,"departures_THURSDAY":18,"departures_FRIDAY":18,"departures_SATURDAY":18,"departures_SUNDAY":14}},{"type":"Feature","geometry":{"type":"Point","coordinates":[3.65344,50.991]},"properties":{"stop_id":"208707","stop_name":"De Pinte Europaplein","qualifies_min1":true,"qualifies_min10":true,"qualifies_hourly":true,"qualifies_halfhour":false,"departures_MONDAY":21,"departures_TUESDAY":21,"departures_WEDNESDAY":21,"departures_THURSDAY":21,"departures_FRIDAY":21,"departures_SATURDAY":18,"departures_SUNDAY":16}},{"type":"Feature","geometry":{"type":"Point","coordinates":[3.68008,50.98381]},"properties":{"stop_id":"208718","stop_name":"Zevergem Veldstraat","qualifies_min1":true,"qualifies_min10":true,"qualifies_hourly":false,"qualifies_halfhour":false,"departures_MONDAY":18,"departures_TUESDAY":18,"departures_WEDNESDAY":18,"departures_THURSDAY":18,"departures_FRIDAY":18,"departures_SATURDAY":18,"departures_SUNDAY":14}},{"type":"Feature","geometry":{"type":"Point","coordinates":[3.67585,50.98037]},"properties":{"stop_id":"208719","stop_name":"Zevergem Kriekestraat","qualifies_min1":true,"qualifies_min10":true,"qualifies_hourly":false,"qualifies_halfhour":false,"departures_MONDAY":18,"departures_TUESDAY":18,"departures_WEDNESDAY":18,"departures_THURSDAY":18,"departures_FRIDAY":18,"departures_SATURDAY":18,"departures_SUNDAY":14}},{"type":"Feature","geometry":{"type":"Point","coordinates":[3.66494,50.97149]},"properties":{"stop_id":"208721","stop_name":"Eke Brouwershoflaan","qualifies_min1":true,"qualifies_min10":true,"qualifies_hourly":false,"qualifies_halfhour":false,"departures_MONDAY":18,"departures_TUESDAY":18,"departures_WEDNESDAY":18,"departures_THURSDAY":18,"departures_FRIDAY":18,"departures_SATURDAY":18,"departures_SUNDAY":14}},{"type":"Feature","geometry":{"type":"Point","coordinates":[3.66175,50.96879]},"properties":{"stop_id":"208722","stop_name":"Eke Landuitstraat","qualifies_min1":true,"qualifies_min10":true,"qualifies_hourly":false,"qualifies_halfhour":false,"departures_MONDAY":18,"departures_TUESDAY":18,"departures_WEDNESDAY":18,"departures_THURSDAY":18,"departures_FRIDAY":18,"departures_SATURDAY":18,"departures_SUNDAY":14}},{"type":"Feature","geometry":{"type":"Point","coordinates":[3.62918,50.96042]},"properties":{"stop_id":"208726","stop_name":"Eke Station","qualifies_min1":true,"qualifies_min10":true,"qualifies_hourly":false,"qualifies_halfhour":false,"departures_MONDAY":18,"departures_TUESDAY":18,"departures_WEDNESDAY":18,"departures_THURSDAY":18,"departures_FRIDAY":18,"departures_SATURDAY":18,"departures_SUNDAY":14}},{"type":"Feature","geometry":{"type":"Point","coordinates":[3.61828,50.95948]},"properties":{"stop_id":"208727","stop_name":"Nazareth Oudenaardseheerweg","qualifies_min1":true,"qualifies_min10":true,"qualifies_hourly":false,"qualifies_halfhour":false,"departures_MONDAY":18,"departures_TUESDAY":18,"departures_WEDNESDAY":18,"departures_THURSDAY":18,"departures_FRIDAY":18,"departures_SATURDAY":18,"departures_SUNDAY":14}},{"type":"Feature","geometry":{"type":"Point","coordinates":[3.60309,50.95969]},"properties":{"stop_id":"208730","stop_name":"Nazareth Drapstraat","qualifies_min1":true,"qualifies_min10":true,"qualifies_hourly":false,"qualifies_halfhour":false,"departures_MONDAY":18,"departures_TUESDAY":18,"departures_WEDNESDAY":18,"departures_THURSDAY":18,"departures_FRIDAY":18,"departures_SATURDAY":18,"departures_SUNDAY":14}},{"type":"Feature","geometry":{"type":"Point","coordinates":[3.59724,50.95975]},"properties":{"stop_id":"208731","stop_name":"Nazareth Dorp","qualifies_min1":true,"qualifies_min10":true,"qualifies_hourly":false,"qualifies_halfhour":false,"departures_MONDAY":18,"departures_TUESDAY":18,"departures_WEDNESDAY":18,"departures_THURSDAY":19,"departures_FRIDAY":18,"departures_SATURDAY":18,"departures_SUNDAY":14}},{"type":"Feature","geometry":{"type":"Point","coordinates":[3.76281,51.04027]},"properties":{"stop_id":"208939","stop_name":"Gentbrugge Meersemdries","qualifies_min1":true,"qualifies_min10":true,"qualifies_hourly":true,"qualifies_halfhour":false,"departures_MONDAY":38,"departures_TUESDAY":38,"departures_WEDNESDAY":38,"departures_THURSDAY":38,"departures_FRIDAY":38,"departures_SATURDAY":31,"departures_SUNDAY":30}},{"type":"Feature","geometry":{"type":"Point","coordinates":[3.65846,50.99865]},"properties":{"stop_id":"208957","stop_name":"De Pinte Scheldeveldestraat","qualifies_min1":true,"qualifies_min10":true,"qualifies_hourly":false,"qualifies_halfhour":false,"departures_MONDAY":20,"departures_TUESDAY":20,"departures_WEDNESDAY":20,"departures_THURSDAY":20,"departures_FRIDAY":20,"departures_SATURDAY":17,"departures_SUNDAY":14}},{"type":"Feature","geometry":{"type":"Point","coordinates":[3.65782,51.00347]},"properties":{"stop_id":"208958","stop_name":"De Pinte Florastraat","qualifies_min1":true,"qualifies_min10":true,"qualifies_hourly":false,"qualifies_halfhour":false,"departures_MONDAY":20,"departures_TUESDAY":20,"departures_WEDNESDAY":20,"departures_THURSDAY":20,"departures_FRIDAY":20,"departures_SATURDAY":17,"departures_SUNDAY":14}},{"type":"Feature","geometry":{"type":"Point","coordinates":[3.65186,50.9652]},"properties":{"stop_id":"209291","stop_name":"Eke Nieuwe Steenweg","qualifies_min1":true,"qualifies_min10":true,"qualifies_hourly":false,"qualifies_halfhour":false,"departures_MONDAY":20,"departures_TUESDAY":20,"departures_WEDNESDAY":20,"departures_THURSDAY":20,"departures_FRIDAY":20,"departures_SATURDAY":17,"departures_SUNDAY":13}},{"type":"Feature","geometry":{"type":"Point","coordinates":[3.64481,50.9615]},"properties":{"stop_id":"209292","stop_name":"Eke 's Gravendreef","qualifies_min1":true,"qualifies_min10":true,"qualifies_hourly":false,"qualifies_halfhour":false,"departures_MONDAY":20,"departures_TUESDAY":20,"departures_WEDNESDAY":20,"departures_THURSDAY":20,"departures_FRIDAY":20,"departures_SATURDAY":17,"departures_SUNDAY":13}},{"type":"Feature","geometry":{"type":"Point","coordinates":[3.64209,50.95759]},"properties":{"stop_id":"209293","stop_name":"Eke Dorp","qualifies_min1":true,"qualifies_min10":true,"qualifies_hourly":false,"qualifies_halfhour":false,"departures_MONDAY":20,"departures_TUESDAY":20,"departures_WEDNESDAY":20,"departures_THURSDAY":20,"departures_FRIDAY":20,"departures_SATURDAY":17,"departures_SUNDAY":13}},{"type":"Feature","geometry":{"type":"Point","coordinates":[3.63316,50.95923]},"properties":{"stop_id":"209294","stop_name":"Eke Biesten","qualifies_min1":true,"qualifies_min10":true,"qualifies_hourly":false,"qualifies_halfhour":false,"departures_MONDAY":20,"departures_TUESDAY":20,"departures_WEDNESDAY":20,"departures_THURSDAY":20,"departures_FRIDAY":20,"departures_SATURDAY":17,"departures_SUNDAY":13}},{"type":"Feature","geometry":{"type":"Point","coordinates":[3.57951,50.96792]},"properties":{"stop_id":"209662","stop_name":"Astene Oude Heirweg","qualifies_min1":true,"qualifies_min10":true,"qualifies_hourly":false,"qualifies_halfhour":false,"departures_MONDAY":14,"departures_TUESDAY":14,"departures_WEDNESDAY":14,"departures_THURSDAY":14,"departures_FRIDAY":14,"departures_SATURDAY":13,"departures_SUNDAY":11}},{"type":"Feature","geometry":{"type":"Point","coordinates":[3.59103,50.95974]},"properties":{"stop_id":"209663","stop_name":"Nazareth Deinzestraat","qualifies_min1":true,"qualifies_min10":true,"qualifies_hourly":false,"qualifies_halfhour":false,"departures_MONDAY":14,"departures_TUESDAY":14,"departures_WEDNESDAY":14,"departures_THURSDAY":14,"departures_FRIDAY":14,"departures_SATURDAY":13,"departures_SUNDAY":11}},{"type":"Feature","geometry":{"type":"Point","coordinates":[3.68126,50.99078]},"properties":{"stop_id":"209703","stop_name":"Zevergem Grote Steenweg","qualifies_min1":true,"qualifies_min10":true,"qualifies_hourly":false,"qualifies_halfhour":false,"departures_MONDAY":20,"departures_TUESDAY":20,"departures_WEDNESDAY":20,"departures_THURSDAY":20,"departures_FRIDAY":20,"departures_SATURDAY":17,"departures_SUNDAY":13}},{"type":"Feature","geometry":{"type":"Point","coordinates":[3.65401,50.99104]},"properties":{"stop_id":"209707","stop_name":"De Pinte Europaplein","qualifies_min1":true,"qualifies_min10":true,"qualifies_hourly":false,"qualifies_halfhour":false,"departures_MONDAY":20,"departures_TUESDAY":20,"departures_WEDNESDAY":20,"departures_THURSDAY":20,"departures_FRIDAY":20,"departures_SATURDAY":17,"departures_SUNDAY":14}},{"type":"Feature","geometry":{"type":"Point","coordinates":[3.67986,50.9835]},"properties":{"stop_id":"209718","stop_name":"Zevergem Veldstraat","qualifies_min1":true,"qualifies_min10":true,"qualifies_hourly":false,"qualifies_halfhour":false,"departures_MONDAY":20,"departures_TUESDAY":20,"departures_WEDNESDAY":20,"departures_THURSDAY":20,"departures_FRIDAY":20,"departures_SATURDAY":17,"departures_SUNDAY":13}},{"type":"Feature","geometry":{"type":"Point","coordinates":[3.67617,50.98046]},"properties":{"stop_id":"209719","stop_name":"Zevergem Kriekestraat","qualifies_min1":true,"qualifies_min10":true,"qualifies_hourly":false,"qualifies_halfhour":false,"departures_MONDAY":20,"departures_TUESDAY":20,"departures_WEDNESDAY":20,"departures_THURSDAY":20,"departures_FRIDAY":20,"departures_SATURDAY":17,"departures_SUNDAY":13}},{"type":"Feature","geometry":{"type":"Point","coordinates":[3.66558,50.972]},"properties":{"stop_id":"209721","stop_name":"Eke Brouwershoflaan","qualifies_min1":true,"qualifies_min10":true,"qualifies_hourly":false,"qualifies_halfhour":false,"departures_MONDAY":20,"departures_TUESDAY":20,"departures_WEDNESDAY":20,"departures_THURSDAY":20,"departures_FRIDAY":20,"departures_SATURDAY":17,"departures_SUNDAY":13}},{"type":"Feature","geometry":{"type":"Point","coordinates":[3.66246,50.96899]},"properties":{"stop_id":"209722","stop_name":"Eke Landuitstraat","qualifies_min1":true,"qualifies_min10":true,"qualifies_hourly":false,"qualifies_halfhour":false,"departures_MONDAY":20,"departures_TUESDAY":20,"departures_WEDNESDAY":20,"departures_THURSDAY":20,"departures_FRIDAY":20,"departures_SATURDAY":17,"departures_SUNDAY":13}},{"type":"Feature","geometry":{"type":"Point","coordinates":[3.6397,50.95726]},"properties":{"stop_id":"209725","stop_name":"Eke De Lichterveldestraat","qualifies_min1":true,"qualifies_min10":true,"qualifies_hourly":false,"qualifies_halfhour":false,"departures_MONDAY":20,"departures_TUESDAY":20,"departures_WEDNESDAY":20,"departures_THURSDAY":20,"departures_FRIDAY":20,"departures_SATURDAY":17,"departures_SUNDAY":13}},{"type":"Feature","geometry":{"type":"Point","coordinates":[3.62842,50.96035]},"properties":{"stop_id":"209726","stop_name":"Eke Station","qualifies_min1":true,"qualifies_min10":true,"qualifies_hourly":false,"qualifies_halfhour":false,"departures_MONDAY":20,"departures_TUESDAY":20,"departures_WEDNESDAY":20,"departures_THURSDAY":20,"departures_FRIDAY":20,"departures_SATURDAY":17,"departures_SUNDAY":13}},{"type":"Feature","geometry":{"type":"Point","coordinates":[3.61853,50.95942]},"properties":{"stop_id":"209727","stop_name":"Nazareth Oudenaardseheerweg","qualifies_min1":true,"qualifies_min10":true,"qualifies_hourly":false,"qualifies_halfhour":false,"departures_MONDAY":20,"departures_TUESDAY":20,"departures_WEDNESDAY":20,"departures_THURSDAY":20,"departures_FRIDAY":20,"departures_SATURDAY":17,"departures_SUNDAY":13}},{"type":"Feature","geometry":{"type":"Point","coordinates":[3.60288,50.95958]},"properties":{"stop_id":"209730","stop_name":"Nazareth Drapstraat","qualifies_min1":true,"qualifies_min10":true,"qualifies_hourly":false,"qualifies_halfhour":false,"departures_MONDAY":20,"departures_TUESDAY":20,"departures_WEDNESDAY":20,"departures_THURSDAY":20,"departures_FRIDAY":20,"departures_SATURDAY":17,"departures_SUNDAY":13}},{"type":"Feature","geometry":{"type":"Point","coordinates":[3.5962,50.9596]},"properties":{"stop_id":"209731","stop_name":"Nazareth Dorp","qualifies_min1":true,"qualifies_min10":true,"qualifies_hourly":false,"qualifies_halfhour":false,"departures_MONDAY":20,"departures_TUESDAY":20,"departures_WEDNESDAY":20,"departures_THURSDAY":21,"departures_FRIDAY":20,"departures_SATURDAY":17,"departures_SUNDAY":13}},{"type":"Feature","geometry":{"type":"Point","coordinates":[3.64175,50.95726]},"properties":{"stop_id":"209790","stop_name":"Eke Dorp","qualifies_min1":true,"qualifies_min10":true,"qualifies_hourly":false,"qualifies_halfhour":false,"departures_MONDAY":18,"departures_TUESDAY":18,"departures_WEDNESDAY":18,"departures_THURSDAY":18,"departures_FRIDAY":18,"departures_SATURDAY":18,"departures_SUNDAY":14}},{"type":"Feature","geometry":{"type":"Point","coordinates":[3.7635,51.0369]},"properties":{"stop_id":"209862","stop_name":"Gentbrugge Dienstencentrum","qualifies_min1":true,"qualifies_min10":true,"qualifies_hourly":true,"qualifies_halfhour":false,"departures_MONDAY":38,"departures_TUESDAY":38,"departures_WEDNESDAY":38,"departures_THURSDAY":38,"departures_FRIDAY":38,"departures_SATURDAY":31,"departures_SUNDAY":30}},{"type":"Feature","geometry":{"type":"Point","coordinates":[3.6462,50.9926]},"properties":{"stop_id":"209952","stop_name":"De Pinte Groenpark","qualifies_min1":true,"qualifies_min10":true,"qualifies_hourly":true,"qualifies_halfhour":false,"departures_MONDAY":41,"departures_TUESDAY":41,"departures_WEDNESDAY":41,"departures_THURSDAY":41,"departures_FRIDAY":41,"departures_SATURDAY":35,"departures_SUNDAY":30}},{"type":"Feature","geometry":{"type":"Point","coordinates":[3.65861,50.99881]},"properties":{"stop_id":"209957","stop_name":"De Pinte Scheldeveldestraat","qualifies_min1":true,"qualifies_min10":true,"qualifies_hourly":false,"qualifies_halfhour":false,"departures_MONDAY":20,"departures_TUESDAY":20,"departures_WEDNESDAY":20,"departures_THURSDAY":20,"departures_FRIDAY":20,"departures_SATURDAY":18,"departures_SUNDAY":16}},{"type":"Feature","geometry":{"type":"Point","coordinates":[3.65799,51.00357]},"properties":{"stop_id":"209958","stop_name":"De Pinte Florastraat","qualifies_min1":true,"qualifies_min10":true,"qualifies_hourly":false,"qualifies_halfhour":false,"departures_MONDAY":20,"departures_TUESDAY":20,"departures_WEDNESDAY":20,"departures_THURSDAY":20,"departures_FRIDAY":20,"departures_SATURDAY":17,"departures_SUNDAY":16}},{"type":"Feature","geometry":{"type":"Point","coordinates":[3.72618,51.05925]},"properties":{"stop_id":"210001","stop_name":"Gent Ottogracht","qualifies_min1":true,"qualifies_min10":true,"qualifies_hourly":true,"qualifies_halfhour":true,"departures_MONDAY":105,"departures_TUESDAY":105,"departures_WEDNESDAY":105,"departures_THURSDAY":105,"departures_FRIDAY":260,"departures_SATURDAY":267,"departures_SUNDAY":228}},{"type":"Feature","geometry":{"type":"Point","coordinates":[3.875,51.01377]},"properties":{"stop_id":"210003","stop_name":"Wetteren Veldstraat","qualifies_min1":true,"qualifies_min10":true,"qualifies_hourly":true,"qualifies_halfhour":false,"departures_MONDAY":33,"departures_TUESDAY":33,"departures_WEDNESDAY":33,"departures_THURSDAY":33,"departures_FRIDAY":33,"departures_SATURDAY":29,"departures_SUNDAY":17}},{"type":"Feature","geometry":{"type":"Point","coordinates":[3.69266,51.02397]},"properties":{"stop_id":"210026","stop_name":"Sint-Denijs-Westrem P+R Flanders Expo","qualifies_min1":true,"qualifies_min10":true,"qualifies_hourly":true,"qualifies_halfhour":false,"departures_MONDAY":66,"departures_TUESDAY":66,"departures_WEDNESDAY":66,"departures_THURSDAY":66,"departures_FRIDAY":66,"departures_SATURDAY":64,"departures_SUNDAY":58}},{"type":"Feature","geometry":{"type":"Point","coordinates":[3.79726,51.00236]},"properties":{"stop_id":"210052","stop_name":"Melle Station","qualifies_min1":true,"qualifies_min10":true,"qualifies_hourly":false,"qualifies_halfhour":false,"departures_MONDAY":15,"departures_TUESDAY":15,"departures_WEDNESDAY":15,"departures_THURSDAY":15,"departures_FRIDAY":15,"departures_SATURDAY":13,"departures_SUNDAY":11}},{"type":"Feature","geometry":{"type":"Point","coordinates":[3.75393,51.03515]},"properties":{"stop_id":"210072","stop_name":"Gentbrugge P+R E17","qualifies_min1":true,"qualifies_min10":true,"qualifies_hourly":true,"qualifies_halfhour":true,"departures_MONDAY":97,"departures_TUESDAY":97,"departures_WEDNESDAY":97,"departures_THURSDAY":97,"departures_FRIDAY":97,"departures_SATURDAY":92,"departures_SUNDAY":79}},{"type":"Feature","geometry":{"type":"Point","coordinates":[3.71847,51.00968]},"properties":{"stop_id":"210084","stop_name":"Zwijnaarde Klaartestraat","qualifies_min1":true,"qualifies_min10":true,"qualifies_hourly":true,"qualifies_halfhour":true,"departures_MONDAY":85,"departures_TUESDAY":85,"departures_WEDNESDAY":85,"departures_THURSDAY":85,"departures_FRIDAY":85,"departures_SATURDAY":91,"departures_SUNDAY":77}},{"type":"Feature","geometry":{"type":"Point","coordinates":[3.71573,51.00513]},"properties":{"stop_id":"210085","stop_name":"Zwijnaarde Molen","qualifies_min1":true,"qualifies_min10":true,"qualifies_hourly":true,"qualifies_halfhour":true,"departures_MONDAY":85,"departures_TUESDAY":85,"departures_WEDNESDAY":85,"departures_THURSDAY":85,"departures_FRIDAY":85,"departures_SATURDAY":91,"departures_SUNDAY":77}},{"type":"Feature","geometry":{"type":"Point","coordinates":[3.75364,51.05471]},"properties":{"stop_id":"210109","stop_name":"Gent Oscar Colbrandtstraat","qualifies_min1":true,"qualifies_min10":false,"qualifies_hourly":false,"qualifies_halfhour":false,"departures_MONDAY":25,"departures_TUESDAY":25,"departures_WEDNESDAY":25,"departures_THURSDAY":25,"departures_FRIDAY":25,"departures_SATURDAY":21,"departures_SUNDAY":9}},{"type":"Feature","geometry":{"type":"Point","coordinates":[3.79461,50.99415]},"properties":{"stop_id":"210123","stop_name":"Melle Leeuwerikstraat","qualifies_min1":true,"qualifies_min10":true,"qualifies_hourly":false,"qualifies_halfhour":false,"departures_MONDAY":15,"departures_TUESDAY":15,"departures_WEDNESDAY":15,"departures_THURSDAY":15,"departures_FRIDAY":15,"departures_SATURDAY":13,"departures_SUNDAY":11}},{"type":"Feature","geometry":{"type":"Point","coordinates":[3.79289,51.00111]},"properties":{"stop_id":"210124","stop_name":"Melle Park ter Linden","qualifies_min1":true,"qualifies_min10":true,"qualifies_hourly":false,"qualifies_halfhour":false,"departures_MONDAY":15,"departures_TUESDAY":15,"departures_WEDNESDAY":15,"departures_THURSDAY":15,"departures_FRIDAY":15,"departures_SATURDAY":13,"departures_SUNDAY":11}},{"type":"Feature","geometry":{"type":"Point","coordinates":[3.62613,51.06427]},"properties":{"stop_id":"210128","stop_name":"Drongen Boskeetstraat","qualifies_min1":true,"qualifies_min10":true,"qualifies_hourly":true,"qualifies_halfhour":false,"departures_MONDAY":61,"departures_TUESDAY":61,"departures_WEDNESDAY":61,"departures_THURSDAY":61,"departures_FRIDAY":63,"departures_SATURDAY":56,"departures_SUNDAY":55}},{"type":"Feature","geometry":{"type":"Point","coordinates":[3.69154,51.07616]},"properties":{"stop_id":"210133","stop_name":"Mariakerke Damstraat","qualifies_min1":true,"qualifies_min10":true,"qualifies_hourly":true,"qualifies_halfhour":false,"departures_MONDAY":38,"departures_TUESDAY":38,"departures_WEDNESDAY":38,"departures_THURSDAY":38,"departures_FRIDAY":38,"departures_SATURDAY":31,"departures_SUNDAY":30}},{"type":"Feature","geometry":{"type":"Point","coordinates":[3.66259,51.05411]},"properties":{"stop_id":"210136","stop_name":"Drongen Rotonde","qualifies_min1":true,"qualifies_min10":true,"qualifies_hourly":true,"qualifies_halfhour":false,"departures_MONDAY":98,"departures_TUESDAY":98,"departures_WEDNESDAY":98,"departures_THURSDAY":98,"departures_FRIDAY":99,"departures_SATURDAY":84,"departures_SUNDAY":71}},{"type":"Feature","geometry":{"type":"Point","coordinates":[3.74849,51.03109]},"properties":{"stop_id":"210156","stop_name":"Ledeberg van Ooteghemstraat","qualifies_min1":true,"qualifies_min10":true,"qualifies_hourly":true,"qualifies_halfhour":true,"departures_MONDAY":159,"departures_TUESDAY":159,"departures_WEDNESDAY":159,"departures_THURSDAY":159,"departures_FRIDAY":159,"departures_SATURDAY":167,"departures_SUNDAY":143}},{"type":"Feature","geometry":{"type":"Point","coordinates":[3.71976,51.0184]},"properties":{"stop_id":"210200","stop_name":"Zwijnaarde Gestichtstraat","qualifies_min1":true,"qualifies_min10":true,"qualifies_hourly":true,"qualifies_halfhour":true,"departures_MONDAY":85,"departures_TUESDAY":85,"departures_WEDNESDAY":85,"departures_THURSDAY":85,"departures_FRIDAY":85,"departures_SATURDAY":91,"departures_SUNDAY":77}},{"type":"Feature","geometry":{"type":"Point","coordinates":[3.69289,51.05884]},"properties":{"stop_id":"210204","stop_name":"Gent Peerstraat","qualifies_min1":true,"qualifies_min10":true,"qualifies_hourly":true,"qualifies_halfhour":false,"departures_MONDAY":76,"departures_TUESDAY":76,"departures_WEDNESDAY":76,"departures_THURSDAY":76,"departures_FRIDAY":76,"departures_SATURDAY":62,"departures_SUNDAY":60}},{"type":"Feature","geometry":{"type":"Point","coordinates":[3.71752,51.03426]},"properties":{"stop_id":"210335","stop_name":"Gent Parkplein (Burggravenlaan)","qualifies_min1":true,"qualifies_min10":true,"qualifies_hourly":true,"qualifies_halfhour":true,"departures_MONDAY":191,"departures_TUESDAY":191,"departures_WEDNESDAY":191,"departures_THURSDAY":191,"departures_FRIDAY":191,"departures_SATURDAY":90,"departures_SUNDAY":75}},{"type":"Feature","geometry":{"type":"Point","coordinates":[3.72786,51.09022]},"properties":{"stop_id":"210405","stop_name":"Gent Pantserschipstraat","qualifies_min1":true,"qualifies_min10":true,"qualifies_hourly":true,"qualifies_halfhour":false,"departures_MONDAY":34,"departures_TUESDAY":34,"departures_WEDNESDAY":34,"departures_THURSDAY":34,"departures_FRIDAY":34,"departures_SATURDAY":28,"departures_SUNDAY":16}},{"type":"Feature","geometry":{"type":"Point","coordinates":[3.71107,51.04333]},"properties":{"stop_id":"210449","stop_name":"Gent Koning Albertbrug (Neermeerskaai)","qualifies_min1":true,"qualifies_min10":true,"qualifies_hourly":true,"qualifies_halfhour":true,"departures_MONDAY":109,"departures_TUESDAY":109,"departures_WEDNESDAY":109,"departures_THURSDAY":109,"departures_FRIDAY":109,"departures_SATURDAY":80,"departures_SUNDAY":76}},{"type":"Feature","geometry":{"type":"Point","coordinates":[3.81903,51.05888]},"properties":{"stop_id":"210508","stop_name":"Destelbergen Damvalleistraat","qualifies_min1":true,"qualifies_min10":true,"qualifies_hourly":false,"qualifies_halfhour":false,"departures_MONDAY":54,"departures_TUESDAY":54,"departures_WEDNESDAY":54,"departures_THURSDAY":54,"departures_FRIDAY":54,"departures_SATURDAY":50,"departures_SUNDAY":24}},{"type":"Feature","geometry":{"type":"Point","coordinates":[3.74227,51.03322]},"properties":{"stop_id":"210807","stop_name":"Ledeberg Botermarkt","qualifies_min1":true,"qualifies_min10":true,"qualifies_hourly":true,"qualifies_halfhour":true,"departures_MONDAY":159,"departures_TUESDAY":159,"departures_WEDNESDAY":159,"departures_THURSDAY":159,"departures_FRIDAY":159,"departures_SATURDAY":167,"departures_SUNDAY":143}},{"type":"Feature","geometry":{"type":"Point","coordinates":[3.67852,51.07567]},"properties":{"stop_id":"210808","stop_name":"Mariakerke Post","qualifies_min1":true,"qualifies_min10":true,"qualifies_hourly":true,"qualifies_halfhour":false,"departures_MONDAY":38,"departures_TUESDAY":38,"departures_WEDNESDAY":38,"departures_THURSDAY":38,"departures_FRIDAY":38,"departures_SATURDAY":31,"departures_SUNDAY":30}},{"type":"Feature","geometry":{"type":"Point","coordinates":[3.74093,51.0577]},"properties":{"stop_id":"210811","stop_name":"Gent Dampoort perron A1","qualifies_min1":true,"qualifies_min10":true,"qualifies_hourly":true,"qualifies_halfhour":false,"departures_MONDAY":65,"departures_TUESDAY":65,"departures_WEDNESDAY":65,"departures_THURSDAY":65,"departures_FRIDAY":65,"departures_SATURDAY":62,"departures_SUNDAY":57}},{"type":"Feature","geometry":{"type":"Point","coordinates":[3.74092,51.05765]},"properties":{"stop_id":"210812","stop_name":"Gent Dampoort perron A2","qualifies_min1":true,"qualifies_min10":true,"qualifies_hourly":true,"qualifies_halfhour":false,"departures_MONDAY":69,"departures_TUESDAY":69,"departures_WEDNESDAY":69,"departures_THURSDAY":69,"departures_FRIDAY":69,"departures_SATURDAY":65,"departures_SUNDAY":58}},{"type":"Feature","geometry":{"type":"Point","coordinates":[3.74092,51.05758]},"properties":{"stop_id":"210813","stop_name":"Gent Dampoort perron A3","qualifies_min1":true,"qualifies_min10":true,"qualifies_hourly":true,"qualifies_halfhour":true,"departures_MONDAY":146,"departures_TUESDAY":146,"departures_WEDNESDAY":146,"departures_THURSDAY":146,"departures_FRIDAY":178,"departures_SATURDAY":176,"departures_SUNDAY":170}},{"type":"Feature","geometry":{"type":"Point","coordinates":[3.74094,51.05752]},"properties":{"stop_id":"210814","stop_name":"Gent Dampoort perron A4","qualifies_min1":true,"qualifies_min10":true,"qualifies_hourly":true,"qualifies_halfhour":false,"departures_MONDAY":62,"departures_TUESDAY":62,"departures_WEDNESDAY":62,"departures_THURSDAY":62,"departures_FRIDAY":63,"departures_SATURDAY":57,"departures_SUNDAY":55}},{"type":"Feature","geometry":{"type":"Point","coordinates":[3.74095,51.05744]},"properties":{"stop_id":"210815","stop_name":"Gent Dampoort perron A5","qualifies_min1":true,"qualifies_min10":true,"qualifies_hourly":true,"qualifies_halfhour":true,"departures_MONDAY":138,"departures_TUESDAY":138,"departures_WEDNESDAY":138,"departures_THURSDAY":138,"departures_FRIDAY":149,"departures_SATURDAY":141,"departures_SUNDAY":94}},{"type":"Feature","geometry":{"type":"Point","coordinates":[3.6588,51.01601]},"properties":{"stop_id":"210855","stop_name":"Sint-Denijs-Westrem Grand Noble","qualifies_min1":true,"qualifies_min10":true,"qualifies_hourly":false,"qualifies_halfhour":false,"departures_MONDAY":33,"departures_TUESDAY":33,"departures_WEDNESDAY":33,"departures_THURSDAY":33,"departures_FRIDAY":33,"departures_SATURDAY":30,"departures_SUNDAY":15}},{"type":"Feature","geometry":{"type":"Point","coordinates":[3.70042,51.11016]},"properties":{"stop_id":"210856","stop_name":"Evergem Brielken","qualifies_min1":true,"qualifies_min10":true,"qualifies_hourly":true,"qualifies_halfhour":true,"departures_MONDAY":72,"departures_TUESDAY":72,"departures_WEDNESDAY":72,"departures_THURSDAY":72,"departures_FRIDAY":72,"departures_SATURDAY":66,"departures_SUNDAY":46}},{"type":"Feature","geometry":{"type":"Point","coordinates":[3.7053,51.10762]},"properties":{"stop_id":"210857","stop_name":"Evergem Spoorwegstraat","qualifies_min1":true,"qualifies_min10":true,"qualifies_hourly":true,"qualifies_halfhour":true,"departures_MONDAY":72,"departures_TUESDAY":72,"departures_WEDNESDAY":72,"departures_THURSDAY":72,"departures_FRIDAY":72,"departures_SATURDAY":66,"departures_SUNDAY":46}},{"type":"Feature","geometry":{"type":"Point","coordinates":[3.72638,51.05928]},"properties":{"stop_id":"211001","stop_name":"Gent Ottogracht","qualifies_min1":true,"qualifies_min10":true,"qualifies_hourly":true,"qualifies_halfhour":true,"departures_MONDAY":103,"departures_TUESDAY":103,"departures_WEDNESDAY":103,"departures_THURSDAY":103,"departures_FRIDAY":263,"departures_SATURDAY":264,"departures_SUNDAY":230}},{"type":"Feature","geometry":{"type":"Point","coordinates":[3.875502,51.01356]},"properties":{"stop_id":"211003","stop_name":"Wetteren Veldstraat","qualifies_min1":true,"qualifies_min10":true,"qualifies_hourly":true,"qualifies_halfhour":false,"departures_MONDAY":32,"departures_TUESDAY":32,"departures_WEDNESDAY":32,"departures_THURSDAY":32,"departures_FRIDAY":32,"departures_SATURDAY":28,"departures_SUNDAY":17}},{"type":"Feature","geometry":{"type":"Point","coordinates":[3.69267,51.02381]},"properties":{"stop_id":"211026","stop_name":"Sint-Denijs-Westrem P+R Flanders Expo","qualifies_min1":true,"qualifies_min10":true,"qualifies_hourly":true,"qualifies_halfhour":false,"departures_MONDAY":64,"departures_TUESDAY":64,"departures_WEDNESDAY":64,"departures_THURSDAY":64,"departures_FRIDAY":64,"departures_SATURDAY":63,"departures_SUNDAY":59}},{"type":"Feature","geometry":{"type":"Point","coordinates":[3.79739,51.00245]},"properties":{"stop_id":"211052","stop_name":"Melle Station","qualifies_min1":true,"qualifies_min10":true,"qualifies_hourly":false,"qualifies_halfhour":false,"departures_MONDAY":15,"departures_TUESDAY":15,"departures_WEDNESDAY":15,"departures_THURSDAY":15,"departures_FRIDAY":15,"departures_SATURDAY":13,"departures_SUNDAY":11}},{"type":"Feature","geometry":{"type":"Point","coordinates":[3.79925,50.9913]},"properties":{"stop_id":"211055","stop_name":"Melle Autostradeweg","qualifies_min1":true,"qualifies_min10":true,"qualifies_hourly":false,"qualifies_halfhour":false,"departures_MONDAY":30,"departures_TUESDAY":30,"departures_WEDNESDAY":30,"departures_THURSDAY":30,"departures_FRIDAY":30,"departures_SATURDAY":26,"departures_SUNDAY":22}},{"type":"Feature","geometry":{"type":"Point","coordinates":[3.75512,51.03447]},"properties":{"stop_id":"211072","stop_name":"Gentbrugge P+R E17","qualifies_min1":true,"qualifies_min10":true,"qualifies_hourly":true,"qualifies_halfhour":true,"departures_MONDAY":98,"departures_TUESDAY":98,"departures_WEDNESDAY":98,"departures_THURSDAY":98,"departures_FRIDAY":98,"departures_SATURDAY":93,"departures_SUNDAY":79}},{"type":"Feature","geometry":{"type":"Point","coordinates":[3.71303,51.00183]},"properties":{"stop_id":"211082","stop_name":"Zwijnaarde Bibliotheek","qualifies_min1":true,"qualifies_min10":true,"qualifies_hourly":true,"qualifies_halfhour":true,"departures_MONDAY":169,"departures_TUESDAY":169,"departures_WEDNESDAY":169,"departures_THURSDAY":169,"departures_FRIDAY":169,"departures_SATURDAY":181,"departures_SUNDAY":154}},{"type":"Feature","geometry":{"type":"Point","coordinates":[3.71858,51.00974]},"properties":{"stop_id":"211084","stop_name":"Zwijnaarde Klaartestraat","qualifies_min1":true,"qualifies_min10":true,"qualifies_hourly":true,"qualifies_halfhour":true,"departures_MONDAY":84,"departures_TUESDAY":84,"departures_WEDNESDAY":84,"departures_THURSDAY":84,"departures_FRIDAY":84,"departures_SATURDAY":90,"departures_SUNDAY":77}},{"type":"Feature","geometry":{"type":"Point","coordinates":[3.71572,51.00507]},"properties":{"stop_id":"211085","stop_name":"Zwijnaarde Molen","qualifies_min1":true,"qualifies_min10":true,"qualifies_hourly":true,"qualifies_halfhour":true,"departures_MONDAY":84,"departures_TUESDAY":84,"departures_WEDNESDAY":84,"departures_THURSDAY":84,"departures_FRIDAY":84,"departures_SATURDAY":90,"departures_SUNDAY":77}},{"type":"Feature","geometry":{"type":"Point","coordinates":[3.71286,51.06048]},"properties":{"stop_id":"211106","stop_name":"Gent Rabot (Begijnhoflaan)","qualifies_min1":true,"qualifies_min10":true,"qualifies_hourly":true,"qualifies_halfhour":true,"departures_MONDAY":84,"departures_TUESDAY":84,"departures_WEDNESDAY":84,"departures_THURSDAY":84,"departures_FRIDAY":84,"departures_SATURDAY":75,"departures_SUNDAY":66}},{"type":"Feature","geometry":{"type":"Point","coordinates":[3.75358,51.05465]},"properties":{"stop_id":"211108","stop_name":"Gent Oscar Colbrandtstraat","qualifies_min1":true,"qualifies_min10":false,"qualifies_hourly":false,"qualifies_halfhour":false,"departures_MONDAY":25,"departures_TUESDAY":25,"departures_WEDNESDAY":25,"departures_THURSDAY":25,"departures_FRIDAY":25,"departures_SATURDAY":21,"departures_SUNDAY":9}},{"type":"Feature","geometry":{"type":"Point","coordinates":[3.68106,51.0483]},"properties":{"stop_id":"211112","stop_name":"Gent Blaarmeersen (Campinglaan)","qualifies_min1":true,"qualifies_min10":true,"qualifies_hourly":true,"qualifies_halfhour":true,"departures_MONDAY":122,"departures_TUESDAY":122,"departures_WEDNESDAY":122,"departures_THURSDAY":122,"departures_FRIDAY":133,"departures_SATURDAY":84,"departures_SUNDAY":66}},{"type":"Feature","geometry":{"type":"Point","coordinates":[3.76489,51.02955]},"properties":{"stop_id":"211118","stop_name":"Gentbrugge Tennisstraat","qualifies_min1":true,"qualifies_min10":true,"qualifies_hourly":true,"qualifies_halfhour":false,"departures_MONDAY":107,"departures_TUESDAY":107,"departures_WEDNESDAY":107,"departures_THURSDAY":107,"departures_FRIDAY":107,"departures_SATURDAY":60,"departures_SUNDAY":46}},{"type":"Feature","geometry":{"type":"Point","coordinates":[3.79491,50.994]},"properties":{"stop_id":"211123","stop_name":"Melle Leeuwerikstraat","qualifies_min1":true,"qualifies_min10":true,"qualifies_hourly":false,"qualifies_halfhour":false,"departures_MONDAY":15,"departures_TUESDAY":15,"departures_WEDNESDAY":15,"departures_THURSDAY":15,"departures_FRIDAY":15,"departures_SATURDAY":13,"departures_SUNDAY":11}},{"type":"Feature","geometry":{"type":"Point","coordinates":[3.79301,51.00128]},"properties":{"stop_id":"211124","stop_name":"Melle Park ter Linden","qualifies_min1":true,"qualifies_min10":true,"qualifies_hourly":false,"qualifies_halfhour":false,"departures_MONDAY":15,"departures_TUESDAY":15,"departures_WEDNESDAY":15,"departures_THURSDAY":15,"departures_FRIDAY":15,"departures_SATURDAY":13,"departures_SUNDAY":11}},{"type":"Feature","geometry":{"type":"Point","coordinates":[3.69131,51.077]},"properties":{"stop_id":"211133","stop_name":"Mariakerke Damstraat","qualifies_min1":true,"qualifies_min10":true,"qualifies_hourly":true,"qualifies_halfhour":false,"departures_MONDAY":38,"departures_TUESDAY":38,"departures_WEDNESDAY":38,"departures_THURSDAY":38,"departures_FRIDAY":38,"departures_SATURDAY":31,"departures_SUNDAY":30}},{"type":"Feature","geometry":{"type":"Point","coordinates":[3.76799,51.02804]},"properties":{"stop_id":"211139","stop_name":"Gentbrugge Pecherstraat","qualifies_min1":true,"qualifies_min10":true,"qualifies_hourly":true,"qualifies_halfhour":false,"departures_MONDAY":107,"departures_TUESDAY":107,"departures_WEDNESDAY":107,"departures_THURSDAY":107,"departures_FRIDAY":107,"departures_SATURDAY":60,"departures_SUNDAY":46}},{"type":"Feature","geometry":{"type":"Point","coordinates":[3.7484,51.03102]},"properties":{"stop_id":"211156","stop_name":"Ledeberg van Ooteghemstraat","qualifies_min1":true,"qualifies_min10":true,"qualifies_hourly":true,"qualifies_halfhour":true,"departures_MONDAY":161,"departures_TUESDAY":161,"departures_WEDNESDAY":161,"departures_THURSDAY":161,"departures_FRIDAY":161,"departures_SATURDAY":169,"departures_SUNDAY":144}},{"type":"Feature","geometry":{"type":"Point","coordinates":[3.6931,51.05965]},"properties":{"stop_id":"211204","stop_name":"Gent Peerstraat","qualifies_min1":true,"qualifies_min10":true,"qualifies_hourly":true,"qualifies_halfhour":false,"departures_MONDAY":75,"departures_TUESDAY":75,"departures_WEDNESDAY":75,"departures_THURSDAY":75,"departures_FRIDAY":75,"departures_SATURDAY":61,"departures_SUNDAY":60}},{"type":"Feature","geometry":{"type":"Point","coordinates":[3.72795,51.09019]},"properties":{"stop_id":"211405","stop_name":"Gent Pantserschipstraat","qualifies_min1":true,"qualifies_min10":true,"qualifies_hourly":false,"qualifies_halfhour":false,"departures_MONDAY":32,"departures_TUESDAY":32,"departures_WEDNESDAY":32,"departures_THURSDAY":32,"departures_FRIDAY":32,"departures_SATURDAY":26,"departures_SUNDAY":16}},{"type":"Feature","geometry":{"type":"Point","coordinates":[3.71104,51.04324]},"properties":{"stop_id":"211449","stop_name":"Gent Koning Albertbrug (Neermeerskaai)","qualifies_min1":true,"qualifies_min10":true,"qualifies_hourly":true,"qualifies_halfhour":true,"departures_MONDAY":106,"departures_TUESDAY":106,"departures_WEDNESDAY":106,"departures_THURSDAY":106,"departures_FRIDAY":106,"departures_SATURDAY":78,"departures_SUNDAY":76}},{"type":"Feature","geometry":{"type":"Point","coordinates":[3.74221,51.03314]},"properties":{"stop_id":"211807","stop_name":"Ledeberg Botermarkt","qualifies_min1":true,"qualifies_min10":true,"qualifies_hourly":true,"qualifies_halfhour":true,"departures_MONDAY":161,"departures_TUESDAY":161,"departures_WEDNESDAY":161,"departures_THURSDAY":161,"departures_FRIDAY":161,"departures_SATURDAY":169,"departures_SUNDAY":144}},{"type":"Feature","geometry":{"type":"Point","coordinates":[3.74132,51.05714]},"properties":{"stop_id":"211821","stop_name":"Gent Dampoort perron B1","qualifies_min1":true,"qualifies_min10":true,"qualifies_hourly":true,"qualifies_halfhour":true,"departures_MONDAY":134,"departures_TUESDAY":134,"departures_WEDNESDAY":134,"departures_THURSDAY":134,"departures_FRIDAY":134,"departures_SATURDAY":124,"departures_SUNDAY":114}},{"type":"Feature","geometry":{"type":"Point","coordinates":[3.74137,51.0571]},"properties":{"stop_id":"211822","stop_name":"Gent Dampoort perron B2","qualifies_min1":true,"qualifies_min10":true,"qualifies_hourly":true,"qualifies_halfhour":false,"departures_MONDAY":113,"departures_TUESDAY":113,"departures_WEDNESDAY":113,"departures_THURSDAY":113,"departures_FRIDAY":118,"departures_SATURDAY":113,"departures_SUNDAY":109}},{"type":"Feature","geometry":{"type":"Point","coordinates":[3.74148,51.05688]},"properties":{"stop_id":"211823","stop_name":"Gent Dampoort perron B3","qualifies_min1":true,"qualifies_min10":true,"qualifies_hourly":true,"qualifies_halfhour":false,"departures_MONDAY":63,"departures_TUESDAY":63,"departures_WEDNESDAY":63,"departures_THURSDAY":63,"departures_FRIDAY":63,"departures_SATURDAY":57,"departures_SUNDAY":29}},{"type":"Feature","geometry":{"type":"Point","coordinates":[3.74144,51.05683]},"properties":{"stop_id":"211824","stop_name":"Gent Dampoort perron B4","qualifies_min1":true,"qualifies_min10":true,"qualifies_hourly":true,"qualifies_halfhour":true,"departures_MONDAY":74,"departures_TUESDAY":74,"departures_WEDNESDAY":74,"departures_THURSDAY":74,"departures_FRIDAY":86,"departures_SATURDAY":83,"departures_SUNDAY":66}},{"type":"Feature","geometry":{"type":"Point","coordinates":[3.66483,51.01758]},"properties":{"stop_id":"211850","stop_name":"Sint-Denijs-Westrem Drie Sleutels","qualifies_min1":true,"qualifies_min10":true,"qualifies_hourly":true,"qualifies_halfhour":false,"departures_MONDAY":53,"departures_TUESDAY":53,"departures_WEDNESDAY":53,"departures_THURSDAY":53,"departures_FRIDAY":53,"departures_SATURDAY":47,"departures_SUNDAY":29}},{"type":"Feature","geometry":{"type":"Point","coordinates":[3.65878,51.01584]},"properties":{"stop_id":"211855","stop_name":"Sint-Denijs-Westrem Grand Noble","qualifies_min1":true,"qualifies_min10":true,"qualifies_hourly":true,"qualifies_halfhour":false,"departures_MONDAY":30,"departures_TUESDAY":30,"departures_WEDNESDAY":30,"departures_THURSDAY":30,"departures_FRIDAY":30,"departures_SATURDAY":27,"departures_SUNDAY":16}},{"type":"Feature","geometry":{"type":"Point","coordinates":[3.70051,51.11026]},"properties":{"stop_id":"211856","stop_name":"Evergem Brielken","qualifies_min1":true,"qualifies_min10":true,"qualifies_hourly":true,"qualifies_halfhour":false,"departures_MONDAY":70,"departures_TUESDAY":70,"departures_WEDNESDAY":70,"departures_THURSDAY":70,"departures_FRIDAY":70,"departures_SATURDAY":62,"departures_SUNDAY":47}},{"type":"Feature","geometry":{"type":"Point","coordinates":[3.70538,51.10772]},"properties":{"stop_id":"211857","stop_name":"Evergem Spoorwegstraat","qualifies_min1":true,"qualifies_min10":true,"qualifies_hourly":true,"qualifies_halfhour":false,"departures_MONDAY":70,"departures_TUESDAY":70,"departures_WEDNESDAY":70,"departures_THURSDAY":70,"departures_FRIDAY":70,"departures_SATURDAY":62,"departures_SUNDAY":47}},{"type":"Feature","geometry":{"type":"Point","coordinates":[3.628184,51.190265]},"properties":{"stop_id":"212013","stop_name":"Lembeke Bloemstraat","qualifies_min1":true,"qualifies_min10":true,"qualifies_hourly":false,"qualifies_halfhour":false,"departures_MONDAY":32,"departures_TUESDAY":32,"departures_WEDNESDAY":32,"departures_THURSDAY":32,"departures_FRIDAY":32,"departures_SATURDAY":27,"departures_SUNDAY":13}},{"type":"Feature","geometry":{"type":"Point","coordinates":[3.63678,51.19405]},"properties":{"stop_id":"212016","stop_name":"Lembeke Sportstraat","qualifies_min1":true,"qualifies_min10":true,"qualifies_hourly":false,"qualifies_halfhour":false,"departures_MONDAY":16,"departures_TUESDAY":16,"departures_WEDNESDAY":16,"departures_THURSDAY":16,"departures_FRIDAY":16,"departures_SATURDAY":15,"departures_SUNDAY":13}},{"type":"Feature","geometry":{"type":"Point","coordinates":[3.60776,51.12843]},"properties":{"stop_id":"212018","stop_name":"Zomergem Beke","qualifies_min1":true,"qualifies_min10":true,"qualifies_hourly":true,"qualifies_halfhour":false,"departures_MONDAY":34,"departures_TUESDAY":34,"departures_WEDNESDAY":34,"departures_THURSDAY":34,"departures_FRIDAY":34,"departures_SATURDAY":29,"departures_SUNDAY":17}},{"type":"Feature","geometry":{"type":"Point","coordinates":[3.60201,51.09682]},"properties":{"stop_id":"212019","stop_name":"Lovendegem Warandestraat","qualifies_min1":true,"qualifies_min10":true,"qualifies_hourly":true,"qualifies_halfhour":false,"departures_MONDAY":31,"departures_TUESDAY":31,"departures_WEDNESDAY":31,"departures_THURSDAY":31,"departures_FRIDAY":31,"departures_SATURDAY":17,"departures_SUNDAY":16}},{"type":"Feature","geometry":{"type":"Point","coordinates":[3.60355,51.14153]},"properties":{"stop_id":"212020","stop_name":"Waarschoot Renning","qualifies_min1":true,"qualifies_min10":true,"qualifies_hourly":true,"qualifies_halfhour":false,"departures_MONDAY":34,"departures_TUESDAY":34,"departures_WEDNESDAY":34,"departures_THURSDAY":34,"departures_FRIDAY":34,"departures_SATURDAY":29,"departures_SUNDAY":17}},{"type":"Feature","geometry":{"type":"Point","coordinates":[3.73551,50.9706]},"properties":{"stop_id":"212031","stop_name":"Merelbeke Veldstraat","qualifies_min1":true,"qualifies_min10":false,"qualifies_hourly":false,"qualifies_halfhour":false,"departures_MONDAY":18,"departures_TUESDAY":18,"departures_WEDNESDAY":18,"departures_THURSDAY":18,"departures_FRIDAY":18,"departures_SATURDAY":15,"departures_SUNDAY":7}},{"type":"Feature","geometry":{"type":"Point","coordinates":[3.85952,51.16998]},"properties":{"stop_id":"212038","stop_name":"Wachtebeke Centrum","qualifies_min1":true,"qualifies_min10":true,"qualifies_hourly":true,"qualifies_halfhour":false,"departures_MONDAY":37,"departures_TUESDAY":37,"departures_WEDNESDAY":37,"departures_THURSDAY":37,"departures_FRIDAY":37,"departures_SATURDAY":33,"departures_SUNDAY":21}},{"type":"Feature","geometry":{"type":"Point","coordinates":[3.61518,51.10303]},"properties":{"stop_id":"212047","stop_name":"Lovendegem Laagland","qualifies_min1":true,"qualifies_min10":true,"qualifies_hourly":true,"qualifies_halfhour":false,"departures_MONDAY":31,"departures_TUESDAY":31,"departures_WEDNESDAY":31,"departures_THURSDAY":31,"departures_FRIDAY":31,"departures_SATURDAY":17,"departures_SUNDAY":16}},{"type":"Feature","geometry":{"type":"Point","coordinates":[3.72155,51.05048]},"properties":{"stop_id":"212061","stop_name":"Gent Koophandelsplein (Zonnestraat)","qualifies_min1":true,"qualifies_min10":true,"qualifies_hourly":true,"qualifies_halfhour":true,"departures_MONDAY":176,"departures_TUESDAY":176,"departures_WEDNESDAY":176,"departures_THURSDAY":176,"departures_FRIDAY":176,"departures_SATURDAY":190,"departures_SUNDAY":159}},{"type":"Feature","geometry":{"type":"Point","coordinates":[3.81066,51.05787]},"properties":{"stop_id":"212062","stop_name":"Destelbergen Carpool","qualifies_min1":true,"qualifies_min10":true,"qualifies_hourly":false,"qualifies_halfhour":false,"departures_MONDAY":27,"departures_TUESDAY":27,"departures_WEDNESDAY":27,"departures_THURSDAY":27,"departures_FRIDAY":27,"departures_SATURDAY":25,"departures_SUNDAY":12}},{"type":"Feature","geometry":{"type":"Point","coordinates":[3.70822,51.01639]},"properties":{"stop_id":"212064","stop_name":"Zwijnaarde Maaltemeers","qualifies_min1":true,"qualifies_min10":true,"qualifies_hourly":false,"qualifies_halfhour":false,"departures_MONDAY":97,"departures_TUESDAY":97,"departures_WEDNESDAY":97,"departures_THURSDAY":97,"departures_FRIDAY":97,"departures_SATURDAY":60,"departures_SUNDAY":38}},{"type":"Feature","geometry":{"type":"Point","coordinates":[3.71495,51.05622]},"properties":{"stop_id":"212065","stop_name":"Gent Sint-Elisabethplein","qualifies_min1":true,"qualifies_min10":true,"qualifies_hourly":true,"qualifies_halfhour":true,"departures_MONDAY":96,"departures_TUESDAY":96,"departures_WEDNESDAY":96,"departures_THURSDAY":96,"departures_FRIDAY":96,"departures_SATURDAY":90,"departures_SUNDAY":77}},{"type":"Feature","geometry":{"type":"Point","coordinates":[3.71397,51.05816]},"properties":{"stop_id":"212066","stop_name":"Gent de Mirabellostraat","qualifies_min1":true,"qualifies_min10":true,"qualifies_hourly":true,"qualifies_halfhour":true,"departures_MONDAY":96,"departures_TUESDAY":96,"departures_WEDNESDAY":96,"departures_THURSDAY":96,"departures_FRIDAY":96,"departures_SATURDAY":90,"departures_SUNDAY":77}},{"type":"Feature","geometry":{"type":"Point","coordinates":[3.69562,51.0711]},"properties":{"stop_id":"212069","stop_name":"Mariakerke Machinistenpark","qualifies_min1":true,"qualifies_min10":true,"qualifies_hourly":true,"qualifies_halfhour":false,"departures_MONDAY":38,"departures_TUESDAY":38,"departures_WEDNESDAY":38,"departures_THURSDAY":38,"departures_FRIDAY":38,"departures_SATURDAY":31,"departures_SUNDAY":30}},{"type":"Feature","geometry":{"type":"Point","coordinates":[3.716048,51.091857]},"properties":{"stop_id":"212072","stop_name":"Wondelgem Vledermuisstraat","qualifies_min1":true,"qualifies_min10":true,"qualifies_hourly":true,"qualifies_halfhour":true,"departures_MONDAY":98,"departures_TUESDAY":98,"departures_WEDNESDAY":98,"departures_THURSDAY":98,"departures_FRIDAY":105,"departures_SATURDAY":117,"departures_SUNDAY":116}},{"type":"Feature","geometry":{"type":"Point","coordinates":[3.86831,51.13484]},"properties":{"stop_id":"212073","stop_name":"Zaffelare Kluizestraat","qualifies_min1":true,"qualifies_min10":true,"qualifies_hourly":false,"qualifies_halfhour":false,"departures_MONDAY":21,"departures_TUESDAY":21,"departures_WEDNESDAY":21,"departures_THURSDAY":21,"departures_FRIDAY":21,"departures_SATURDAY":18,"departures_SUNDAY":15}},{"type":"Feature","geometry":{"type":"Point","coordinates":[3.84556,51.09954]},"properties":{"stop_id":"212074","stop_name":"Lochristi Pauwstraat","qualifies_min1":true,"qualifies_min10":true,"qualifies_hourly":true,"qualifies_halfhour":false,"departures_MONDAY":33,"departures_TUESDAY":33,"departures_WEDNESDAY":33,"departures_THURSDAY":33,"departures_FRIDAY":33,"departures_SATURDAY":34,"departures_SUNDAY":32}},{"type":"Feature","geometry":{"type":"Point","coordinates":[3.85082,51.16456]},"properties":{"stop_id":"212075","stop_name":"Wachtebeke Warande (Merelstraat)","qualifies_min1":true,"qualifies_min10":true,"qualifies_hourly":true,"qualifies_halfhour":false,"departures_MONDAY":40,"departures_TUESDAY":40,"departures_WEDNESDAY":40,"departures_THURSDAY":40,"departures_FRIDAY":40,"departures_SATURDAY":34,"departures_SUNDAY":30}},{"type":"Feature","geometry":{"type":"Point","coordinates":[3.63675,51.06059]},"properties":{"stop_id":"212079","stop_name":"Drongen Luchterenhof","qualifies_min1":true,"qualifies_min10":true,"qualifies_hourly":false,"qualifies_halfhour":false,"departures_MONDAY":30,"departures_TUESDAY":30,"departures_WEDNESDAY":30,"departures_THURSDAY":30,"departures_FRIDAY":31,"departures_SATURDAY":28,"departures_SUNDAY":28}},{"type":"Feature","geometry":{"type":"Point","coordinates":[3.65808,51.00845]},"properties":{"stop_id":"212081","stop_name":"De Pinte Keistraat","qualifies_min1":true,"qualifies_min10":true,"qualifies_hourly":false,"qualifies_halfhour":false,"departures_MONDAY":20,"departures_TUESDAY":20,"departures_WEDNESDAY":20,"departures_THURSDAY":20,"departures_FRIDAY":20,"departures_SATURDAY":17,"departures_SUNDAY":14}},{"type":"Feature","geometry":{"type":"Point","coordinates":[3.732513,51.148749]},"properties":{"stop_id":"212085","stop_name":"Evergem Wippelgem Eindeken","qualifies_min1":true,"qualifies_min10":true,"qualifies_hourly":true,"qualifies_halfhour":false,"departures_MONDAY":34,"departures_TUESDAY":34,"departures_WEDNESDAY":34,"departures_THURSDAY":34,"departures_FRIDAY":34,"departures_SATURDAY":28,"departures_SUNDAY":16}},{"type":"Feature","geometry":{"type":"Point","coordinates":[3.7448,51.05907]},"properties":{"stop_id":"212090","stop_name":"Sint-Amandsberg Halvemaanstraat","qualifies_min1":true,"qualifies_min10":true,"qualifies_hourly":true,"qualifies_halfhour":true,"departures_MONDAY":186,"departures_TUESDAY":186,"departures_WEDNESDAY":186,"departures_THURSDAY":186,"departures_FRIDAY":188,"departures_SATURDAY":181,"departures_SUNDAY":168}},{"type":"Feature","geometry":{"type":"Point","coordinates":[3.73838,51.0375]},"properties":{"stop_id":"212095","stop_name":"Ledeberg P+R Ledeberg","qualifies_min1":true,"qualifies_min10":true,"qualifies_hourly":true,"qualifies_halfhour":true,"departures_MONDAY":176,"departures_TUESDAY":176,"departures_WEDNESDAY":176,"departures_THURSDAY":176,"departures_FRIDAY":176,"departures_SATURDAY":187,"departures_SUNDAY":159}},{"type":"Feature","geometry":{"type":"Point","coordinates":[3.73534,51.07375]},"properties":{"stop_id":"212096","stop_name":"Gent P+R Muide","qualifies_min1":true,"qualifies_min10":true,"qualifies_hourly":true,"qualifies_halfhour":true,"departures_MONDAY":96,"departures_TUESDAY":96,"departures_WEDNESDAY":96,"departures_THURSDAY":96,"departures_FRIDAY":96,"departures_SATURDAY":96,"departures_SUNDAY":96}},{"type":"Feature","geometry":{"type":"Point","coordinates":[3.72947,51.06752]},"properties":{"stop_id":"212105","stop_name":"Gent Neuseplein","qualifies_min1":true,"qualifies_min10":true,"qualifies_hourly":true,"qualifies_halfhour":true,"departures_MONDAY":83,"departures_TUESDAY":83,"departures_WEDNESDAY":83,"departures_THURSDAY":83,"departures_FRIDAY":83,"departures_SATURDAY":71,"departures_SUNDAY":65}},{"type":"Feature","geometry":{"type":"Point","coordinates":[3.72141,51.06594]},"properties":{"stop_id":"212109","stop_name":"Gent Voortmanstraat","qualifies_min1":true,"qualifies_min10":true,"qualifies_hourly":true,"qualifies_halfhour":true,"departures_MONDAY":83,"departures_TUESDAY":83,"departures_WEDNESDAY":83,"departures_THURSDAY":83,"departures_FRIDAY":83,"departures_SATURDAY":71,"departures_SUNDAY":65}},{"type":"Feature","geometry":{"type":"Point","coordinates":[3.89241,51.17133]},"properties":{"stop_id":"212123","stop_name":"Wachtebeke Knokkestraat","qualifies_min1":true,"qualifies_min10":false,"qualifies_hourly":false,"qualifies_halfhour":false,"departures_MONDAY":16,"departures_TUESDAY":16,"departures_WEDNESDAY":16,"departures_THURSDAY":16,"departures_FRIDAY":16,"departures_SATURDAY":15,"departures_SUNDAY":6}},{"type":"Feature","geometry":{"type":"Point","coordinates":[3.75041,50.98787]},"properties":{"stop_id":"212130","stop_name":"Merelbeke Brandweerstraat","qualifies_min1":true,"qualifies_min10":true,"qualifies_hourly":false,"qualifies_halfhour":false,"departures_MONDAY":15,"departures_TUESDAY":15,"departures_WEDNESDAY":15,"departures_THURSDAY":15,"departures_FRIDAY":15,"departures_SATURDAY":13,"departures_SUNDAY":11}},{"type":"Feature","geometry":{"type":"Point","coordinates":[3.759309,51.043154]},"properties":{"stop_id":"212131","stop_name":"Gentbrugge Jef Vandermeulenstraat","qualifies_min1":true,"qualifies_min10":true,"qualifies_hourly":true,"qualifies_halfhour":true,"departures_MONDAY":76,"departures_TUESDAY":76,"departures_WEDNESDAY":76,"departures_THURSDAY":76,"departures_FRIDAY":87,"departures_SATURDAY":84,"departures_SUNDAY":65}},{"type":"Feature","geometry":{"type":"Point","coordinates":[3.71282,51.06052]},"properties":{"stop_id":"212132","stop_name":"Gent Rabot (Begijnhoflaan)","qualifies_min1":true,"qualifies_min10":true,"qualifies_hourly":true,"qualifies_halfhour":true,"departures_MONDAY":83,"departures_TUESDAY":83,"departures_WEDNESDAY":83,"departures_THURSDAY":83,"departures_FRIDAY":83,"departures_SATURDAY":71,"departures_SUNDAY":65}},{"type":"Feature","geometry":{"type":"Point","coordinates":[3.71012,51.05265]},"properties":{"stop_id":"212133","stop_name":"Gent Theresianenstraat","qualifies_min1":true,"qualifies_min10":true,"qualifies_hourly":true,"qualifies_halfhour":true,"departures_MONDAY":83,"departures_TUESDAY":83,"departures_WEDNESDAY":83,"departures_THURSDAY":83,"departures_FRIDAY":83,"departures_SATURDAY":71,"departures_SUNDAY":65}},{"type":"Feature","geometry":{"type":"Point","coordinates":[3.75269,51.05056]},"properties":{"stop_id":"212134","stop_name":"Sint-Amandsberg Aannemersstraat","qualifies_min1":true,"qualifies_min10":true,"qualifies_hourly":true,"qualifies_halfhour":true,"departures_MONDAY":101,"departures_TUESDAY":101,"departures_WEDNESDAY":101,"departures_THURSDAY":101,"departures_FRIDAY":112,"departures_SATURDAY":105,"departures_SUNDAY":74}},{"type":"Feature","geometry":{"type":"Point","coordinates":[3.73501,51.05682]},"properties":{"stop_id":"212139","stop_name":"Gent Jan van Gentstraat (Dampoortstraat)","qualifies_min1":true,"qualifies_min10":true,"qualifies_hourly":true,"qualifies_halfhour":true,"departures_MONDAY":196,"departures_TUESDAY":196,"departures_WEDNESDAY":196,"departures_THURSDAY":196,"departures_FRIDAY":315,"departures_SATURDAY":305,"departures_SUNDAY":281}},{"type":"Feature","geometry":{"type":"Point","coordinates":[3.82451,51.09427]},"properties":{"stop_id":"212148","stop_name":"Lochristi Kasseitje","qualifies_min1":true,"qualifies_min10":true,"qualifies_hourly":true,"qualifies_halfhour":true,"departures_MONDAY":68,"departures_TUESDAY":68,"departures_WEDNESDAY":68,"departures_THURSDAY":68,"departures_FRIDAY":68,"departures_SATURDAY":65,"departures_SUNDAY":58}},{"type":"Feature","geometry":{"type":"Point","coordinates":[3.69932,51.06226]},"properties":{"stop_id":"212149","stop_name":"Gent Notelaarstraat","qualifies_min1":true,"qualifies_min10":true,"qualifies_hourly":true,"qualifies_halfhour":true,"departures_MONDAY":100,"departures_TUESDAY":100,"departures_WEDNESDAY":100,"departures_THURSDAY":100,"departures_FRIDAY":116,"departures_SATURDAY":115,"departures_SUNDAY":113}},{"type":"Feature","geometry":{"type":"Point","coordinates":[3.84401,51.09971]},"properties":{"stop_id":"212152","stop_name":"Lochristi Dorp-Oost","qualifies_min1":true,"qualifies_min10":true,"qualifies_hourly":false,"qualifies_halfhour":false,"departures_MONDAY":20,"departures_TUESDAY":20,"departures_WEDNESDAY":20,"departures_THURSDAY":20,"departures_FRIDAY":20,"departures_SATURDAY":17,"departures_SUNDAY":15}},{"type":"Feature","geometry":{"type":"Point","coordinates":[3.70675,51.03149]},"properties":{"stop_id":"212159","stop_name":"Gent Tuinwijklaan","qualifies_min1":true,"qualifies_min10":true,"qualifies_hourly":true,"qualifies_halfhour":true,"departures_MONDAY":248,"departures_TUESDAY":248,"departures_WEDNESDAY":248,"departures_THURSDAY":248,"departures_FRIDAY":248,"departures_SATURDAY":216,"departures_SUNDAY":175}},{"type":"Feature","geometry":{"type":"Point","coordinates":[3.70812,51.02797]},"properties":{"stop_id":"212160","stop_name":"Gent Flamingostraat","qualifies_min1":true,"qualifies_min10":true,"qualifies_hourly":true,"qualifies_halfhour":true,"departures_MONDAY":248,"departures_TUESDAY":248,"departures_WEDNESDAY":248,"departures_THURSDAY":248,"departures_FRIDAY":248,"departures_SATURDAY":216,"departures_SUNDAY":175}},{"type":"Feature","geometry":{"type":"Point","coordinates":[3.84284,51.09075]},"properties":{"stop_id":"212170","stop_name":"Lochristi Sportcomplex Bosdreef","qualifies_min1":true,"qualifies_min10":true,"qualifies_hourly":false,"qualifies_halfhour":false,"departures_MONDAY":15,"departures_TUESDAY":15,"departures_WEDNESDAY":15,"departures_THURSDAY":15,"departures_FRIDAY":15,"departures_SATURDAY":14,"departures_SUNDAY":11}},{"type":"Feature","geometry":{"type":"Point","coordinates":[3.70397,51.05884]},"properties":{"stop_id":"212171","stop_name":"Gent Seghersplein (Weversstraat)","qualifies_min1":true,"qualifies_min10":true,"qualifies_hourly":true,"qualifies_halfhour":false,"departures_MONDAY":62,"departures_TUESDAY":62,"departures_WEDNESDAY":62,"departures_THURSDAY":62,"departures_FRIDAY":63,"departures_SATURDAY":57,"departures_SUNDAY":55}},{"type":"Feature","geometry":{"type":"Point","coordinates":[3.85426,51.08702]},"properties":{"stop_id":"212172","stop_name":"Lochristi Ommegangstraat","qualifies_min1":true,"qualifies_min10":true,"qualifies_hourly":false,"qualifies_halfhour":false,"departures_MONDAY":15,"departures_TUESDAY":15,"departures_WEDNESDAY":15,"departures_THURSDAY":15,"departures_FRIDAY":15,"departures_SATURDAY":14,"departures_SUNDAY":11}},{"type":"Feature","geometry":{"type":"Point","coordinates":[3.69005,51.05533]},"properties":{"stop_id":"212174","stop_name":"Gent Crappéstraat","qualifies_min1":true,"qualifies_min10":true,"qualifies_hourly":true,"qualifies_halfhour":false,"departures_MONDAY":62,"departures_TUESDAY":62,"departures_WEDNESDAY":62,"departures_THURSDAY":62,"departures_FRIDAY":63,"departures_SATURDAY":56,"departures_SUNDAY":54}},{"type":"Feature","geometry":{"type":"Point","coordinates":[3.726357,51.025426]},"properties":{"stop_id":"212179","stop_name":"Gent UZ","qualifies_min1":true,"qualifies_min10":true,"qualifies_hourly":true,"qualifies_halfhour":true,"departures_MONDAY":170,"departures_TUESDAY":170,"departures_WEDNESDAY":170,"departures_THURSDAY":170,"departures_FRIDAY":170,"departures_SATURDAY":152,"departures_SUNDAY":134}},{"type":"Feature","geometry":{"type":"Point","coordinates":[3.656861,51.063159]},"properties":{"stop_id":"212188","stop_name":"Drongen Kerkhof","qualifies_min1":true,"qualifies_min10":true,"qualifies_hourly":true,"qualifies_halfhour":false,"departures_MONDAY":34,"departures_TUESDAY":34,"departures_WEDNESDAY":34,"departures_THURSDAY":34,"departures_FRIDAY":34,"departures_SATURDAY":29,"departures_SUNDAY":18}},{"type":"Feature","geometry":{"type":"Point","coordinates":[3.647916,51.068133]},"properties":{"stop_id":"212189","stop_name":"Drongen Beekstraat","qualifies_min1":true,"qualifies_min10":true,"qualifies_hourly":true,"qualifies_halfhour":false,"departures_MONDAY":34,"departures_TUESDAY":34,"departures_WEDNESDAY":34,"departures_THURSDAY":34,"departures_FRIDAY":34,"departures_SATURDAY":29,"departures_SUNDAY":18}},{"type":"Feature","geometry":{"type":"Point","coordinates":[3.8385,51.0978]},"properties":{"stop_id":"212197","stop_name":"Lochristi Bosdreef","qualifies_min1":true,"qualifies_min10":true,"qualifies_hourly":true,"qualifies_halfhour":false,"departures_MONDAY":53,"departures_TUESDAY":53,"departures_WEDNESDAY":53,"departures_THURSDAY":53,"departures_FRIDAY":53,"departures_SATURDAY":51,"departures_SUNDAY":47}},{"type":"Feature","geometry":{"type":"Point","coordinates":[3.70552,51.0814]},"properties":{"stop_id":"212210","stop_name":"Wondelgem Roodborstjesstraat","qualifies_min1":true,"qualifies_min10":true,"qualifies_hourly":true,"qualifies_halfhour":false,"departures_MONDAY":76,"departures_TUESDAY":76,"departures_WEDNESDAY":76,"departures_THURSDAY":76,"departures_FRIDAY":76,"departures_SATURDAY":62,"departures_SUNDAY":60}},{"type":"Feature","geometry":{"type":"Point","coordinates":[3.73911,51.00007]},"properties":{"stop_id":"212216","stop_name":"Merelbeke Melsenbeekstraat","qualifies_min1":true,"qualifies_min10":true,"qualifies_hourly":false,"qualifies_halfhour":false,"departures_MONDAY":32,"departures_TUESDAY":32,"departures_WEDNESDAY":32,"departures_THURSDAY":32,"departures_FRIDAY":32,"departures_SATURDAY":30,"departures_SUNDAY":13}},{"type":"Feature","geometry":{"type":"Point","coordinates":[3.73974,51.05359]},"properties":{"stop_id":"212223","stop_name":"Gent Dampoort (Gandastraat)","qualifies_min1":true,"qualifies_min10":true,"qualifies_hourly":true,"qualifies_halfhour":true,"departures_MONDAY":625,"departures_TUESDAY":625,"departures_WEDNESDAY":625,"departures_THURSDAY":625,"departures_FRIDAY":244,"departures_SATURDAY":232,"departures_SUNDAY":192}},{"type":"Feature","geometry":{"type":"Point","coordinates":[3.68628,51.04786]},"properties":{"stop_id":"212240","stop_name":"Gent Blaarmeersen (Rugbylaan)","qualifies_min1":true,"qualifies_min10":true,"qualifies_hourly":true,"qualifies_halfhour":true,"departures_MONDAY":120,"departures_TUESDAY":120,"departures_WEDNESDAY":120,"departures_THURSDAY":120,"departures_FRIDAY":131,"departures_SATURDAY":83,"departures_SUNDAY":65}},{"type":"Feature","geometry":{"type":"Point","coordinates":[3.729192,51.079583]},"properties":{"stop_id":"212246","stop_name":"Gent Rotterdamstraat","qualifies_min1":true,"qualifies_min10":true,"qualifies_hourly":true,"qualifies_halfhour":false,"departures_MONDAY":46,"departures_TUESDAY":46,"departures_WEDNESDAY":46,"departures_THURSDAY":46,"departures_FRIDAY":51,"departures_SATURDAY":58,"departures_SUNDAY":50}},{"type":"Feature","geometry":{"type":"Point","coordinates":[3.762339,51.040403]},"properties":{"stop_id":"212250","stop_name":"Gentbrugge Meersemdries","qualifies_min1":true,"qualifies_min10":true,"qualifies_hourly":true,"qualifies_halfhour":true,"departures_MONDAY":76,"departures_TUESDAY":76,"departures_WEDNESDAY":76,"departures_THURSDAY":76,"departures_FRIDAY":87,"departures_SATURDAY":84,"departures_SUNDAY":65}},{"type":"Feature","geometry":{"type":"Point","coordinates":[3.76952,51.08518]},"properties":{"stop_id":"212253","stop_name":"Oostakker Edugo (Krijtekerkweg)","qualifies_min1":true,"qualifies_min10":true,"qualifies_hourly":true,"qualifies_halfhour":false,"departures_MONDAY":31,"departures_TUESDAY":31,"departures_WEDNESDAY":31,"departures_THURSDAY":31,"departures_FRIDAY":32,"departures_SATURDAY":28,"departures_SUNDAY":28}},{"type":"Feature","geometry":{"type":"Point","coordinates":[3.68843,51.0492]},"properties":{"stop_id":"212277","stop_name":"Gent P+R Watersportbaan","qualifies_min1":true,"qualifies_min10":true,"qualifies_hourly":true,"qualifies_halfhour":true,"departures_MONDAY":120,"departures_TUESDAY":120,"departures_WEDNESDAY":120,"departures_THURSDAY":120,"departures_FRIDAY":131,"departures_SATURDAY":83,"departures_SUNDAY":65}},{"type":"Feature","geometry":{"type":"Point","coordinates":[3.68184,51.0199]},"properties":{"stop_id":"212316","stop_name":"Sint-Denijs-Westrem Rubenslaan","qualifies_min1":true,"qualifies_min10":true,"qualifies_hourly":true,"qualifies_halfhour":false,"departures_MONDAY":66,"departures_TUESDAY":66,"departures_WEDNESDAY":66,"departures_THURSDAY":66,"departures_FRIDAY":66,"departures_SATURDAY":64,"departures_SUNDAY":58}},{"type":"Feature","geometry":{"type":"Point","coordinates":[3.72031,51.00262]},"properties":{"stop_id":"212333","stop_name":"Zwijnaarde Schayckstraat","qualifies_min1":true,"qualifies_min10":true,"qualifies_hourly":false,"qualifies_halfhour":false,"departures_MONDAY":32,"departures_TUESDAY":32,"departures_WEDNESDAY":32,"departures_THURSDAY":32,"departures_FRIDAY":32,"departures_SATURDAY":30,"departures_SUNDAY":13}},{"type":"Feature","geometry":{"type":"Point","coordinates":[3.7202,51.06694]},"properties":{"stop_id":"212357","stop_name":"Gent Gagelstraat","qualifies_min1":true,"qualifies_min10":true,"qualifies_hourly":true,"qualifies_halfhour":true,"departures_MONDAY":203,"departures_TUESDAY":203,"departures_WEDNESDAY":203,"departures_THURSDAY":203,"departures_FRIDAY":210,"departures_SATURDAY":210,"departures_SUNDAY":178}},{"type":"Feature","geometry":{"type":"Point","coordinates":[3.72626,51.06459]},"properties":{"stop_id":"212361","stop_name":"Gent Sanderusstraat","qualifies_min1":true,"qualifies_min10":true,"qualifies_hourly":true,"qualifies_halfhour":true,"departures_MONDAY":297,"departures_TUESDAY":297,"departures_WEDNESDAY":297,"departures_THURSDAY":297,"departures_FRIDAY":308,"departures_SATURDAY":315,"departures_SUNDAY":276}},{"type":"Feature","geometry":{"type":"Point","coordinates":[3.72349,51.0323]},"properties":{"stop_id":"212375","stop_name":"Gent Zwijnaardsesteenweg (spoorwegbrug)","qualifies_min1":true,"qualifies_min10":true,"qualifies_hourly":true,"qualifies_halfhour":true,"departures_MONDAY":134,"departures_TUESDAY":134,"departures_WEDNESDAY":134,"departures_THURSDAY":134,"departures_FRIDAY":139,"departures_SATURDAY":90,"departures_SUNDAY":62}},{"type":"Feature","geometry":{"type":"Point","coordinates":[3.68598,50.9965]},"properties":{"stop_id":"212397","stop_name":"Zwijnaarde Klossestraat","qualifies_min1":true,"qualifies_min10":true,"qualifies_hourly":false,"qualifies_halfhour":false,"departures_MONDAY":20,"departures_TUESDAY":20,"departures_WEDNESDAY":20,"departures_THURSDAY":20,"departures_FRIDAY":20,"departures_SATURDAY":17,"departures_SUNDAY":13}},{"type":"Feature","geometry":{"type":"Point","coordinates":[3.69439,51.07391]},"properties":{"stop_id":"212406","stop_name":"Mariakerke Molenwalstraat","qualifies_min1":true,"qualifies_min10":true,"qualifies_hourly":true,"qualifies_halfhour":false,"departures_MONDAY":38,"departures_TUESDAY":38,"departures_WEDNESDAY":38,"departures_THURSDAY":38,"departures_FRIDAY":38,"departures_SATURDAY":31,"departures_SUNDAY":30}},{"type":"Feature","geometry":{"type":"Point","coordinates":[3.73353,51.11004]},"properties":{"stop_id":"212408","stop_name":"Gent Wondelgemkaai","qualifies_min1":true,"qualifies_min10":true,"qualifies_hourly":true,"qualifies_halfhour":false,"departures_MONDAY":34,"departures_TUESDAY":34,"departures_WEDNESDAY":34,"departures_THURSDAY":34,"departures_FRIDAY":34,"departures_SATURDAY":28,"departures_SUNDAY":16}},{"type":"Feature","geometry":{"type":"Point","coordinates":[3.70639,51.08645]},"properties":{"stop_id":"212417","stop_name":"Wondelgem Neptunus (Botestraat)","qualifies_min1":true,"qualifies_min10":true,"qualifies_hourly":true,"qualifies_halfhour":false,"departures_MONDAY":75,"departures_TUESDAY":75,"departures_WEDNESDAY":75,"departures_THURSDAY":75,"departures_FRIDAY":75,"departures_SATURDAY":61,"departures_SUNDAY":60}},{"type":"Feature","geometry":{"type":"Point","coordinates":[3.730275,51.075905]},"properties":{"stop_id":"212426","stop_name":"Gent Liverpoolstraat","qualifies_min1":true,"qualifies_min10":true,"qualifies_hourly":true,"qualifies_halfhour":false,"departures_MONDAY":46,"departures_TUESDAY":46,"departures_WEDNESDAY":46,"departures_THURSDAY":46,"departures_FRIDAY":51,"departures_SATURDAY":58,"departures_SUNDAY":50}},{"type":"Feature","geometry":{"type":"Point","coordinates":[3.73787,51.07127]},"properties":{"stop_id":"212432","stop_name":"Gent P+R Lübeck","qualifies_min1":true,"qualifies_min10":true,"qualifies_hourly":true,"qualifies_halfhour":true,"departures_MONDAY":48,"departures_TUESDAY":48,"departures_WEDNESDAY":48,"departures_THURSDAY":48,"departures_FRIDAY":48,"departures_SATURDAY":48,"departures_SUNDAY":48}},{"type":"Feature","geometry":{"type":"Point","coordinates":[3.73803,51.06927]},"properties":{"stop_id":"212433","stop_name":"Gent Scandinaviëstraat","qualifies_min1":true,"qualifies_min10":true,"qualifies_hourly":true,"qualifies_halfhour":false,"departures_MONDAY":48,"departures_TUESDAY":48,"departures_WEDNESDAY":48,"departures_THURSDAY":48,"departures_FRIDAY":48,"departures_SATURDAY":48,"departures_SUNDAY":48}},{"type":"Feature","geometry":{"type":"Point","coordinates":[3.7388,51.04887]},"properties":{"stop_id":"212445","stop_name":"Gent Lousbergbrug","qualifies_min1":true,"qualifies_min10":false,"qualifies_hourly":false,"qualifies_halfhour":false,"departures_MONDAY":25,"departures_TUESDAY":25,"departures_WEDNESDAY":25,"departures_THURSDAY":25,"departures_FRIDAY":25,"departures_SATURDAY":21,"departures_SUNDAY":9}},{"type":"Feature","geometry":{"type":"Point","coordinates":[3.79073,51.0565]},"properties":{"stop_id":"212456","stop_name":"Destelbergen Eenbeekstraat","qualifies_min1":true,"qualifies_min10":true,"qualifies_hourly":true,"qualifies_halfhour":false,"departures_MONDAY":62,"departures_TUESDAY":62,"departures_WEDNESDAY":62,"departures_THURSDAY":62,"departures_FRIDAY":62,"departures_SATURDAY":57,"departures_SUNDAY":29}},{"type":"Feature","geometry":{"type":"Point","coordinates":[3.79743,51.03746]},"properties":{"stop_id":"212461","stop_name":"Heusden Brugwegel","qualifies_min1":true,"qualifies_min10":true,"qualifies_hourly":true,"qualifies_halfhour":false,"departures_MONDAY":33,"departures_TUESDAY":33,"departures_WEDNESDAY":33,"departures_THURSDAY":33,"departures_FRIDAY":33,"departures_SATURDAY":30,"departures_SUNDAY":17}},{"type":"Feature","geometry":{"type":"Point","coordinates":[3.88147,51.00915]},"properties":{"stop_id":"212478","stop_name":"Wetteren Tragelweg","qualifies_min1":true,"qualifies_min10":true,"qualifies_hourly":true,"qualifies_halfhour":false,"departures_MONDAY":48,"departures_TUESDAY":48,"departures_WEDNESDAY":48,"departures_THURSDAY":48,"departures_FRIDAY":48,"departures_SATURDAY":42,"departures_SUNDAY":17}},{"type":"Feature","geometry":{"type":"Point","coordinates":[3.73879,51.03658]},"properties":{"stop_id":"212482","stop_name":"Ledeberg P+R Ledeberg (Hundelgemsesteenweg)","qualifies_min1":true,"qualifies_min10":true,"qualifies_hourly":true,"qualifies_halfhour":true,"departures_MONDAY":212,"departures_TUESDAY":212,"departures_WEDNESDAY":212,"departures_THURSDAY":212,"departures_FRIDAY":212,"departures_SATURDAY":150,"departures_SUNDAY":119}},{"type":"Feature","geometry":{"type":"Point","coordinates":[3.72965,51.06411]},"properties":{"stop_id":"212501","stop_name":"Gent Heilig-Kerst","qualifies_min1":true,"qualifies_min10":true,"qualifies_hourly":true,"qualifies_halfhour":true,"departures_MONDAY":196,"departures_TUESDAY":196,"departures_WEDNESDAY":196,"departures_THURSDAY":196,"departures_FRIDAY":48,"departures_SATURDAY":48,"departures_SUNDAY":48}},{"type":"Feature","geometry":{"type":"Point","coordinates":[3.72393,51.08791]},"properties":{"stop_id":"212504","stop_name":"Gent Driemasterstraat","qualifies_min1":true,"qualifies_min10":true,"qualifies_hourly":true,"qualifies_halfhour":true,"departures_MONDAY":148,"departures_TUESDAY":148,"departures_WEDNESDAY":148,"departures_THURSDAY":148,"departures_FRIDAY":153,"departures_SATURDAY":146,"departures_SUNDAY":113}},{"type":"Feature","geometry":{"type":"Point","coordinates":[3.79636,51.0778]},"properties":{"stop_id":"212507","stop_name":"Sint-Amandsberg Pijkestraat","qualifies_min1":true,"qualifies_min10":true,"qualifies_hourly":true,"qualifies_halfhour":false,"departures_MONDAY":31,"departures_TUESDAY":31,"departures_WEDNESDAY":31,"departures_THURSDAY":31,"departures_FRIDAY":31,"departures_SATURDAY":29,"departures_SUNDAY":28}},{"type":"Feature","geometry":{"type":"Point","coordinates":[3.71496,51.02247]},"properties":{"stop_id":"212508","stop_name":"Gent Salamanderstraat","qualifies_min1":true,"qualifies_min10":true,"qualifies_hourly":true,"qualifies_halfhour":true,"departures_MONDAY":177,"departures_TUESDAY":177,"departures_WEDNESDAY":177,"departures_THURSDAY":177,"departures_FRIDAY":188,"departures_SATURDAY":181,"departures_SUNDAY":122}},{"type":"Feature","geometry":{"type":"Point","coordinates":[3.7195,51.08933]},"properties":{"stop_id":"212509","stop_name":"Wondelgem Station","qualifies_min1":true,"qualifies_min10":true,"qualifies_hourly":true,"qualifies_halfhour":false,"departures_MONDAY":84,"departures_TUESDAY":84,"departures_WEDNESDAY":84,"departures_THURSDAY":84,"departures_FRIDAY":89,"departures_SATURDAY":87,"departures_SUNDAY":79}},{"type":"Feature","geometry":{"type":"Point","coordinates":[3.76556,51.09938]},"properties":{"stop_id":"212513","stop_name":"Oostakker Dorp","qualifies_min1":true,"qualifies_min10":true,"qualifies_hourly":true,"qualifies_halfhour":false,"departures_MONDAY":127,"departures_TUESDAY":127,"departures_WEDNESDAY":127,"departures_THURSDAY":127,"departures_FRIDAY":129,"departures_SATURDAY":119,"departures_SUNDAY":113}},{"type":"Feature","geometry":{"type":"Point","coordinates":[3.71205,51.02091]},"properties":{"stop_id":"212517","stop_name":"Gent Berkhoutsheide","qualifies_min1":true,"qualifies_min10":true,"qualifies_hourly":true,"qualifies_halfhour":true,"departures_MONDAY":88,"departures_TUESDAY":88,"departures_WEDNESDAY":88,"departures_THURSDAY":88,"departures_FRIDAY":93,"departures_SATURDAY":90,"departures_SUNDAY":62}},{"type":"Feature","geometry":{"type":"Point","coordinates":[3.71933,51.01883]},"properties":{"stop_id":"212518","stop_name":"Gent Haardstedestraat","qualifies_min1":true,"qualifies_min10":true,"qualifies_hourly":true,"qualifies_halfhour":true,"departures_MONDAY":88,"departures_TUESDAY":88,"departures_WEDNESDAY":88,"departures_THURSDAY":88,"departures_FRIDAY":93,"departures_SATURDAY":90,"departures_SUNDAY":62}},{"type":"Feature","geometry":{"type":"Point","coordinates":[3.71551,51.0199]},"properties":{"stop_id":"212519","stop_name":"Gent Jaspisstraat","qualifies_min1":true,"qualifies_min10":true,"qualifies_hourly":true,"qualifies_halfhour":true,"departures_MONDAY":88,"departures_TUESDAY":88,"departures_WEDNESDAY":88,"departures_THURSDAY":88,"departures_FRIDAY":93,"departures_SATURDAY":90,"departures_SUNDAY":62}},{"type":"Feature","geometry":{"type":"Point","coordinates":[3.73017,51.06999]},"properties":{"stop_id":"212520","stop_name":"Gent Muidebrug","qualifies_min1":true,"qualifies_min10":true,"qualifies_hourly":true,"qualifies_halfhour":false,"departures_MONDAY":47,"departures_TUESDAY":47,"departures_WEDNESDAY":47,"departures_THURSDAY":47,"departures_FRIDAY":53,"departures_SATURDAY":58,"departures_SUNDAY":49}},{"type":"Feature","geometry":{"type":"Point","coordinates":[3.6883,51.08134]},"properties":{"stop_id":"212521","stop_name":"Mariakerke Kollekasteel (Eeklostraat)","qualifies_min1":true,"qualifies_min10":true,"qualifies_hourly":true,"qualifies_halfhour":false,"departures_MONDAY":38,"departures_TUESDAY":38,"departures_WEDNESDAY":38,"departures_THURSDAY":38,"departures_FRIDAY":38,"departures_SATURDAY":31,"departures_SUNDAY":30}},{"type":"Feature","geometry":{"type":"Point","coordinates":[3.75511,51.05247]},"properties":{"stop_id":"212524","stop_name":"Sint-Amandsberg Baeyensstraat","qualifies_min1":true,"qualifies_min10":false,"qualifies_hourly":false,"qualifies_halfhour":false,"departures_MONDAY":25,"departures_TUESDAY":25,"departures_WEDNESDAY":25,"departures_THURSDAY":25,"departures_FRIDAY":25,"departures_SATURDAY":21,"departures_SUNDAY":9}},{"type":"Feature","geometry":{"type":"Point","coordinates":[3.75465,51.05886]},"properties":{"stop_id":"212525","stop_name":"Sint-Amandsberg Hartmannlaan","qualifies_min1":true,"qualifies_min10":true,"qualifies_hourly":false,"qualifies_halfhour":false,"departures_MONDAY":50,"departures_TUESDAY":50,"departures_WEDNESDAY":50,"departures_THURSDAY":50,"departures_FRIDAY":50,"departures_SATURDAY":42,"departures_SUNDAY":18}},{"type":"Feature","geometry":{"type":"Point","coordinates":[3.78691,51.07631]},"properties":{"stop_id":"212526","stop_name":"Sint-Amandsberg Lippensstraat","qualifies_min1":true,"qualifies_min10":true,"qualifies_hourly":true,"qualifies_halfhour":false,"departures_MONDAY":31,"departures_TUESDAY":31,"departures_WEDNESDAY":31,"departures_THURSDAY":31,"departures_FRIDAY":31,"departures_SATURDAY":29,"departures_SUNDAY":28}},{"type":"Feature","geometry":{"type":"Point","coordinates":[3.79758,51.07535]},"properties":{"stop_id":"212527","stop_name":"Sint-Amandsberg Vanillestraat","qualifies_min1":true,"qualifies_min10":true,"qualifies_hourly":true,"qualifies_halfhour":false,"departures_MONDAY":31,"departures_TUESDAY":31,"departures_WEDNESDAY":31,"departures_THURSDAY":31,"departures_FRIDAY":31,"departures_SATURDAY":29,"departures_SUNDAY":28}},{"type":"Feature","geometry":{"type":"Point","coordinates":[3.71623,51.08989]},"properties":{"stop_id":"212528","stop_name":"Wondelgem Evergemsesteenweg","qualifies_min1":true,"qualifies_min10":true,"qualifies_hourly":true,"qualifies_halfhour":true,"departures_MONDAY":203,"departures_TUESDAY":203,"departures_WEDNESDAY":203,"departures_THURSDAY":203,"departures_FRIDAY":210,"departures_SATURDAY":210,"departures_SUNDAY":178}},{"type":"Feature","geometry":{"type":"Point","coordinates":[3.775715,51.072962]},"properties":{"stop_id":"212529","stop_name":"Sint-Amandsberg P+R Oostakker (Oudebareelstraat)","qualifies_min1":true,"qualifies_min10":true,"qualifies_hourly":true,"qualifies_halfhour":false,"departures_MONDAY":30,"departures_TUESDAY":30,"departures_WEDNESDAY":30,"departures_THURSDAY":30,"departures_FRIDAY":31,"departures_SATURDAY":28,"departures_SUNDAY":28}},{"type":"Feature","geometry":{"type":"Point","coordinates":[3.66247,51.05432]},"properties":{"stop_id":"212531","stop_name":"Drongen Rotonde","qualifies_min1":true,"qualifies_min10":true,"qualifies_hourly":true,"qualifies_halfhour":false,"departures_MONDAY":97,"departures_TUESDAY":97,"departures_WEDNESDAY":97,"departures_THURSDAY":97,"departures_FRIDAY":98,"departures_SATURDAY":85,"departures_SUNDAY":73}},{"type":"Feature","geometry":{"type":"Point","coordinates":[3.6243,51.0649]},"properties":{"stop_id":"212534","stop_name":"Drongen Luchterenstraat","qualifies_min1":true,"qualifies_min10":true,"qualifies_hourly":true,"qualifies_halfhour":false,"departures_MONDAY":30,"departures_TUESDAY":30,"departures_WEDNESDAY":30,"departures_THURSDAY":30,"departures_FRIDAY":31,"departures_SATURDAY":28,"departures_SUNDAY":28}},{"type":"Feature","geometry":{"type":"Point","coordinates":[3.7884,51.17528]},"properties":{"stop_id":"212535","stop_name":"Ertvelde Puinenstraat","qualifies_min1":true,"qualifies_min10":true,"qualifies_hourly":false,"qualifies_halfhour":false,"departures_MONDAY":34,"departures_TUESDAY":34,"departures_WEDNESDAY":34,"departures_THURSDAY":34,"departures_FRIDAY":34,"departures_SATURDAY":28,"departures_SUNDAY":16}},{"type":"Feature","geometry":{"type":"Point","coordinates":[3.77802,51.07427]},"properties":{"stop_id":"212537","stop_name":"Sint-Amandsberg P+R Oostakker","qualifies_min1":true,"qualifies_min10":true,"qualifies_hourly":true,"qualifies_halfhour":true,"departures_MONDAY":99,"departures_TUESDAY":99,"departures_WEDNESDAY":99,"departures_THURSDAY":99,"departures_FRIDAY":99,"departures_SATURDAY":93,"departures_SUNDAY":85}},{"type":"Feature","geometry":{"type":"Point","coordinates":[3.7696,51.07393]},"properties":{"stop_id":"212538","stop_name":"Oostakker Zangvogellaan","qualifies_min1":true,"qualifies_min10":true,"qualifies_hourly":true,"qualifies_halfhour":false,"departures_MONDAY":30,"departures_TUESDAY":30,"departures_WEDNESDAY":30,"departures_THURSDAY":30,"departures_FRIDAY":31,"departures_SATURDAY":28,"departures_SUNDAY":28}},{"type":"Feature","geometry":{"type":"Point","coordinates":[3.76275,51.0186]},"properties":{"stop_id":"212539","stop_name":"Merelbeke Sint-Jozefstraat","qualifies_min1":true,"qualifies_min10":true,"qualifies_hourly":true,"qualifies_halfhour":false,"departures_MONDAY":38,"departures_TUESDAY":38,"departures_WEDNESDAY":38,"departures_THURSDAY":38,"departures_FRIDAY":38,"departures_SATURDAY":31,"departures_SUNDAY":30}},{"type":"Feature","geometry":{"type":"Point","coordinates":[3.71865,51.09709]},"properties":{"stop_id":"212540","stop_name":"Wondelgem Spesbroekstraat","qualifies_min1":true,"qualifies_min10":true,"qualifies_hourly":true,"qualifies_halfhour":true,"departures_MONDAY":72,"departures_TUESDAY":72,"departures_WEDNESDAY":72,"departures_THURSDAY":72,"departures_FRIDAY":72,"departures_SATURDAY":66,"departures_SUNDAY":46}},{"type":"Feature","geometry":{"type":"Point","coordinates":[3.69599,51.05529]},"properties":{"stop_id":"212543","stop_name":"Gent Malem (Rooigemlaan)","qualifies_min1":true,"qualifies_min10":true,"qualifies_hourly":true,"qualifies_halfhour":false,"departures_MONDAY":76,"departures_TUESDAY":76,"departures_WEDNESDAY":76,"departures_THURSDAY":76,"departures_FRIDAY":76,"departures_SATURDAY":62,"departures_SUNDAY":60}},{"type":"Feature","geometry":{"type":"Point","coordinates":[3.75192,51.07186]},"properties":{"stop_id":"212546","stop_name":"Gent La Sapinière","qualifies_min1":true,"qualifies_min10":true,"qualifies_hourly":true,"qualifies_halfhour":false,"departures_MONDAY":66,"departures_TUESDAY":66,"departures_WEDNESDAY":66,"departures_THURSDAY":66,"departures_FRIDAY":66,"departures_SATURDAY":63,"departures_SUNDAY":57}},{"type":"Feature","geometry":{"type":"Point","coordinates":[3.76102,51.09343]},"properties":{"stop_id":"212552","stop_name":"Oostakker Puigem","qualifies_min1":true,"qualifies_min10":true,"qualifies_hourly":true,"qualifies_halfhour":false,"departures_MONDAY":66,"departures_TUESDAY":66,"departures_WEDNESDAY":66,"departures_THURSDAY":66,"departures_FRIDAY":66,"departures_SATURDAY":63,"departures_SUNDAY":57}},{"type":"Feature","geometry":{"type":"Point","coordinates":[3.76772,51.09466]},"properties":{"stop_id":"212560","stop_name":"Oostakker Meerhoutstraat (Wolfputstraat)","qualifies_min1":true,"qualifies_min10":true,"qualifies_hourly":true,"qualifies_halfhour":false,"departures_MONDAY":66,"departures_TUESDAY":66,"departures_WEDNESDAY":66,"departures_THURSDAY":66,"departures_FRIDAY":66,"departures_SATURDAY":63,"departures_SUNDAY":57}},{"type":"Feature","geometry":{"type":"Point","coordinates":[3.85756,51.17138]},"properties":{"stop_id":"212580","stop_name":"Wachtebeke Kortelaan","qualifies_min1":true,"qualifies_min10":true,"qualifies_hourly":true,"qualifies_halfhour":false,"departures_MONDAY":37,"departures_TUESDAY":37,"departures_WEDNESDAY":37,"departures_THURSDAY":37,"departures_FRIDAY":37,"departures_SATURDAY":33,"departures_SUNDAY":21}},{"type":"Feature","geometry":{"type":"Point","coordinates":[3.84984,51.17346]},"properties":{"stop_id":"212582","stop_name":"Wachtebeke Petunialaan","qualifies_min1":true,"qualifies_min10":true,"qualifies_hourly":true,"qualifies_halfhour":false,"departures_MONDAY":37,"departures_TUESDAY":37,"departures_WEDNESDAY":37,"departures_THURSDAY":37,"departures_FRIDAY":37,"departures_SATURDAY":33,"departures_SUNDAY":21}},{"type":"Feature","geometry":{"type":"Point","coordinates":[3.70653,51.04672]},"properties":{"stop_id":"212602","stop_name":"Gent Jubileumlaan (Verenigde-Natieslaan)","qualifies_min1":true,"qualifies_min10":true,"qualifies_hourly":true,"qualifies_halfhour":true,"departures_MONDAY":184,"departures_TUESDAY":184,"departures_WEDNESDAY":184,"departures_THURSDAY":184,"departures_FRIDAY":196,"departures_SATURDAY":164,"departures_SUNDAY":142}},{"type":"Feature","geometry":{"type":"Point","coordinates":[3.73121,51.0729]},"properties":{"stop_id":"212610","stop_name":"Gent Pauwstraat","qualifies_min1":true,"qualifies_min10":true,"qualifies_hourly":true,"qualifies_halfhour":false,"departures_MONDAY":46,"departures_TUESDAY":46,"departures_WEDNESDAY":46,"departures_THURSDAY":46,"departures_FRIDAY":51,"departures_SATURDAY":58,"departures_SUNDAY":50}},{"type":"Feature","geometry":{"type":"Point","coordinates":[3.74232,50.96385]},"properties":{"stop_id":"212617","stop_name":"Bottelare Steenbergwegel","qualifies_min1":true,"qualifies_min10":false,"qualifies_hourly":false,"qualifies_halfhour":false,"departures_MONDAY":18,"departures_TUESDAY":18,"departures_WEDNESDAY":18,"departures_THURSDAY":18,"departures_FRIDAY":18,"departures_SATURDAY":15,"departures_SUNDAY":7}},{"type":"Feature","geometry":{"type":"Point","coordinates":[3.76962,51.02186]},"properties":{"stop_id":"212624","stop_name":"Melle Vogelstraat","qualifies_min1":true,"qualifies_min10":true,"qualifies_hourly":true,"qualifies_halfhour":false,"departures_MONDAY":38,"departures_TUESDAY":38,"departures_WEDNESDAY":38,"departures_THURSDAY":38,"departures_FRIDAY":38,"departures_SATURDAY":31,"departures_SUNDAY":30}},{"type":"Feature","geometry":{"type":"Point","coordinates":[3.72278,51.06614]},"properties":{"stop_id":"212645","stop_name":"Gent Voortmanstraat","qualifies_min1":true,"qualifies_min10":true,"qualifies_hourly":true,"qualifies_halfhour":true,"departures_MONDAY":203,"departures_TUESDAY":203,"departures_WEDNESDAY":203,"departures_THURSDAY":203,"departures_FRIDAY":210,"departures_SATURDAY":210,"departures_SUNDAY":178}},{"type":"Feature","geometry":{"type":"Point","coordinates":[3.71631,51.08236]},"properties":{"stop_id":"212652","stop_name":"Wondelgem Maarkpad","qualifies_min1":true,"qualifies_min10":true,"qualifies_hourly":true,"qualifies_halfhour":true,"departures_MONDAY":203,"departures_TUESDAY":203,"departures_WEDNESDAY":203,"departures_THURSDAY":203,"departures_FRIDAY":210,"departures_SATURDAY":210,"departures_SUNDAY":178}},{"type":"Feature","geometry":{"type":"Point","coordinates":[3.629743,51.187876]},"properties":{"stop_id":"212700","stop_name":"Lembeke Rotonde","qualifies_min1":true,"qualifies_min10":true,"qualifies_hourly":false,"qualifies_halfhour":false,"departures_MONDAY":32,"departures_TUESDAY":32,"departures_WEDNESDAY":32,"departures_THURSDAY":32,"departures_FRIDAY":32,"departures_SATURDAY":29,"departures_SUNDAY":13}},{"type":"Feature","geometry":{"type":"Point","coordinates":[3.628179,51.186358]},"properties":{"stop_id":"212701","stop_name":"Lembeke Rotonde","qualifies_min1":true,"qualifies_min10":true,"qualifies_hourly":false,"qualifies_halfhour":false,"departures_MONDAY":16,"departures_TUESDAY":16,"departures_WEDNESDAY":16,"departures_THURSDAY":16,"departures_FRIDAY":16,"departures_SATURDAY":15,"departures_SUNDAY":13}},{"type":"Feature","geometry":{"type":"Point","coordinates":[3.64949,50.99175]},"properties":{"stop_id":"212708","stop_name":"De Pinte Kerkplein","qualifies_min1":true,"qualifies_min10":true,"qualifies_hourly":true,"qualifies_halfhour":false,"departures_MONDAY":21,"departures_TUESDAY":21,"departures_WEDNESDAY":21,"departures_THURSDAY":21,"departures_FRIDAY":21,"departures_SATURDAY":18,"departures_SUNDAY":16}},{"type":"Feature","geometry":{"type":"Point","coordinates":[3.86115,51.16654]},"properties":{"stop_id":"212717","stop_name":"Wachtebeke Overledebrug","qualifies_min1":true,"qualifies_min10":true,"qualifies_hourly":false,"qualifies_halfhour":false,"departures_MONDAY":19,"departures_TUESDAY":19,"departures_WEDNESDAY":19,"departures_THURSDAY":19,"departures_FRIDAY":19,"departures_SATURDAY":16,"departures_SUNDAY":16}},{"type":"Feature","geometry":{"type":"Point","coordinates":[3.6341,51.03892]},"properties":{"stop_id":"212757","stop_name":"Drongen Raapstraat","qualifies_min1":true,"qualifies_min10":true,"qualifies_hourly":true,"qualifies_halfhour":false,"departures_MONDAY":30,"departures_TUESDAY":30,"departures_WEDNESDAY":30,"departures_THURSDAY":30,"departures_FRIDAY":30,"departures_SATURDAY":28,"departures_SUNDAY":27}},{"type":"Feature","geometry":{"type":"Point","coordinates":[3.6989,50.95957]},"properties":{"stop_id":"212825","stop_name":"Melsen Kasseiberg","qualifies_min1":true,"qualifies_min10":false,"qualifies_hourly":false,"qualifies_halfhour":false,"departures_MONDAY":31,"departures_TUESDAY":31,"departures_WEDNESDAY":31,"departures_THURSDAY":31,"departures_FRIDAY":31,"departures_SATURDAY":29,"departures_SUNDAY":6}},{"type":"Feature","geometry":{"type":"Point","coordinates":[3.76372,51.03695]},"properties":{"stop_id":"212862","stop_name":"Gentbrugge Dienstencentrum","qualifies_min1":true,"qualifies_min10":true,"qualifies_hourly":true,"qualifies_halfhour":false,"departures_MONDAY":38,"departures_TUESDAY":38,"departures_WEDNESDAY":38,"departures_THURSDAY":38,"departures_FRIDAY":38,"departures_SATURDAY":30,"departures_SUNDAY":30}},{"type":"Feature","geometry":{"type":"Point","coordinates":[3.74483,51.13771]},"properties":{"stop_id":"212871","stop_name":"Evergem Walgracht","qualifies_min1":true,"qualifies_min10":true,"qualifies_hourly":true,"qualifies_halfhour":false,"departures_MONDAY":34,"departures_TUESDAY":34,"departures_WEDNESDAY":34,"departures_THURSDAY":34,"departures_FRIDAY":34,"departures_SATURDAY":28,"departures_SUNDAY":16}},{"type":"Feature","geometry":{"type":"Point","coordinates":[3.74239,51.13223]},"properties":{"stop_id":"212881","stop_name":"Evergem Industriezone De Nest","qualifies_min1":true,"qualifies_min10":true,"qualifies_hourly":true,"qualifies_halfhour":false,"departures_MONDAY":34,"departures_TUESDAY":34,"departures_WEDNESDAY":34,"departures_THURSDAY":34,"departures_FRIDAY":34,"departures_SATURDAY":28,"departures_SUNDAY":16}},{"type":"Feature","geometry":{"type":"Point","coordinates":[3.74434,50.98059]},"properties":{"stop_id":"212917","stop_name":"Merelbeke Smecollewegel","qualifies_min1":true,"qualifies_min10":true,"qualifies_hourly":false,"qualifies_halfhour":false,"departures_MONDAY":46,"departures_TUESDAY":46,"departures_WEDNESDAY":46,"departures_THURSDAY":46,"departures_FRIDAY":46,"departures_SATURDAY":46,"departures_SUNDAY":25}},{"type":"Feature","geometry":{"type":"Point","coordinates":[3.712925,51.036916]},"properties":{"stop_id":"212924","stop_name":"Gent Sint-Pietersstation perron 24","qualifies_min1":true,"qualifies_min10":true,"qualifies_hourly":false,"qualifies_halfhour":false,"departures_MONDAY":70,"departures_TUESDAY":70,"departures_WEDNESDAY":70,"departures_THURSDAY":70,"departures_FRIDAY":70,"departures_SATURDAY":28,"departures_SUNDAY":15}},{"type":"Feature","geometry":{"type":"Point","coordinates":[3.69601,51.04776]},"properties":{"stop_id":"212927","stop_name":"Gent Vissersdijk","qualifies_min1":true,"qualifies_min10":true,"qualifies_hourly":true,"qualifies_halfhour":true,"departures_MONDAY":120,"departures_TUESDAY":120,"departures_WEDNESDAY":120,"departures_THURSDAY":120,"departures_FRIDAY":131,"departures_SATURDAY":83,"departures_SUNDAY":65}},{"type":"Feature","geometry":{"type":"Point","coordinates":[3.80465,51.0014]},"properties":{"stop_id":"212941","stop_name":"Melle Veerweg","qualifies_min1":true,"qualifies_min10":true,"qualifies_hourly":false,"qualifies_halfhour":false,"departures_MONDAY":63,"departures_TUESDAY":63,"departures_WEDNESDAY":63,"departures_THURSDAY":63,"departures_FRIDAY":64,"departures_SATURDAY":28,"departures_SUNDAY":15}},{"type":"Feature","geometry":{"type":"Point","coordinates":[3.6577,50.99548]},"properties":{"stop_id":"212956","stop_name":"De Pinte Begonialaan","qualifies_min1":true,"qualifies_min10":true,"qualifies_hourly":false,"qualifies_halfhour":false,"departures_MONDAY":20,"departures_TUESDAY":20,"departures_WEDNESDAY":20,"departures_THURSDAY":20,"departures_FRIDAY":20,"departures_SATURDAY":17,"departures_SUNDAY":14}},{"type":"Feature","geometry":{"type":"Point","coordinates":[3.628165,51.190923]},"properties":{"stop_id":"213013","stop_name":"Lembeke Bloemstraat","qualifies_min1":true,"qualifies_min10":true,"qualifies_hourly":false,"qualifies_halfhour":false,"departures_MONDAY":32,"departures_TUESDAY":32,"departures_WEDNESDAY":32,"departures_THURSDAY":32,"departures_FRIDAY":32,"departures_SATURDAY":29,"departures_SUNDAY":13}},{"type":"Feature","geometry":{"type":"Point","coordinates":[3.63771,51.19367]},"properties":{"stop_id":"213016","stop_name":"Lembeke Sportstraat","qualifies_min1":true,"qualifies_min10":true,"qualifies_hourly":false,"qualifies_halfhour":false,"departures_MONDAY":16,"departures_TUESDAY":16,"departures_WEDNESDAY":16,"departures_THURSDAY":16,"departures_FRIDAY":16,"departures_SATURDAY":15,"departures_SUNDAY":13}},{"type":"Feature","geometry":{"type":"Point","coordinates":[3.60797,51.12851]},"properties":{"stop_id":"213018","stop_name":"Zomergem Beke","qualifies_min1":true,"qualifies_min10":true,"qualifies_hourly":true,"qualifies_halfhour":false,"departures_MONDAY":36,"departures_TUESDAY":36,"departures_WEDNESDAY":36,"departures_THURSDAY":36,"departures_FRIDAY":36,"departures_SATURDAY":29,"departures_SUNDAY":18}},{"type":"Feature","geometry":{"type":"Point","coordinates":[3.60235,51.0968]},"properties":{"stop_id":"213019","stop_name":"Lovendegem Warandestraat","qualifies_min1":true,"qualifies_min10":true,"qualifies_hourly":false,"qualifies_halfhour":false,"departures_MONDAY":32,"departures_TUESDAY":32,"departures_WEDNESDAY":32,"departures_THURSDAY":32,"departures_FRIDAY":32,"departures_SATURDAY":17,"departures_SUNDAY":16}},{"type":"Feature","geometry":{"type":"Point","coordinates":[3.60366,51.14137]},"properties":{"stop_id":"213020","stop_name":"Waarschoot Renning","qualifies_min1":true,"qualifies_min10":true,"qualifies_hourly":true,"qualifies_halfhour":false,"departures_MONDAY":36,"departures_TUESDAY":36,"departures_WEDNESDAY":36,"departures_THURSDAY":36,"departures_FRIDAY":36,"departures_SATURDAY":29,"departures_SUNDAY":18}},{"type":"Feature","geometry":{"type":"Point","coordinates":[3.73534,50.9707]},"properties":{"stop_id":"213031","stop_name":"Merelbeke Veldstraat","qualifies_min1":true,"qualifies_min10":false,"qualifies_hourly":false,"qualifies_halfhour":false,"departures_MONDAY":19,"departures_TUESDAY":19,"departures_WEDNESDAY":19,"departures_THURSDAY":19,"departures_FRIDAY":19,"departures_SATURDAY":15,"departures_SUNDAY":6}},{"type":"Feature","geometry":{"type":"Point","coordinates":[3.86106,51.17023]},"properties":{"stop_id":"213038","stop_name":"Wachtebeke Centrum","qualifies_min1":true,"qualifies_min10":true,"qualifies_hourly":true,"qualifies_halfhour":false,"departures_MONDAY":35,"departures_TUESDAY":35,"departures_WEDNESDAY":35,"departures_THURSDAY":35,"departures_FRIDAY":35,"departures_SATURDAY":31,"departures_SUNDAY":22}},{"type":"Feature","geometry":{"type":"Point","coordinates":[3.74016,51.11336]},"properties":{"stop_id":"213039","stop_name":"Evergem Gentweg","qualifies_min1":true,"qualifies_min10":true,"qualifies_hourly":false,"qualifies_halfhour":false,"departures_MONDAY":32,"departures_TUESDAY":32,"departures_WEDNESDAY":32,"departures_THURSDAY":32,"departures_FRIDAY":32,"departures_SATURDAY":26,"departures_SUNDAY":16}},{"type":"Feature","geometry":{"type":"Point","coordinates":[3.61493,51.10298]},"properties":{"stop_id":"213047","stop_name":"Lovendegem Laagland","qualifies_min1":true,"qualifies_min10":true,"qualifies_hourly":false,"qualifies_halfhour":false,"departures_MONDAY":33,"departures_TUESDAY":33,"departures_WEDNESDAY":33,"departures_THURSDAY":33,"departures_FRIDAY":33,"departures_SATURDAY":18,"departures_SUNDAY":16}},{"type":"Feature","geometry":{"type":"Point","coordinates":[3.89015,51.08068]},"properties":{"stop_id":"213054","stop_name":"Beervelde Tollekenswegel","qualifies_min1":true,"qualifies_min10":true,"qualifies_hourly":false,"qualifies_halfhour":false,"departures_MONDAY":16,"departures_TUESDAY":16,"departures_WEDNESDAY":16,"departures_THURSDAY":16,"departures_FRIDAY":16,"departures_SATURDAY":14,"departures_SUNDAY":11}},{"type":"Feature","geometry":{"type":"Point","coordinates":[3.72199,51.05036]},"properties":{"stop_id":"213061","stop_name":"Gent Koophandelsplein (Zonnestraat)","qualifies_min1":true,"qualifies_min10":true,"qualifies_hourly":true,"qualifies_halfhour":true,"departures_MONDAY":169,"departures_TUESDAY":169,"departures_WEDNESDAY":169,"departures_THURSDAY":169,"departures_FRIDAY":169,"departures_SATURDAY":180,"departures_SUNDAY":154}},{"type":"Feature","geometry":{"type":"Point","coordinates":[3.81148,51.05786]},"properties":{"stop_id":"213062","stop_name":"Destelbergen Carpool","qualifies_min1":true,"qualifies_min10":true,"qualifies_hourly":false,"qualifies_halfhour":false,"departures_MONDAY":27,"departures_TUESDAY":27,"departures_WEDNESDAY":27,"departures_THURSDAY":27,"departures_FRIDAY":27,"departures_SATURDAY":25,"departures_SUNDAY":12}},{"type":"Feature","geometry":{"type":"Point","coordinates":[3.7086,51.01635]},"properties":{"stop_id":"213064","stop_name":"Zwijnaarde Maaltemeers","qualifies_min1":true,"qualifies_min10":true,"qualifies_hourly":false,"qualifies_halfhour":false,"departures_MONDAY":98,"departures_TUESDAY":98,"departures_WEDNESDAY":98,"departures_THURSDAY":98,"departures_FRIDAY":98,"departures_SATURDAY":59,"departures_SUNDAY":38}},{"type":"Feature","geometry":{"type":"Point","coordinates":[3.71474,51.05631]},"properties":{"stop_id":"213065","stop_name":"Gent Sint-Elisabethplein","qualifies_min1":true,"qualifies_min10":true,"qualifies_hourly":true,"qualifies_halfhour":true,"departures_MONDAY":97,"departures_TUESDAY":97,"departures_WEDNESDAY":97,"departures_THURSDAY":97,"departures_FRIDAY":97,"departures_SATURDAY":91,"departures_SUNDAY":77}},{"type":"Feature","geometry":{"type":"Point","coordinates":[3.7139,51.05853]},"properties":{"stop_id":"213066","stop_name":"Gent de Mirabellostraat","qualifies_min1":true,"qualifies_min10":true,"qualifies_hourly":true,"qualifies_halfhour":true,"departures_MONDAY":97,"departures_TUESDAY":97,"departures_WEDNESDAY":97,"departures_THURSDAY":97,"departures_FRIDAY":97,"departures_SATURDAY":91,"departures_SUNDAY":77}},{"type":"Feature","geometry":{"type":"Point","coordinates":[3.7162,51.09149]},"properties":{"stop_id":"213072","stop_name":"Wondelgem Vledermuisstraat","qualifies_min1":true,"qualifies_min10":true,"qualifies_hourly":true,"qualifies_halfhour":true,"departures_MONDAY":100,"departures_TUESDAY":100,"departures_WEDNESDAY":100,"departures_THURSDAY":100,"departures_FRIDAY":107,"departures_SATURDAY":117,"departures_SUNDAY":118}},{"type":"Feature","geometry":{"type":"Point","coordinates":[3.86854,51.13478]},"properties":{"stop_id":"213073","stop_name":"Zaffelare Kluizestraat","qualifies_min1":true,"qualifies_min10":true,"qualifies_hourly":false,"qualifies_halfhour":false,"departures_MONDAY":19,"departures_TUESDAY":19,"departures_WEDNESDAY":19,"departures_THURSDAY":19,"departures_FRIDAY":19,"departures_SATURDAY":17,"departures_SUNDAY":16}},{"type":"Feature","geometry":{"type":"Point","coordinates":[3.84564,51.09933]},"properties":{"stop_id":"213074","stop_name":"Lochristi Pauwstraat","qualifies_min1":true,"qualifies_min10":true,"qualifies_hourly":true,"qualifies_halfhour":false,"departures_MONDAY":33,"departures_TUESDAY":33,"departures_WEDNESDAY":33,"departures_THURSDAY":33,"departures_FRIDAY":33,"departures_SATURDAY":32,"departures_SUNDAY":31}},{"type":"Feature","geometry":{"type":"Point","coordinates":[3.63663,51.06053]},"properties":{"stop_id":"213079","stop_name":"Drongen Luchterenhof","qualifies_min1":true,"qualifies_min10":true,"qualifies_hourly":true,"qualifies_halfhour":false,"departures_MONDAY":31,"departures_TUESDAY":31,"departures_WEDNESDAY":31,"departures_THURSDAY":31,"departures_FRIDAY":32,"departures_SATURDAY":28,"departures_SUNDAY":27}},{"type":"Feature","geometry":{"type":"Point","coordinates":[3.65823,51.0084]},"properties":{"stop_id":"213081","stop_name":"De Pinte Keistraat","qualifies_min1":true,"qualifies_min10":true,"qualifies_hourly":false,"qualifies_halfhour":false,"departures_MONDAY":20,"departures_TUESDAY":20,"departures_WEDNESDAY":20,"departures_THURSDAY":20,"departures_FRIDAY":20,"departures_SATURDAY":17,"departures_SUNDAY":16}},{"type":"Feature","geometry":{"type":"Point","coordinates":[3.733222,51.148258]},"properties":{"stop_id":"213085","stop_name":"Evergem Wippelgem Eindeken","qualifies_min1":true,"qualifies_min10":true,"qualifies_hourly":false,"qualifies_halfhour":false,"departures_MONDAY":32,"departures_TUESDAY":32,"departures_WEDNESDAY":32,"departures_THURSDAY":32,"departures_FRIDAY":32,"departures_SATURDAY":26,"departures_SUNDAY":16}},{"type":"Feature","geometry":{"type":"Point","coordinates":[3.74588,51.0594]},"properties":{"stop_id":"213090","stop_name":"Sint-Amandsberg Halvemaanstraat","qualifies_min1":true,"qualifies_min10":true,"qualifies_hourly":true,"qualifies_halfhour":true,"departures_MONDAY":185,"departures_TUESDAY":185,"departures_WEDNESDAY":185,"departures_THURSDAY":185,"departures_FRIDAY":189,"departures_SATURDAY":179,"departures_SUNDAY":167}},{"type":"Feature","geometry":{"type":"Point","coordinates":[3.7387,51.0373]},"properties":{"stop_id":"213095","stop_name":"Ledeberg P+R Ledeberg","qualifies_min1":true,"qualifies_min10":true,"qualifies_hourly":true,"qualifies_halfhour":true,"departures_MONDAY":169,"departures_TUESDAY":169,"departures_WEDNESDAY":169,"departures_THURSDAY":169,"departures_FRIDAY":169,"departures_SATURDAY":180,"departures_SUNDAY":155}},{"type":"Feature","geometry":{"type":"Point","coordinates":[3.72917,51.06698]},"properties":{"stop_id":"213105","stop_name":"Gent Neuseplein","qualifies_min1":true,"qualifies_min10":true,"qualifies_hourly":true,"qualifies_halfhour":true,"departures_MONDAY":83,"departures_TUESDAY":83,"departures_WEDNESDAY":83,"departures_THURSDAY":83,"departures_FRIDAY":83,"departures_SATURDAY":74,"departures_SUNDAY":66}},{"type":"Feature","geometry":{"type":"Point","coordinates":[3.72163,51.06594]},"properties":{"stop_id":"213109","stop_name":"Gent Voortmanstraat","qualifies_min1":true,"qualifies_min10":true,"qualifies_hourly":true,"qualifies_halfhour":true,"departures_MONDAY":84,"departures_TUESDAY":84,"departures_WEDNESDAY":84,"departures_THURSDAY":84,"departures_FRIDAY":84,"departures_SATURDAY":75,"departures_SUNDAY":66}},{"type":"Feature","geometry":{"type":"Point","coordinates":[3.71413,51.09605]},"properties":{"stop_id":"213113","stop_name":"Wondelgem Kwikstaartlaan","qualifies_min1":true,"qualifies_min10":true,"qualifies_hourly":true,"qualifies_halfhour":true,"departures_MONDAY":100,"departures_TUESDAY":100,"departures_WEDNESDAY":100,"departures_THURSDAY":100,"departures_FRIDAY":107,"departures_SATURDAY":117,"departures_SUNDAY":118}},{"type":"Feature","geometry":{"type":"Point","coordinates":[3.71131,51.09618]},"properties":{"stop_id":"213114","stop_name":"Wondelgem Karekietlaan","qualifies_min1":true,"qualifies_min10":true,"qualifies_hourly":true,"qualifies_halfhour":true,"departures_MONDAY":100,"departures_TUESDAY":100,"departures_WEDNESDAY":100,"departures_THURSDAY":100,"departures_FRIDAY":107,"departures_SATURDAY":117,"departures_SUNDAY":118}},{"type":"Feature","geometry":{"type":"Point","coordinates":[3.7049,51.08593]},"properties":{"stop_id":"213115","stop_name":"Wondelgem Neptunus (Willy Maststraat)","qualifies_min1":true,"qualifies_min10":true,"qualifies_hourly":true,"qualifies_halfhour":false,"departures_MONDAY":38,"departures_TUESDAY":38,"departures_WEDNESDAY":38,"departures_THURSDAY":38,"departures_FRIDAY":38,"departures_SATURDAY":31,"departures_SUNDAY":30}},{"type":"Feature","geometry":{"type":"Point","coordinates":[3.71026,51.083]},"properties":{"stop_id":"213116","stop_name":"Wondelgem Biesbilkstraat","qualifies_min1":true,"qualifies_min10":true,"qualifies_hourly":true,"qualifies_halfhour":false,"departures_MONDAY":38,"departures_TUESDAY":38,"departures_WEDNESDAY":38,"departures_THURSDAY":38,"departures_FRIDAY":38,"departures_SATURDAY":31,"departures_SUNDAY":30}},{"type":"Feature","geometry":{"type":"Point","coordinates":[3.89158,51.1714]},"properties":{"stop_id":"213123","stop_name":"Wachtebeke Knokkestraat","qualifies_min1":true,"qualifies_min10":false,"qualifies_hourly":false,"qualifies_halfhour":false,"departures_MONDAY":16,"departures_TUESDAY":16,"departures_WEDNESDAY":16,"departures_THURSDAY":16,"departures_FRIDAY":16,"departures_SATURDAY":15,"departures_SUNDAY":6}},{"type":"Feature","geometry":{"type":"Point","coordinates":[3.75029,50.98775]},"properties":{"stop_id":"213130","stop_name":"Merelbeke Brandweerstraat","qualifies_min1":true,"qualifies_min10":true,"qualifies_hourly":false,"qualifies_halfhour":false,"departures_MONDAY":15,"departures_TUESDAY":15,"departures_WEDNESDAY":15,"departures_THURSDAY":15,"departures_FRIDAY":15,"departures_SATURDAY":13,"departures_SUNDAY":11}},{"type":"Feature","geometry":{"type":"Point","coordinates":[3.758344,51.043349]},"properties":{"stop_id":"213131","stop_name":"Gentbrugge Jef Vandermeulenstraat","qualifies_min1":true,"qualifies_min10":true,"qualifies_hourly":true,"qualifies_halfhour":true,"departures_MONDAY":74,"departures_TUESDAY":74,"departures_WEDNESDAY":74,"departures_THURSDAY":74,"departures_FRIDAY":86,"departures_SATURDAY":83,"departures_SUNDAY":66}},{"type":"Feature","geometry":{"type":"Point","coordinates":[3.71001,51.05336]},"properties":{"stop_id":"213133","stop_name":"Gent Theresianenstraat","qualifies_min1":true,"qualifies_min10":true,"qualifies_hourly":true,"qualifies_halfhour":true,"departures_MONDAY":84,"departures_TUESDAY":84,"departures_WEDNESDAY":84,"departures_THURSDAY":84,"departures_FRIDAY":84,"departures_SATURDAY":75,"departures_SUNDAY":66}},{"type":"Feature","geometry":{"type":"Point","coordinates":[3.75257,51.05038]},"properties":{"stop_id":"213134","stop_name":"Sint-Amandsberg Aannemersstraat","qualifies_min1":true,"qualifies_min10":true,"qualifies_hourly":true,"qualifies_halfhour":true,"departures_MONDAY":99,"departures_TUESDAY":99,"departures_WEDNESDAY":99,"departures_THURSDAY":99,"departures_FRIDAY":111,"departures_SATURDAY":104,"departures_SUNDAY":75}},{"type":"Feature","geometry":{"type":"Point","coordinates":[3.73547,51.05624]},"properties":{"stop_id":"213139","stop_name":"Gent Jan van Gentstraat (Hagelandkaai)","qualifies_min1":true,"qualifies_min10":true,"qualifies_hourly":true,"qualifies_halfhour":true,"departures_MONDAY":191,"departures_TUESDAY":191,"departures_WEDNESDAY":191,"departures_THURSDAY":191,"departures_FRIDAY":313,"departures_SATURDAY":301,"departures_SUNDAY":278}},{"type":"Feature","geometry":{"type":"Point","coordinates":[3.82576,51.09437]},"properties":{"stop_id":"213148","stop_name":"Lochristi Kasseitje","qualifies_min1":true,"qualifies_min10":true,"qualifies_hourly":true,"qualifies_halfhour":false,"departures_MONDAY":69,"departures_TUESDAY":69,"departures_WEDNESDAY":69,"departures_THURSDAY":69,"departures_FRIDAY":69,"departures_SATURDAY":63,"departures_SUNDAY":58}},{"type":"Feature","geometry":{"type":"Point","coordinates":[3.69972,51.06194]},"properties":{"stop_id":"213149","stop_name":"Gent Notelaarstraat","qualifies_min1":true,"qualifies_min10":true,"qualifies_hourly":true,"qualifies_halfhour":true,"departures_MONDAY":97,"departures_TUESDAY":97,"departures_WEDNESDAY":97,"departures_THURSDAY":97,"departures_FRIDAY":117,"departures_SATURDAY":115,"departures_SUNDAY":110}},{"type":"Feature","geometry":{"type":"Point","coordinates":[3.69656,51.06326]},"properties":{"stop_id":"213150","stop_name":"Gent Rooigem (Bevrijdingslaan)","qualifies_min1":true,"qualifies_min10":true,"qualifies_hourly":true,"qualifies_halfhour":true,"departures_MONDAY":98,"departures_TUESDAY":98,"departures_WEDNESDAY":98,"departures_THURSDAY":98,"departures_FRIDAY":117,"departures_SATURDAY":115,"departures_SUNDAY":110}},{"type":"Feature","geometry":{"type":"Point","coordinates":[3.83882,51.09766]},"properties":{"stop_id":"213151","stop_name":"Lochristi Bosdreef","qualifies_min1":true,"qualifies_min10":true,"qualifies_hourly":true,"qualifies_halfhour":false,"departures_MONDAY":53,"departures_TUESDAY":53,"departures_WEDNESDAY":53,"departures_THURSDAY":53,"departures_FRIDAY":53,"departures_SATURDAY":49,"departures_SUNDAY":47}},{"type":"Feature","geometry":{"type":"Point","coordinates":[3.84414,51.09978]},"properties":{"stop_id":"213152","stop_name":"Lochristi Dorp-Oost","qualifies_min1":true,"qualifies_min10":true,"qualifies_hourly":false,"qualifies_halfhour":false,"departures_MONDAY":20,"departures_TUESDAY":20,"departures_WEDNESDAY":20,"departures_THURSDAY":20,"departures_FRIDAY":20,"departures_SATURDAY":17,"departures_SUNDAY":16}},{"type":"Feature","geometry":{"type":"Point","coordinates":[3.70693,51.0315]},"properties":{"stop_id":"213159","stop_name":"Gent Tuinwijklaan","qualifies_min1":true,"qualifies_min10":true,"qualifies_hourly":true,"qualifies_halfhour":true,"departures_MONDAY":246,"departures_TUESDAY":246,"departures_WEDNESDAY":246,"departures_THURSDAY":246,"departures_FRIDAY":246,"departures_SATURDAY":213,"departures_SUNDAY":175}},{"type":"Feature","geometry":{"type":"Point","coordinates":[3.70809,51.0281]},"properties":{"stop_id":"213160","stop_name":"Gent Flamingostraat","qualifies_min1":true,"qualifies_min10":true,"qualifies_hourly":true,"qualifies_halfhour":true,"departures_MONDAY":246,"departures_TUESDAY":246,"departures_WEDNESDAY":246,"departures_THURSDAY":246,"departures_FRIDAY":246,"departures_SATURDAY":213,"departures_SUNDAY":175}},{"type":"Feature","geometry":{"type":"Point","coordinates":[3.695755,51.071309]},"properties":{"stop_id":"213169","stop_name":"Mariakerke Machinistenpark","qualifies_min1":true,"qualifies_min10":true,"qualifies_hourly":false,"qualifies_halfhour":false,"departures_MONDAY":38,"departures_TUESDAY":38,"departures_WEDNESDAY":38,"departures_THURSDAY":38,"departures_FRIDAY":38,"departures_SATURDAY":31,"departures_SUNDAY":30}},{"type":"Feature","geometry":{"type":"Point","coordinates":[3.84209,51.09165]},"properties":{"stop_id":"213170","stop_name":"Lochristi Sportcomplex Bosdreef","qualifies_min1":true,"qualifies_min10":true,"qualifies_hourly":false,"qualifies_halfhour":false,"departures_MONDAY":16,"departures_TUESDAY":16,"departures_WEDNESDAY":16,"departures_THURSDAY":16,"departures_FRIDAY":16,"departures_SATURDAY":14,"departures_SUNDAY":11}},{"type":"Feature","geometry":{"type":"Point","coordinates":[3.8541,51.08702]},"properties":{"stop_id":"213172","stop_name":"Lochristi Ommegangstraat","qualifies_min1":true,"qualifies_min10":true,"qualifies_hourly":false,"qualifies_halfhour":false,"departures_MONDAY":16,"departures_TUESDAY":16,"departures_WEDNESDAY":16,"departures_THURSDAY":16,"departures_FRIDAY":16,"departures_SATURDAY":14,"departures_SUNDAY":11}},{"type":"Feature","geometry":{"type":"Point","coordinates":[3.70474,51.05857]},"properties":{"stop_id":"213173","stop_name":"Gent Seghersplein (Weversstraat)","qualifies_min1":true,"qualifies_min10":true,"qualifies_hourly":true,"qualifies_halfhour":false,"departures_MONDAY":62,"departures_TUESDAY":62,"departures_WEDNESDAY":62,"departures_THURSDAY":62,"departures_FRIDAY":63,"departures_SATURDAY":56,"departures_SUNDAY":54}},{"type":"Feature","geometry":{"type":"Point","coordinates":[3.68897,51.05549]},"properties":{"stop_id":"213174","stop_name":"Gent Crappéstraat","qualifies_min1":true,"qualifies_min10":true,"qualifies_hourly":true,"qualifies_halfhour":false,"departures_MONDAY":61,"departures_TUESDAY":61,"departures_WEDNESDAY":61,"departures_THURSDAY":61,"departures_FRIDAY":62,"departures_SATURDAY":56,"departures_SUNDAY":55}},{"type":"Feature","geometry":{"type":"Point","coordinates":[3.72488,51.03907]},"properties":{"stop_id":"213202","stop_name":"Gent Heuvelpoort (Charles de Kerchovelaan)","qualifies_min1":true,"qualifies_min10":true,"qualifies_hourly":true,"qualifies_halfhour":true,"departures_MONDAY":89,"departures_TUESDAY":89,"departures_WEDNESDAY":89,"departures_THURSDAY":89,"departures_FRIDAY":95,"departures_SATURDAY":91,"departures_SUNDAY":60}},{"type":"Feature","geometry":{"type":"Point","coordinates":[3.71176,51.0986]},"properties":{"stop_id":"213203","stop_name":"Wondelgem Industrieweg","qualifies_min1":true,"qualifies_min10":true,"qualifies_hourly":true,"qualifies_halfhour":true,"departures_MONDAY":100,"departures_TUESDAY":100,"departures_WEDNESDAY":100,"departures_THURSDAY":100,"departures_FRIDAY":107,"departures_SATURDAY":117,"departures_SUNDAY":118}},{"type":"Feature","geometry":{"type":"Point","coordinates":[3.73828,51.00029]},"properties":{"stop_id":"213216","stop_name":"Merelbeke Melsenbeekstraat","qualifies_min1":true,"qualifies_min10":true,"qualifies_hourly":false,"qualifies_halfhour":false,"departures_MONDAY":31,"departures_TUESDAY":31,"departures_WEDNESDAY":31,"departures_THURSDAY":31,"departures_FRIDAY":31,"departures_SATURDAY":30,"departures_SUNDAY":14}},{"type":"Feature","geometry":{"type":"Point","coordinates":[3.73974,51.05421]},"properties":{"stop_id":"213223","stop_name":"Gent Dampoort (Gandastraat)","qualifies_min1":true,"qualifies_min10":true,"qualifies_hourly":true,"qualifies_halfhour":true,"departures_MONDAY":626,"departures_TUESDAY":626,"departures_WEDNESDAY":626,"departures_THURSDAY":626,"departures_FRIDAY":245,"departures_SATURDAY":229,"departures_SUNDAY":191}},{"type":"Feature","geometry":{"type":"Point","coordinates":[3.72937,51.079608]},"properties":{"stop_id":"213246","stop_name":"Gent Rotterdamstraat","qualifies_min1":true,"qualifies_min10":true,"qualifies_hourly":true,"qualifies_halfhour":false,"departures_MONDAY":47,"departures_TUESDAY":47,"departures_WEDNESDAY":47,"departures_THURSDAY":47,"departures_FRIDAY":52,"departures_SATURDAY":57,"departures_SUNDAY":49}},{"type":"Feature","geometry":{"type":"Point","coordinates":[3.769574,51.08525]},"properties":{"stop_id":"213253","stop_name":"Oostakker Edugo (Krijtekerkweg)","qualifies_min1":true,"qualifies_min10":true,"qualifies_hourly":false,"qualifies_halfhour":false,"departures_MONDAY":30,"departures_TUESDAY":30,"departures_WEDNESDAY":30,"departures_THURSDAY":30,"departures_FRIDAY":31,"departures_SATURDAY":28,"departures_SUNDAY":28}},{"type":"Feature","geometry":{"type":"Point","coordinates":[3.68837,51.04914]},"properties":{"stop_id":"213277","stop_name":"Gent P+R Watersportbaan","qualifies_min1":true,"qualifies_min10":true,"qualifies_hourly":true,"qualifies_halfhour":true,"departures_MONDAY":121,"departures_TUESDAY":121,"departures_WEDNESDAY":121,"departures_THURSDAY":121,"departures_FRIDAY":133,"departures_SATURDAY":84,"departures_SUNDAY":66}},{"type":"Feature","geometry":{"type":"Point","coordinates":[3.6817,51.01976]},"properties":{"stop_id":"213316","stop_name":"Sint-Denijs-Westrem Rubenslaan","qualifies_min1":true,"qualifies_min10":true,"qualifies_hourly":true,"qualifies_halfhour":false,"departures_MONDAY":64,"departures_TUESDAY":64,"departures_WEDNESDAY":64,"departures_THURSDAY":64,"departures_FRIDAY":64,"departures_SATURDAY":63,"departures_SUNDAY":59}},{"type":"Feature","geometry":{"type":"Point","coordinates":[3.669,51.01971]},"properties":{"stop_id":"213319","stop_name":"Sint-Denijs-Westrem Dorp","qualifies_min1":true,"qualifies_min10":true,"qualifies_hourly":false,"qualifies_halfhour":false,"departures_MONDAY":14,"departures_TUESDAY":14,"departures_WEDNESDAY":14,"departures_THURSDAY":14,"departures_FRIDAY":14,"departures_SATURDAY":19,"departures_SUNDAY":27}},{"type":"Feature","geometry":{"type":"Point","coordinates":[3.71926,51.00329]},"properties":{"stop_id":"213333","stop_name":"Zwijnaarde Schayckstraat","qualifies_min1":true,"qualifies_min10":true,"qualifies_hourly":false,"qualifies_halfhour":false,"departures_MONDAY":31,"departures_TUESDAY":31,"departures_WEDNESDAY":31,"departures_THURSDAY":31,"departures_FRIDAY":31,"departures_SATURDAY":30,"departures_SUNDAY":14}},{"type":"Feature","geometry":{"type":"Point","coordinates":[3.72665,51.06457]},"properties":{"stop_id":"213361","stop_name":"Gent Sanderusstraat","qualifies_min1":true,"qualifies_min10":true,"qualifies_hourly":true,"qualifies_halfhour":true,"departures_MONDAY":299,"departures_TUESDAY":299,"departures_WEDNESDAY":299,"departures_THURSDAY":299,"departures_FRIDAY":311,"departures_SATURDAY":312,"departures_SUNDAY":278}},{"type":"Feature","geometry":{"type":"Point","coordinates":[3.72342,51.0319]},"properties":{"stop_id":"213375","stop_name":"Gent Zwijnaardsesteenweg (spoorwegbrug)","qualifies_min1":true,"qualifies_min10":true,"qualifies_hourly":true,"qualifies_halfhour":true,"departures_MONDAY":134,"departures_TUESDAY":134,"departures_WEDNESDAY":134,"departures_THURSDAY":134,"departures_FRIDAY":140,"departures_SATURDAY":91,"departures_SUNDAY":60}},{"type":"Feature","geometry":{"type":"Point","coordinates":[3.69428,51.0738]},"properties":{"stop_id":"213406","stop_name":"Mariakerke Molenwalstraat","qualifies_min1":true,"qualifies_min10":true,"qualifies_hourly":true,"qualifies_halfhour":false,"departures_MONDAY":38,"departures_TUESDAY":38,"departures_WEDNESDAY":38,"departures_THURSDAY":38,"departures_FRIDAY":38,"departures_SATURDAY":31,"departures_SUNDAY":30}},{"type":"Feature","geometry":{"type":"Point","coordinates":[3.73174,51.10947]},"properties":{"stop_id":"213408","stop_name":"Gent Wondelgemkaai","qualifies_min1":true,"qualifies_min10":true,"qualifies_hourly":false,"qualifies_halfhour":false,"departures_MONDAY":32,"departures_TUESDAY":32,"departures_WEDNESDAY":32,"departures_THURSDAY":32,"departures_FRIDAY":32,"departures_SATURDAY":26,"departures_SUNDAY":16}},{"type":"Feature","geometry":{"type":"Point","coordinates":[3.70526,51.08631]},"properties":{"stop_id":"213417","stop_name":"Wondelgem Neptunus (Botestraat)","qualifies_min1":true,"qualifies_min10":true,"qualifies_hourly":true,"qualifies_halfhour":false,"departures_MONDAY":38,"departures_TUESDAY":38,"departures_WEDNESDAY":38,"departures_THURSDAY":38,"departures_FRIDAY":38,"departures_SATURDAY":31,"departures_SUNDAY":30}},{"type":"Feature","geometry":{"type":"Point","coordinates":[3.730343,51.0763]},"properties":{"stop_id":"213426","stop_name":"Gent Liverpoolstraat","qualifies_min1":true,"qualifies_min10":true,"qualifies_hourly":true,"qualifies_halfhour":false,"departures_MONDAY":47,"departures_TUESDAY":47,"departures_WEDNESDAY":47,"departures_THURSDAY":47,"departures_FRIDAY":53,"departures_SATURDAY":58,"departures_SUNDAY":49}},{"type":"Feature","geometry":{"type":"Point","coordinates":[3.73755,51.07169]},"properties":{"stop_id":"213432","stop_name":"Gent P+R Lübeck","qualifies_min1":true,"qualifies_min10":true,"qualifies_hourly":true,"qualifies_halfhour":false,"departures_MONDAY":48,"departures_TUESDAY":48,"departures_WEDNESDAY":48,"departures_THURSDAY":48,"departures_FRIDAY":48,"departures_SATURDAY":48,"departures_SUNDAY":48}},{"type":"Feature","geometry":{"type":"Point","coordinates":[3.79064,51.05637]},"properties":{"stop_id":"213456","stop_name":"Destelbergen Eenbeekstraat","qualifies_min1":true,"qualifies_min10":true,"qualifies_hourly":true,"qualifies_halfhour":false,"departures_MONDAY":63,"departures_TUESDAY":63,"departures_WEDNESDAY":63,"departures_THURSDAY":63,"departures_FRIDAY":63,"departures_SATURDAY":57,"departures_SUNDAY":29}},{"type":"Feature","geometry":{"type":"Point","coordinates":[3.79733,51.03725]},"properties":{"stop_id":"213461","stop_name":"Heusden Brugwegel","qualifies_min1":true,"qualifies_min10":true,"qualifies_hourly":true,"qualifies_halfhour":false,"departures_MONDAY":33,"departures_TUESDAY":33,"departures_WEDNESDAY":33,"departures_THURSDAY":33,"departures_FRIDAY":33,"departures_SATURDAY":29,"departures_SUNDAY":17}},{"type":"Feature","geometry":{"type":"Point","coordinates":[3.88104,51.00894]},"properties":{"stop_id":"213478","stop_name":"Wetteren Tragelweg","qualifies_min1":true,"qualifies_min10":true,"qualifies_hourly":true,"qualifies_halfhour":false,"departures_MONDAY":48,"departures_TUESDAY":48,"departures_WEDNESDAY":48,"departures_THURSDAY":48,"departures_FRIDAY":48,"departures_SATURDAY":44,"departures_SUNDAY":17}},{"type":"Feature","geometry":{"type":"Point","coordinates":[3.739,51.03664]},"properties":{"stop_id":"213482","stop_name":"Ledeberg P+R Ledeberg (Hundelgemsesteenweg)","qualifies_min1":true,"qualifies_min10":true,"qualifies_hourly":true,"qualifies_halfhour":false,"departures_MONDAY":208,"departures_TUESDAY":208,"departures_WEDNESDAY":208,"departures_THURSDAY":208,"departures_FRIDAY":208,"departures_SATURDAY":149,"departures_SUNDAY":119}},{"type":"Feature","geometry":{"type":"Point","coordinates":[3.72428,51.08795]},"properties":{"stop_id":"213504","stop_name":"Gent Driemasterstraat","qualifies_min1":true,"qualifies_min10":true,"qualifies_hourly":true,"qualifies_halfhour":true,"departures_MONDAY":153,"departures_TUESDAY":153,"departures_WEDNESDAY":153,"departures_THURSDAY":153,"departures_FRIDAY":158,"departures_SATURDAY":151,"departures_SUNDAY":111}},{"type":"Feature","geometry":{"type":"Point","coordinates":[3.719572,51.089588]},"properties":{"stop_id":"213509","stop_name":"Wondelgem Station","qualifies_min1":true,"qualifies_min10":true,"qualifies_hourly":true,"qualifies_halfhour":false,"departures_MONDAY":84,"departures_TUESDAY":84,"departures_WEDNESDAY":84,"departures_THURSDAY":84,"departures_FRIDAY":89,"departures_SATURDAY":89,"departures_SUNDAY":80}},{"type":"Feature","geometry":{"type":"Point","coordinates":[3.73133,51.07302]},"properties":{"stop_id":"213510","stop_name":"Gent Pauwstraat","qualifies_min1":true,"qualifies_min10":true,"qualifies_hourly":true,"qualifies_halfhour":false,"departures_MONDAY":47,"departures_TUESDAY":47,"departures_WEDNESDAY":47,"departures_THURSDAY":47,"departures_FRIDAY":53,"departures_SATURDAY":58,"departures_SUNDAY":49}},{"type":"Feature","geometry":{"type":"Point","coordinates":[3.76467,51.09965]},"properties":{"stop_id":"213513","stop_name":"Oostakker Dorp","qualifies_min1":true,"qualifies_min10":true,"qualifies_hourly":true,"qualifies_halfhour":false,"departures_MONDAY":94,"departures_TUESDAY":94,"departures_WEDNESDAY":94,"departures_THURSDAY":94,"departures_FRIDAY":95,"departures_SATURDAY":88,"departures_SUNDAY":84}},{"type":"Feature","geometry":{"type":"Point","coordinates":[3.68844,51.08139]},"properties":{"stop_id":"213521","stop_name":"Mariakerke Kollekasteel (Eeklostraat)","qualifies_min1":true,"qualifies_min10":true,"qualifies_hourly":true,"qualifies_halfhour":false,"departures_MONDAY":38,"departures_TUESDAY":38,"departures_WEDNESDAY":38,"departures_THURSDAY":38,"departures_FRIDAY":38,"departures_SATURDAY":31,"departures_SUNDAY":30}},{"type":"Feature","geometry":{"type":"Point","coordinates":[3.78699,51.07637]},"properties":{"stop_id":"213526","stop_name":"Sint-Amandsberg Lippensstraat","qualifies_min1":true,"qualifies_min10":true,"qualifies_hourly":true,"qualifies_halfhour":false,"departures_MONDAY":31,"departures_TUESDAY":31,"departures_WEDNESDAY":31,"departures_THURSDAY":31,"departures_FRIDAY":31,"departures_SATURDAY":28,"departures_SUNDAY":27}},{"type":"Feature","geometry":{"type":"Point","coordinates":[3.797564,51.074832]},"properties":{"stop_id":"213527","stop_name":"Sint-Amandsberg Vanillestraat","qualifies_min1":true,"qualifies_min10":true,"qualifies_hourly":true,"qualifies_halfhour":false,"departures_MONDAY":31,"departures_TUESDAY":31,"departures_WEDNESDAY":31,"departures_THURSDAY":31,"departures_FRIDAY":31,"departures_SATURDAY":28,"departures_SUNDAY":27}},{"type":"Feature","geometry":{"type":"Point","coordinates":[3.7754,51.07308]},"properties":{"stop_id":"213529","stop_name":"Sint-Amandsberg P+R Oostakker (Oudebareelstraat)","qualifies_min1":true,"qualifies_min10":true,"qualifies_hourly":true,"qualifies_halfhour":false,"departures_MONDAY":31,"departures_TUESDAY":31,"departures_WEDNESDAY":31,"departures_THURSDAY":31,"departures_FRIDAY":32,"departures_SATURDAY":28,"departures_SUNDAY":28}},{"type":"Feature","geometry":{"type":"Point","coordinates":[3.78851,51.17536]},"properties":{"stop_id":"213535","stop_name":"Ertvelde Puinenstraat","qualifies_min1":true,"qualifies_min10":true,"qualifies_hourly":false,"qualifies_halfhour":false,"departures_MONDAY":32,"departures_TUESDAY":32,"departures_WEDNESDAY":32,"departures_THURSDAY":32,"departures_FRIDAY":32,"departures_SATURDAY":26,"departures_SUNDAY":16}},{"type":"Feature","geometry":{"type":"Point","coordinates":[3.76941,51.07381]},"properties":{"stop_id":"213538","stop_name":"Oostakker Zangvogellaan","qualifies_min1":true,"qualifies_min10":true,"qualifies_hourly":true,"qualifies_halfhour":false,"departures_MONDAY":31,"departures_TUESDAY":31,"departures_WEDNESDAY":31,"departures_THURSDAY":31,"departures_FRIDAY":32,"departures_SATURDAY":28,"departures_SUNDAY":28}},{"type":"Feature","geometry":{"type":"Point","coordinates":[3.71909,51.09732]},"properties":{"stop_id":"213540","stop_name":"Wondelgem Spesbroekstraat","qualifies_min1":true,"qualifies_min10":true,"qualifies_hourly":true,"qualifies_halfhour":true,"departures_MONDAY":70,"departures_TUESDAY":70,"departures_WEDNESDAY":70,"departures_THURSDAY":70,"departures_FRIDAY":70,"departures_SATURDAY":62,"departures_SUNDAY":47}},{"type":"Feature","geometry":{"type":"Point","coordinates":[3.69451,51.05658]},"properties":{"stop_id":"213543","stop_name":"Gent Malem (Rooigemlaan)","qualifies_min1":true,"qualifies_min10":true,"qualifies_hourly":true,"qualifies_halfhour":false,"departures_MONDAY":75,"departures_TUESDAY":75,"departures_WEDNESDAY":75,"departures_THURSDAY":75,"departures_FRIDAY":75,"departures_SATURDAY":61,"departures_SUNDAY":60}},{"type":"Feature","geometry":{"type":"Point","coordinates":[3.75222,51.07275]},"properties":{"stop_id":"213546","stop_name":"Gent La Sapinière","qualifies_min1":true,"qualifies_min10":true,"qualifies_hourly":true,"qualifies_halfhour":false,"departures_MONDAY":65,"departures_TUESDAY":65,"departures_WEDNESDAY":65,"departures_THURSDAY":65,"departures_FRIDAY":65,"departures_SATURDAY":61,"departures_SUNDAY":56}},{"type":"Feature","geometry":{"type":"Point","coordinates":[3.69861,51.06742]},"properties":{"stop_id":"213551","stop_name":"Gent Westerbegraafplaats","qualifies_min1":true,"qualifies_min10":true,"qualifies_hourly":true,"qualifies_halfhour":false,"departures_MONDAY":71,"departures_TUESDAY":71,"departures_WEDNESDAY":71,"departures_THURSDAY":71,"departures_FRIDAY":71,"departures_SATURDAY":49,"departures_SUNDAY":46}},{"type":"Feature","geometry":{"type":"Point","coordinates":[3.76115,51.09337]},"properties":{"stop_id":"213552","stop_name":"Oostakker Puigem","qualifies_min1":true,"qualifies_min10":true,"qualifies_hourly":true,"qualifies_halfhour":false,"departures_MONDAY":64,"departures_TUESDAY":64,"departures_WEDNESDAY":64,"departures_THURSDAY":64,"departures_FRIDAY":64,"departures_SATURDAY":60,"departures_SUNDAY":56}},{"type":"Feature","geometry":{"type":"Point","coordinates":[3.76794,51.09465]},"properties":{"stop_id":"213560","stop_name":"Oostakker Meerhoutstraat (Wolfputstraat)","qualifies_min1":true,"qualifies_min10":true,"qualifies_hourly":true,"qualifies_halfhour":false,"departures_MONDAY":64,"departures_TUESDAY":64,"departures_WEDNESDAY":64,"departures_THURSDAY":64,"departures_FRIDAY":64,"departures_SATURDAY":60,"departures_SUNDAY":56}},{"type":"Feature","geometry":{"type":"Point","coordinates":[3.85754,51.17156]},"properties":{"stop_id":"213580","stop_name":"Wachtebeke Kortelaan","qualifies_min1":true,"qualifies_min10":true,"qualifies_hourly":false,"qualifies_halfhour":false,"departures_MONDAY":35,"departures_TUESDAY":35,"departures_WEDNESDAY":35,"departures_THURSDAY":35,"departures_FRIDAY":35,"departures_SATURDAY":31,"departures_SUNDAY":21}},{"type":"Feature","geometry":{"type":"Point","coordinates":[3.85001,51.17356]},"properties":{"stop_id":"213582","stop_name":"Wachtebeke Petunialaan","qualifies_min1":true,"qualifies_min10":true,"qualifies_hourly":false,"qualifies_halfhour":false,"departures_MONDAY":35,"departures_TUESDAY":35,"departures_WEDNESDAY":35,"departures_THURSDAY":35,"departures_FRIDAY":35,"departures_SATURDAY":31,"departures_SUNDAY":21}},{"type":"Feature","geometry":{"type":"Point","coordinates":[3.70634,51.04637]},"properties":{"stop_id":"213602","stop_name":"Gent Jubileumlaan (Verenigde-Natieslaan)","qualifies_min1":true,"qualifies_min10":true,"qualifies_hourly":true,"qualifies_halfhour":true,"departures_MONDAY":181,"departures_TUESDAY":181,"departures_WEDNESDAY":181,"departures_THURSDAY":181,"departures_FRIDAY":192,"departures_SATURDAY":161,"departures_SUNDAY":141}},{"type":"Feature","geometry":{"type":"Point","coordinates":[3.74238,50.96375]},"properties":{"stop_id":"213617","stop_name":"Bottelare Steenbergwegel","qualifies_min1":true,"qualifies_min10":false,"qualifies_hourly":false,"qualifies_halfhour":false,"departures_MONDAY":19,"departures_TUESDAY":19,"departures_WEDNESDAY":19,"departures_THURSDAY":19,"departures_FRIDAY":19,"departures_SATURDAY":15,"departures_SUNDAY":6}},{"type":"Feature","geometry":{"type":"Point","coordinates":[3.76981,51.02182]},"properties":{"stop_id":"213624","stop_name":"Melle Vogelstraat","qualifies_min1":true,"qualifies_min10":true,"qualifies_hourly":true,"qualifies_halfhour":false,"departures_MONDAY":38,"departures_TUESDAY":38,"departures_WEDNESDAY":38,"departures_THURSDAY":38,"departures_FRIDAY":38,"departures_SATURDAY":31,"departures_SUNDAY":30}},{"type":"Feature","geometry":{"type":"Point","coordinates":[3.7165,51.08272]},"properties":{"stop_id":"213652","stop_name":"Wondelgem Maarkpad","qualifies_min1":true,"qualifies_min10":true,"qualifies_hourly":true,"qualifies_halfhour":true,"departures_MONDAY":202,"departures_TUESDAY":202,"departures_WEDNESDAY":202,"departures_THURSDAY":202,"departures_FRIDAY":209,"departures_SATURDAY":205,"departures_SUNDAY":181}},{"type":"Feature","geometry":{"type":"Point","coordinates":[3.64939,50.99187]},"properties":{"stop_id":"213708","stop_name":"De Pinte Kerkplein","qualifies_min1":true,"qualifies_min10":true,"qualifies_hourly":false,"qualifies_halfhour":false,"departures_MONDAY":20,"departures_TUESDAY":20,"departures_WEDNESDAY":20,"departures_THURSDAY":20,"departures_FRIDAY":20,"departures_SATURDAY":17,"departures_SUNDAY":14}},{"type":"Feature","geometry":{"type":"Point","coordinates":[3.86102,51.16628]},"properties":{"stop_id":"213717","stop_name":"Wachtebeke Overledebrug","qualifies_min1":true,"qualifies_min10":true,"qualifies_hourly":true,"qualifies_halfhour":false,"departures_MONDAY":21,"departures_TUESDAY":21,"departures_WEDNESDAY":21,"departures_THURSDAY":21,"departures_FRIDAY":21,"departures_SATURDAY":18,"departures_SUNDAY":15}},{"type":"Feature","geometry":{"type":"Point","coordinates":[3.63313,51.039]},"properties":{"stop_id":"213757","stop_name":"Drongen Raapstraat","qualifies_min1":true,"qualifies_min10":true,"qualifies_hourly":true,"qualifies_halfhour":false,"departures_MONDAY":31,"departures_TUESDAY":31,"departures_WEDNESDAY":31,"departures_THURSDAY":31,"departures_FRIDAY":31,"departures_SATURDAY":28,"departures_SUNDAY":27}},{"type":"Feature","geometry":{"type":"Point","coordinates":[3.69797,50.95924]},"properties":{"stop_id":"213825","stop_name":"Melsen Kasseiberg","qualifies_min1":true,"qualifies_min10":false,"qualifies_hourly":false,"qualifies_halfhour":false,"departures_MONDAY":34,"departures_TUESDAY":34,"departures_WEDNESDAY":34,"departures_THURSDAY":34,"departures_FRIDAY":34,"departures_SATURDAY":33,"departures_SUNDAY":8}},{"type":"Feature","geometry":{"type":"Point","coordinates":[3.74502,51.13768]},"properties":{"stop_id":"213871","stop_name":"Evergem Walgracht","qualifies_min1":true,"qualifies_min10":true,"qualifies_hourly":false,"qualifies_halfhour":false,"departures_MONDAY":32,"departures_TUESDAY":32,"departures_WEDNESDAY":32,"departures_THURSDAY":32,"departures_FRIDAY":32,"departures_SATURDAY":26,"departures_SUNDAY":16}},{"type":"Feature","geometry":{"type":"Point","coordinates":[3.74395,50.98039]},"properties":{"stop_id":"213917","stop_name":"Merelbeke Smecollewegel","qualifies_min1":true,"qualifies_min10":true,"qualifies_hourly":false,"qualifies_halfhour":false,"departures_MONDAY":49,"departures_TUESDAY":49,"departures_WEDNESDAY":49,"departures_THURSDAY":49,"departures_FRIDAY":49,"departures_SATURDAY":44,"departures_SUNDAY":23}},{"type":"Feature","geometry":{"type":"Point","coordinates":[3.69502,51.04792]},"properties":{"stop_id":"213925","stop_name":"Gent Vissersdijk","qualifies_min1":true,"qualifies_min10":true,"qualifies_hourly":true,"qualifies_halfhour":true,"departures_MONDAY":121,"departures_TUESDAY":121,"departures_WEDNESDAY":121,"departures_THURSDAY":121,"departures_FRIDAY":133,"departures_SATURDAY":84,"departures_SUNDAY":66}},{"type":"Feature","geometry":{"type":"Point","coordinates":[3.80416,51.00146]},"properties":{"stop_id":"213941","stop_name":"Melle Veerweg","qualifies_min1":true,"qualifies_min10":true,"qualifies_hourly":false,"qualifies_halfhour":false,"departures_MONDAY":62,"departures_TUESDAY":62,"departures_WEDNESDAY":62,"departures_THURSDAY":62,"departures_FRIDAY":62,"departures_SATURDAY":29,"departures_SUNDAY":16}},{"type":"Feature","geometry":{"type":"Point","coordinates":[3.65778,50.99536]},"properties":{"stop_id":"213956","stop_name":"De Pinte Begonialaan","qualifies_min1":true,"qualifies_min10":true,"qualifies_hourly":true,"qualifies_halfhour":false,"departures_MONDAY":21,"departures_TUESDAY":21,"departures_WEDNESDAY":21,"departures_THURSDAY":21,"departures_FRIDAY":21,"departures_SATURDAY":18,"departures_SUNDAY":16}},{"type":"Feature","geometry":{"type":"Point","coordinates":[3.83825,51.1813]},"properties":{"stop_id":"214003","stop_name":"Wachtebeke Kloosterbos","qualifies_min1":true,"qualifies_min10":false,"qualifies_hourly":false,"qualifies_halfhour":false,"departures_MONDAY":16,"departures_TUESDAY":16,"departures_WEDNESDAY":16,"departures_THURSDAY":16,"departures_FRIDAY":16,"departures_SATURDAY":15,"departures_SUNDAY":6}},{"type":"Feature","geometry":{"type":"Point","coordinates":[3.90274,51.17173]},"properties":{"stop_id":"214018","stop_name":"Wachtebeke Politie","qualifies_min1":true,"qualifies_min10":false,"qualifies_hourly":false,"qualifies_halfhour":false,"departures_MONDAY":16,"departures_TUESDAY":16,"departures_WEDNESDAY":16,"departures_THURSDAY":16,"departures_FRIDAY":16,"departures_SATURDAY":15,"departures_SUNDAY":6}},{"type":"Feature","geometry":{"type":"Point","coordinates":[3.57896,51.11334]},"properties":{"stop_id":"214375","stop_name":"Zomergem Overdam","qualifies_min1":true,"qualifies_min10":true,"qualifies_hourly":true,"qualifies_halfhour":false,"departures_MONDAY":31,"departures_TUESDAY":31,"departures_WEDNESDAY":31,"departures_THURSDAY":31,"departures_FRIDAY":31,"departures_SATURDAY":17,"departures_SUNDAY":16}},{"type":"Feature","geometry":{"type":"Point","coordinates":[3.83775,51.18167]},"properties":{"stop_id":"215003","stop_name":"Wachtebeke Kloosterbos","qualifies_min1":true,"qualifies_min10":false,"qualifies_hourly":false,"qualifies_halfhour":false,"departures_MONDAY":16,"departures_TUESDAY":16,"departures_WEDNESDAY":16,"departures_THURSDAY":16,"departures_FRIDAY":16,"departures_SATURDAY":15,"departures_SUNDAY":6}},{"type":"Feature","geometry":{"type":"Point","coordinates":[3.90237,51.17179]},"properties":{"stop_id":"215018","stop_name":"Wachtebeke Politie","qualifies_min1":true,"qualifies_min10":false,"qualifies_hourly":false,"qualifies_halfhour":false,"departures_MONDAY":16,"departures_TUESDAY":16,"departures_WEDNESDAY":16,"departures_THURSDAY":16,"departures_FRIDAY":16,"departures_SATURDAY":15,"departures_SUNDAY":6}},{"type":"Feature","geometry":{"type":"Point","coordinates":[3.57914,51.11346]},"properties":{"stop_id":"215375","stop_name":"Zomergem Overdam","qualifies_min1":true,"qualifies_min10":true,"qualifies_hourly":false,"qualifies_halfhour":false,"departures_MONDAY":32,"departures_TUESDAY":32,"departures_WEDNESDAY":32,"departures_THURSDAY":32,"departures_FRIDAY":32,"departures_SATURDAY":17,"departures_SUNDAY":16}},{"type":"Feature","geometry":{"type":"Point","coordinates":[3.84382,50.98497]},"properties":{"stop_id":"216009","stop_name":"Kwatrecht Oosterzelesteenweg","qualifies_min1":true,"qualifies_min10":true,"qualifies_hourly":false,"qualifies_halfhour":false,"departures_MONDAY":31,"departures_TUESDAY":31,"departures_WEDNESDAY":31,"departures_THURSDAY":31,"departures_FRIDAY":31,"departures_SATURDAY":14,"departures_SUNDAY":14}},{"type":"Feature","geometry":{"type":"Point","coordinates":[3.91729,50.96376]},"properties":{"stop_id":"216079","stop_name":"Smetlede Molenhoek","qualifies_min1":true,"qualifies_min10":false,"qualifies_hourly":false,"qualifies_halfhour":false,"departures_MONDAY":15,"departures_TUESDAY":15,"departures_WEDNESDAY":15,"departures_THURSDAY":15,"departures_FRIDAY":15,"departures_SATURDAY":10,"departures_SUNDAY":4}},{"type":"Feature","geometry":{"type":"Point","coordinates":[3.91688,50.96379]},"properties":{"stop_id":"217079","stop_name":"Smetlede Molenhoek","qualifies_min1":true,"qualifies_min10":false,"qualifies_hourly":false,"qualifies_halfhour":false,"departures_MONDAY":18,"departures_TUESDAY":18,"departures_WEDNESDAY":18,"departures_THURSDAY":18,"departures_FRIDAY":18,"departures_SATURDAY":10,"departures_SUNDAY":4}},{"type":"Feature","geometry":{"type":"Point","coordinates":[3.72192,50.97693]},"properties":{"stop_id":"218503","stop_name":"Merelbeke Hoorndriesstraat","qualifies_min1":true,"qualifies_min10":false,"qualifies_hourly":false,"qualifies_halfhour":false,"departures_MONDAY":31,"departures_TUESDAY":31,"departures_WEDNESDAY":31,"departures_THURSDAY":31,"departures_FRIDAY":31,"departures_SATURDAY":29,"departures_SUNDAY":6}},{"type":"Feature","geometry":{"type":"Point","coordinates":[3.72179,50.97695]},"properties":{"stop_id":"219503","stop_name":"Merelbeke Hoorndriesstraat","qualifies_min1":true,"qualifies_min10":false,"qualifies_hourly":false,"qualifies_halfhour":false,"departures_MONDAY":34,"departures_TUESDAY":34,"departures_WEDNESDAY":34,"departures_THURSDAY":34,"departures_FRIDAY":34,"departures_SATURDAY":33,"departures_SUNDAY":8}},{"type":"Feature","geometry":{"type":"Point","coordinates":[3.707431,51.072015]},"properties":{"stop_id":"220013","stop_name":"Gent Van Beverenplein (F. Ferrerlaan)","qualifies_min1":true,"qualifies_min10":true,"qualifies_hourly":true,"qualifies_halfhour":true,"departures_MONDAY":96,"departures_TUESDAY":96,"departures_WEDNESDAY":96,"departures_THURSDAY":96,"departures_FRIDAY":96,"departures_SATURDAY":90,"departures_SUNDAY":77}},{"type":"Feature","geometry":{"type":"Point","coordinates":[3.73171,51.0533]},"properties":{"stop_id":"220270","stop_name":"Gent Reep","qualifies_min1":true,"qualifies_min10":false,"qualifies_hourly":false,"qualifies_halfhour":false,"departures_MONDAY":25,"departures_TUESDAY":25,"departures_WEDNESDAY":25,"departures_THURSDAY":25,"departures_FRIDAY":25,"departures_SATURDAY":21,"departures_SUNDAY":9}},{"type":"Feature","geometry":{"type":"Point","coordinates":[3.708711,51.072205]},"properties":{"stop_id":"221013","stop_name":"Gent Van Beverenplein (F. Ferrerlaan)","qualifies_min1":true,"qualifies_min10":true,"qualifies_hourly":true,"qualifies_halfhour":true,"departures_MONDAY":97,"departures_TUESDAY":97,"departures_WEDNESDAY":97,"departures_THURSDAY":97,"departures_FRIDAY":97,"departures_SATURDAY":91,"departures_SUNDAY":77}}]}