{"type":"FeatureCollection","features":[{"type":"Feature","geometry":{"type":"Point","coordinates":[3.7039,51.0703]},"properties":{"stop_id":"200014","stop_name":"Gent Hortensiastraat","qualifies_min1_weekday":true,"qualifies_min1_fullweek":true,"qualifies_min10_weekday":true,"qualifies_min10_fullweek":true,"qualifies_hourly_weekday":true,"qualifies_hourly_fullweek":true,"qualifies_halfhour_weekday":true,"qualifies_halfhour_fullweek":true,"departures_MONDAY":96,"departures_TUESDAY":117,"departures_WEDNESDAY":117,"departures_THURSDAY":117,"departures_FRIDAY":117,"departures_SATURDAY":90,"departures_SUNDAY":77}},{"type":"Feature","geometry":{"type":"Point","coordinates":[3.7022,51.0658]},"properties":{"stop_id":"200016","stop_name":"Gent Guislainstraat","qualifies_min1_weekday":true,"qualifies_min1_fullweek":true,"qualifies_min10_weekday":true,"qualifies_min10_fullweek":true,"qualifies_hourly_weekday":true,"qualifies_hourly_fullweek":true,"qualifies_halfhour_weekday":true,"qualifies_halfhour_fullweek":true,"departures_MONDAY":96,"departures_TUESDAY":117,"departures_WEDNESDAY":117,"departures_THURSDAY":117,"departures_FRIDAY":117,"departures_SATURDAY":90,"departures_SUNDAY":77}},{"type":"Feature","geometry":{"type":"Point","coordinates":[3.7033,51.064]},"properties":{"stop_id":"200017","stop_name":"Gent Nieuwevaartbrug","qualifies_min1_weekday":true,"qualifies_min1_fullweek":true,"qualifies_min10_weekday":true,"qualifies_min10_fullweek":true,"qualifies_hourly_weekday":true,"qualifies_hourly_fullweek":true,"qualifies_halfhour_weekday":true,"qualifies_halfhour_fullweek":true,"departures_MONDAY":127,"departures_TUESDAY":153,"departures_WEDNESDAY":153,"departures_THURSDAY":153,"departures_FRIDAY":153,"departures_SATURDAY":107,"departures_SUNDAY":93}},{"type":"Feature","geometry":{"type":"Point","coordinates":[3.7068,51.0624]},"properties":{"stop_id":"200018","stop_name":"Gent Wittekaproenenplein","qualifies_min1_weekday":true,"qualifies_min1_fullweek":true,"qualifies_min10_weekday":true,"qualifies_min10_fullweek":true,"qualifies_hourly_weekday":true,"qualifies_hourly_fullweek":true,"qualifies_halfhour_weekday":true,"qualifies_halfhour_fullweek":true,"departures_MONDAY":127,"departures_TUESDAY":153,"departures_WEDNESDAY":153,"departures_THURSDAY":153,"departures_FRIDAY":153,"departures_SATURDAY":107,"departures_SUNDAY":93}},{"type":"Feature","geometry":{"type":"Point","coordinates":[3.7121,51.0599]},"properties":{"stop_id":"200019","stop_name":"Gent Rabot (Begijnhoflaan)","qualifies_min1_weekday":true,"qualifies_min1_fullweek":true,"qualifies_min10_weekday":true,"qualifies_min10_fullweek":true,"qualifies_hourly_weekday":true,"qualifies_hourly_fullweek":true,"qualifies_halfhour_weekday":true,"qualifies_halfhour_fullweek":true,"departures_MONDAY":96,"departures_TUESDAY":117,"departures_WEDNESDAY":117,"departures_THURSDAY":117,"departures_FRIDAY":117,"departures_SATURDAY":90,"departures_SUNDAY":77}},{"type":"Feature","geometry":{"type":"Point","coordinates":[3.7214,51.0568]},"properties":{"stop_id":"200023","stop_name":"Gent Gravensteen (Sint-Veerleplein)","qualifies_min1_weekday":true,"qualifies_min1_fullweek":true,"qualifies_min10_weekday":true,"qualifies_min10_fullweek":true,"qualifies_hourly_weekday":true,"qualifies_hourly_fullweek":true,"qualifies_halfhour_weekday":true,"qualifies_halfhour_fullweek":true,"departures_MONDAY":96,"departures_TUESDAY":117,"departures_WEDNESDAY":117,"departures_THURSDAY":117,"departures_FRIDAY":117,"departures_SATURDAY":90,"departures_SUNDAY":77}},{"type":"Feature","geometry":{"type":"Point","coordinates":[3.6829,50.9978]},"properties":{"stop_id":"200034","stop_name":"Zwijnaarde Klossebos","qualifies_min1_weekday":false,"qualifies_min1_fullweek":false,"qualifies_min10_weekday":false,"qualifies_min10_fullweek":false,"qualifies_hourly_weekday":false,"qualifies_hourly_fullweek":false,"qualifies_halfhour_weekday":false,"qualifies_halfhour_fullweek":false,"departures_MONDAY":0,"departures_TUESDAY":0,"departures_WEDNESDAY":0,"departures_THURSDAY":0,"departures_FRIDAY":0,"departures_SATURDAY":0,"departures_SUNDAY":0}},{"type":"Feature","geometry":{"type":"Point","coordinates":[3.723,51.0326]},"properties":{"stop_id":"200037","stop_name":"Gent Zwijnaardsesteenweg","qualifies_min1_weekday":true,"qualifies_min1_fullweek":true,"qualifies_min10_weekday":true,"qualifies_min10_fullweek":true,"qualifies_hourly_weekday":true,"qualifies_hourly_fullweek":true,"qualifies_halfhour_weekday":true,"qualifies_halfhour_fullweek":false,"departures_MONDAY":145,"departures_TUESDAY":179,"departures_WEDNESDAY":179,"departures_THURSDAY":179,"departures_FRIDAY":179,"departures_SATURDAY":90,"departures_SUNDAY":76}},{"type":"Feature","geometry":{"type":"Point","coordinates":[3.756,51.0605]},"properties":{"stop_id":"200045","stop_name":"Sint-Amandsberg Rozebroekstraat","qualifies_min1_weekday":true,"qualifies_min1_fullweek":true,"qualifies_min10_weekday":true,"qualifies_min10_fullweek":true,"qualifies_hourly_weekday":true,"qualifies_hourly_fullweek":true,"qualifies_halfhour_weekday":false,"qualifies_halfhour_fullweek":false,"departures_MONDAY":63,"departures_TUESDAY":63,"departures_WEDNESDAY":63,"departures_THURSDAY":63,"departures_FRIDAY":63,"departures_SATURDAY":56,"departures_SUNDAY":55}},{"type":"Feature","geometry":{"type":"Point","coordinates":[3.7274,51.0558]},"properties":{"stop_id":"200047","stop_name":"Gent Sint-Jacobs perron 7","qualifies_min1_weekday":true,"qualifies_min1_fullweek":true,"qualifies_min10_weekday":true,"qualifies_min10_fullweek":true,"qualifies_hourly_weekday":true,"qualifies_hourly_fullweek":true,"qualifies_halfhour_weekday":true,"qualifies_halfhour_fullweek":true,"departures_MONDAY":180,"departures_TUESDAY":193,"departures_WEDNESDAY":193,"departures_THURSDAY":193,"departures_FRIDAY":193,"departures_SATURDAY":173,"departures_SUNDAY":168}},{"type":"Feature","geometry":{"type":"Point","coordinates":[3.7724,51.0251]},"properties":{"stop_id":"200050","stop_name":"Melle Leeuw","qualifies_min1_weekday":true,"qualifies_min1_fullweek":true,"qualifies_min10_weekday":true,"qualifies_min10_fullweek":true,"qualifies_hourly_weekday":true,"qualifies_hourly_fullweek":true,"qualifies_halfhour_weekday":true,"qualifies_halfhour_fullweek":true,"departures_MONDAY":195,"departures_TUESDAY":247,"departures_WEDNESDAY":247,"departures_THURSDAY":247,"departures_FRIDAY":247,"departures_SATURDAY":185,"departures_SUNDAY":158}},{"type":"Feature","geometry":{"type":"Point","coordinates":[3.769,51.0277]},"properties":{"stop_id":"200051","stop_name":"Gentbrugge Pecherstraat","qualifies_min1_weekday":true,"qualifies_min1_fullweek":true,"qualifies_min10_weekday":true,"qualifies_min10_fullweek":true,"qualifies_hourly_weekday":true,"qualifies_hourly_fullweek":true,"qualifies_halfhour_weekday":true,"qualifies_halfhour_fullweek":true,"departures_MONDAY":205,"departures_TUESDAY":247,"departures_WEDNESDAY":245,"departures_THURSDAY":247,"departures_FRIDAY":247,"departures_SATURDAY":151,"departures_SUNDAY":124}},{"type":"Feature","geometry":{"type":"Point","coordinates":[3.7651,51.0296]},"properties":{"stop_id":"200052","stop_name":"Gentbrugge Tennisstraat","qualifies_min1_weekday":true,"qualifies_min1_fullweek":true,"qualifies_min10_weekday":true,"qualifies_min10_fullweek":true,"qualifies_hourly_weekday":true,"qualifies_hourly_fullweek":true,"qualifies_halfhour_weekday":true,"qualifies_halfhour_fullweek":true,"departures_MONDAY":205,"departures_TUESDAY":247,"departures_WEDNESDAY":245,"departures_THURSDAY":247,"departures_FRIDAY":247,"departures_SATURDAY":151,"departures_SUNDAY":124}},{"type":"Feature","geometry":{"type":"Point","coordinates":[3.7603,51.032]},"properties":{"stop_id":"200053","stop_name":"Gentbrugge Schooldreef","qualifies_min1_weekday":true,"qualifies_min1_fullweek":true,"qualifies_min10_weekday":true,"qualifies_min10_fullweek":true,"qualifies_hourly_weekday":true,"qualifies_hourly_fullweek":true,"qualifies_halfhour_weekday":true,"qualifies_halfhour_fullweek":true,"departures_MONDAY":97,"departures_TUESDAY":123,"departures_WEDNESDAY":123,"departures_THURSDAY":123,"departures_FRIDAY":123,"departures_SATURDAY":92,"departures_SUNDAY":79}},{"type":"Feature","geometry":{"type":"Point","coordinates":[3.7498,51.0372]},"properties":{"stop_id":"200060","stop_name":"Gentbrugge Stelplaats","qualifies_min1_weekday":true,"qualifies_min1_fullweek":true,"qualifies_min10_weekday":true,"qualifies_min10_fullweek":true,"qualifies_hourly_weekday":true,"qualifies_hourly_fullweek":true,"qualifies_halfhour_weekday":true,"qualifies_halfhour_fullweek":true,"departures_MONDAY":131,"departures_TUESDAY":175,"departures_WEDNESDAY":175,"departures_THURSDAY":175,"departures_FRIDAY":175,"departures_SATURDAY":129,"departures_SUNDAY":108}},{"type":"Feature","geometry":{"type":"Point","coordinates":[3.7441,51.0401]},"properties":{"stop_id":"200061","stop_name":"Ledeberg Van Lokerenstraat","qualifies_min1_weekday":true,"qualifies_min1_fullweek":true,"qualifies_min10_weekday":true,"qualifies_min10_fullweek":true,"qualifies_hourly_weekday":true,"qualifies_hourly_fullweek":true,"qualifies_halfhour_weekday":true,"qualifies_halfhour_fullweek":true,"departures_MONDAY":106,"departures_TUESDAY":134,"departures_WEDNESDAY":134,"departures_THURSDAY":134,"departures_FRIDAY":134,"departures_SATURDAY":100,"departures_SUNDAY":83}},{"type":"Feature","geometry":{"type":"Point","coordinates":[3.7381,51.0427]},"properties":{"stop_id":"200062","stop_name":"Gent Keizerpoort (Brusselsepoortstraat)","qualifies_min1_weekday":true,"qualifies_min1_fullweek":true,"qualifies_min10_weekday":true,"qualifies_min10_fullweek":true,"qualifies_hourly_weekday":true,"qualifies_hourly_fullweek":true,"qualifies_halfhour_weekday":true,"qualifies_halfhour_fullweek":true,"departures_MONDAY":106,"departures_TUESDAY":134,"departures_WEDNESDAY":134,"departures_THURSDAY":134,"departures_FRIDAY":134,"departures_SATURDAY":100,"departures_SUNDAY":83}},{"type":"Feature","geometry":{"type":"Point","coordinates":[3.7336,51.0447]},"properties":{"stop_id":"200064","stop_name":"Gent Vijfwindgatenstraat","qualifies_min1_weekday":true,"qualifies_min1_fullweek":true,"qualifies_min10_weekday":true,"qualifies_min10_fullweek":true,"qualifies_hourly_weekday":true,"qualifies_hourly_fullweek":true,"qualifies_halfhour_weekday":true,"qualifies_halfhour_fullweek":true,"departures_MONDAY":516,"departures_TUESDAY":603,"departures_WEDNESDAY":599,"departures_THURSDAY":603,"departures_FRIDAY":603,"departures_SATURDAY":497,"departures_SUNDAY":421}},{"type":"Feature","geometry":{"type":"Point","coordinates":[3.7316,51.0482]},"properties":{"stop_id":"200065","stop_name":"Gent Zuid perron 1","qualifies_min1_weekday":true,"qualifies_min1_fullweek":true,"qualifies_min10_weekday":true,"qualifies_min10_fullweek":true,"qualifies_hourly_weekday":true,"qualifies_hourly_fullweek":true,"qualifies_halfhour_weekday":true,"qualifies_halfhour_fullweek":true,"departures_MONDAY":282,"departures_TUESDAY":338,"departures_WEDNESDAY":338,"departures_THURSDAY":338,"departures_FRIDAY":338,"departures_SATURDAY":287,"departures_SUNDAY":242}},{"type":"Feature","geometry":{"type":"Point","coordinates":[3.7299,51.0504]},"properties":{"stop_id":"200066","stop_name":"Gent Lippensplein","qualifies_min1_weekday":true,"qualifies_min1_fullweek":true,"qualifies_min10_weekday":true,"qualifies_min10_fullweek":true,"qualifies_hourly_weekday":true,"qualifies_hourly_fullweek":true,"qualifies_halfhour_weekday":true,"qualifies_halfhour_fullweek":true,"departures_MONDAY":103,"departures_TUESDAY":129,"departures_WEDNESDAY":129,"departures_THURSDAY":129,"departures_FRIDAY":129,"departures_SATURDAY":95,"departures_SUNDAY":81}},{"type":"Feature","geometry":{"type":"Point","coordinates":[3.7264,51.0506]},"properties":{"stop_id":"200067","stop_name":"Gent Vogelmarkt","qualifies_min1_weekday":true,"qualifies_min1_fullweek":true,"qualifies_min10_weekday":true,"qualifies_min10_fullweek":true,"qualifies_hourly_weekday":true,"qualifies_hourly_fullweek":true,"qualifies_halfhour_weekday":true,"qualifies_halfhour_fullweek":true,"departures_MONDAY":176,"departures_TUESDAY":206,"departures_WEDNESDAY":206,"departures_THURSDAY":206,"departures_FRIDAY":206,"departures_SATURDAY":190,"departures_SUNDAY":159}},{"type":"Feature","geometry":{"type":"Point","coordinates":[3.7168,51.0501]},"properties":{"stop_id":"200070","stop_name":"Gent Oude Houtlei","qualifies_min1_weekday":true,"qualifies_min1_fullweek":true,"qualifies_min10_weekday":true,"qualifies_min10_fullweek":true,"qualifies_hourly_weekday":true,"qualifies_hourly_fullweek":true,"qualifies_halfhour_weekday":true,"qualifies_halfhour_fullweek":true,"departures_MONDAY":176,"departures_TUESDAY":206,"departures_WEDNESDAY":206,"departures_THURSDAY":206,"departures_FRIDAY":206,"departures_SATURDAY":190,"departures_SUNDAY":159}},{"type":"Feature","geometry":{"type":"Point","coordinates":[3.7134,51.0508]},"properties":{"stop_id":"200071","stop_name":"Gent Galgenberg","qualifies_min1_weekday":true,"qualifies_min1_fullweek":true,"qualifies_min10_weekday":true,"qualifies_min10_fullweek":true,"qualifies_hourly_weekday":true,"qualifies_hourly_fullweek":true,"qualifies_halfhour_weekday":true,"qualifies_halfhour_fullweek":true,"departures_MONDAY":176,"departures_TUESDAY":206,"departures_WEDNESDAY":206,"departures_THURSDAY":206,"departures_FRIDAY":206,"departures_SATURDAY":190,"departures_SUNDAY":159}},{"type":"Feature","geometry":{"type":"Point","coordinates":[3.7097,51.0499]},"properties":{"stop_id":"200072","stop_name":"Gent Rozemarijnbrug","qualifies_min1_weekday":true,"qualifies_min1_fullweek":true,"qualifies_min10_weekday":true,"qualifies_min10_fullweek":true,"qualifies_hourly_weekday":true,"qualifies_hourly_fullweek":true,"qualifies_halfhour_weekday":true,"qualifies_halfhour_fullweek":true,"departures_MONDAY":259,"departures_TUESDAY":309,"departures_WEDNESDAY":309,"departures_THURSDAY":309,"departures_FRIDAY":309,"departures_SATURDAY":261,"departures_SUNDAY":224}},{"type":"Feature","geometry":{"type":"Point","coordinates":[3.7097,51.0479]},"properties":{"stop_id":"200073","stop_name":"Gent Bernard Spaelaan","qualifies_min1_weekday":true,"qualifies_min1_fullweek":true,"qualifies_min10_weekday":true,"qualifies_min10_fullweek":true,"qualifies_hourly_weekday":true,"qualifies_hourly_fullweek":true,"qualifies_halfhour_weekday":true,"qualifies_halfhour_fullweek":true,"departures_MONDAY":259,"departures_TUESDAY":309,"departures_WEDNESDAY":309,"departures_THURSDAY":309,"departures_FRIDAY":309,"departures_SATURDAY":261,"departures_SUNDAY":224}},{"type":"Feature","geometry":{"type":"Point","coordinates":[3.7136,51.0453]},"properties":{"stop_id":"200074","stop_name":"Gent Bijlokehof","qualifies_min1_weekday":true,"qualifies_min1_fullweek":true,"qualifies_min10_weekday":true,"qualifies_min10_fullweek":true,"qualifies_hourly_weekday":true,"qualifies_hourly_fullweek":true,"qualifies_halfhour_weekday":true,"qualifies_halfhour_fullweek":true,"departures_MONDAY":259,"departures_TUESDAY":309,"departures_WEDNESDAY":309,"departures_THURSDAY":309,"departures_FRIDAY":309,"departures_SATURDAY":261,"departures_SUNDAY":224}},{"type":"Feature","geometry":{"type":"Point","coordinates":[3.711,51.0428]},"properties":{"stop_id":"200075","stop_name":"Gent Koning Albertbrug","qualifies_min1_weekday":true,"qualifies_min1_fullweek":true,"qualifies_min10_weekday":true,"qualifies_min10_fullweek":true,"qualifies_hourly_weekday":true,"qualifies_hourly_fullweek":true,"qualifies_halfhour_weekday":true,"qualifies_halfhour_fullweek":true,"departures_MONDAY":258,"departures_TUESDAY":308,"departures_WEDNESDAY":308,"departures_THURSDAY":308,"departures_FRIDAY":308,"departures_SATURDAY":260,"departures_SUNDAY":223}},{"type":"Feature","geometry":{"type":"Point","coordinates":[3.7105,51.0386]},"properties":{"stop_id":"200076","stop_name":"Gent Meersstraat","qualifies_min1_weekday":true,"qualifies_min1_fullweek":true,"qualifies_min10_weekday":true,"qualifies_min10_fullweek":true,"qualifies_hourly_weekday":true,"qualifies_hourly_fullweek":true,"qualifies_halfhour_weekday":true,"qualifies_halfhour_fullweek":true,"departures_MONDAY":410,"departures_TUESDAY":495,"departures_WEDNESDAY":496,"departures_THURSDAY":495,"departures_FRIDAY":495,"departures_SATURDAY":338,"departures_SUNDAY":299}},{"type":"Feature","geometry":{"type":"Point","coordinates":[3.7314,51.0479]},"properties":{"stop_id":"200083","stop_name":"Gent Zuid perron 5","qualifies_min1_weekday":true,"qualifies_min1_fullweek":true,"qualifies_min10_weekday":true,"qualifies_min10_fullweek":true,"qualifies_hourly_weekday":true,"qualifies_hourly_fullweek":true,"qualifies_halfhour_weekday":true,"qualifies_halfhour_fullweek":true,"departures_MONDAY":141,"departures_TUESDAY":160,"departures_WEDNESDAY":159,"departures_THURSDAY":160,"departures_FRIDAY":160,"departures_SATURDAY":127,"departures_SUNDAY":93}},{"type":"Feature","geometry":{"type":"Point","coordinates":[3.7294,51.0502]},"properties":{"stop_id":"200089","stop_name":"Gent Lippensplein","qualifies_min1_weekday":true,"qualifies_min1_fullweek":true,"qualifies_min10_weekday":true,"qualifies_min10_fullweek":true,"qualifies_hourly_weekday":true,"qualifies_hourly_fullweek":true,"qualifies_halfhour_weekday":true,"qualifies_halfhour_fullweek":true,"departures_MONDAY":176,"departures_TUESDAY":206,"departures_WEDNESDAY":206,"departures_THURSDAY":206,"departures_FRIDAY":206,"departures_SATURDAY":190,"departures_SUNDAY":159}},{"type":"Feature","geometry":{"type":"Point","coordinates":[3.751,51.0294]},"properties":{"stop_id":"200090","stop_name":"Gentbrugge Moscou","qualifies_min1_weekday":true,"qualifies_min1_fullweek":true,"qualifies_min10_weekday":true,"qualifies_min10_fullweek":true,"qualifies_hourly_weekday":true,"qualifies_hourly_fullweek":true,"qualifies_halfhour_weekday":true,"qualifies_halfhour_fullweek":true,"departures_MONDAY":320,"departures_TUESDAY":366,"departures_WEDNESDAY":366,"departures_THURSDAY":366,"departures_FRIDAY":366,"departures_SATURDAY":336,"departures_SUNDAY":288}},{"type":"Feature","geometry":{"type":"Point","coordinates":[3.7413,51.0366]},"properties":{"stop_id":"200094","stop_name":"Ledeberg Ledebergplein","qualifies_min1_weekday":true,"qualifies_min1_fullweek":true,"qualifies_min10_weekday":true,"qualifies_min10_fullweek":true,"qualifies_hourly_weekday":true,"qualifies_hourly_fullweek":true,"qualifies_halfhour_weekday":true,"qualifies_halfhour_fullweek":true,"departures_MONDAY":159,"departures_TUESDAY":182,"departures_WEDNESDAY":182,"departures_THURSDAY":182,"departures_FRIDAY":182,"departures_SATURDAY":167,"departures_SUNDAY":143}},{"type":"Feature","geometry":{"type":"Point","coordinates":[3.7366,51.0394]},"properties":{"stop_id":"200096","stop_name":"Gent Sint-Lievenspoort (Zuidpark)","qualifies_min1_weekday":true,"qualifies_min1_fullweek":true,"qualifies_min10_weekday":true,"qualifies_min10_fullweek":true,"qualifies_hourly_weekday":true,"qualifies_hourly_fullweek":true,"qualifies_halfhour_weekday":true,"qualifies_halfhour_fullweek":true,"departures_MONDAY":239,"departures_TUESDAY":278,"departures_WEDNESDAY":277,"departures_THURSDAY":278,"departures_FRIDAY":278,"departures_SATURDAY":246,"departures_SUNDAY":202}},{"type":"Feature","geometry":{"type":"Point","coordinates":[3.728,51.052]},"properties":{"stop_id":"200098","stop_name":"Gent Duivelsteen","qualifies_min1_weekday":true,"qualifies_min1_fullweek":true,"qualifies_min10_weekday":true,"qualifies_min10_fullweek":true,"qualifies_hourly_weekday":true,"qualifies_hourly_fullweek":true,"qualifies_halfhour_weekday":true,"qualifies_halfhour_fullweek":true,"departures_MONDAY":103,"departures_TUESDAY":129,"departures_WEDNESDAY":129,"departures_THURSDAY":129,"departures_FRIDAY":129,"departures_SATURDAY":95,"departures_SUNDAY":81}},{"type":"Feature","geometry":{"type":"Point","coordinates":[3.7214,51.0571]},"properties":{"stop_id":"200100","stop_name":"Gent Gravensteen (Geldmunt)","qualifies_min1_weekday":true,"qualifies_min1_fullweek":true,"qualifies_min10_weekday":false,"qualifies_min10_fullweek":false,"qualifies_hourly_weekday":false,"qualifies_hourly_fullweek":false,"qualifies_halfhour_weekday":false,"qualifies_halfhour_fullweek":false,"departures_MONDAY":5,"departures_TUESDAY":10,"departures_WEDNESDAY":10,"departures_THURSDAY":10,"departures_FRIDAY":10,"departures_SATURDAY":3,"departures_SUNDAY":4}},{"type":"Feature","geometry":{"type":"Point","coordinates":[3.7214,51.0587]},"properties":{"stop_id":"200101","stop_name":"Gent Lange Steenstraat","qualifies_min1_weekday":true,"qualifies_min1_fullweek":true,"qualifies_min10_weekday":true,"qualifies_min10_fullweek":true,"qualifies_hourly_weekday":true,"qualifies_hourly_fullweek":true,"qualifies_halfhour_weekday":true,"qualifies_halfhour_fullweek":true,"departures_MONDAY":88,"departures_TUESDAY":113,"departures_WEDNESDAY":113,"departures_THURSDAY":113,"departures_FRIDAY":113,"departures_SATURDAY":74,"departures_SUNDAY":69}},{"type":"Feature","geometry":{"type":"Point","coordinates":[3.7244,51.0599]},"properties":{"stop_id":"200102","stop_name":"Gent Sluizeken","qualifies_min1_weekday":true,"qualifies_min1_fullweek":true,"qualifies_min10_weekday":true,"qualifies_min10_fullweek":true,"qualifies_hourly_weekday":true,"qualifies_hourly_fullweek":true,"qualifies_halfhour_weekday":true,"qualifies_halfhour_fullweek":true,"departures_MONDAY":83,"departures_TUESDAY":103,"departures_WEDNESDAY":103,"departures_THURSDAY":103,"departures_FRIDAY":103,"departures_SATURDAY":71,"departures_SUNDAY":65}},{"type":"Feature","geometry":{"type":"Point","coordinates":[3.7275,51.0621]},"properties":{"stop_id":"200103","stop_name":"Gent Coppinsstraat","qualifies_min1_weekday":true,"qualifies_min1_fullweek":true,"qualifies_min10_weekday":true,"qualifies_min10_fullweek":true,"qualifies_hourly_weekday":true,"qualifies_hourly_fullweek":true,"qualifies_halfhour_weekday":true,"qualifies_halfhour_fullweek":true,"departures_MONDAY":83,"departures_TUESDAY":103,"departures_WEDNESDAY":103,"departures_THURSDAY":103,"departures_FRIDAY":103,"departures_SATURDAY":71,"departures_SUNDAY":65}},{"type":"Feature","geometry":{"type":"Point","coordinates":[3.7291,51.064]},"properties":{"stop_id":"200104","stop_name":"Gent Heilig-Kerst","qualifies_min1_weekday":true,"qualifies_min1_fullweek":true,"qualifies_min10_weekday":true,"qualifies_min10_fullweek":true,"qualifies_hourly_weekday":true,"qualifies_hourly_fullweek":true,"qualifies_halfhour_weekday":true,"qualifies_halfhour_fullweek":true,"departures_MONDAY":83,"departures_TUESDAY":103,"departures_WEDNESDAY":103,"departures_THURSDAY":103,"departures_FRIDAY":103,"departures_SATURDAY":71,"departures_SUNDAY":65}},{"type":"Feature","geometry":{"type":"Point","coordinates":[3.7298,51.0697]},"properties":{"stop_id":"200106","stop_name":"Gent Muidebrug","qualifies_min1_weekday":true,"qualifies_min1_fullweek":true,"qualifies_min10_weekday":true,"qualifies_min10_fullweek":true,"qualifies_hourly_weekday":true,"qualifies_hourly_fullweek":true,"qualifies_halfhour_weekday":true,"qualifies_halfhour_fullweek":true,"departures_MONDAY":217,"departures_TUESDAY":271,"departures_WEDNESDAY":271,"departures_THURSDAY":271,"departures_FRIDAY":271,"departures_SATURDAY":203,"departures_SUNDAY":181}},{"type":"Feature","geometry":{"type":"Point","coordinates":[3.7265,51.0672]},"properties":{"stop_id":"200108","stop_name":"Gent Tolpoort (Neuseplein)","qualifies_min1_weekday":true,"qualifies_min1_fullweek":true,"qualifies_min10_weekday":true,"qualifies_min10_fullweek":true,"qualifies_hourly_weekday":true,"qualifies_hourly_fullweek":true,"qualifies_halfhour_weekday":true,"qualifies_halfhour_fullweek":true,"departures_MONDAY":83,"departures_TUESDAY":103,"departures_WEDNESDAY":103,"departures_THURSDAY":103,"departures_FRIDAY":103,"departures_SATURDAY":71,"departures_SUNDAY":65}},{"type":"Feature","geometry":{"type":"Point","coordinates":[3.7185,51.0648]},"properties":{"stop_id":"200110","stop_name":"Gent AZ Sint-Lucas (Blaisantvest)","qualifies_min1_weekday":true,"qualifies_min1_fullweek":true,"qualifies_min10_weekday":true,"qualifies_min10_fullweek":true,"qualifies_hourly_weekday":true,"qualifies_hourly_fullweek":true,"qualifies_halfhour_weekday":true,"qualifies_halfhour_fullweek":true,"departures_MONDAY":83,"departures_TUESDAY":103,"departures_WEDNESDAY":103,"departures_THURSDAY":103,"departures_FRIDAY":103,"departures_SATURDAY":71,"departures_SUNDAY":65}},{"type":"Feature","geometry":{"type":"Point","coordinates":[3.7155,51.0626]},"properties":{"stop_id":"200111","stop_name":"Gent Opgeëistenlaan","qualifies_min1_weekday":true,"qualifies_min1_fullweek":true,"qualifies_min10_weekday":true,"qualifies_min10_fullweek":true,"qualifies_hourly_weekday":true,"qualifies_hourly_fullweek":true,"qualifies_halfhour_weekday":true,"qualifies_halfhour_fullweek":true,"departures_MONDAY":83,"departures_TUESDAY":103,"departures_WEDNESDAY":103,"departures_THURSDAY":103,"departures_FRIDAY":103,"departures_SATURDAY":71,"departures_SUNDAY":65}},{"type":"Feature","geometry":{"type":"Point","coordinates":[3.7099,51.0569]},"properties":{"stop_id":"200112","stop_name":"Gent Brugsepoort (Begijnhoflaan)","qualifies_min1_weekday":true,"qualifies_min1_fullweek":true,"qualifies_min10_weekday":true,"qualifies_min10_fullweek":true,"qualifies_hourly_weekday":true,"qualifies_hourly_fullweek":true,"qualifies_halfhour_weekday":true,"qualifies_halfhour_fullweek":true,"departures_MONDAY":83,"departures_TUESDAY":103,"departures_WEDNESDAY":103,"departures_THURSDAY":103,"departures_FRIDAY":103,"departures_SATURDAY":71,"departures_SUNDAY":65}},{"type":"Feature","geometry":{"type":"Point","coordinates":[3.7707,51.0708]},"properties":{"stop_id":"200128","stop_name":"Sint-Amandsberg Carelshof","qualifies_min1_weekday":true,"qualifies_min1_fullweek":true,"qualifies_min10_weekday":true,"qualifies_min10_fullweek":true,"qualifies_hourly_weekday":true,"qualifies_hourly_fullweek":true,"qualifies_halfhour_weekday":true,"qualifies_halfhour_fullweek":true,"departures_MONDAY":68,"departures_TUESDAY":72,"departures_WEDNESDAY":73,"departures_THURSDAY":72,"departures_FRIDAY":72,"departures_SATURDAY":65,"departures_SUNDAY":58}},{"type":"Feature","geometry":{"type":"Point","coordinates":[3.7763,51.0733]},"properties":{"stop_id":"200129","stop_name":"Sint-Amandsberg Oudebareelstraat","qualifies_min1_weekday":true,"qualifies_min1_fullweek":true,"qualifies_min10_weekday":true,"qualifies_min10_fullweek":true,"qualifies_hourly_weekday":true,"qualifies_hourly_fullweek":true,"qualifies_halfhour_weekday":true,"qualifies_halfhour_fullweek":true,"departures_MONDAY":68,"departures_TUESDAY":72,"departures_WEDNESDAY":73,"departures_THURSDAY":72,"departures_FRIDAY":72,"departures_SATURDAY":65,"departures_SUNDAY":58}},{"type":"Feature","geometry":{"type":"Point","coordinates":[3.7557,51.0453]},"properties":{"stop_id":"200132","stop_name":"Gentbrugge Tweekapellenstraat","qualifies_min1_weekday":true,"qualifies_min1_fullweek":true,"qualifies_min10_weekday":true,"qualifies_min10_fullweek":true,"qualifies_hourly_weekday":true,"qualifies_hourly_fullweek":true,"qualifies_halfhour_weekday":true,"qualifies_halfhour_fullweek":true,"departures_MONDAY":87,"departures_TUESDAY":99,"departures_WEDNESDAY":99,"departures_THURSDAY":99,"departures_FRIDAY":99,"departures_SATURDAY":84,"departures_SUNDAY":65}},{"type":"Feature","geometry":{"type":"Point","coordinates":[3.7546,51.0479]},"properties":{"stop_id":"200133","stop_name":"Sint-Amandsberg Gentbruggebrug","qualifies_min1_weekday":true,"qualifies_min1_fullweek":true,"qualifies_min10_weekday":true,"qualifies_min10_fullweek":true,"qualifies_hourly_weekday":true,"qualifies_hourly_fullweek":true,"qualifies_halfhour_weekday":true,"qualifies_halfhour_fullweek":true,"departures_MONDAY":112,"departures_TUESDAY":128,"departures_WEDNESDAY":128,"departures_THURSDAY":128,"departures_FRIDAY":128,"departures_SATURDAY":105,"departures_SUNDAY":74}},{"type":"Feature","geometry":{"type":"Point","coordinates":[3.7481,51.0527]},"properties":{"stop_id":"200135","stop_name":"Sint-Amandsberg Heernisplein","qualifies_min1_weekday":true,"qualifies_min1_fullweek":true,"qualifies_min10_weekday":true,"qualifies_min10_fullweek":true,"qualifies_hourly_weekday":true,"qualifies_hourly_fullweek":true,"qualifies_halfhour_weekday":true,"qualifies_halfhour_fullweek":true,"departures_MONDAY":149,"departures_TUESDAY":165,"departures_WEDNESDAY":165,"departures_THURSDAY":165,"departures_FRIDAY":165,"departures_SATURDAY":141,"departures_SUNDAY":94}},{"type":"Feature","geometry":{"type":"Point","coordinates":[3.7454,51.0532]},"properties":{"stop_id":"200136","stop_name":"Gent Banierstraat","qualifies_min1_weekday":true,"qualifies_min1_fullweek":true,"qualifies_min10_weekday":true,"qualifies_min10_fullweek":true,"qualifies_hourly_weekday":true,"qualifies_hourly_fullweek":true,"qualifies_halfhour_weekday":true,"qualifies_halfhour_fullweek":true,"departures_MONDAY":149,"departures_TUESDAY":165,"departures_WEDNESDAY":165,"departures_THURSDAY":165,"departures_FRIDAY":165,"departures_SATURDAY":141,"departures_SUNDAY":94}},{"type":"Feature","geometry":{"type":"Point","coordinates":[3.7428,51.0553]},"properties":{"stop_id":"200137","stop_name":"Gent Nieuwhof","qualifies_min1_weekday":true,"qualifies_min1_fullweek":true,"qualifies_min10_weekday":true,"qualifies_min10_fullweek":true,"qualifies_hourly_weekday":true,"qualifies_hourly_fullweek":true,"qualifies_halfhour_weekday":true,"qualifies_halfhour_fullweek":true,"departures_MONDAY":149,"departures_TUESDAY":165,"departures_WEDNESDAY":165,"departures_THURSDAY":165,"departures_FRIDAY":165,"departures_SATURDAY":141,"departures_SUNDAY":94}},{"type":"Feature","geometry":{"type":"Point","coordinates":[3.7278,51.0561]},"properties":{"stop_id":"200141","stop_name":"Gent Sint-Jacobs perron 6","qualifies_min1_weekday":true,"qualifies_min1_fullweek":true,"qualifies_min10_weekday":true,"qualifies_min10_fullweek":true,"qualifies_hourly_weekday":true,"qualifies_hourly_fullweek":true,"qualifies_halfhour_weekday":true,"qualifies_halfhour_fullweek":true,"departures_MONDAY":87,"departures_TUESDAY":99,"departures_WEDNESDAY":99,"departures_THURSDAY":99,"departures_FRIDAY":99,"departures_SATURDAY":84,"departures_SUNDAY":65}},{"type":"Feature","geometry":{"type":"Point","coordinates":[3.7122,51.036]},"properties":{"stop_id":"200144","stop_name":"Gent Sint-Pietersstation perron 20","qualifies_min1_weekday":true,"qualifies_min1_fullweek":true,"qualifies_min10_weekday":true,"qualifies_min10_fullweek":true,"qualifies_hourly_weekday":true,"qualifies_hourly_fullweek":true,"qualifies_halfhour_weekday":true,"qualifies_halfhour_fullweek":true,"departures_MONDAY":170,"departures_TUESDAY":206,"departures_WEDNESDAY":206,"departures_THURSDAY":206,"departures_FRIDAY":206,"departures_SATURDAY":165,"departures_SUNDAY":143}},{"type":"Feature","geometry":{"type":"Point","coordinates":[3.7164,51.0545]},"properties":{"stop_id":"200145","stop_name":"Gent Poel","qualifies_min1_weekday":true,"qualifies_min1_fullweek":true,"qualifies_min10_weekday":true,"qualifies_min10_fullweek":true,"qualifies_hourly_weekday":true,"qualifies_hourly_fullweek":true,"qualifies_halfhour_weekday":true,"qualifies_halfhour_fullweek":true,"departures_MONDAY":265,"departures_TUESDAY":290,"departures_WEDNESDAY":290,"departures_THURSDAY":290,"departures_FRIDAY":290,"departures_SATURDAY":255,"departures_SUNDAY":233}},{"type":"Feature","geometry":{"type":"Point","coordinates":[3.7103,51.0565]},"properties":{"stop_id":"200147","stop_name":"Gent Brugsepoort (Brugsepoortstraat)","qualifies_min1_weekday":true,"qualifies_min1_fullweek":true,"qualifies_min10_weekday":true,"qualifies_min10_fullweek":true,"qualifies_hourly_weekday":true,"qualifies_hourly_fullweek":true,"qualifies_halfhour_weekday":true,"qualifies_halfhour_fullweek":true,"departures_MONDAY":265,"departures_TUESDAY":290,"departures_WEDNESDAY":290,"departures_THURSDAY":290,"departures_FRIDAY":290,"departures_SATURDAY":255,"departures_SUNDAY":233}},{"type":"Feature","geometry":{"type":"Point","coordinates":[3.7038,51.0593]},"properties":{"stop_id":"200148","stop_name":"Gent Seghersplein","qualifies_min1_weekday":true,"qualifies_min1_fullweek":true,"qualifies_min10_weekday":true,"qualifies_min10_fullweek":true,"qualifies_hourly_weekday":true,"qualifies_hourly_fullweek":true,"qualifies_halfhour_weekday":true,"qualifies_halfhour_fullweek":true,"departures_MONDAY":116,"departures_TUESDAY":129,"departures_WEDNESDAY":129,"departures_THURSDAY":129,"departures_FRIDAY":129,"departures_SATURDAY":115,"departures_SUNDAY":113}},{"type":"Feature","geometry":{"type":"Point","coordinates":[3.6945,51.064]},"properties":{"stop_id":"200150","stop_name":"Gent Rooigem (Brugsesteenweg)","qualifies_min1_weekday":true,"qualifies_min1_fullweek":true,"qualifies_min10_weekday":true,"qualifies_min10_fullweek":true,"qualifies_hourly_weekday":true,"qualifies_hourly_fullweek":true,"qualifies_halfhour_weekday":true,"qualifies_halfhour_fullweek":true,"departures_MONDAY":153,"departures_TUESDAY":182,"departures_WEDNESDAY":182,"departures_THURSDAY":182,"departures_FRIDAY":182,"departures_SATURDAY":145,"departures_SUNDAY":143}},{"type":"Feature","geometry":{"type":"Point","coordinates":[3.6898,51.0654]},"properties":{"stop_id":"200151","stop_name":"Gent Malpertuusplein","qualifies_min1_weekday":true,"qualifies_min1_fullweek":true,"qualifies_min10_weekday":true,"qualifies_min10_fullweek":true,"qualifies_hourly_weekday":true,"qualifies_hourly_fullweek":true,"qualifies_halfhour_weekday":true,"qualifies_halfhour_fullweek":true,"departures_MONDAY":153,"departures_TUESDAY":182,"departures_WEDNESDAY":182,"departures_THURSDAY":182,"departures_FRIDAY":182,"departures_SATURDAY":145,"departures_SUNDAY":143}},{"type":"Feature","geometry":{"type":"Point","coordinates":[3.6872,51.0673]},"properties":{"stop_id":"200152","stop_name":"Gent Fluweelstraat","qualifies_min1_weekday":true,"qualifies_min1_fullweek":true,"qualifies_min10_weekday":true,"qualifies_min10_fullweek":true,"qualifies_hourly_weekday":true,"qualifies_hourly_fullweek":true,"qualifies_halfhour_weekday":true,"qualifies_halfhour_fullweek":true,"departures_MONDAY":153,"departures_TUESDAY":182,"departures_WEDNESDAY":182,"departures_THURSDAY":182,"departures_FRIDAY":182,"departures_SATURDAY":145,"departures_SUNDAY":143}},{"type":"Feature","geometry":{"type":"Point","coordinates":[3.6846,51.0688]},"properties":{"stop_id":"200153","stop_name":"Mariakerke Jutestraat","qualifies_min1_weekday":true,"qualifies_min1_fullweek":true,"qualifies_min10_weekday":true,"qualifies_min10_fullweek":true,"qualifies_hourly_weekday":true,"qualifies_hourly_fullweek":true,"qualifies_halfhour_weekday":true,"qualifies_halfhour_fullweek":true,"departures_MONDAY":153,"departures_TUESDAY":182,"departures_WEDNESDAY":182,"departures_THURSDAY":182,"departures_FRIDAY":182,"departures_SATURDAY":145,"departures_SUNDAY":143}},{"type":"Feature","geometry":{"type":"Point","coordinates":[3.682,51.0704]},"properties":{"stop_id":"200154","stop_name":"Mariakerke Spellewerkstraat","qualifies_min1_weekday":true,"qualifies_min1_fullweek":true,"qualifies_min10_weekday":true,"qualifies_min10_fullweek":true,"qualifies_hourly_weekday":true,"qualifies_hourly_fullweek":true,"qualifies_halfhour_weekday":true,"qualifies_halfhour_fullweek":true,"departures_MONDAY":153,"departures_TUESDAY":182,"departures_WEDNESDAY":182,"departures_THURSDAY":182,"departures_FRIDAY":182,"departures_SATURDAY":145,"departures_SUNDAY":143}},{"type":"Feature","geometry":{"type":"Point","coordinates":[3.6808,51.0725]},"properties":{"stop_id":"200155","stop_name":"Mariakerke Claeysplein","qualifies_min1_weekday":true,"qualifies_min1_fullweek":true,"qualifies_min10_weekday":true,"qualifies_min10_fullweek":true,"qualifies_hourly_weekday":true,"qualifies_hourly_fullweek":true,"qualifies_halfhour_weekday":true,"qualifies_halfhour_fullweek":true,"departures_MONDAY":153,"departures_TUESDAY":182,"departures_WEDNESDAY":182,"departures_THURSDAY":182,"departures_FRIDAY":182,"departures_SATURDAY":145,"departures_SUNDAY":143}},{"type":"Feature","geometry":{"type":"Point","coordinates":[3.7064,51.0248]},"properties":{"stop_id":"200161","stop_name":"Gent Maaltebruggestraat","qualifies_min1_weekday":true,"qualifies_min1_fullweek":true,"qualifies_min10_weekday":true,"qualifies_min10_fullweek":true,"qualifies_hourly_weekday":true,"qualifies_hourly_fullweek":true,"qualifies_halfhour_weekday":true,"qualifies_halfhour_fullweek":true,"departures_MONDAY":151,"departures_TUESDAY":165,"departures_WEDNESDAY":165,"departures_THURSDAY":165,"departures_FRIDAY":165,"departures_SATURDAY":156,"departures_SUNDAY":137}},{"type":"Feature","geometry":{"type":"Point","coordinates":[3.6987,51.023]},"properties":{"stop_id":"200162","stop_name":"Gent M. Middelares - Maalte","qualifies_min1_weekday":true,"qualifies_min1_fullweek":true,"qualifies_min10_weekday":true,"qualifies_min10_fullweek":true,"qualifies_hourly_weekday":true,"qualifies_hourly_fullweek":true,"qualifies_halfhour_weekday":true,"qualifies_halfhour_fullweek":true,"departures_MONDAY":151,"departures_TUESDAY":165,"departures_WEDNESDAY":165,"departures_THURSDAY":165,"departures_FRIDAY":165,"departures_SATURDAY":156,"departures_SUNDAY":137}},{"type":"Feature","geometry":{"type":"Point","coordinates":[3.7165,51.0884]},"properties":{"stop_id":"200163","stop_name":"Wondelgem Sint-Sebastiaanstraat","qualifies_min1_weekday":true,"qualifies_min1_fullweek":true,"qualifies_min10_weekday":true,"qualifies_min10_fullweek":true,"qualifies_hourly_weekday":true,"qualifies_hourly_fullweek":true,"qualifies_halfhour_weekday":true,"qualifies_halfhour_fullweek":true,"departures_MONDAY":210,"departures_TUESDAY":254,"departures_WEDNESDAY":255,"departures_THURSDAY":254,"departures_FRIDAY":254,"departures_SATURDAY":210,"departures_SUNDAY":178}},{"type":"Feature","geometry":{"type":"Point","coordinates":[3.8341,51.1156]},"properties":{"stop_id":"200167","stop_name":"Zaffelare Verleydonckstraat","qualifies_min1_weekday":true,"qualifies_min1_fullweek":true,"qualifies_min10_weekday":true,"qualifies_min10_fullweek":true,"qualifies_hourly_weekday":false,"qualifies_hourly_fullweek":false,"qualifies_halfhour_weekday":false,"qualifies_halfhour_fullweek":false,"departures_MONDAY":21,"departures_TUESDAY":24,"departures_WEDNESDAY":25,"departures_THURSDAY":24,"departures_FRIDAY":24,"departures_SATURDAY":18,"departures_SUNDAY":15}},{"type":"Feature","geometry":{"type":"Point","coordinates":[3.6983,51.0566]},"properties":{"stop_id":"200172","stop_name":"Gent Geitstraat","qualifies_min1_weekday":true,"qualifies_min1_fullweek":true,"qualifies_min10_weekday":true,"qualifies_min10_fullweek":true,"qualifies_hourly_weekday":true,"qualifies_hourly_fullweek":true,"qualifies_halfhour_weekday":true,"qualifies_halfhour_fullweek":false,"departures_MONDAY":63,"departures_TUESDAY":63,"departures_WEDNESDAY":63,"departures_THURSDAY":63,"departures_FRIDAY":63,"departures_SATURDAY":57,"departures_SUNDAY":55}},{"type":"Feature","geometry":{"type":"Point","coordinates":[3.6936,51.0558]},"properties":{"stop_id":"200173","stop_name":"Gent Malem (Drongensesteenweg)","qualifies_min1_weekday":true,"qualifies_min1_fullweek":true,"qualifies_min10_weekday":true,"qualifies_min10_fullweek":true,"qualifies_hourly_weekday":true,"qualifies_hourly_fullweek":true,"qualifies_halfhour_weekday":false,"qualifies_halfhour_fullweek":false,"departures_MONDAY":63,"departures_TUESDAY":63,"departures_WEDNESDAY":63,"departures_THURSDAY":63,"departures_FRIDAY":63,"departures_SATURDAY":56,"departures_SUNDAY":54}},{"type":"Feature","geometry":{"type":"Point","coordinates":[3.6827,51.0544]},"properties":{"stop_id":"200175","stop_name":"Gent Halfweg","qualifies_min1_weekday":true,"qualifies_min1_fullweek":true,"qualifies_min10_weekday":true,"qualifies_min10_fullweek":true,"qualifies_hourly_weekday":true,"qualifies_hourly_fullweek":true,"qualifies_halfhour_weekday":false,"qualifies_halfhour_fullweek":false,"departures_MONDAY":63,"departures_TUESDAY":63,"departures_WEDNESDAY":63,"departures_THURSDAY":63,"departures_FRIDAY":63,"departures_SATURDAY":56,"departures_SUNDAY":54}},{"type":"Feature","geometry":{"type":"Point","coordinates":[3.6624,51.0501]},"properties":{"stop_id":"200179","stop_name":"Drongen Drongenplein","qualifies_min1_weekday":true,"qualifies_min1_fullweek":true,"qualifies_min10_weekday":true,"qualifies_min10_fullweek":true,"qualifies_hourly_weekday":true,"qualifies_hourly_fullweek":true,"qualifies_halfhour_weekday":false,"qualifies_halfhour_fullweek":false,"departures_MONDAY":63,"departures_TUESDAY":66,"departures_WEDNESDAY":66,"departures_THURSDAY":66,"departures_FRIDAY":66,"departures_SATURDAY":56,"departures_SUNDAY":54}},{"type":"Feature","geometry":{"type":"Point","coordinates":[3.6571,51.05]},"properties":{"stop_id":"200180","stop_name":"Drongen Klaverdries","qualifies_min1_weekday":true,"qualifies_min1_fullweek":true,"qualifies_min10_weekday":true,"qualifies_min10_fullweek":true,"qualifies_hourly_weekday":true,"qualifies_hourly_fullweek":true,"qualifies_halfhour_weekday":false,"qualifies_halfhour_fullweek":false,"departures_MONDAY":62,"departures_TUESDAY":65,"departures_WEDNESDAY":65,"departures_THURSDAY":65,"departures_FRIDAY":65,"departures_SATURDAY":56,"departures_SUNDAY":54}},{"type":"Feature","geometry":{"type":"Point","coordinates":[3.6508,51.0476]},"properties":{"stop_id":"200181","stop_name":"Drongen Brug","qualifies_min1_weekday":true,"qualifies_min1_fullweek":true,"qualifies_min10_weekday":true,"qualifies_min10_fullweek":true,"qualifies_hourly_weekday":true,"qualifies_hourly_fullweek":true,"qualifies_halfhour_weekday":false,"qualifies_halfhour_fullweek":false,"departures_MONDAY":30,"departures_TUESDAY":33,"departures_WEDNESDAY":33,"departures_THURSDAY":33,"departures_FRIDAY":33,"departures_SATURDAY":28,"departures_SUNDAY":27}},{"type":"Feature","geometry":{"type":"Point","coordinates":[3.6311,51.0478]},"properties":{"stop_id":"200184","stop_name":"Drongen Varendriesstraat","qualifies_min1_weekday":false,"qualifies_min1_fullweek":false,"qualifies_min10_weekday":false,"qualifies_min10_fullweek":false,"qualifies_hourly_weekday":false,"qualifies_hourly_fullweek":false,"qualifies_halfhour_weekday":false,"qualifies_halfhour_fullweek":false,"departures_MONDAY":0,"departures_TUESDAY":0,"departures_WEDNESDAY":0,"departures_THURSDAY":0,"departures_FRIDAY":0,"departures_SATURDAY":0,"departures_SUNDAY":0}},{"type":"Feature","geometry":{"type":"Point","coordinates":[3.6407,51.0487]},"properties":{"stop_id":"200185","stop_name":"Drongen Varendrieskouter","qualifies_min1_weekday":false,"qualifies_min1_fullweek":false,"qualifies_min10_weekday":false,"qualifies_min10_fullweek":false,"qualifies_hourly_weekday":false,"qualifies_hourly_fullweek":false,"qualifies_halfhour_weekday":false,"qualifies_halfhour_fullweek":false,"departures_MONDAY":0,"departures_TUESDAY":0,"departures_WEDNESDAY":0,"departures_THURSDAY":0,"departures_FRIDAY":0,"departures_SATURDAY":0,"departures_SUNDAY":0}},{"type":"Feature","geometry":{"type":"Point","coordinates":[3.6532,51.053]},"properties":{"stop_id":"200186","stop_name":"Drongen Congregatiestraat","qualifies_min1_weekday":true,"qualifies_min1_fullweek":true,"qualifies_min10_weekday":true,"qualifies_min10_fullweek":true,"qualifies_hourly_weekday":true,"qualifies_hourly_fullweek":true,"qualifies_halfhour_weekday":false,"qualifies_halfhour_fullweek":false,"departures_MONDAY":31,"departures_TUESDAY":31,"departures_WEDNESDAY":31,"departures_THURSDAY":31,"departures_FRIDAY":31,"departures_SATURDAY":28,"departures_SUNDAY":28}},{"type":"Feature","geometry":{"type":"Point","coordinates":[3.6464,51.0554]},"properties":{"stop_id":"200187","stop_name":"Drongen Rozenlaan","qualifies_min1_weekday":true,"qualifies_min1_fullweek":true,"qualifies_min10_weekday":true,"qualifies_min10_fullweek":true,"qualifies_hourly_weekday":true,"qualifies_hourly_fullweek":true,"qualifies_halfhour_weekday":false,"qualifies_halfhour_fullweek":false,"departures_MONDAY":32,"departures_TUESDAY":32,"departures_WEDNESDAY":32,"departures_THURSDAY":32,"departures_FRIDAY":32,"departures_SATURDAY":28,"departures_SUNDAY":27}},{"type":"Feature","geometry":{"type":"Point","coordinates":[3.6446,51.0474]},"properties":{"stop_id":"200193","stop_name":"Drongen Oudewee","qualifies_min1_weekday":false,"qualifies_min1_fullweek":false,"qualifies_min10_weekday":false,"qualifies_min10_fullweek":false,"qualifies_hourly_weekday":false,"qualifies_hourly_fullweek":false,"qualifies_halfhour_weekday":false,"qualifies_halfhour_fullweek":false,"departures_MONDAY":0,"departures_TUESDAY":0,"departures_WEDNESDAY":0,"departures_THURSDAY":0,"departures_FRIDAY":0,"departures_SATURDAY":0,"departures_SUNDAY":0}},{"type":"Feature","geometry":{"type":"Point","coordinates":[3.6535,51.0469]},"properties":{"stop_id":"200195","stop_name":"Drongen Station","qualifies_min1_weekday":false,"qualifies_min1_fullweek":false,"qualifies_min10_weekday":false,"qualifies_min10_fullweek":false,"qualifies_hourly_weekday":false,"qualifies_hourly_fullweek":false,"qualifies_halfhour_weekday":false,"qualifies_halfhour_fullweek":false,"departures_MONDAY":0,"departures_TUESDAY":0,"departures_WEDNESDAY":0,"departures_THURSDAY":0,"departures_FRIDAY":0,"departures_SATURDAY":0,"departures_SUNDAY":0}},{"type":"Feature","geometry":{"type":"Point","coordinates":[3.726,51.0389]},"properties":{"stop_id":"200200","stop_name":"Gent Heuvelpoort (Overpoortstraat)","qualifies_min1_weekday":true,"qualifies_min1_fullweek":true,"qualifies_min10_weekday":true,"qualifies_min10_fullweek":true,"qualifies_hourly_weekday":false,"qualifies_hourly_fullweek":false,"qualifies_halfhour_weekday":false,"qualifies_halfhour_fullweek":false,"departures_MONDAY":70,"departures_TUESDAY":96,"departures_WEDNESDAY":96,"departures_THURSDAY":96,"departures_FRIDAY":96,"departures_SATURDAY":69,"departures_SUNDAY":42}},{"type":"Feature","geometry":{"type":"Point","coordinates":[3.7722,51.0244]},"properties":{"stop_id":"200202","stop_name":"Melle Leeuw","qualifies_min1_weekday":true,"qualifies_min1_fullweek":true,"qualifies_min10_weekday":true,"qualifies_min10_fullweek":true,"qualifies_hourly_weekday":true,"qualifies_hourly_fullweek":true,"qualifies_halfhour_weekday":false,"qualifies_halfhour_fullweek":false,"departures_MONDAY":38,"departures_TUESDAY":56,"departures_WEDNESDAY":55,"departures_THURSDAY":56,"departures_FRIDAY":56,"departures_SATURDAY":31,"departures_SUNDAY":30}},{"type":"Feature","geometry":{"type":"Point","coordinates":[3.7669,51.0775]},"properties":{"stop_id":"200203","stop_name":"Oostakker Goedlevenstraat","qualifies_min1_weekday":true,"qualifies_min1_fullweek":true,"qualifies_min10_weekday":true,"qualifies_min10_fullweek":true,"qualifies_hourly_weekday":true,"qualifies_hourly_fullweek":true,"qualifies_halfhour_weekday":false,"qualifies_halfhour_fullweek":false,"departures_MONDAY":32,"departures_TUESDAY":32,"departures_WEDNESDAY":32,"departures_THURSDAY":32,"departures_FRIDAY":32,"departures_SATURDAY":28,"departures_SUNDAY":28}},{"type":"Feature","geometry":{"type":"Point","coordinates":[3.7714,51.0813]},"properties":{"stop_id":"200204","stop_name":"Oostakker Krijtestraat","qualifies_min1_weekday":true,"qualifies_min1_fullweek":true,"qualifies_min10_weekday":true,"qualifies_min10_fullweek":true,"qualifies_hourly_weekday":true,"qualifies_hourly_fullweek":true,"qualifies_halfhour_weekday":false,"qualifies_halfhour_fullweek":false,"departures_MONDAY":32,"departures_TUESDAY":32,"departures_WEDNESDAY":32,"departures_THURSDAY":32,"departures_FRIDAY":32,"departures_SATURDAY":28,"departures_SUNDAY":28}},{"type":"Feature","geometry":{"type":"Point","coordinates":[3.7796,51.0826]},"properties":{"stop_id":"200205","stop_name":"Oostakker Louise Derachestraat","qualifies_min1_weekday":false,"qualifies_min1_fullweek":false,"qualifies_min10_weekday":false,"qualifies_min10_fullweek":false,"qualifies_hourly_weekday":false,"qualifies_hourly_fullweek":false,"qualifies_halfhour_weekday":false,"qualifies_halfhour_fullweek":false,"departures_MONDAY":0,"departures_TUESDAY":0,"departures_WEDNESDAY":0,"departures_THURSDAY":0,"departures_FRIDAY":0,"departures_SATURDAY":0,"departures_SUNDAY":0}},{"type":"Feature","geometry":{"type":"Point","coordinates":[3.7963,51.078]},"properties":{"stop_id":"200208","stop_name":"Sint-Amandsberg Pijkestraat","qualifies_min1_weekday":true,"qualifies_min1_fullweek":true,"qualifies_min10_weekday":true,"qualifies_min10_fullweek":true,"qualifies_hourly_weekday":true,"qualifies_hourly_fullweek":true,"qualifies_halfhour_weekday":false,"qualifies_halfhour_fullweek":false,"departures_MONDAY":31,"departures_TUESDAY":31,"departures_WEDNESDAY":31,"departures_THURSDAY":31,"departures_FRIDAY":31,"departures_SATURDAY":28,"departures_SUNDAY":27}},{"type":"Feature","geometry":{"type":"Point","coordinates":[3.7642,51.0724]},"properties":{"stop_id":"200212","stop_name":"Sint-Amandsberg Zingemkouterstraat","qualifies_min1_weekday":false,"qualifies_min1_fullweek":false,"qualifies_min10_weekday":false,"qualifies_min10_fullweek":false,"qualifies_hourly_weekday":false,"qualifies_hourly_fullweek":false,"qualifies_halfhour_weekday":false,"qualifies_halfhour_fullweek":false,"departures_MONDAY":0,"departures_TUESDAY":0,"departures_WEDNESDAY":0,"departures_THURSDAY":0,"departures_FRIDAY":0,"departures_SATURDAY":0,"departures_SUNDAY":0}},{"type":"Feature","geometry":{"type":"Point","coordinates":[3.7558,51.0712]},"properties":{"stop_id":"200214","stop_name":"Sint-Amandsberg Snellaertplein","qualifies_min1_weekday":true,"qualifies_min1_fullweek":true,"qualifies_min10_weekday":true,"qualifies_min10_fullweek":true,"qualifies_hourly_weekday":true,"qualifies_hourly_fullweek":true,"qualifies_halfhour_weekday":true,"qualifies_halfhour_fullweek":true,"departures_MONDAY":110,"departures_TUESDAY":121,"departures_WEDNESDAY":121,"departures_THURSDAY":121,"departures_FRIDAY":121,"departures_SATURDAY":109,"departures_SUNDAY":106}},{"type":"Feature","geometry":{"type":"Point","coordinates":[3.7582,51.0667]},"properties":{"stop_id":"200216","stop_name":"Sint-Amandsberg Zavelput","qualifies_min1_weekday":true,"qualifies_min1_fullweek":true,"qualifies_min10_weekday":true,"qualifies_min10_fullweek":true,"qualifies_hourly_weekday":true,"qualifies_hourly_fullweek":true,"qualifies_halfhour_weekday":true,"qualifies_halfhour_fullweek":true,"departures_MONDAY":123,"departures_TUESDAY":133,"departures_WEDNESDAY":134,"departures_THURSDAY":133,"departures_FRIDAY":133,"departures_SATURDAY":119,"departures_SUNDAY":111}},{"type":"Feature","geometry":{"type":"Point","coordinates":[3.7639,51.0688]},"properties":{"stop_id":"200217","stop_name":"Sint-Amandsberg Everstraat","qualifies_min1_weekday":true,"qualifies_min1_fullweek":true,"qualifies_min10_weekday":true,"qualifies_min10_fullweek":true,"qualifies_hourly_weekday":true,"qualifies_hourly_fullweek":true,"qualifies_halfhour_weekday":true,"qualifies_halfhour_fullweek":true,"departures_MONDAY":68,"departures_TUESDAY":72,"departures_WEDNESDAY":73,"departures_THURSDAY":72,"departures_FRIDAY":72,"departures_SATURDAY":65,"departures_SUNDAY":58}},{"type":"Feature","geometry":{"type":"Point","coordinates":[3.7528,51.0648]},"properties":{"stop_id":"200218","stop_name":"Sint-Amandsberg Grondwetlaan","qualifies_min1_weekday":true,"qualifies_min1_fullweek":true,"qualifies_min10_weekday":true,"qualifies_min10_fullweek":true,"qualifies_hourly_weekday":true,"qualifies_hourly_fullweek":true,"qualifies_halfhour_weekday":true,"qualifies_halfhour_fullweek":true,"departures_MONDAY":188,"departures_TUESDAY":207,"departures_WEDNESDAY":206,"departures_THURSDAY":207,"departures_FRIDAY":207,"departures_SATURDAY":181,"departures_SUNDAY":168}},{"type":"Feature","geometry":{"type":"Point","coordinates":[3.7494,51.062]},"properties":{"stop_id":"200219","stop_name":"Sint-Amandsberg Dienstencentrum","qualifies_min1_weekday":true,"qualifies_min1_fullweek":true,"qualifies_min10_weekday":true,"qualifies_min10_fullweek":true,"qualifies_hourly_weekday":true,"qualifies_hourly_fullweek":true,"qualifies_halfhour_weekday":true,"qualifies_halfhour_fullweek":true,"departures_MONDAY":188,"departures_TUESDAY":207,"departures_WEDNESDAY":206,"departures_THURSDAY":207,"departures_FRIDAY":207,"departures_SATURDAY":181,"departures_SUNDAY":168}},{"type":"Feature","geometry":{"type":"Point","coordinates":[3.7401,51.0501]},"properties":{"stop_id":"200224","stop_name":"Gent Eendrachtstraat","qualifies_min1_weekday":true,"qualifies_min1_fullweek":true,"qualifies_min10_weekday":true,"qualifies_min10_fullweek":true,"qualifies_hourly_weekday":true,"qualifies_hourly_fullweek":true,"qualifies_halfhour_weekday":true,"qualifies_halfhour_fullweek":true,"departures_MONDAY":209,"departures_TUESDAY":217,"departures_WEDNESDAY":217,"departures_THURSDAY":217,"departures_FRIDAY":217,"departures_SATURDAY":200,"departures_SUNDAY":175}},{"type":"Feature","geometry":{"type":"Point","coordinates":[3.7364,51.0518]},"properties":{"stop_id":"200226","stop_name":"Gent Puinstraat","qualifies_min1_weekday":true,"qualifies_min1_fullweek":true,"qualifies_min10_weekday":true,"qualifies_min10_fullweek":false,"qualifies_hourly_weekday":false,"qualifies_hourly_fullweek":false,"qualifies_halfhour_weekday":false,"qualifies_halfhour_fullweek":false,"departures_MONDAY":25,"departures_TUESDAY":29,"departures_WEDNESDAY":29,"departures_THURSDAY":29,"departures_FRIDAY":29,"departures_SATURDAY":21,"departures_SUNDAY":9}},{"type":"Feature","geometry":{"type":"Point","coordinates":[3.734,51.0533]},"properties":{"stop_id":"200227","stop_name":"Gent Van Eyckstraat","qualifies_min1_weekday":true,"qualifies_min1_fullweek":true,"qualifies_min10_weekday":true,"qualifies_min10_fullweek":false,"qualifies_hourly_weekday":false,"qualifies_hourly_fullweek":false,"qualifies_halfhour_weekday":false,"qualifies_halfhour_fullweek":false,"departures_MONDAY":25,"departures_TUESDAY":29,"departures_WEDNESDAY":29,"departures_THURSDAY":29,"departures_FRIDAY":29,"departures_SATURDAY":21,"departures_SUNDAY":9}},{"type":"Feature","geometry":{"type":"Point","coordinates":[3.7316,51.053]},"properties":{"stop_id":"200228","stop_name":"Gent Reep","qualifies_min1_weekday":true,"qualifies_min1_fullweek":true,"qualifies_min10_weekday":true,"qualifies_min10_fullweek":true,"qualifies_hourly_weekday":true,"qualifies_hourly_fullweek":true,"qualifies_halfhour_weekday":true,"qualifies_halfhour_fullweek":true,"departures_MONDAY":285,"departures_TUESDAY":345,"departures_WEDNESDAY":346,"departures_THURSDAY":345,"departures_FRIDAY":345,"departures_SATURDAY":287,"departures_SUNDAY":237}},{"type":"Feature","geometry":{"type":"Point","coordinates":[3.7038,51.0543]},"properties":{"stop_id":"200229","stop_name":"Gent Nieuwewandeling","qualifies_min1_weekday":true,"qualifies_min1_fullweek":true,"qualifies_min10_weekday":true,"qualifies_min10_fullweek":true,"qualifies_hourly_weekday":true,"qualifies_hourly_fullweek":true,"qualifies_halfhour_weekday":true,"qualifies_halfhour_fullweek":true,"departures_MONDAY":117,"departures_TUESDAY":131,"departures_WEDNESDAY":131,"departures_THURSDAY":131,"departures_FRIDAY":131,"departures_SATURDAY":100,"departures_SUNDAY":81}},{"type":"Feature","geometry":{"type":"Point","coordinates":[3.7474,51.0476]},"properties":{"stop_id":"200231","stop_name":"Gent Minneplein","qualifies_min1_weekday":true,"qualifies_min1_fullweek":true,"qualifies_min10_weekday":true,"qualifies_min10_fullweek":false,"qualifies_hourly_weekday":false,"qualifies_hourly_fullweek":false,"qualifies_halfhour_weekday":false,"qualifies_halfhour_fullweek":false,"departures_MONDAY":25,"departures_TUESDAY":29,"departures_WEDNESDAY":29,"departures_THURSDAY":29,"departures_FRIDAY":29,"departures_SATURDAY":21,"departures_SUNDAY":9}},{"type":"Feature","geometry":{"type":"Point","coordinates":[3.7028,51.0491]},"properties":{"stop_id":"200232","stop_name":"Gent Beneluxplein","qualifies_min1_weekday":true,"qualifies_min1_fullweek":true,"qualifies_min10_weekday":true,"qualifies_min10_fullweek":true,"qualifies_hourly_weekday":true,"qualifies_hourly_fullweek":true,"qualifies_halfhour_weekday":true,"qualifies_halfhour_fullweek":true,"departures_MONDAY":193,"departures_TUESDAY":238,"departures_WEDNESDAY":239,"departures_THURSDAY":238,"departures_FRIDAY":238,"departures_SATURDAY":162,"departures_SUNDAY":141}},{"type":"Feature","geometry":{"type":"Point","coordinates":[3.704,51.0441]},"properties":{"stop_id":"200235","stop_name":"Gent Verenigde-Natieslaan","qualifies_min1_weekday":true,"qualifies_min1_fullweek":true,"qualifies_min10_weekday":true,"qualifies_min10_fullweek":true,"qualifies_hourly_weekday":true,"qualifies_hourly_fullweek":true,"qualifies_halfhour_weekday":true,"qualifies_halfhour_fullweek":true,"departures_MONDAY":109,"departures_TUESDAY":141,"departures_WEDNESDAY":142,"departures_THURSDAY":141,"departures_FRIDAY":141,"departures_SATURDAY":80,"departures_SUNDAY":76}},{"type":"Feature","geometry":{"type":"Point","coordinates":[3.7811,51.077]},"properties":{"stop_id":"200242","stop_name":"Sint-Amandsberg Achtenkouterstraat","qualifies_min1_weekday":true,"qualifies_min1_fullweek":true,"qualifies_min10_weekday":true,"qualifies_min10_fullweek":true,"qualifies_hourly_weekday":true,"qualifies_hourly_fullweek":true,"qualifies_halfhour_weekday":true,"qualifies_halfhour_fullweek":true,"departures_MONDAY":99,"departures_TUESDAY":103,"departures_WEDNESDAY":104,"departures_THURSDAY":103,"departures_FRIDAY":103,"departures_SATURDAY":93,"departures_SUNDAY":85}},{"type":"Feature","geometry":{"type":"Point","coordinates":[3.6353,51.0484]},"properties":{"stop_id":"200247","stop_name":"Drongen Bollewerkstraat","qualifies_min1_weekday":false,"qualifies_min1_fullweek":false,"qualifies_min10_weekday":false,"qualifies_min10_fullweek":false,"qualifies_hourly_weekday":false,"qualifies_hourly_fullweek":false,"qualifies_halfhour_weekday":false,"qualifies_halfhour_fullweek":false,"departures_MONDAY":0,"departures_TUESDAY":0,"departures_WEDNESDAY":0,"departures_THURSDAY":0,"departures_FRIDAY":0,"departures_SATURDAY":0,"departures_SUNDAY":0}},{"type":"Feature","geometry":{"type":"Point","coordinates":[3.7069,51.0435]},"properties":{"stop_id":"200249","stop_name":"Gent Neermeerskaai","qualifies_min1_weekday":true,"qualifies_min1_fullweek":true,"qualifies_min10_weekday":true,"qualifies_min10_fullweek":true,"qualifies_hourly_weekday":true,"qualifies_hourly_fullweek":true,"qualifies_halfhour_weekday":true,"qualifies_halfhour_fullweek":true,"departures_MONDAY":109,"departures_TUESDAY":141,"departures_WEDNESDAY":142,"departures_THURSDAY":141,"departures_FRIDAY":141,"departures_SATURDAY":80,"departures_SUNDAY":76}},{"type":"Feature","geometry":{"type":"Point","coordinates":[3.7734,51.0911]},"properties":{"stop_id":"200254","stop_name":"Oostakker Sint-Arnoutstraat","qualifies_min1_weekday":true,"qualifies_min1_fullweek":true,"qualifies_min10_weekday":true,"qualifies_min10_fullweek":true,"qualifies_hourly_weekday":true,"qualifies_hourly_fullweek":true,"qualifies_halfhour_weekday":false,"qualifies_halfhour_fullweek":false,"departures_MONDAY":32,"departures_TUESDAY":32,"departures_WEDNESDAY":32,"departures_THURSDAY":32,"departures_FRIDAY":32,"departures_SATURDAY":28,"departures_SUNDAY":28}},{"type":"Feature","geometry":{"type":"Point","coordinates":[3.7782,51.0957]},"properties":{"stop_id":"200255","stop_name":"Oostakker Zalegemstraat","qualifies_min1_weekday":true,"qualifies_min1_fullweek":true,"qualifies_min10_weekday":true,"qualifies_min10_fullweek":true,"qualifies_hourly_weekday":true,"qualifies_hourly_fullweek":true,"qualifies_halfhour_weekday":false,"qualifies_halfhour_fullweek":false,"departures_MONDAY":32,"departures_TUESDAY":32,"departures_WEDNESDAY":32,"departures_THURSDAY":32,"departures_FRIDAY":32,"departures_SATURDAY":28,"departures_SUNDAY":28}},{"type":"Feature","geometry":{"type":"Point","coordinates":[3.7765,51.0985]},"properties":{"stop_id":"200258","stop_name":"Oostakker Wolfputstraat","qualifies_min1_weekday":true,"qualifies_min1_fullweek":true,"qualifies_min10_weekday":true,"qualifies_min10_fullweek":true,"qualifies_hourly_weekday":true,"qualifies_hourly_fullweek":true,"qualifies_halfhour_weekday":false,"qualifies_halfhour_fullweek":false,"departures_MONDAY":32,"departures_TUESDAY":32,"departures_WEDNESDAY":32,"departures_THURSDAY":32,"departures_FRIDAY":32,"departures_SATURDAY":28,"departures_SUNDAY":28}},{"type":"Feature","geometry":{"type":"Point","coordinates":[3.7614,51.0618]},"properties":{"stop_id":"200259","stop_name":"Sint-Amandsberg Jef Crickstraat","qualifies_min1_weekday":true,"qualifies_min1_fullweek":true,"qualifies_min10_weekday":true,"qualifies_min10_fullweek":true,"qualifies_hourly_weekday":true,"qualifies_hourly_fullweek":true,"qualifies_halfhour_weekday":false,"qualifies_halfhour_fullweek":false,"departures_MONDAY":63,"departures_TUESDAY":63,"departures_WEDNESDAY":63,"departures_THURSDAY":63,"departures_FRIDAY":63,"departures_SATURDAY":56,"departures_SUNDAY":55}},{"type":"Feature","geometry":{"type":"Point","coordinates":[3.7688,51.0633]},"properties":{"stop_id":"200261","stop_name":"Sint-Amandsberg Nachtegaaldreef","qualifies_min1_weekday":true,"qualifies_min1_fullweek":true,"qualifies_min10_weekday":true,"qualifies_min10_fullweek":true,"qualifies_hourly_weekday":true,"qualifies_hourly_fullweek":true,"qualifies_halfhour_weekday":false,"qualifies_halfhour_fullweek":false,"departures_MONDAY":63,"departures_TUESDAY":63,"departures_WEDNESDAY":63,"departures_THURSDAY":63,"departures_FRIDAY":63,"departures_SATURDAY":56,"departures_SUNDAY":55}},{"type":"Feature","geometry":{"type":"Point","coordinates":[3.7532,51.078]},"properties":{"stop_id":"200262","stop_name":"Oostakker Sint-Bernadettestraat","qualifies_min1_weekday":true,"qualifies_min1_fullweek":true,"qualifies_min10_weekday":true,"qualifies_min10_fullweek":true,"qualifies_hourly_weekday":true,"qualifies_hourly_fullweek":true,"qualifies_halfhour_weekday":false,"qualifies_halfhour_fullweek":false,"departures_MONDAY":66,"departures_TUESDAY":75,"departures_WEDNESDAY":73,"departures_THURSDAY":75,"departures_FRIDAY":75,"departures_SATURDAY":63,"departures_SUNDAY":57}},{"type":"Feature","geometry":{"type":"Point","coordinates":[3.7503,51.0771]},"properties":{"stop_id":"200263","stop_name":"Gent Motorstraat","qualifies_min1_weekday":false,"qualifies_min1_fullweek":false,"qualifies_min10_weekday":false,"qualifies_min10_fullweek":false,"qualifies_hourly_weekday":false,"qualifies_hourly_fullweek":false,"qualifies_halfhour_weekday":false,"qualifies_halfhour_fullweek":false,"departures_MONDAY":0,"departures_TUESDAY":0,"departures_WEDNESDAY":0,"departures_THURSDAY":0,"departures_FRIDAY":0,"departures_SATURDAY":0,"departures_SUNDAY":0}},{"type":"Feature","geometry":{"type":"Point","coordinates":[3.7466,51.0742]},"properties":{"stop_id":"200264","stop_name":"Gent Scheeplosserstraat","qualifies_min1_weekday":false,"qualifies_min1_fullweek":false,"qualifies_min10_weekday":false,"qualifies_min10_fullweek":false,"qualifies_hourly_weekday":false,"qualifies_hourly_fullweek":false,"qualifies_halfhour_weekday":false,"qualifies_halfhour_fullweek":false,"departures_MONDAY":0,"departures_TUESDAY":0,"departures_WEDNESDAY":0,"departures_THURSDAY":0,"departures_FRIDAY":0,"departures_SATURDAY":0,"departures_SUNDAY":0}},{"type":"Feature","geometry":{"type":"Point","coordinates":[3.75,51.0679]},"properties":{"stop_id":"200266","stop_name":"Sint-Amandsberg Visitatiestraat","qualifies_min1_weekday":true,"qualifies_min1_fullweek":true,"qualifies_min10_weekday":true,"qualifies_min10_fullweek":true,"qualifies_hourly_weekday":true,"qualifies_hourly_fullweek":true,"qualifies_halfhour_weekday":false,"qualifies_halfhour_fullweek":false,"departures_MONDAY":66,"departures_TUESDAY":75,"departures_WEDNESDAY":73,"departures_THURSDAY":75,"departures_FRIDAY":75,"departures_SATURDAY":63,"departures_SUNDAY":57}},{"type":"Feature","geometry":{"type":"Point","coordinates":[3.7374,51.0488]},"properties":{"stop_id":"200267","stop_name":"Gent Tweebruggenstraat","qualifies_min1_weekday":true,"qualifies_min1_fullweek":true,"qualifies_min10_weekday":true,"qualifies_min10_fullweek":true,"qualifies_hourly_weekday":true,"qualifies_hourly_fullweek":true,"qualifies_halfhour_weekday":true,"qualifies_halfhour_fullweek":true,"departures_MONDAY":209,"departures_TUESDAY":217,"departures_WEDNESDAY":217,"departures_THURSDAY":217,"departures_FRIDAY":217,"departures_SATURDAY":200,"departures_SUNDAY":175}},{"type":"Feature","geometry":{"type":"Point","coordinates":[3.7315,51.048]},"properties":{"stop_id":"200269","stop_name":"Gent Zuid perron 4","qualifies_min1_weekday":true,"qualifies_min1_fullweek":true,"qualifies_min10_weekday":true,"qualifies_min10_fullweek":true,"qualifies_hourly_weekday":true,"qualifies_hourly_fullweek":true,"qualifies_halfhour_weekday":true,"qualifies_halfhour_fullweek":true,"departures_MONDAY":167,"departures_TUESDAY":178,"departures_WEDNESDAY":179,"departures_THURSDAY":178,"departures_FRIDAY":178,"departures_SATURDAY":154,"departures_SUNDAY":131}},{"type":"Feature","geometry":{"type":"Point","coordinates":[3.7327,51.0425]},"properties":{"stop_id":"200271","stop_name":"Gent Muinklaan","qualifies_min1_weekday":true,"qualifies_min1_fullweek":true,"qualifies_min10_weekday":true,"qualifies_min10_fullweek":true,"qualifies_hourly_weekday":true,"qualifies_hourly_fullweek":true,"qualifies_halfhour_weekday":true,"qualifies_halfhour_fullweek":true,"departures_MONDAY":166,"departures_TUESDAY":183,"departures_WEDNESDAY":182,"departures_THURSDAY":183,"departures_FRIDAY":183,"departures_SATURDAY":154,"departures_SUNDAY":131}},{"type":"Feature","geometry":{"type":"Point","coordinates":[3.7323,51.0399]},"properties":{"stop_id":"200272","stop_name":"Gent Leeuwstraat","qualifies_min1_weekday":true,"qualifies_min1_fullweek":true,"qualifies_min10_weekday":true,"qualifies_min10_fullweek":true,"qualifies_hourly_weekday":true,"qualifies_hourly_fullweek":true,"qualifies_halfhour_weekday":true,"qualifies_halfhour_fullweek":true,"departures_MONDAY":166,"departures_TUESDAY":183,"departures_WEDNESDAY":182,"departures_THURSDAY":183,"departures_FRIDAY":183,"departures_SATURDAY":154,"departures_SUNDAY":131}},{"type":"Feature","geometry":{"type":"Point","coordinates":[3.7306,51.0386]},"properties":{"stop_id":"200273","stop_name":"Gent Terplatenbrug","qualifies_min1_weekday":true,"qualifies_min1_fullweek":true,"qualifies_min10_weekday":true,"qualifies_min10_fullweek":true,"qualifies_hourly_weekday":true,"qualifies_hourly_fullweek":true,"qualifies_halfhour_weekday":true,"qualifies_halfhour_fullweek":true,"departures_MONDAY":166,"departures_TUESDAY":183,"departures_WEDNESDAY":182,"departures_THURSDAY":183,"departures_FRIDAY":183,"departures_SATURDAY":154,"departures_SUNDAY":131}},{"type":"Feature","geometry":{"type":"Point","coordinates":[3.727,51.0386]},"properties":{"stop_id":"200274","stop_name":"Gent Heuvelpoort","qualifies_min1_weekday":true,"qualifies_min1_fullweek":true,"qualifies_min10_weekday":true,"qualifies_min10_fullweek":true,"qualifies_hourly_weekday":true,"qualifies_hourly_fullweek":true,"qualifies_halfhour_weekday":true,"qualifies_halfhour_fullweek":true,"departures_MONDAY":201,"departures_TUESDAY":222,"departures_WEDNESDAY":221,"departures_THURSDAY":222,"departures_FRIDAY":222,"departures_SATURDAY":186,"departures_SUNDAY":148}},{"type":"Feature","geometry":{"type":"Point","coordinates":[3.7223,51.0369]},"properties":{"stop_id":"200275","stop_name":"Gent Ledeganckstraat","qualifies_min1_weekday":true,"qualifies_min1_fullweek":true,"qualifies_min10_weekday":true,"qualifies_min10_fullweek":true,"qualifies_hourly_weekday":true,"qualifies_hourly_fullweek":true,"qualifies_halfhour_weekday":true,"qualifies_halfhour_fullweek":true,"departures_MONDAY":201,"departures_TUESDAY":222,"departures_WEDNESDAY":221,"departures_THURSDAY":222,"departures_FRIDAY":222,"departures_SATURDAY":186,"departures_SUNDAY":148}},{"type":"Feature","geometry":{"type":"Point","coordinates":[3.7196,51.0352]},"properties":{"stop_id":"200276","stop_name":"Gent Fortlaan","qualifies_min1_weekday":true,"qualifies_min1_fullweek":true,"qualifies_min10_weekday":true,"qualifies_min10_fullweek":true,"qualifies_hourly_weekday":true,"qualifies_hourly_fullweek":true,"qualifies_halfhour_weekday":true,"qualifies_halfhour_fullweek":true,"departures_MONDAY":201,"departures_TUESDAY":221,"departures_WEDNESDAY":220,"departures_THURSDAY":221,"departures_FRIDAY":221,"departures_SATURDAY":186,"departures_SUNDAY":148}},{"type":"Feature","geometry":{"type":"Point","coordinates":[3.7219,51.0267]},"properties":{"stop_id":"200286","stop_name":"Gent UZ Zwijnaardsesteenweg","qualifies_min1_weekday":true,"qualifies_min1_fullweek":true,"qualifies_min10_weekday":true,"qualifies_min10_fullweek":true,"qualifies_hourly_weekday":true,"qualifies_hourly_fullweek":true,"qualifies_halfhour_weekday":true,"qualifies_halfhour_fullweek":true,"departures_MONDAY":93,"departures_TUESDAY":120,"departures_WEDNESDAY":120,"departures_THURSDAY":120,"departures_FRIDAY":120,"departures_SATURDAY":90,"departures_SUNDAY":62}},{"type":"Feature","geometry":{"type":"Point","coordinates":[3.7114,51.0]},"properties":{"stop_id":"200290","stop_name":"Zwijnaarde Remi Vlerickstraat","qualifies_min1_weekday":false,"qualifies_min1_fullweek":false,"qualifies_min10_weekday":false,"qualifies_min10_fullweek":false,"qualifies_hourly_weekday":false,"qualifies_hourly_fullweek":false,"qualifies_halfhour_weekday":false,"qualifies_halfhour_fullweek":false,"departures_MONDAY":0,"departures_TUESDAY":1,"departures_WEDNESDAY":1,"departures_THURSDAY":1,"departures_FRIDAY":1,"departures_SATURDAY":0,"departures_SUNDAY":0}},{"type":"Feature","geometry":{"type":"Point","coordinates":[3.7104,50.9995]},"properties":{"stop_id":"200296","stop_name":"Zwijnaarde Remi Vlerickstraat","qualifies_min1_weekday":false,"qualifies_min1_fullweek":false,"qualifies_min10_weekday":false,"qualifies_min10_fullweek":false,"qualifies_hourly_weekday":false,"qualifies_hourly_fullweek":false,"qualifies_halfhour_weekday":false,"qualifies_halfhour_fullweek":false,"departures_MONDAY":0,"departures_TUESDAY":1,"departures_WEDNESDAY":1,"departures_THURSDAY":1,"departures_FRIDAY":1,"departures_SATURDAY":0,"departures_SUNDAY":0}},{"type":"Feature","geometry":{"type":"Point","coordinates":[3.7764,51.0701]},"properties":{"stop_id":"200300","stop_name":"Sint-Amandsberg Schuurstraat","qualifies_min1_weekday":true,"qualifies_min1_fullweek":true,"qualifies_min10_weekday":true,"qualifies_min10_fullweek":true,"qualifies_hourly_weekday":true,"qualifies_hourly_fullweek":true,"qualifies_halfhour_weekday":false,"qualifies_halfhour_fullweek":false,"departures_MONDAY":63,"departures_TUESDAY":63,"departures_WEDNESDAY":63,"departures_THURSDAY":63,"departures_FRIDAY":63,"departures_SATURDAY":56,"departures_SUNDAY":55}},{"type":"Feature","geometry":{"type":"Point","coordinates":[3.7734,51.0671]},"properties":{"stop_id":"200301","stop_name":"Sint-Amandsberg Vinkenlaan","qualifies_min1_weekday":true,"qualifies_min1_fullweek":true,"qualifies_min10_weekday":true,"qualifies_min10_fullweek":true,"qualifies_hourly_weekday":true,"qualifies_hourly_fullweek":true,"qualifies_halfhour_weekday":false,"qualifies_halfhour_fullweek":false,"departures_MONDAY":63,"departures_TUESDAY":63,"departures_WEDNESDAY":63,"departures_THURSDAY":63,"departures_FRIDAY":63,"departures_SATURDAY":56,"departures_SUNDAY":55}},{"type":"Feature","geometry":{"type":"Point","coordinates":[3.7689,51.0662]},"properties":{"stop_id":"200302","stop_name":"Sint-Amandsberg Koerspleinstraat","qualifies_min1_weekday":true,"qualifies_min1_fullweek":true,"qualifies_min10_weekday":true,"qualifies_min10_fullweek":true,"qualifies_hourly_weekday":true,"qualifies_hourly_fullweek":true,"qualifies_halfhour_weekday":false,"qualifies_halfhour_fullweek":false,"departures_MONDAY":63,"departures_TUESDAY":63,"departures_WEDNESDAY":63,"departures_THURSDAY":63,"departures_FRIDAY":63,"departures_SATURDAY":56,"departures_SUNDAY":55}},{"type":"Feature","geometry":{"type":"Point","coordinates":[3.7451,51.0581]},"properties":{"stop_id":"200308","stop_name":"Gent van Arenbergstraat","qualifies_min1_weekday":true,"qualifies_min1_fullweek":true,"qualifies_min10_weekday":true,"qualifies_min10_fullweek":true,"qualifies_hourly_weekday":true,"qualifies_hourly_fullweek":true,"qualifies_halfhour_weekday":false,"qualifies_halfhour_fullweek":false,"departures_MONDAY":63,"departures_TUESDAY":63,"departures_WEDNESDAY":63,"departures_THURSDAY":63,"departures_FRIDAY":63,"departures_SATURDAY":56,"departures_SUNDAY":55}},{"type":"Feature","geometry":{"type":"Point","coordinates":[3.7094,51.0258]},"properties":{"stop_id":"200311","stop_name":"Gent Sterre (Kortrijksesteenweg)","qualifies_min1_weekday":true,"qualifies_min1_fullweek":true,"qualifies_min10_weekday":true,"qualifies_min10_fullweek":true,"qualifies_hourly_weekday":true,"qualifies_hourly_fullweek":true,"qualifies_halfhour_weekday":true,"qualifies_halfhour_fullweek":false,"departures_MONDAY":66,"departures_TUESDAY":66,"departures_WEDNESDAY":66,"departures_THURSDAY":66,"departures_FRIDAY":66,"departures_SATURDAY":64,"departures_SUNDAY":58}},{"type":"Feature","geometry":{"type":"Point","coordinates":[3.6927,51.0248]},"properties":{"stop_id":"200314","stop_name":"Sint-Denijs-Westrem P+R Flanders Expo","qualifies_min1_weekday":true,"qualifies_min1_fullweek":true,"qualifies_min10_weekday":true,"qualifies_min10_fullweek":true,"qualifies_hourly_weekday":true,"qualifies_hourly_fullweek":true,"qualifies_halfhour_weekday":true,"qualifies_halfhour_fullweek":true,"departures_MONDAY":85,"departures_TUESDAY":99,"departures_WEDNESDAY":99,"departures_THURSDAY":99,"departures_FRIDAY":99,"departures_SATURDAY":92,"departures_SUNDAY":79}},{"type":"Feature","geometry":{"type":"Point","coordinates":[3.6708,51.0185]},"properties":{"stop_id":"200318","stop_name":"Sint-Denijs-Westrem Soenenspark","qualifies_min1_weekday":true,"qualifies_min1_fullweek":true,"qualifies_min10_weekday":true,"qualifies_min10_fullweek":true,"qualifies_hourly_weekday":true,"qualifies_hourly_fullweek":true,"qualifies_halfhour_weekday":true,"qualifies_halfhour_fullweek":false,"departures_MONDAY":66,"departures_TUESDAY":66,"departures_WEDNESDAY":66,"departures_THURSDAY":66,"departures_FRIDAY":66,"departures_SATURDAY":64,"departures_SUNDAY":58}},{"type":"Feature","geometry":{"type":"Point","coordinates":[3.6686,51.0201]},"properties":{"stop_id":"200319","stop_name":"Sint-Denijs-Westrem Dorp","qualifies_min1_weekday":true,"qualifies_min1_fullweek":true,"qualifies_min10_weekday":true,"qualifies_min10_fullweek":true,"qualifies_hourly_weekday":true,"qualifies_hourly_fullweek":true,"qualifies_halfhour_weekday":true,"qualifies_halfhour_fullweek":false,"departures_MONDAY":66,"departures_TUESDAY":66,"departures_WEDNESDAY":66,"departures_THURSDAY":66,"departures_FRIDAY":66,"departures_SATURDAY":64,"departures_SUNDAY":58}},{"type":"Feature","geometry":{"type":"Point","coordinates":[3.7147,51.005]},"properties":{"stop_id":"200325","stop_name":"Zwijnaarde Molen","qualifies_min1_weekday":true,"qualifies_min1_fullweek":true,"qualifies_min10_weekday":true,"qualifies_min10_fullweek":true,"qualifies_hourly_weekday":true,"qualifies_hourly_fullweek":false,"qualifies_halfhour_weekday":false,"qualifies_halfhour_fullweek":false,"departures_MONDAY":32,"departures_TUESDAY":42,"departures_WEDNESDAY":44,"departures_THURSDAY":42,"departures_FRIDAY":42,"departures_SATURDAY":30,"departures_SUNDAY":13}},{"type":"Feature","geometry":{"type":"Point","coordinates":[3.7141,51.031]},"properties":{"stop_id":"200341","stop_name":"Gent Sint-Pietersaalststraat","qualifies_min1_weekday":true,"qualifies_min1_fullweek":true,"qualifies_min10_weekday":true,"qualifies_min10_fullweek":true,"qualifies_hourly_weekday":true,"qualifies_hourly_fullweek":true,"qualifies_halfhour_weekday":true,"qualifies_halfhour_fullweek":true,"departures_MONDAY":171,"departures_TUESDAY":207,"departures_WEDNESDAY":207,"departures_THURSDAY":207,"departures_FRIDAY":207,"departures_SATURDAY":168,"departures_SUNDAY":144}},{"type":"Feature","geometry":{"type":"Point","coordinates":[3.7182,51.029]},"properties":{"stop_id":"200342","stop_name":"Gent Krijgslaan","qualifies_min1_weekday":true,"qualifies_min1_fullweek":true,"qualifies_min10_weekday":true,"qualifies_min10_fullweek":true,"qualifies_hourly_weekday":true,"qualifies_hourly_fullweek":true,"qualifies_halfhour_weekday":true,"qualifies_halfhour_fullweek":true,"departures_MONDAY":171,"departures_TUESDAY":207,"departures_WEDNESDAY":207,"departures_THURSDAY":207,"departures_FRIDAY":207,"departures_SATURDAY":168,"departures_SUNDAY":144}},{"type":"Feature","geometry":{"type":"Point","coordinates":[3.7205,51.026]},"properties":{"stop_id":"200343","stop_name":"Gent De Pintelaan","qualifies_min1_weekday":true,"qualifies_min1_fullweek":true,"qualifies_min10_weekday":true,"qualifies_min10_fullweek":true,"qualifies_hourly_weekday":true,"qualifies_hourly_fullweek":true,"qualifies_halfhour_weekday":true,"qualifies_halfhour_fullweek":true,"departures_MONDAY":86,"departures_TUESDAY":100,"departures_WEDNESDAY":100,"departures_THURSDAY":100,"departures_FRIDAY":100,"departures_SATURDAY":92,"departures_SUNDAY":77}},{"type":"Feature","geometry":{"type":"Point","coordinates":[3.7205,51.0229]},"properties":{"stop_id":"200344","stop_name":"Gent Rerum-Novarumplein","qualifies_min1_weekday":true,"qualifies_min1_fullweek":true,"qualifies_min10_weekday":true,"qualifies_min10_fullweek":true,"qualifies_hourly_weekday":true,"qualifies_hourly_fullweek":true,"qualifies_halfhour_weekday":true,"qualifies_halfhour_fullweek":true,"departures_MONDAY":178,"departures_TUESDAY":219,"departures_WEDNESDAY":219,"departures_THURSDAY":219,"departures_FRIDAY":219,"departures_SATURDAY":181,"departures_SUNDAY":139}},{"type":"Feature","geometry":{"type":"Point","coordinates":[3.7199,51.0175]},"properties":{"stop_id":"200345","stop_name":"Zwijnaarde Gestichtstraat","qualifies_min1_weekday":true,"qualifies_min1_fullweek":true,"qualifies_min10_weekday":true,"qualifies_min10_fullweek":true,"qualifies_hourly_weekday":true,"qualifies_hourly_fullweek":true,"qualifies_halfhour_weekday":true,"qualifies_halfhour_fullweek":true,"departures_MONDAY":84,"departures_TUESDAY":98,"departures_WEDNESDAY":98,"departures_THURSDAY":98,"departures_FRIDAY":98,"departures_SATURDAY":90,"departures_SUNDAY":77}},{"type":"Feature","geometry":{"type":"Point","coordinates":[3.7374,51.0338]},"properties":{"stop_id":"200346","stop_name":"Ledeberg Gaston Crommenlaan","qualifies_min1_weekday":true,"qualifies_min1_fullweek":true,"qualifies_min10_weekday":true,"qualifies_min10_fullweek":true,"qualifies_hourly_weekday":true,"qualifies_hourly_fullweek":true,"qualifies_halfhour_weekday":true,"qualifies_halfhour_fullweek":true,"departures_MONDAY":146,"departures_TUESDAY":179,"departures_WEDNESDAY":177,"departures_THURSDAY":179,"departures_FRIDAY":179,"departures_SATURDAY":90,"departures_SUNDAY":75}},{"type":"Feature","geometry":{"type":"Point","coordinates":[3.7103,51.0723]},"properties":{"stop_id":"200350","stop_name":"Gent Van Beverenplein","qualifies_min1_weekday":true,"qualifies_min1_fullweek":true,"qualifies_min10_weekday":true,"qualifies_min10_fullweek":true,"qualifies_hourly_weekday":true,"qualifies_hourly_fullweek":true,"qualifies_halfhour_weekday":true,"qualifies_halfhour_fullweek":true,"departures_MONDAY":210,"departures_TUESDAY":254,"departures_WEDNESDAY":255,"departures_THURSDAY":254,"departures_FRIDAY":254,"departures_SATURDAY":210,"departures_SUNDAY":178}},{"type":"Feature","geometry":{"type":"Point","coordinates":[3.7081,51.0699]},"properties":{"stop_id":"200351","stop_name":"Gent Fuchsiastraat","qualifies_min1_weekday":true,"qualifies_min1_fullweek":true,"qualifies_min10_weekday":true,"qualifies_min10_fullweek":true,"qualifies_hourly_weekday":true,"qualifies_hourly_fullweek":true,"qualifies_halfhour_weekday":true,"qualifies_halfhour_fullweek":true,"departures_MONDAY":210,"departures_TUESDAY":253,"departures_WEDNESDAY":254,"departures_THURSDAY":253,"departures_FRIDAY":253,"departures_SATURDAY":210,"departures_SUNDAY":178}},{"type":"Feature","geometry":{"type":"Point","coordinates":[3.7099,51.0654]},"properties":{"stop_id":"200355","stop_name":"Gent Wondelgembrug","qualifies_min1_weekday":true,"qualifies_min1_fullweek":true,"qualifies_min10_weekday":true,"qualifies_min10_fullweek":true,"qualifies_hourly_weekday":true,"qualifies_hourly_fullweek":true,"qualifies_halfhour_weekday":true,"qualifies_halfhour_fullweek":true,"departures_MONDAY":210,"departures_TUESDAY":253,"departures_WEDNESDAY":254,"departures_THURSDAY":253,"departures_FRIDAY":253,"departures_SATURDAY":210,"departures_SUNDAY":178}},{"type":"Feature","geometry":{"type":"Point","coordinates":[3.7172,51.0665]},"properties":{"stop_id":"200356","stop_name":"Gent Gaardeniersbrug (Gasmeterlaan)","qualifies_min1_weekday":true,"qualifies_min1_fullweek":true,"qualifies_min10_weekday":true,"qualifies_min10_fullweek":true,"qualifies_hourly_weekday":true,"qualifies_hourly_fullweek":true,"qualifies_halfhour_weekday":true,"qualifies_halfhour_fullweek":true,"departures_MONDAY":210,"departures_TUESDAY":253,"departures_WEDNESDAY":254,"departures_THURSDAY":253,"departures_FRIDAY":253,"departures_SATURDAY":210,"departures_SUNDAY":178}},{"type":"Feature","geometry":{"type":"Point","coordinates":[3.7294,51.064]},"properties":{"stop_id":"200363","stop_name":"Gent Heilig-Kerst","qualifies_min1_weekday":true,"qualifies_min1_fullweek":true,"qualifies_min10_weekday":true,"qualifies_min10_fullweek":true,"qualifies_hourly_weekday":true,"qualifies_hourly_fullweek":true,"qualifies_halfhour_weekday":true,"qualifies_halfhour_fullweek":true,"departures_MONDAY":48,"departures_TUESDAY":48,"departures_WEDNESDAY":48,"departures_THURSDAY":48,"departures_FRIDAY":48,"departures_SATURDAY":48,"departures_SUNDAY":48}},{"type":"Feature","geometry":{"type":"Point","coordinates":[3.7342,51.0627]},"properties":{"stop_id":"200364","stop_name":"Gent Stapelplein","qualifies_min1_weekday":true,"qualifies_min1_fullweek":true,"qualifies_min10_weekday":true,"qualifies_min10_fullweek":true,"qualifies_hourly_weekday":true,"qualifies_hourly_fullweek":true,"qualifies_halfhour_weekday":true,"qualifies_halfhour_fullweek":true,"departures_MONDAY":48,"departures_TUESDAY":48,"departures_WEDNESDAY":48,"departures_THURSDAY":48,"departures_FRIDAY":48,"departures_SATURDAY":48,"departures_SUNDAY":48}},{"type":"Feature","geometry":{"type":"Point","coordinates":[3.7282,51.056]},"properties":{"stop_id":"200367","stop_name":"Gent Sint-Jacobs perron 2","qualifies_min1_weekday":true,"qualifies_min1_fullweek":true,"qualifies_min10_weekday":true,"qualifies_min10_fullweek":true,"qualifies_hourly_weekday":true,"qualifies_hourly_fullweek":true,"qualifies_halfhour_weekday":true,"qualifies_halfhour_fullweek":true,"departures_MONDAY":155,"departures_TUESDAY":195,"departures_WEDNESDAY":195,"departures_THURSDAY":195,"departures_FRIDAY":195,"departures_SATURDAY":174,"departures_SUNDAY":166}},{"type":"Feature","geometry":{"type":"Point","coordinates":[3.7327,51.0517]},"properties":{"stop_id":"200369","stop_name":"Gent Kapucijnenham","qualifies_min1_weekday":true,"qualifies_min1_fullweek":true,"qualifies_min10_weekday":true,"qualifies_min10_fullweek":true,"qualifies_hourly_weekday":true,"qualifies_hourly_fullweek":true,"qualifies_halfhour_weekday":true,"qualifies_halfhour_fullweek":true,"departures_MONDAY":285,"departures_TUESDAY":345,"departures_WEDNESDAY":346,"departures_THURSDAY":345,"departures_FRIDAY":345,"departures_SATURDAY":287,"departures_SUNDAY":237}},{"type":"Feature","geometry":{"type":"Point","coordinates":[3.7271,51.0472]},"properties":{"stop_id":"200370","stop_name":"Gent Bagattenstraat","qualifies_min1_weekday":true,"qualifies_min1_fullweek":true,"qualifies_min10_weekday":true,"qualifies_min10_fullweek":true,"qualifies_hourly_weekday":true,"qualifies_hourly_fullweek":true,"qualifies_halfhour_weekday":true,"qualifies_halfhour_fullweek":true,"departures_MONDAY":94,"departures_TUESDAY":121,"departures_WEDNESDAY":121,"departures_THURSDAY":121,"departures_FRIDAY":121,"departures_SATURDAY":91,"departures_SUNDAY":62}},{"type":"Feature","geometry":{"type":"Point","coordinates":[3.7262,51.0441]},"properties":{"stop_id":"200371","stop_name":"Gent Blandijnberg","qualifies_min1_weekday":true,"qualifies_min1_fullweek":true,"qualifies_min10_weekday":true,"qualifies_min10_fullweek":true,"qualifies_hourly_weekday":true,"qualifies_hourly_fullweek":true,"qualifies_halfhour_weekday":true,"qualifies_halfhour_fullweek":true,"departures_MONDAY":94,"departures_TUESDAY":121,"departures_WEDNESDAY":121,"departures_THURSDAY":121,"departures_FRIDAY":121,"departures_SATURDAY":91,"departures_SUNDAY":62}},{"type":"Feature","geometry":{"type":"Point","coordinates":[3.7255,51.0423]},"properties":{"stop_id":"200372","stop_name":"Gent Sint-Pietersplein","qualifies_min1_weekday":true,"qualifies_min1_fullweek":true,"qualifies_min10_weekday":true,"qualifies_min10_fullweek":true,"qualifies_hourly_weekday":true,"qualifies_hourly_fullweek":true,"qualifies_halfhour_weekday":true,"qualifies_halfhour_fullweek":true,"departures_MONDAY":94,"departures_TUESDAY":121,"departures_WEDNESDAY":121,"departures_THURSDAY":121,"departures_FRIDAY":121,"departures_SATURDAY":91,"departures_SUNDAY":62}},{"type":"Feature","geometry":{"type":"Point","coordinates":[3.7255,51.0343]},"properties":{"stop_id":"200374","stop_name":"Gent de Heerestraat","qualifies_min1_weekday":true,"qualifies_min1_fullweek":true,"qualifies_min10_weekday":true,"qualifies_min10_fullweek":true,"qualifies_hourly_weekday":true,"qualifies_hourly_fullweek":true,"qualifies_halfhour_weekday":true,"qualifies_halfhour_fullweek":true,"departures_MONDAY":93,"departures_TUESDAY":120,"departures_WEDNESDAY":120,"departures_THURSDAY":120,"departures_FRIDAY":120,"departures_SATURDAY":90,"departures_SUNDAY":62}},{"type":"Feature","geometry":{"type":"Point","coordinates":[3.7222,51.029]},"properties":{"stop_id":"200376","stop_name":"Gent Opvoedingstraat","qualifies_min1_weekday":true,"qualifies_min1_fullweek":true,"qualifies_min10_weekday":true,"qualifies_min10_fullweek":true,"qualifies_hourly_weekday":true,"qualifies_hourly_fullweek":true,"qualifies_halfhour_weekday":true,"qualifies_halfhour_fullweek":true,"departures_MONDAY":93,"departures_TUESDAY":120,"departures_WEDNESDAY":120,"departures_THURSDAY":120,"departures_FRIDAY":120,"departures_SATURDAY":90,"departures_SUNDAY":62}},{"type":"Feature","geometry":{"type":"Point","coordinates":[3.7285,51.0556]},"properties":{"stop_id":"200383","stop_name":"Gent Sint-Jacobs perron 3","qualifies_min1_weekday":true,"qualifies_min1_fullweek":true,"qualifies_min10_weekday":true,"qualifies_min10_fullweek":true,"qualifies_hourly_weekday":true,"qualifies_hourly_fullweek":true,"qualifies_halfhour_weekday":true,"qualifies_halfhour_fullweek":false,"departures_MONDAY":105,"departures_TUESDAY":121,"departures_WEDNESDAY":122,"departures_THURSDAY":121,"departures_FRIDAY":121,"departures_SATURDAY":93,"departures_SUNDAY":62}},{"type":"Feature","geometry":{"type":"Point","coordinates":[3.7134,51.0748]},"properties":{"stop_id":"200392","stop_name":"Gent van Ryhovelaan","qualifies_min1_weekday":true,"qualifies_min1_fullweek":true,"qualifies_min10_weekday":true,"qualifies_min10_fullweek":true,"qualifies_hourly_weekday":true,"qualifies_hourly_fullweek":true,"qualifies_halfhour_weekday":true,"qualifies_halfhour_fullweek":true,"departures_MONDAY":210,"departures_TUESDAY":254,"departures_WEDNESDAY":255,"departures_THURSDAY":254,"departures_FRIDAY":254,"departures_SATURDAY":210,"departures_SUNDAY":178}},{"type":"Feature","geometry":{"type":"Point","coordinates":[3.7308,51.0482]},"properties":{"stop_id":"200393","stop_name":"Gent Zuid perron 9","qualifies_min1_weekday":true,"qualifies_min1_fullweek":true,"qualifies_min10_weekday":true,"qualifies_min10_fullweek":true,"qualifies_hourly_weekday":true,"qualifies_hourly_fullweek":true,"qualifies_halfhour_weekday":true,"qualifies_halfhour_fullweek":true,"departures_MONDAY":94,"departures_TUESDAY":121,"departures_WEDNESDAY":121,"departures_THURSDAY":121,"departures_FRIDAY":121,"departures_SATURDAY":91,"departures_SUNDAY":62}},{"type":"Feature","geometry":{"type":"Point","coordinates":[3.6377,51.0885]},"properties":{"stop_id":"200402","stop_name":"Vinderhoute Neerstraat","qualifies_min1_weekday":true,"qualifies_min1_fullweek":true,"qualifies_min10_weekday":true,"qualifies_min10_fullweek":true,"qualifies_hourly_weekday":true,"qualifies_hourly_fullweek":true,"qualifies_halfhour_weekday":false,"qualifies_halfhour_fullweek":false,"departures_MONDAY":34,"departures_TUESDAY":38,"departures_WEDNESDAY":38,"departures_THURSDAY":38,"departures_FRIDAY":38,"departures_SATURDAY":29,"departures_SUNDAY":17}},{"type":"Feature","geometry":{"type":"Point","coordinates":[3.6789,51.0755]},"properties":{"stop_id":"200411","stop_name":"Mariakerke Post","qualifies_min1_weekday":false,"qualifies_min1_fullweek":false,"qualifies_min10_weekday":false,"qualifies_min10_fullweek":false,"qualifies_hourly_weekday":false,"qualifies_hourly_fullweek":false,"qualifies_halfhour_weekday":false,"qualifies_halfhour_fullweek":false,"departures_MONDAY":0,"departures_TUESDAY":0,"departures_WEDNESDAY":0,"departures_THURSDAY":0,"departures_FRIDAY":0,"departures_SATURDAY":0,"departures_SUNDAY":0}},{"type":"Feature","geometry":{"type":"Point","coordinates":[3.6774,51.0772]},"properties":{"stop_id":"200412","stop_name":"Mariakerke Mariakerkebrug","qualifies_min1_weekday":true,"qualifies_min1_fullweek":true,"qualifies_min10_weekday":true,"qualifies_min10_fullweek":true,"qualifies_hourly_weekday":true,"qualifies_hourly_fullweek":true,"qualifies_halfhour_weekday":false,"qualifies_halfhour_fullweek":false,"departures_MONDAY":37,"departures_TUESDAY":55,"departures_WEDNESDAY":55,"departures_THURSDAY":55,"departures_FRIDAY":55,"departures_SATURDAY":30,"departures_SUNDAY":30}},{"type":"Feature","geometry":{"type":"Point","coordinates":[3.6796,51.0799]},"properties":{"stop_id":"200413","stop_name":"Mariakerke Dienstencentrum","qualifies_min1_weekday":true,"qualifies_min1_fullweek":true,"qualifies_min10_weekday":true,"qualifies_min10_fullweek":true,"qualifies_hourly_weekday":true,"qualifies_hourly_fullweek":true,"qualifies_halfhour_weekday":false,"qualifies_halfhour_fullweek":false,"departures_MONDAY":37,"departures_TUESDAY":55,"departures_WEDNESDAY":55,"departures_THURSDAY":55,"departures_FRIDAY":55,"departures_SATURDAY":30,"departures_SUNDAY":30}},{"type":"Feature","geometry":{"type":"Point","coordinates":[3.687,51.0815]},"properties":{"stop_id":"200414","stop_name":"Mariakerke Kollekasteel (Groenestaakstraat)","qualifies_min1_weekday":true,"qualifies_min1_fullweek":true,"qualifies_min10_weekday":true,"qualifies_min10_fullweek":true,"qualifies_hourly_weekday":true,"qualifies_hourly_fullweek":true,"qualifies_halfhour_weekday":false,"qualifies_halfhour_fullweek":false,"departures_MONDAY":37,"departures_TUESDAY":55,"departures_WEDNESDAY":55,"departures_THURSDAY":55,"departures_FRIDAY":55,"departures_SATURDAY":30,"departures_SUNDAY":30}},{"type":"Feature","geometry":{"type":"Point","coordinates":[3.6925,51.0827]},"properties":{"stop_id":"200415","stop_name":"Mariakerke Lusthoflaan","qualifies_min1_weekday":true,"qualifies_min1_fullweek":true,"qualifies_min10_weekday":true,"qualifies_min10_fullweek":true,"qualifies_hourly_weekday":true,"qualifies_hourly_fullweek":true,"qualifies_halfhour_weekday":true,"qualifies_halfhour_fullweek":false,"departures_MONDAY":75,"departures_TUESDAY":106,"departures_WEDNESDAY":106,"departures_THURSDAY":106,"departures_FRIDAY":106,"departures_SATURDAY":61,"departures_SUNDAY":60}},{"type":"Feature","geometry":{"type":"Point","coordinates":[3.7011,51.0855]},"properties":{"stop_id":"200416","stop_name":"Wondelgem Gaverstraat","qualifies_min1_weekday":true,"qualifies_min1_fullweek":true,"qualifies_min10_weekday":true,"qualifies_min10_fullweek":true,"qualifies_hourly_weekday":true,"qualifies_hourly_fullweek":true,"qualifies_halfhour_weekday":true,"qualifies_halfhour_fullweek":false,"departures_MONDAY":75,"departures_TUESDAY":106,"departures_WEDNESDAY":106,"departures_THURSDAY":106,"departures_FRIDAY":106,"departures_SATURDAY":61,"departures_SUNDAY":60}},{"type":"Feature","geometry":{"type":"Point","coordinates":[3.7103,51.089]},"properties":{"stop_id":"200418","stop_name":"Wondelgem Vroonstalledries","qualifies_min1_weekday":true,"qualifies_min1_fullweek":true,"qualifies_min10_weekday":true,"qualifies_min10_fullweek":true,"qualifies_hourly_weekday":true,"qualifies_hourly_fullweek":true,"qualifies_halfhour_weekday":false,"qualifies_halfhour_fullweek":false,"departures_MONDAY":37,"departures_TUESDAY":53,"departures_WEDNESDAY":53,"departures_THURSDAY":53,"departures_FRIDAY":53,"departures_SATURDAY":30,"departures_SUNDAY":30}},{"type":"Feature","geometry":{"type":"Point","coordinates":[3.7168,51.0904]},"properties":{"stop_id":"200419","stop_name":"Wondelgem Evergemsesteenweg","qualifies_min1_weekday":true,"qualifies_min1_fullweek":true,"qualifies_min10_weekday":true,"qualifies_min10_fullweek":true,"qualifies_hourly_weekday":true,"qualifies_hourly_fullweek":true,"qualifies_halfhour_weekday":true,"qualifies_halfhour_fullweek":true,"departures_MONDAY":139,"departures_TUESDAY":172,"departures_WEDNESDAY":167,"departures_THURSDAY":172,"departures_FRIDAY":172,"departures_SATURDAY":118,"departures_SUNDAY":93}},{"type":"Feature","geometry":{"type":"Point","coordinates":[3.7202,51.0892]},"properties":{"stop_id":"200420","stop_name":"Wondelgem Station","qualifies_min1_weekday":true,"qualifies_min1_fullweek":true,"qualifies_min10_weekday":true,"qualifies_min10_fullweek":true,"qualifies_hourly_weekday":true,"qualifies_hourly_fullweek":true,"qualifies_halfhour_weekday":true,"qualifies_halfhour_fullweek":true,"departures_MONDAY":102,"departures_TUESDAY":119,"departures_WEDNESDAY":114,"departures_THURSDAY":119,"departures_FRIDAY":119,"departures_SATURDAY":88,"departures_SUNDAY":63}},{"type":"Feature","geometry":{"type":"Point","coordinates":[3.7279,51.0827]},"properties":{"stop_id":"200425","stop_name":"Gent Glasgowstraat","qualifies_min1_weekday":true,"qualifies_min1_fullweek":true,"qualifies_min10_weekday":true,"qualifies_min10_fullweek":true,"qualifies_hourly_weekday":true,"qualifies_hourly_fullweek":true,"qualifies_halfhour_weekday":false,"qualifies_halfhour_fullweek":false,"departures_MONDAY":51,"departures_TUESDAY":64,"departures_WEDNESDAY":64,"departures_THURSDAY":64,"departures_FRIDAY":64,"departures_SATURDAY":58,"departures_SUNDAY":50}},{"type":"Feature","geometry":{"type":"Point","coordinates":[3.7312,51.0705]},"properties":{"stop_id":"200429","stop_name":"Gent Muidebrug (Houtdoklaan)","qualifies_min1_weekday":false,"qualifies_min1_fullweek":false,"qualifies_min10_weekday":false,"qualifies_min10_fullweek":false,"qualifies_hourly_weekday":false,"qualifies_hourly_fullweek":false,"qualifies_halfhour_weekday":false,"qualifies_halfhour_fullweek":false,"departures_MONDAY":0,"departures_TUESDAY":0,"departures_WEDNESDAY":0,"departures_THURSDAY":0,"departures_FRIDAY":0,"departures_SATURDAY":0,"departures_SUNDAY":0}},{"type":"Feature","geometry":{"type":"Point","coordinates":[3.7386,51.0669]},"properties":{"stop_id":"200434","stop_name":"Gent Afrikalaan","qualifies_min1_weekday":false,"qualifies_min1_fullweek":false,"qualifies_min10_weekday":false,"qualifies_min10_fullweek":false,"qualifies_hourly_weekday":false,"qualifies_hourly_fullweek":false,"qualifies_halfhour_weekday":false,"qualifies_halfhour_fullweek":false,"departures_MONDAY":0,"departures_TUESDAY":0,"departures_WEDNESDAY":0,"departures_THURSDAY":0,"departures_FRIDAY":0,"departures_SATURDAY":0,"departures_SUNDAY":0}},{"type":"Feature","geometry":{"type":"Point","coordinates":[3.7383,51.0615]},"properties":{"stop_id":"200435","stop_name":"Gent Koopvaardijlaan","qualifies_min1_weekday":false,"qualifies_min1_fullweek":false,"qualifies_min10_weekday":false,"qualifies_min10_fullweek":false,"qualifies_hourly_weekday":false,"qualifies_hourly_fullweek":false,"qualifies_halfhour_weekday":false,"qualifies_halfhour_fullweek":false,"departures_MONDAY":0,"departures_TUESDAY":0,"departures_WEDNESDAY":0,"departures_THURSDAY":0,"departures_FRIDAY":0,"departures_SATURDAY":0,"departures_SUNDAY":0}},{"type":"Feature","geometry":{"type":"Point","coordinates":[3.7511,51.057]},"properties":{"stop_id":"200436","stop_name":"Gent van Cleemputteplein","qualifies_min1_weekday":true,"qualifies_min1_fullweek":true,"qualifies_min10_weekday":true,"qualifies_min10_fullweek":false,"qualifies_hourly_weekday":false,"qualifies_hourly_fullweek":false,"qualifies_halfhour_weekday":false,"qualifies_halfhour_fullweek":false,"departures_MONDAY":25,"departures_TUESDAY":29,"departures_WEDNESDAY":29,"departures_THURSDAY":29,"departures_FRIDAY":29,"departures_SATURDAY":21,"departures_SUNDAY":9}},{"type":"Feature","geometry":{"type":"Point","coordinates":[3.7452,51.0471]},"properties":{"stop_id":"200442","stop_name":"Gent Vlaamsekaai","qualifies_min1_weekday":true,"qualifies_min1_fullweek":true,"qualifies_min10_weekday":true,"qualifies_min10_fullweek":false,"qualifies_hourly_weekday":false,"qualifies_hourly_fullweek":false,"qualifies_halfhour_weekday":false,"qualifies_halfhour_fullweek":false,"departures_MONDAY":25,"departures_TUESDAY":29,"departures_WEDNESDAY":29,"departures_THURSDAY":29,"departures_FRIDAY":29,"departures_SATURDAY":21,"departures_SUNDAY":9}},{"type":"Feature","geometry":{"type":"Point","coordinates":[3.7426,51.0486]},"properties":{"stop_id":"200443","stop_name":"Gent Zalmstraat","qualifies_min1_weekday":true,"qualifies_min1_fullweek":true,"qualifies_min10_weekday":true,"qualifies_min10_fullweek":false,"qualifies_hourly_weekday":false,"qualifies_hourly_fullweek":false,"qualifies_halfhour_weekday":false,"qualifies_halfhour_fullweek":false,"departures_MONDAY":25,"departures_TUESDAY":29,"departures_WEDNESDAY":29,"departures_THURSDAY":29,"departures_FRIDAY":29,"departures_SATURDAY":21,"departures_SUNDAY":9}},{"type":"Feature","geometry":{"type":"Point","coordinates":[3.7397,51.0476]},"properties":{"stop_id":"200444","stop_name":"Gent Lousbergskaai","qualifies_min1_weekday":true,"qualifies_min1_fullweek":true,"qualifies_min10_weekday":true,"qualifies_min10_fullweek":false,"qualifies_hourly_weekday":false,"qualifies_hourly_fullweek":false,"qualifies_halfhour_weekday":false,"qualifies_halfhour_fullweek":false,"departures_MONDAY":25,"departures_TUESDAY":29,"departures_WEDNESDAY":29,"departures_THURSDAY":29,"departures_FRIDAY":29,"departures_SATURDAY":21,"departures_SUNDAY":9}},{"type":"Feature","geometry":{"type":"Point","coordinates":[3.7298,51.0864]},"properties":{"stop_id":"200451","stop_name":"Gent Meeuwstraat","qualifies_min1_weekday":true,"qualifies_min1_fullweek":true,"qualifies_min10_weekday":true,"qualifies_min10_fullweek":true,"qualifies_hourly_weekday":true,"qualifies_hourly_fullweek":true,"qualifies_halfhour_weekday":false,"qualifies_halfhour_fullweek":false,"departures_MONDAY":51,"departures_TUESDAY":64,"departures_WEDNESDAY":64,"departures_THURSDAY":64,"departures_FRIDAY":64,"departures_SATURDAY":58,"departures_SUNDAY":50}},{"type":"Feature","geometry":{"type":"Point","coordinates":[3.7519,51.047]},"properties":{"stop_id":"200468","stop_name":"Gent Wolterslaan","qualifies_min1_weekday":true,"qualifies_min1_fullweek":true,"qualifies_min10_weekday":true,"qualifies_min10_fullweek":false,"qualifies_hourly_weekday":false,"qualifies_hourly_fullweek":false,"qualifies_halfhour_weekday":false,"qualifies_halfhour_fullweek":false,"departures_MONDAY":25,"departures_TUESDAY":29,"departures_WEDNESDAY":29,"departures_THURSDAY":29,"departures_FRIDAY":29,"departures_SATURDAY":21,"departures_SUNDAY":9}},{"type":"Feature","geometry":{"type":"Point","coordinates":[3.7686,51.0418]},"properties":{"stop_id":"200472","stop_name":"Gentbrugge Voordries","qualifies_min1_weekday":true,"qualifies_min1_fullweek":true,"qualifies_min10_weekday":true,"qualifies_min10_fullweek":true,"qualifies_hourly_weekday":true,"qualifies_hourly_fullweek":true,"qualifies_halfhour_weekday":false,"qualifies_halfhour_fullweek":false,"departures_MONDAY":38,"departures_TUESDAY":53,"departures_WEDNESDAY":53,"departures_THURSDAY":53,"departures_FRIDAY":53,"departures_SATURDAY":30,"departures_SUNDAY":30}},{"type":"Feature","geometry":{"type":"Point","coordinates":[3.7632,51.0403]},"properties":{"stop_id":"200473","stop_name":"Gentbrugge Meersemdries","qualifies_min1_weekday":true,"qualifies_min1_fullweek":true,"qualifies_min10_weekday":true,"qualifies_min10_fullweek":true,"qualifies_hourly_weekday":true,"qualifies_hourly_fullweek":true,"qualifies_halfhour_weekday":false,"qualifies_halfhour_fullweek":false,"departures_MONDAY":38,"departures_TUESDAY":53,"departures_WEDNESDAY":53,"departures_THURSDAY":53,"departures_FRIDAY":53,"departures_SATURDAY":30,"departures_SUNDAY":30}},{"type":"Feature","geometry":{"type":"Point","coordinates":[3.6672,51.0108]},"properties":{"stop_id":"200475","stop_name":"Sint-Denijs-Westrem Belgielaan","qualifies_min1_weekday":false,"qualifies_min1_fullweek":false,"qualifies_min10_weekday":false,"qualifies_min10_fullweek":false,"qualifies_hourly_weekday":false,"qualifies_hourly_fullweek":false,"qualifies_halfhour_weekday":false,"qualifies_halfhour_fullweek":false,"departures_MONDAY":0,"departures_TUESDAY":0,"departures_WEDNESDAY":0,"departures_THURSDAY":0,"departures_FRIDAY":0,"departures_SATURDAY":0,"departures_SUNDAY":0}},{"type":"Feature","geometry":{"type":"Point","coordinates":[3.7616,51.0322]},"properties":{"stop_id":"200477","stop_name":"Gentbrugge Schooldreef","qualifies_min1_weekday":true,"qualifies_min1_fullweek":true,"qualifies_min10_weekday":true,"qualifies_min10_fullweek":true,"qualifies_hourly_weekday":true,"qualifies_hourly_fullweek":true,"qualifies_halfhour_weekday":false,"qualifies_halfhour_fullweek":false,"departures_MONDAY":38,"departures_TUESDAY":53,"departures_WEDNESDAY":53,"departures_THURSDAY":53,"departures_FRIDAY":53,"departures_SATURDAY":30,"departures_SUNDAY":30}},{"type":"Feature","geometry":{"type":"Point","coordinates":[3.7565,51.034]},"properties":{"stop_id":"200478","stop_name":"Gentbrugge Arsenaal","qualifies_min1_weekday":true,"qualifies_min1_fullweek":true,"qualifies_min10_weekday":true,"qualifies_min10_fullweek":true,"qualifies_hourly_weekday":true,"qualifies_hourly_fullweek":true,"qualifies_halfhour_weekday":true,"qualifies_halfhour_fullweek":true,"departures_MONDAY":146,"departures_TUESDAY":179,"departures_WEDNESDAY":177,"departures_THURSDAY":179,"departures_FRIDAY":179,"departures_SATURDAY":90,"departures_SUNDAY":75}},{"type":"Feature","geometry":{"type":"Point","coordinates":[3.7512,51.0366]},"properties":{"stop_id":"200479","stop_name":"Gentbrugge Stelplaats","qualifies_min1_weekday":true,"qualifies_min1_fullweek":true,"qualifies_min10_weekday":true,"qualifies_min10_fullweek":true,"qualifies_hourly_weekday":true,"qualifies_hourly_fullweek":true,"qualifies_halfhour_weekday":true,"qualifies_halfhour_fullweek":true,"departures_MONDAY":146,"departures_TUESDAY":179,"departures_WEDNESDAY":177,"departures_THURSDAY":179,"departures_FRIDAY":179,"departures_SATURDAY":90,"departures_SUNDAY":75}},{"type":"Feature","geometry":{"type":"Point","coordinates":[3.742,51.0375]},"properties":{"stop_id":"200481","stop_name":"Ledeberg Ledebergplein","qualifies_min1_weekday":true,"qualifies_min1_fullweek":true,"qualifies_min10_weekday":true,"qualifies_min10_fullweek":true,"qualifies_hourly_weekday":true,"qualifies_hourly_fullweek":true,"qualifies_halfhour_weekday":true,"qualifies_halfhour_fullweek":true,"departures_MONDAY":163,"departures_TUESDAY":201,"departures_WEDNESDAY":199,"departures_THURSDAY":201,"departures_FRIDAY":201,"departures_SATURDAY":110,"departures_SUNDAY":91}},{"type":"Feature","geometry":{"type":"Point","coordinates":[3.7707,51.0447]},"properties":{"stop_id":"200486","stop_name":"Gentbrugge Klaverpoel","qualifies_min1_weekday":false,"qualifies_min1_fullweek":false,"qualifies_min10_weekday":false,"qualifies_min10_fullweek":false,"qualifies_hourly_weekday":false,"qualifies_hourly_fullweek":false,"qualifies_halfhour_weekday":false,"qualifies_halfhour_fullweek":false,"departures_MONDAY":0,"departures_TUESDAY":0,"departures_WEDNESDAY":0,"departures_THURSDAY":0,"departures_FRIDAY":0,"departures_SATURDAY":0,"departures_SUNDAY":0}},{"type":"Feature","geometry":{"type":"Point","coordinates":[3.7718,51.0468]},"properties":{"stop_id":"200488","stop_name":"Gentbrugge Bosakker","qualifies_min1_weekday":false,"qualifies_min1_fullweek":false,"qualifies_min10_weekday":false,"qualifies_min10_fullweek":false,"qualifies_hourly_weekday":false,"qualifies_hourly_fullweek":false,"qualifies_halfhour_weekday":false,"qualifies_halfhour_fullweek":false,"departures_MONDAY":0,"departures_TUESDAY":0,"departures_WEDNESDAY":0,"departures_THURSDAY":0,"departures_FRIDAY":0,"departures_SATURDAY":0,"departures_SUNDAY":0}},{"type":"Feature","geometry":{"type":"Point","coordinates":[3.7649,51.047]},"properties":{"stop_id":"200490","stop_name":"Gentbrugge Gentbruggekouter","qualifies_min1_weekday":false,"qualifies_min1_fullweek":false,"qualifies_min10_weekday":false,"qualifies_min10_fullweek":false,"qualifies_hourly_weekday":false,"qualifies_hourly_fullweek":false,"qualifies_halfhour_weekday":false,"qualifies_halfhour_fullweek":false,"departures_MONDAY":0,"departures_TUESDAY":0,"departures_WEDNESDAY":0,"departures_THURSDAY":0,"departures_FRIDAY":0,"departures_SATURDAY":0,"departures_SUNDAY":0}},{"type":"Feature","geometry":{"type":"Point","coordinates":[3.7596,51.0448]},"properties":{"stop_id":"200491","stop_name":"Gentbrugge Kerk","qualifies_min1_weekday":false,"qualifies_min1_fullweek":false,"qualifies_min10_weekday":false,"qualifies_min10_fullweek":false,"qualifies_hourly_weekday":false,"qualifies_hourly_fullweek":false,"qualifies_halfhour_weekday":false,"qualifies_halfhour_fullweek":false,"departures_MONDAY":0,"departures_TUESDAY":0,"departures_WEDNESDAY":0,"departures_THURSDAY":0,"departures_FRIDAY":0,"departures_SATURDAY":0,"departures_SUNDAY":0}},{"type":"Feature","geometry":{"type":"Point","coordinates":[3.6604,51.0726]},"properties":{"stop_id":"200500","stop_name":"Mariakerke Driesdreef","qualifies_min1_weekday":false,"qualifies_min1_fullweek":false,"qualifies_min10_weekday":false,"qualifies_min10_fullweek":false,"qualifies_hourly_weekday":false,"qualifies_hourly_fullweek":false,"qualifies_halfhour_weekday":false,"qualifies_halfhour_fullweek":false,"departures_MONDAY":0,"departures_TUESDAY":1,"departures_WEDNESDAY":1,"departures_THURSDAY":1,"departures_FRIDAY":1,"departures_SATURDAY":0,"departures_SUNDAY":0}},{"type":"Feature","geometry":{"type":"Point","coordinates":[3.6598,51.0714]},"properties":{"stop_id":"200501","stop_name":"Mariakerke Beekstraat","qualifies_min1_weekday":false,"qualifies_min1_fullweek":false,"qualifies_min10_weekday":false,"qualifies_min10_fullweek":false,"qualifies_hourly_weekday":false,"qualifies_hourly_fullweek":false,"qualifies_halfhour_weekday":false,"qualifies_halfhour_fullweek":false,"departures_MONDAY":0,"departures_TUESDAY":0,"departures_WEDNESDAY":0,"departures_THURSDAY":0,"departures_FRIDAY":0,"departures_SATURDAY":0,"departures_SUNDAY":0}},{"type":"Feature","geometry":{"type":"Point","coordinates":[3.6627,51.0706]},"properties":{"stop_id":"200502","stop_name":"Mariakerke Cypresdreef","qualifies_min1_weekday":false,"qualifies_min1_fullweek":false,"qualifies_min10_weekday":false,"qualifies_min10_fullweek":false,"qualifies_hourly_weekday":false,"qualifies_hourly_fullweek":false,"qualifies_halfhour_weekday":false,"qualifies_halfhour_fullweek":false,"departures_MONDAY":0,"departures_TUESDAY":0,"departures_WEDNESDAY":0,"departures_THURSDAY":0,"departures_FRIDAY":0,"departures_SATURDAY":0,"departures_SUNDAY":0}},{"type":"Feature","geometry":{"type":"Point","coordinates":[3.6696,51.0708]},"properties":{"stop_id":"200503","stop_name":"Mariakerke Vliegpleinkouter","qualifies_min1_weekday":false,"qualifies_min1_fullweek":false,"qualifies_min10_weekday":false,"qualifies_min10_fullweek":false,"qualifies_hourly_weekday":false,"qualifies_hourly_fullweek":false,"qualifies_halfhour_weekday":false,"qualifies_halfhour_fullweek":false,"departures_MONDAY":0,"departures_TUESDAY":0,"departures_WEDNESDAY":0,"departures_THURSDAY":0,"departures_FRIDAY":0,"departures_SATURDAY":0,"departures_SUNDAY":0}},{"type":"Feature","geometry":{"type":"Point","coordinates":[3.6765,51.073]},"properties":{"stop_id":"200504","stop_name":"Mariakerke Kerk","qualifies_min1_weekday":false,"qualifies_min1_fullweek":false,"qualifies_min10_weekday":false,"qualifies_min10_fullweek":false,"qualifies_hourly_weekday":false,"qualifies_hourly_fullweek":false,"qualifies_halfhour_weekday":false,"qualifies_halfhour_fullweek":false,"departures_MONDAY":0,"departures_TUESDAY":2,"departures_WEDNESDAY":2,"departures_THURSDAY":2,"departures_FRIDAY":2,"departures_SATURDAY":0,"departures_SUNDAY":0}},{"type":"Feature","geometry":{"type":"Point","coordinates":[3.6784,51.0759]},"properties":{"stop_id":"200505","stop_name":"Mariakerke Post","qualifies_min1_weekday":true,"qualifies_min1_fullweek":true,"qualifies_min10_weekday":true,"qualifies_min10_fullweek":true,"qualifies_hourly_weekday":true,"qualifies_hourly_fullweek":true,"qualifies_halfhour_weekday":false,"qualifies_halfhour_fullweek":false,"departures_MONDAY":37,"departures_TUESDAY":55,"departures_WEDNESDAY":55,"departures_THURSDAY":55,"departures_FRIDAY":55,"departures_SATURDAY":30,"departures_SUNDAY":30}},{"type":"Feature","geometry":{"type":"Point","coordinates":[3.6898,51.0795]},"properties":{"stop_id":"200506","stop_name":"Mariakerke Losweg","qualifies_min1_weekday":true,"qualifies_min1_fullweek":true,"qualifies_min10_weekday":true,"qualifies_min10_fullweek":true,"qualifies_hourly_weekday":true,"qualifies_hourly_fullweek":true,"qualifies_halfhour_weekday":false,"qualifies_halfhour_fullweek":false,"departures_MONDAY":38,"departures_TUESDAY":55,"departures_WEDNESDAY":55,"departures_THURSDAY":55,"departures_FRIDAY":55,"departures_SATURDAY":31,"departures_SUNDAY":30}},{"type":"Feature","geometry":{"type":"Point","coordinates":[3.696,51.0692]},"properties":{"stop_id":"200511","stop_name":"Gent Staakskenstraat","qualifies_min1_weekday":true,"qualifies_min1_fullweek":true,"qualifies_min10_weekday":true,"qualifies_min10_fullweek":true,"qualifies_hourly_weekday":true,"qualifies_hourly_fullweek":true,"qualifies_halfhour_weekday":false,"qualifies_halfhour_fullweek":false,"departures_MONDAY":38,"departures_TUESDAY":55,"departures_WEDNESDAY":55,"departures_THURSDAY":55,"departures_FRIDAY":55,"departures_SATURDAY":31,"departures_SUNDAY":30}},{"type":"Feature","geometry":{"type":"Point","coordinates":[3.6986,51.0658]},"properties":{"stop_id":"200512","stop_name":"Gent Guislainbrug","qualifies_min1_weekday":true,"qualifies_min1_fullweek":true,"qualifies_min10_weekday":true,"qualifies_min10_fullweek":true,"qualifies_hourly_weekday":true,"qualifies_hourly_fullweek":true,"qualifies_halfhour_weekday":false,"qualifies_halfhour_fullweek":false,"departures_MONDAY":38,"departures_TUESDAY":54,"departures_WEDNESDAY":55,"departures_THURSDAY":54,"departures_FRIDAY":54,"departures_SATURDAY":31,"departures_SUNDAY":30}},{"type":"Feature","geometry":{"type":"Point","coordinates":[3.6947,51.063]},"properties":{"stop_id":"200513","stop_name":"Gent Rooigem (R40)","qualifies_min1_weekday":true,"qualifies_min1_fullweek":true,"qualifies_min10_weekday":true,"qualifies_min10_fullweek":true,"qualifies_hourly_weekday":true,"qualifies_hourly_fullweek":true,"qualifies_halfhour_weekday":true,"qualifies_halfhour_fullweek":false,"departures_MONDAY":76,"departures_TUESDAY":107,"departures_WEDNESDAY":108,"departures_THURSDAY":107,"departures_FRIDAY":107,"departures_SATURDAY":62,"departures_SUNDAY":60}},{"type":"Feature","geometry":{"type":"Point","coordinates":[3.6989,51.0517]},"properties":{"stop_id":"200518","stop_name":"Gent Overzet","qualifies_min1_weekday":true,"qualifies_min1_fullweek":true,"qualifies_min10_weekday":true,"qualifies_min10_fullweek":true,"qualifies_hourly_weekday":true,"qualifies_hourly_fullweek":true,"qualifies_halfhour_weekday":true,"qualifies_halfhour_fullweek":true,"departures_MONDAY":193,"departures_TUESDAY":238,"departures_WEDNESDAY":239,"departures_THURSDAY":238,"departures_FRIDAY":238,"departures_SATURDAY":162,"departures_SUNDAY":141}},{"type":"Feature","geometry":{"type":"Point","coordinates":[3.704,51.041]},"properties":{"stop_id":"200522","stop_name":"Gent Sportstraat","qualifies_min1_weekday":true,"qualifies_min1_fullweek":false,"qualifies_min10_weekday":true,"qualifies_min10_fullweek":false,"qualifies_hourly_weekday":true,"qualifies_hourly_fullweek":false,"qualifies_halfhour_weekday":true,"qualifies_halfhour_fullweek":false,"departures_MONDAY":46,"departures_TUESDAY":48,"departures_WEDNESDAY":48,"departures_THURSDAY":48,"departures_FRIDAY":48,"departures_SATURDAY":0,"departures_SUNDAY":0}},{"type":"Feature","geometry":{"type":"Point","coordinates":[3.7282,51.0266]},"properties":{"stop_id":"200530","stop_name":"Gent Heymanslaan","qualifies_min1_weekday":true,"qualifies_min1_fullweek":false,"qualifies_min10_weekday":true,"qualifies_min10_fullweek":false,"qualifies_hourly_weekday":true,"qualifies_hourly_fullweek":false,"qualifies_halfhour_weekday":true,"qualifies_halfhour_fullweek":false,"departures_MONDAY":46,"departures_TUESDAY":48,"departures_WEDNESDAY":48,"departures_THURSDAY":48,"departures_FRIDAY":48,"departures_SATURDAY":0,"departures_SUNDAY":0}},{"type":"Feature","geometry":{"type":"Point","coordinates":[3.7307,51.0239]},"properties":{"stop_id":"200531","stop_name":"Gent UZ Heymanslaan","qualifies_min1_weekday":true,"qualifies_min1_fullweek":false,"qualifies_min10_weekday":true,"qualifies_min10_fullweek":false,"qualifies_hourly_weekday":true,"qualifies_hourly_fullweek":false,"qualifies_halfhour_weekday":true,"qualifies_halfhour_fullweek":false,"departures_MONDAY":46,"departures_TUESDAY":48,"departures_WEDNESDAY":48,"departures_THURSDAY":48,"departures_FRIDAY":48,"departures_SATURDAY":0,"departures_SUNDAY":0}},{"type":"Feature","geometry":{"type":"Point","coordinates":[3.737,51.0193]},"properties":{"stop_id":"200532","stop_name":"Gent Proeftuinstraat","qualifies_min1_weekday":true,"qualifies_min1_fullweek":false,"qualifies_min10_weekday":true,"qualifies_min10_fullweek":false,"qualifies_hourly_weekday":true,"qualifies_hourly_fullweek":false,"qualifies_halfhour_weekday":true,"qualifies_halfhour_fullweek":false,"departures_MONDAY":46,"departures_TUESDAY":48,"departures_WEDNESDAY":48,"departures_THURSDAY":48,"departures_FRIDAY":48,"departures_SATURDAY":0,"departures_SUNDAY":0}},{"type":"Feature","geometry":{"type":"Point","coordinates":[3.7096,51.0249]},"properties":{"stop_id":"200537","stop_name":"Gent Sterre (Oudenaardsesteenweg)","qualifies_min1_weekday":true,"qualifies_min1_fullweek":true,"qualifies_min10_weekday":true,"qualifies_min10_fullweek":true,"qualifies_hourly_weekday":true,"qualifies_hourly_fullweek":false,"qualifies_halfhour_weekday":true,"qualifies_halfhour_fullweek":false,"departures_MONDAY":97,"departures_TUESDAY":106,"departures_WEDNESDAY":109,"departures_THURSDAY":106,"departures_FRIDAY":106,"departures_SATURDAY":60,"departures_SUNDAY":38}},{"type":"Feature","geometry":{"type":"Point","coordinates":[3.709,51.0225]},"properties":{"stop_id":"200538","stop_name":"Gent De Pintelaan","qualifies_min1_weekday":true,"qualifies_min1_fullweek":true,"qualifies_min10_weekday":true,"qualifies_min10_fullweek":true,"qualifies_hourly_weekday":true,"qualifies_hourly_fullweek":false,"qualifies_halfhour_weekday":true,"qualifies_halfhour_fullweek":false,"departures_MONDAY":97,"departures_TUESDAY":106,"departures_WEDNESDAY":109,"departures_THURSDAY":106,"departures_FRIDAY":106,"departures_SATURDAY":60,"departures_SUNDAY":38}},{"type":"Feature","geometry":{"type":"Point","coordinates":[3.7092,51.0193]},"properties":{"stop_id":"200539","stop_name":"Zwijnaarde De Deynestraat","qualifies_min1_weekday":true,"qualifies_min1_fullweek":true,"qualifies_min10_weekday":true,"qualifies_min10_fullweek":true,"qualifies_hourly_weekday":true,"qualifies_hourly_fullweek":false,"qualifies_halfhour_weekday":true,"qualifies_halfhour_fullweek":false,"departures_MONDAY":97,"departures_TUESDAY":106,"departures_WEDNESDAY":109,"departures_THURSDAY":106,"departures_FRIDAY":106,"departures_SATURDAY":60,"departures_SUNDAY":38}},{"type":"Feature","geometry":{"type":"Point","coordinates":[3.7121,51.0067]},"properties":{"stop_id":"200543","stop_name":"Zwijnaarde Campusstraat","qualifies_min1_weekday":true,"qualifies_min1_fullweek":true,"qualifies_min10_weekday":true,"qualifies_min10_fullweek":true,"qualifies_hourly_weekday":true,"qualifies_hourly_fullweek":false,"qualifies_halfhour_weekday":false,"qualifies_halfhour_fullweek":false,"departures_MONDAY":32,"departures_TUESDAY":42,"departures_WEDNESDAY":44,"departures_THURSDAY":42,"departures_FRIDAY":42,"departures_SATURDAY":30,"departures_SUNDAY":13}},{"type":"Feature","geometry":{"type":"Point","coordinates":[3.7145,51.0027]},"properties":{"stop_id":"200544","stop_name":"Zwijnaarde Hutsepotstraat","qualifies_min1_weekday":false,"qualifies_min1_fullweek":false,"qualifies_min10_weekday":false,"qualifies_min10_fullweek":false,"qualifies_hourly_weekday":false,"qualifies_hourly_fullweek":false,"qualifies_halfhour_weekday":false,"qualifies_halfhour_fullweek":false,"departures_MONDAY":0,"departures_TUESDAY":0,"departures_WEDNESDAY":0,"departures_THURSDAY":0,"departures_FRIDAY":0,"departures_SATURDAY":0,"departures_SUNDAY":0}},{"type":"Feature","geometry":{"type":"Point","coordinates":[3.7632,51.0382]},"properties":{"stop_id":"200546","stop_name":"Gentbrugge Braemkasteel","qualifies_min1_weekday":true,"qualifies_min1_fullweek":true,"qualifies_min10_weekday":true,"qualifies_min10_fullweek":true,"qualifies_hourly_weekday":true,"qualifies_hourly_fullweek":true,"qualifies_halfhour_weekday":true,"qualifies_halfhour_fullweek":true,"departures_MONDAY":87,"departures_TUESDAY":99,"departures_WEDNESDAY":99,"departures_THURSDAY":99,"departures_FRIDAY":99,"departures_SATURDAY":84,"departures_SUNDAY":65}},{"type":"Feature","geometry":{"type":"Point","coordinates":[3.7295,51.0316]},"properties":{"stop_id":"200548","stop_name":"Gent Zomerstraat","qualifies_min1_weekday":true,"qualifies_min1_fullweek":true,"qualifies_min10_weekday":true,"qualifies_min10_fullweek":true,"qualifies_hourly_weekday":true,"qualifies_hourly_fullweek":true,"qualifies_halfhour_weekday":true,"qualifies_halfhour_fullweek":false,"departures_MONDAY":145,"departures_TUESDAY":179,"departures_WEDNESDAY":179,"departures_THURSDAY":179,"departures_FRIDAY":179,"departures_SATURDAY":90,"departures_SUNDAY":76}},{"type":"Feature","geometry":{"type":"Point","coordinates":[3.7327,51.0643]},"properties":{"stop_id":"200549","stop_name":"Gent Dok-Noord","qualifies_min1_weekday":true,"qualifies_min1_fullweek":true,"qualifies_min10_weekday":true,"qualifies_min10_fullweek":true,"qualifies_hourly_weekday":true,"qualifies_hourly_fullweek":true,"qualifies_halfhour_weekday":true,"qualifies_halfhour_fullweek":true,"departures_MONDAY":48,"departures_TUESDAY":48,"departures_WEDNESDAY":48,"departures_THURSDAY":48,"departures_FRIDAY":48,"departures_SATURDAY":48,"departures_SUNDAY":48}},{"type":"Feature","geometry":{"type":"Point","coordinates":[3.7217,51.0539]},"properties":{"stop_id":"200552","stop_name":"Gent Korenmarkt perron 2","qualifies_min1_weekday":true,"qualifies_min1_fullweek":true,"qualifies_min10_weekday":true,"qualifies_min10_fullweek":true,"qualifies_hourly_weekday":true,"qualifies_hourly_fullweek":true,"qualifies_halfhour_weekday":true,"qualifies_halfhour_fullweek":true,"departures_MONDAY":266,"departures_TUESDAY":287,"departures_WEDNESDAY":287,"departures_THURSDAY":287,"departures_FRIDAY":287,"departures_SATURDAY":254,"departures_SUNDAY":230}},{"type":"Feature","geometry":{"type":"Point","coordinates":[3.6458,51.0212]},"properties":{"stop_id":"200577","stop_name":"Sint-Martens-Latem Mortelputstraat","qualifies_min1_weekday":true,"qualifies_min1_fullweek":false,"qualifies_min10_weekday":true,"qualifies_min10_fullweek":false,"qualifies_hourly_weekday":false,"qualifies_hourly_fullweek":false,"qualifies_halfhour_weekday":false,"qualifies_halfhour_fullweek":false,"departures_MONDAY":10,"departures_TUESDAY":10,"departures_WEDNESDAY":11,"departures_THURSDAY":10,"departures_FRIDAY":10,"departures_SATURDAY":0,"departures_SUNDAY":0}},{"type":"Feature","geometry":{"type":"Point","coordinates":[3.653,51.0249]},"properties":{"stop_id":"200578","stop_name":"Afsnee Afsneemolenstraat","qualifies_min1_weekday":true,"qualifies_min1_fullweek":false,"qualifies_min10_weekday":true,"qualifies_min10_fullweek":false,"qualifies_hourly_weekday":false,"qualifies_hourly_fullweek":false,"qualifies_halfhour_weekday":false,"qualifies_halfhour_fullweek":false,"departures_MONDAY":10,"departures_TUESDAY":10,"departures_WEDNESDAY":11,"departures_THURSDAY":10,"departures_FRIDAY":10,"departures_SATURDAY":0,"departures_SUNDAY":0}},{"type":"Feature","geometry":{"type":"Point","coordinates":[3.6556,51.0273]},"properties":{"stop_id":"200579","stop_name":"Afsnee Wittepaalstraat","qualifies_min1_weekday":true,"qualifies_min1_fullweek":false,"qualifies_min10_weekday":true,"qualifies_min10_fullweek":false,"qualifies_hourly_weekday":false,"qualifies_hourly_fullweek":false,"qualifies_halfhour_weekday":false,"qualifies_halfhour_fullweek":false,"departures_MONDAY":10,"departures_TUESDAY":10,"departures_WEDNESDAY":11,"departures_THURSDAY":10,"departures_FRIDAY":10,"departures_SATURDAY":0,"departures_SUNDAY":0}},{"type":"Feature","geometry":{"type":"Point","coordinates":[3.6593,51.0301]},"properties":{"stop_id":"200580","stop_name":"Afsnee Broekkantstraat","qualifies_min1_weekday":true,"qualifies_min1_fullweek":false,"qualifies_min10_weekday":true,"qualifies_min10_fullweek":false,"qualifies_hourly_weekday":false,"qualifies_hourly_fullweek":false,"qualifies_halfhour_weekday":false,"qualifies_halfhour_fullweek":false,"departures_MONDAY":10,"departures_TUESDAY":10,"departures_WEDNESDAY":11,"departures_THURSDAY":10,"departures_FRIDAY":10,"departures_SATURDAY":0,"departures_SUNDAY":0}},{"type":"Feature","geometry":{"type":"Point","coordinates":[3.6669,51.0304]},"properties":{"stop_id":"200581","stop_name":"Afsnee Dorp","qualifies_min1_weekday":true,"qualifies_min1_fullweek":false,"qualifies_min10_weekday":true,"qualifies_min10_fullweek":false,"qualifies_hourly_weekday":false,"qualifies_hourly_fullweek":false,"qualifies_halfhour_weekday":false,"qualifies_halfhour_fullweek":false,"departures_MONDAY":10,"departures_TUESDAY":10,"departures_WEDNESDAY":11,"departures_THURSDAY":10,"departures_FRIDAY":10,"departures_SATURDAY":0,"departures_SUNDAY":0}},{"type":"Feature","geometry":{"type":"Point","coordinates":[3.6694,51.0288]},"properties":{"stop_id":"200582","stop_name":"Sint-Denijs-Westrem Steenaardestraat","qualifies_min1_weekday":true,"qualifies_min1_fullweek":false,"qualifies_min10_weekday":true,"qualifies_min10_fullweek":false,"qualifies_hourly_weekday":false,"qualifies_hourly_fullweek":false,"qualifies_halfhour_weekday":false,"qualifies_halfhour_fullweek":false,"departures_MONDAY":10,"departures_TUESDAY":10,"departures_WEDNESDAY":11,"departures_THURSDAY":10,"departures_FRIDAY":10,"departures_SATURDAY":0,"departures_SUNDAY":0}},{"type":"Feature","geometry":{"type":"Point","coordinates":[3.6688,51.0233]},"properties":{"stop_id":"200587","stop_name":"Sint-Denijs-Westrem Loofblommestraat","qualifies_min1_weekday":false,"qualifies_min1_fullweek":false,"qualifies_min10_weekday":false,"qualifies_min10_fullweek":false,"qualifies_hourly_weekday":false,"qualifies_hourly_fullweek":false,"qualifies_halfhour_weekday":false,"qualifies_halfhour_fullweek":false,"departures_MONDAY":0,"departures_TUESDAY":0,"departures_WEDNESDAY":0,"departures_THURSDAY":0,"departures_FRIDAY":0,"departures_SATURDAY":0,"departures_SUNDAY":0}},{"type":"Feature","geometry":{"type":"Point","coordinates":[3.6706,51.0245]},"properties":{"stop_id":"200588","stop_name":"Sint-Denijs-Westrem Luchthavenlaan","qualifies_min1_weekday":false,"qualifies_min1_fullweek":false,"qualifies_min10_weekday":false,"qualifies_min10_fullweek":false,"qualifies_hourly_weekday":false,"qualifies_hourly_fullweek":false,"qualifies_halfhour_weekday":false,"qualifies_halfhour_fullweek":false,"departures_MONDAY":0,"departures_TUESDAY":0,"departures_WEDNESDAY":0,"departures_THURSDAY":0,"departures_FRIDAY":0,"departures_SATURDAY":0,"departures_SUNDAY":0}},{"type":"Feature","geometry":{"type":"Point","coordinates":[3.6806,51.0301]},"properties":{"stop_id":"200590","stop_name":"Sint-Denijs-Westrem Stijn Streuvelslaan","qualifies_min1_weekday":true,"qualifies_min1_fullweek":false,"qualifies_min10_weekday":true,"qualifies_min10_fullweek":false,"qualifies_hourly_weekday":false,"qualifies_hourly_fullweek":false,"qualifies_halfhour_weekday":false,"qualifies_halfhour_fullweek":false,"departures_MONDAY":10,"departures_TUESDAY":10,"departures_WEDNESDAY":11,"departures_THURSDAY":10,"departures_FRIDAY":10,"departures_SATURDAY":0,"departures_SUNDAY":0}},{"type":"Feature","geometry":{"type":"Point","coordinates":[3.689,51.0356]},"properties":{"stop_id":"200592","stop_name":"Gent Dupuislaan","qualifies_min1_weekday":true,"qualifies_min1_fullweek":false,"qualifies_min10_weekday":true,"qualifies_min10_fullweek":false,"qualifies_hourly_weekday":false,"qualifies_hourly_fullweek":false,"qualifies_halfhour_weekday":false,"qualifies_halfhour_fullweek":false,"departures_MONDAY":10,"departures_TUESDAY":10,"departures_WEDNESDAY":11,"departures_THURSDAY":10,"departures_FRIDAY":10,"departures_SATURDAY":0,"departures_SUNDAY":0}},{"type":"Feature","geometry":{"type":"Point","coordinates":[3.6926,51.0356]},"properties":{"stop_id":"200593","stop_name":"Gent Strandloperstraat","qualifies_min1_weekday":true,"qualifies_min1_fullweek":false,"qualifies_min10_weekday":true,"qualifies_min10_fullweek":false,"qualifies_hourly_weekday":false,"qualifies_hourly_fullweek":false,"qualifies_halfhour_weekday":false,"qualifies_halfhour_fullweek":false,"departures_MONDAY":10,"departures_TUESDAY":10,"departures_WEDNESDAY":11,"departures_THURSDAY":10,"departures_FRIDAY":10,"departures_SATURDAY":0,"departures_SUNDAY":0}},{"type":"Feature","geometry":{"type":"Point","coordinates":[3.6958,51.0361]},"properties":{"stop_id":"200594","stop_name":"Gent Wiemersdreef","qualifies_min1_weekday":true,"qualifies_min1_fullweek":false,"qualifies_min10_weekday":true,"qualifies_min10_fullweek":false,"qualifies_hourly_weekday":false,"qualifies_hourly_fullweek":false,"qualifies_halfhour_weekday":false,"qualifies_halfhour_fullweek":false,"departures_MONDAY":10,"departures_TUESDAY":10,"departures_WEDNESDAY":11,"departures_THURSDAY":10,"departures_FRIDAY":10,"departures_SATURDAY":0,"departures_SUNDAY":0}},{"type":"Feature","geometry":{"type":"Point","coordinates":[3.7019,51.0367]},"properties":{"stop_id":"200595","stop_name":"Gent Roosakker","qualifies_min1_weekday":true,"qualifies_min1_fullweek":false,"qualifies_min10_weekday":true,"qualifies_min10_fullweek":false,"qualifies_hourly_weekday":false,"qualifies_hourly_fullweek":false,"qualifies_halfhour_weekday":false,"qualifies_halfhour_fullweek":false,"departures_MONDAY":10,"departures_TUESDAY":10,"departures_WEDNESDAY":11,"departures_THURSDAY":10,"departures_FRIDAY":10,"departures_SATURDAY":0,"departures_SUNDAY":0}},{"type":"Feature","geometry":{"type":"Point","coordinates":[3.6986,51.0366]},"properties":{"stop_id":"200598","stop_name":"Gent Polikliniek Sint-Denijslaan","qualifies_min1_weekday":true,"qualifies_min1_fullweek":false,"qualifies_min10_weekday":true,"qualifies_min10_fullweek":false,"qualifies_hourly_weekday":false,"qualifies_hourly_fullweek":false,"qualifies_halfhour_weekday":false,"qualifies_halfhour_fullweek":false,"departures_MONDAY":10,"departures_TUESDAY":10,"departures_WEDNESDAY":11,"departures_THURSDAY":10,"departures_FRIDAY":10,"departures_SATURDAY":0,"departures_SUNDAY":0}},{"type":"Feature","geometry":{"type":"Point","coordinates":[3.7697,51.0201]},"properties":{"stop_id":"200625","stop_name":"Melle Vogelhoekplein","qualifies_min1_weekday":true,"qualifies_min1_fullweek":true,"qualifies_min10_weekday":true,"qualifies_min10_fullweek":true,"qualifies_hourly_weekday":true,"qualifies_hourly_fullweek":true,"qualifies_halfhour_weekday":false,"qualifies_halfhour_fullweek":false,"departures_MONDAY":38,"departures_TUESDAY":59,"departures_WEDNESDAY":57,"departures_THURSDAY":59,"departures_FRIDAY":59,"departures_SATURDAY":31,"departures_SUNDAY":30}},{"type":"Feature","geometry":{"type":"Point","coordinates":[3.7647,51.0197]},"properties":{"stop_id":"200626","stop_name":"Gentbrugge Merelbeke Station","qualifies_min1_weekday":true,"qualifies_min1_fullweek":true,"qualifies_min10_weekday":true,"qualifies_min10_fullweek":true,"qualifies_hourly_weekday":true,"qualifies_hourly_fullweek":true,"qualifies_halfhour_weekday":true,"qualifies_halfhour_fullweek":false,"departures_MONDAY":76,"departures_TUESDAY":109,"departures_WEDNESDAY":109,"departures_THURSDAY":109,"departures_FRIDAY":109,"departures_SATURDAY":62,"departures_SUNDAY":60}},{"type":"Feature","geometry":{"type":"Point","coordinates":[3.7498,51.0592]},"properties":{"stop_id":"200641","stop_name":"Gent Schoolstraat","qualifies_min1_weekday":true,"qualifies_min1_fullweek":true,"qualifies_min10_weekday":true,"qualifies_min10_fullweek":true,"qualifies_hourly_weekday":true,"qualifies_hourly_fullweek":true,"qualifies_halfhour_weekday":false,"qualifies_halfhour_fullweek":false,"departures_MONDAY":63,"departures_TUESDAY":63,"departures_WEDNESDAY":63,"departures_THURSDAY":63,"departures_FRIDAY":63,"departures_SATURDAY":56,"departures_SUNDAY":55}},{"type":"Feature","geometry":{"type":"Point","coordinates":[3.704,51.0122]},"properties":{"stop_id":"200657","stop_name":"Zwijnaarde Bollebergen","qualifies_min1_weekday":true,"qualifies_min1_fullweek":true,"qualifies_min10_weekday":true,"qualifies_min10_fullweek":true,"qualifies_hourly_weekday":true,"qualifies_hourly_fullweek":false,"qualifies_halfhour_weekday":true,"qualifies_halfhour_fullweek":false,"departures_MONDAY":97,"departures_TUESDAY":110,"departures_WEDNESDAY":112,"departures_THURSDAY":110,"departures_FRIDAY":110,"departures_SATURDAY":60,"departures_SUNDAY":38}},{"type":"Feature","geometry":{"type":"Point","coordinates":[3.7042,51.0096]},"properties":{"stop_id":"200658","stop_name":"Zwijnaarde Tramstraat","qualifies_min1_weekday":true,"qualifies_min1_fullweek":true,"qualifies_min10_weekday":true,"qualifies_min10_fullweek":true,"qualifies_hourly_weekday":true,"qualifies_hourly_fullweek":false,"qualifies_halfhour_weekday":false,"qualifies_halfhour_fullweek":false,"departures_MONDAY":32,"departures_TUESDAY":42,"departures_WEDNESDAY":44,"departures_THURSDAY":42,"departures_FRIDAY":42,"departures_SATURDAY":30,"departures_SUNDAY":13}},{"type":"Feature","geometry":{"type":"Point","coordinates":[3.7074,51.0083]},"properties":{"stop_id":"200659","stop_name":"Zwijnaarde Technologiepark (Tramstraat)","qualifies_min1_weekday":true,"qualifies_min1_fullweek":true,"qualifies_min10_weekday":true,"qualifies_min10_fullweek":true,"qualifies_hourly_weekday":true,"qualifies_hourly_fullweek":false,"qualifies_halfhour_weekday":false,"qualifies_halfhour_fullweek":false,"departures_MONDAY":32,"departures_TUESDAY":42,"departures_WEDNESDAY":44,"departures_THURSDAY":42,"departures_FRIDAY":42,"departures_SATURDAY":30,"departures_SUNDAY":13}},{"type":"Feature","geometry":{"type":"Point","coordinates":[3.7886,51.114]},"properties":{"stop_id":"200702","stop_name":"Gent Eddastraat","qualifies_min1_weekday":false,"qualifies_min1_fullweek":false,"qualifies_min10_weekday":false,"qualifies_min10_fullweek":false,"qualifies_hourly_weekday":false,"qualifies_hourly_fullweek":false,"qualifies_halfhour_weekday":false,"qualifies_halfhour_fullweek":false,"departures_MONDAY":0,"departures_TUESDAY":0,"departures_WEDNESDAY":0,"departures_THURSDAY":0,"departures_FRIDAY":0,"departures_SATURDAY":0,"departures_SUNDAY":0}},{"type":"Feature","geometry":{"type":"Point","coordinates":[3.7817,51.1451]},"properties":{"stop_id":"200703","stop_name":"Gent Veer Rodenhuyse","qualifies_min1_weekday":false,"qualifies_min1_fullweek":false,"qualifies_min10_weekday":false,"qualifies_min10_fullweek":false,"qualifies_hourly_weekday":false,"qualifies_hourly_fullweek":false,"qualifies_halfhour_weekday":false,"qualifies_halfhour_fullweek":false,"departures_MONDAY":0,"departures_TUESDAY":0,"departures_WEDNESDAY":0,"departures_THURSDAY":0,"departures_FRIDAY":0,"departures_SATURDAY":0,"departures_SUNDAY":0}},{"type":"Feature","geometry":{"type":"Point","coordinates":[3.8007,51.1566]},"properties":{"stop_id":"200706","stop_name":"Sint-Kruis-Winkel Bokstraat","qualifies_min1_weekday":false,"qualifies_min1_fullweek":false,"qualifies_min10_weekday":false,"qualifies_min10_fullweek":false,"qualifies_hourly_weekday":false,"qualifies_hourly_fullweek":false,"qualifies_halfhour_weekday":false,"qualifies_halfhour_fullweek":false,"departures_MONDAY":0,"departures_TUESDAY":0,"departures_WEDNESDAY":0,"departures_THURSDAY":0,"departures_FRIDAY":0,"departures_SATURDAY":0,"departures_SUNDAY":0}},{"type":"Feature","geometry":{"type":"Point","coordinates":[3.7468,51.1095]},"properties":{"stop_id":"200722","stop_name":"Gent Veer Langerbrugge","qualifies_min1_weekday":false,"qualifies_min1_fullweek":false,"qualifies_min10_weekday":false,"qualifies_min10_fullweek":false,"qualifies_hourly_weekday":false,"qualifies_hourly_fullweek":false,"qualifies_halfhour_weekday":false,"qualifies_halfhour_fullweek":false,"departures_MONDAY":0,"departures_TUESDAY":0,"departures_WEDNESDAY":0,"departures_THURSDAY":0,"departures_FRIDAY":0,"departures_SATURDAY":0,"departures_SUNDAY":0}},{"type":"Feature","geometry":{"type":"Point","coordinates":[3.7661,51.1071]},"properties":{"stop_id":"200725","stop_name":"Oostakker Borkelaarstraat","qualifies_min1_weekday":false,"qualifies_min1_fullweek":false,"qualifies_min10_weekday":false,"qualifies_min10_fullweek":false,"qualifies_hourly_weekday":false,"qualifies_hourly_fullweek":false,"qualifies_halfhour_weekday":false,"qualifies_halfhour_fullweek":false,"departures_MONDAY":0,"departures_TUESDAY":0,"departures_WEDNESDAY":0,"departures_THURSDAY":0,"departures_FRIDAY":0,"departures_SATURDAY":0,"departures_SUNDAY":0}},{"type":"Feature","geometry":{"type":"Point","coordinates":[3.7998,51.1179]},"properties":{"stop_id":"200726","stop_name":"Desteldonk Oudemolenstraat","qualifies_min1_weekday":false,"qualifies_min1_fullweek":false,"qualifies_min10_weekday":false,"qualifies_min10_fullweek":false,"qualifies_hourly_weekday":false,"qualifies_hourly_fullweek":false,"qualifies_halfhour_weekday":false,"qualifies_halfhour_fullweek":false,"departures_MONDAY":0,"departures_TUESDAY":5,"departures_WEDNESDAY":4,"departures_THURSDAY":5,"departures_FRIDAY":5,"departures_SATURDAY":0,"departures_SUNDAY":0}},{"type":"Feature","geometry":{"type":"Point","coordinates":[3.7689,51.1222]},"properties":{"stop_id":"200727","stop_name":"Gent Belgicastraat","qualifies_min1_weekday":false,"qualifies_min1_fullweek":false,"qualifies_min10_weekday":false,"qualifies_min10_fullweek":false,"qualifies_hourly_weekday":false,"qualifies_hourly_fullweek":false,"qualifies_halfhour_weekday":false,"qualifies_halfhour_fullweek":false,"departures_MONDAY":0,"departures_TUESDAY":0,"departures_WEDNESDAY":0,"departures_THURSDAY":0,"departures_FRIDAY":0,"departures_SATURDAY":0,"departures_SUNDAY":0}},{"type":"Feature","geometry":{"type":"Point","coordinates":[3.7934,51.1338]},"properties":{"stop_id":"200728","stop_name":"Gent Politieacademie","qualifies_min1_weekday":false,"qualifies_min1_fullweek":false,"qualifies_min10_weekday":false,"qualifies_min10_fullweek":false,"qualifies_hourly_weekday":false,"qualifies_hourly_fullweek":false,"qualifies_halfhour_weekday":false,"qualifies_halfhour_fullweek":false,"departures_MONDAY":0,"departures_TUESDAY":0,"departures_WEDNESDAY":0,"departures_THURSDAY":0,"departures_FRIDAY":0,"departures_SATURDAY":0,"departures_SUNDAY":0}},{"type":"Feature","geometry":{"type":"Point","coordinates":[3.798,51.1135]},"properties":{"stop_id":"200730","stop_name":"Gent Metaal A.M.","qualifies_min1_weekday":false,"qualifies_min1_fullweek":false,"qualifies_min10_weekday":false,"qualifies_min10_fullweek":false,"qualifies_hourly_weekday":false,"qualifies_hourly_fullweek":false,"qualifies_halfhour_weekday":false,"qualifies_halfhour_fullweek":false,"departures_MONDAY":0,"departures_TUESDAY":0,"departures_WEDNESDAY":0,"departures_THURSDAY":0,"departures_FRIDAY":0,"departures_SATURDAY":0,"departures_SUNDAY":0}},{"type":"Feature","geometry":{"type":"Point","coordinates":[3.7806,51.1168]},"properties":{"stop_id":"200731","stop_name":"Gent Snapper","qualifies_min1_weekday":false,"qualifies_min1_fullweek":false,"qualifies_min10_weekday":false,"qualifies_min10_fullweek":false,"qualifies_hourly_weekday":false,"qualifies_hourly_fullweek":false,"qualifies_halfhour_weekday":false,"qualifies_halfhour_fullweek":false,"departures_MONDAY":0,"departures_TUESDAY":0,"departures_WEDNESDAY":0,"departures_THURSDAY":0,"departures_FRIDAY":0,"departures_SATURDAY":0,"departures_SUNDAY":0}},{"type":"Feature","geometry":{"type":"Point","coordinates":[3.7901,51.1373]},"properties":{"stop_id":"200733","stop_name":"Gent Rodenhuizestraat","qualifies_min1_weekday":false,"qualifies_min1_fullweek":false,"qualifies_min10_weekday":false,"qualifies_min10_fullweek":false,"qualifies_hourly_weekday":false,"qualifies_hourly_fullweek":false,"qualifies_halfhour_weekday":false,"qualifies_halfhour_fullweek":false,"departures_MONDAY":0,"departures_TUESDAY":0,"departures_WEDNESDAY":0,"departures_THURSDAY":0,"departures_FRIDAY":0,"departures_SATURDAY":0,"departures_SUNDAY":0}},{"type":"Feature","geometry":{"type":"Point","coordinates":[3.7919,51.1298]},"properties":{"stop_id":"200735","stop_name":"Gent Janssens Containers","qualifies_min1_weekday":false,"qualifies_min1_fullweek":false,"qualifies_min10_weekday":false,"qualifies_min10_fullweek":false,"qualifies_hourly_weekday":false,"qualifies_hourly_fullweek":false,"qualifies_halfhour_weekday":false,"qualifies_halfhour_fullweek":false,"departures_MONDAY":0,"departures_TUESDAY":0,"departures_WEDNESDAY":0,"departures_THURSDAY":0,"departures_FRIDAY":0,"departures_SATURDAY":0,"departures_SUNDAY":0}},{"type":"Feature","geometry":{"type":"Point","coordinates":[3.7224,51.0538]},"properties":{"stop_id":"200780","stop_name":"Gent Korenmarkt perron 3","qualifies_min1_weekday":true,"qualifies_min1_fullweek":true,"qualifies_min10_weekday":true,"qualifies_min10_fullweek":true,"qualifies_hourly_weekday":true,"qualifies_hourly_fullweek":true,"qualifies_halfhour_weekday":true,"qualifies_halfhour_fullweek":true,"departures_MONDAY":369,"departures_TUESDAY":420,"departures_WEDNESDAY":420,"departures_THURSDAY":420,"departures_FRIDAY":420,"departures_SATURDAY":351,"departures_SUNDAY":314}},{"type":"Feature","geometry":{"type":"Point","coordinates":[3.7238,51.0536]},"properties":{"stop_id":"200781","stop_name":"Gent Korenmarkt perron 4","qualifies_min1_weekday":true,"qualifies_min1_fullweek":true,"qualifies_min10_weekday":true,"qualifies_min10_fullweek":true,"qualifies_hourly_weekday":true,"qualifies_hourly_fullweek":true,"qualifies_halfhour_weekday":true,"qualifies_halfhour_fullweek":true,"departures_MONDAY":101,"departures_TUESDAY":128,"departures_WEDNESDAY":128,"departures_THURSDAY":128,"departures_FRIDAY":128,"departures_SATURDAY":96,"departures_SUNDAY":81}},{"type":"Feature","geometry":{"type":"Point","coordinates":[3.7519,51.0053]},"properties":{"stop_id":"200977","stop_name":"Merelbeke Plataan","qualifies_min1_weekday":false,"qualifies_min1_fullweek":false,"qualifies_min10_weekday":false,"qualifies_min10_fullweek":false,"qualifies_hourly_weekday":false,"qualifies_hourly_fullweek":false,"qualifies_halfhour_weekday":false,"qualifies_halfhour_fullweek":false,"departures_MONDAY":0,"departures_TUESDAY":3,"departures_WEDNESDAY":3,"departures_THURSDAY":3,"departures_FRIDAY":3,"departures_SATURDAY":0,"departures_SUNDAY":0}},{"type":"Feature","geometry":{"type":"Point","coordinates":[3.7174,51.0347]},"properties":{"stop_id":"200984","stop_name":"Gent Parkplein (Parklaan)","qualifies_min1_weekday":true,"qualifies_min1_fullweek":true,"qualifies_min10_weekday":true,"qualifies_min10_fullweek":true,"qualifies_hourly_weekday":true,"qualifies_hourly_fullweek":true,"qualifies_halfhour_weekday":true,"qualifies_halfhour_fullweek":true,"departures_MONDAY":201,"departures_TUESDAY":221,"departures_WEDNESDAY":220,"departures_THURSDAY":221,"departures_FRIDAY":221,"departures_SATURDAY":186,"departures_SUNDAY":148}},{"type":"Feature","geometry":{"type":"Point","coordinates":[3.7332,51.0593]},"properties":{"stop_id":"200985","stop_name":"Gent Blekerijstraat","qualifies_min1_weekday":true,"qualifies_min1_fullweek":true,"qualifies_min10_weekday":true,"qualifies_min10_fullweek":true,"qualifies_hourly_weekday":true,"qualifies_hourly_fullweek":true,"qualifies_halfhour_weekday":true,"qualifies_halfhour_fullweek":true,"departures_MONDAY":48,"departures_TUESDAY":48,"departures_WEDNESDAY":48,"departures_THURSDAY":48,"departures_FRIDAY":48,"departures_SATURDAY":48,"departures_SUNDAY":48}},{"type":"Feature","geometry":{"type":"Point","coordinates":[3.7039,51.0702]},"properties":{"stop_id":"201014","stop_name":"Gent Hortensiastraat","qualifies_min1_weekday":true,"qualifies_min1_fullweek":true,"qualifies_min10_weekday":true,"qualifies_min10_fullweek":true,"qualifies_hourly_weekday":true,"qualifies_hourly_fullweek":true,"qualifies_halfhour_weekday":true,"qualifies_halfhour_fullweek":true,"departures_MONDAY":97,"departures_TUESDAY":118,"departures_WEDNESDAY":118,"departures_THURSDAY":118,"departures_FRIDAY":118,"departures_SATURDAY":91,"departures_SUNDAY":77}},{"type":"Feature","geometry":{"type":"Point","coordinates":[3.702,51.0666]},"properties":{"stop_id":"201016","stop_name":"Gent Guislainstraat","qualifies_min1_weekday":true,"qualifies_min1_fullweek":true,"qualifies_min10_weekday":true,"qualifies_min10_fullweek":true,"qualifies_hourly_weekday":true,"qualifies_hourly_fullweek":true,"qualifies_halfhour_weekday":true,"qualifies_halfhour_fullweek":true,"departures_MONDAY":97,"departures_TUESDAY":118,"departures_WEDNESDAY":118,"departures_THURSDAY":118,"departures_FRIDAY":118,"departures_SATURDAY":91,"departures_SUNDAY":77}},{"type":"Feature","geometry":{"type":"Point","coordinates":[3.7033,51.0641]},"properties":{"stop_id":"201017","stop_name":"Gent Nieuwevaartbrug","qualifies_min1_weekday":true,"qualifies_min1_fullweek":true,"qualifies_min10_weekday":true,"qualifies_min10_fullweek":true,"qualifies_hourly_weekday":true,"qualifies_hourly_fullweek":true,"qualifies_halfhour_weekday":true,"qualifies_halfhour_fullweek":true,"departures_MONDAY":130,"departures_TUESDAY":153,"departures_WEDNESDAY":154,"departures_THURSDAY":153,"departures_FRIDAY":153,"departures_SATURDAY":109,"departures_SUNDAY":93}},{"type":"Feature","geometry":{"type":"Point","coordinates":[3.7067,51.0626]},"properties":{"stop_id":"201018","stop_name":"Gent Wittekaproenenplein","qualifies_min1_weekday":true,"qualifies_min1_fullweek":true,"qualifies_min10_weekday":true,"qualifies_min10_fullweek":true,"qualifies_hourly_weekday":true,"qualifies_hourly_fullweek":true,"qualifies_halfhour_weekday":true,"qualifies_halfhour_fullweek":true,"departures_MONDAY":130,"departures_TUESDAY":153,"departures_WEDNESDAY":154,"departures_THURSDAY":153,"departures_FRIDAY":153,"departures_SATURDAY":109,"departures_SUNDAY":93}},{"type":"Feature","geometry":{"type":"Point","coordinates":[3.712,51.0599]},"properties":{"stop_id":"201019","stop_name":"Gent Rabot (Begijnhoflaan)","qualifies_min1_weekday":true,"qualifies_min1_fullweek":true,"qualifies_min10_weekday":true,"qualifies_min10_fullweek":true,"qualifies_hourly_weekday":true,"qualifies_hourly_fullweek":true,"qualifies_halfhour_weekday":true,"qualifies_halfhour_fullweek":true,"departures_MONDAY":97,"departures_TUESDAY":118,"departures_WEDNESDAY":118,"departures_THURSDAY":118,"departures_FRIDAY":118,"departures_SATURDAY":91,"departures_SUNDAY":77}},{"type":"Feature","geometry":{"type":"Point","coordinates":[3.7209,51.0568]},"properties":{"stop_id":"201023","stop_name":"Gent Gravensteen (Sint-Veerleplein)","qualifies_min1_weekday":true,"qualifies_min1_fullweek":true,"qualifies_min10_weekday":true,"qualifies_min10_fullweek":true,"qualifies_hourly_weekday":true,"qualifies_hourly_fullweek":true,"qualifies_halfhour_weekday":true,"qualifies_halfhour_fullweek":true,"departures_MONDAY":97,"departures_TUESDAY":118,"departures_WEDNESDAY":118,"departures_THURSDAY":118,"departures_FRIDAY":118,"departures_SATURDAY":91,"departures_SUNDAY":77}},{"type":"Feature","geometry":{"type":"Point","coordinates":[3.7234,51.0326]},"properties":{"stop_id":"201037","stop_name":"Gent Zwijnaardsesteenweg","qualifies_min1_weekday":true,"qualifies_min1_fullweek":true,"qualifies_min10_weekday":true,"qualifies_min10_fullweek":true,"qualifies_hourly_weekday":true,"qualifies_hourly_fullweek":true,"qualifies_halfhour_weekday":true,"qualifies_halfhour_fullweek":true,"departures_MONDAY":146,"departures_TUESDAY":179,"departures_WEDNESDAY":177,"departures_THURSDAY":179,"departures_FRIDAY":179,"departures_SATURDAY":90,"departures_SUNDAY":75}},{"type":"Feature","geometry":{"type":"Point","coordinates":[3.7964,51.072]},"properties":{"stop_id":"201044","stop_name":"Sint-Amandsberg Achtendries","qualifies_min1_weekday":true,"qualifies_min1_fullweek":true,"qualifies_min10_weekday":true,"qualifies_min10_fullweek":true,"qualifies_hourly_weekday":true,"qualifies_hourly_fullweek":true,"qualifies_halfhour_weekday":false,"qualifies_halfhour_fullweek":false,"departures_MONDAY":63,"departures_TUESDAY":63,"departures_WEDNESDAY":63,"departures_THURSDAY":63,"departures_FRIDAY":63,"departures_SATURDAY":58,"departures_SUNDAY":55}},{"type":"Feature","geometry":{"type":"Point","coordinates":[3.6392,51.0522]},"properties":{"stop_id":"201049","stop_name":"Drongen Elshout","qualifies_min1_weekday":false,"qualifies_min1_fullweek":false,"qualifies_min10_weekday":false,"qualifies_min10_fullweek":false,"qualifies_hourly_weekday":false,"qualifies_hourly_fullweek":false,"qualifies_halfhour_weekday":false,"qualifies_halfhour_fullweek":false,"departures_MONDAY":0,"departures_TUESDAY":0,"departures_WEDNESDAY":0,"departures_THURSDAY":0,"departures_FRIDAY":0,"departures_SATURDAY":0,"departures_SUNDAY":0}},{"type":"Feature","geometry":{"type":"Point","coordinates":[3.7693,51.0274]},"properties":{"stop_id":"201051","stop_name":"Gentbrugge Pecherstraat","qualifies_min1_weekday":true,"qualifies_min1_fullweek":true,"qualifies_min10_weekday":true,"qualifies_min10_fullweek":true,"qualifies_hourly_weekday":true,"qualifies_hourly_fullweek":true,"qualifies_halfhour_weekday":true,"qualifies_halfhour_fullweek":true,"departures_MONDAY":98,"departures_TUESDAY":124,"departures_WEDNESDAY":124,"departures_THURSDAY":124,"departures_FRIDAY":124,"departures_SATURDAY":93,"departures_SUNDAY":79}},{"type":"Feature","geometry":{"type":"Point","coordinates":[3.7653,51.0295]},"properties":{"stop_id":"201052","stop_name":"Gentbrugge Tennisstraat","qualifies_min1_weekday":true,"qualifies_min1_fullweek":true,"qualifies_min10_weekday":true,"qualifies_min10_fullweek":true,"qualifies_hourly_weekday":true,"qualifies_hourly_fullweek":true,"qualifies_halfhour_weekday":true,"qualifies_halfhour_fullweek":true,"departures_MONDAY":98,"departures_TUESDAY":124,"departures_WEDNESDAY":124,"departures_THURSDAY":124,"departures_FRIDAY":124,"departures_SATURDAY":93,"departures_SUNDAY":79}},{"type":"Feature","geometry":{"type":"Point","coordinates":[3.7616,51.0313]},"properties":{"stop_id":"201053","stop_name":"Gentbrugge Schooldreef","qualifies_min1_weekday":true,"qualifies_min1_fullweek":true,"qualifies_min10_weekday":true,"qualifies_min10_fullweek":true,"qualifies_hourly_weekday":true,"qualifies_hourly_fullweek":true,"qualifies_halfhour_weekday":true,"qualifies_halfhour_fullweek":true,"departures_MONDAY":98,"departures_TUESDAY":124,"departures_WEDNESDAY":124,"departures_THURSDAY":124,"departures_FRIDAY":124,"departures_SATURDAY":93,"departures_SUNDAY":79}},{"type":"Feature","geometry":{"type":"Point","coordinates":[3.7495,51.0373]},"properties":{"stop_id":"201060","stop_name":"Gentbrugge Stelplaats","qualifies_min1_weekday":true,"qualifies_min1_fullweek":true,"qualifies_min10_weekday":true,"qualifies_min10_fullweek":true,"qualifies_hourly_weekday":true,"qualifies_hourly_fullweek":true,"qualifies_halfhour_weekday":true,"qualifies_halfhour_fullweek":true,"departures_MONDAY":117,"departures_TUESDAY":161,"departures_WEDNESDAY":161,"departures_THURSDAY":161,"departures_FRIDAY":161,"departures_SATURDAY":115,"departures_SUNDAY":100}},{"type":"Feature","geometry":{"type":"Point","coordinates":[3.7448,51.0396]},"properties":{"stop_id":"201061","stop_name":"Ledeberg Van Lokerenstraat","qualifies_min1_weekday":true,"qualifies_min1_fullweek":true,"qualifies_min10_weekday":true,"qualifies_min10_fullweek":true,"qualifies_hourly_weekday":true,"qualifies_hourly_fullweek":true,"qualifies_halfhour_weekday":true,"qualifies_halfhour_fullweek":true,"departures_MONDAY":101,"departures_TUESDAY":129,"departures_WEDNESDAY":129,"departures_THURSDAY":129,"departures_FRIDAY":129,"departures_SATURDAY":95,"departures_SUNDAY":80}},{"type":"Feature","geometry":{"type":"Point","coordinates":[3.7383,51.0426]},"properties":{"stop_id":"201062","stop_name":"Gent Keizerpoort (Brusselsepoortstraat)","qualifies_min1_weekday":true,"qualifies_min1_fullweek":true,"qualifies_min10_weekday":true,"qualifies_min10_fullweek":true,"qualifies_hourly_weekday":true,"qualifies_hourly_fullweek":true,"qualifies_halfhour_weekday":true,"qualifies_halfhour_fullweek":true,"departures_MONDAY":101,"departures_TUESDAY":129,"departures_WEDNESDAY":129,"departures_THURSDAY":129,"departures_FRIDAY":129,"departures_SATURDAY":95,"departures_SUNDAY":80}},{"type":"Feature","geometry":{"type":"Point","coordinates":[3.7336,51.0445]},"properties":{"stop_id":"201064","stop_name":"Gent Vijfwindgatenstraat","qualifies_min1_weekday":true,"qualifies_min1_fullweek":true,"qualifies_min10_weekday":true,"qualifies_min10_fullweek":true,"qualifies_hourly_weekday":true,"qualifies_hourly_fullweek":true,"qualifies_halfhour_weekday":true,"qualifies_halfhour_fullweek":true,"departures_MONDAY":502,"departures_TUESDAY":584,"departures_WEDNESDAY":584,"departures_THURSDAY":584,"departures_FRIDAY":584,"departures_SATURDAY":489,"departures_SUNDAY":410}},{"type":"Feature","geometry":{"type":"Point","coordinates":[3.7316,51.0481]},"properties":{"stop_id":"201065","stop_name":"Gent Zuid perron 2","qualifies_min1_weekday":true,"qualifies_min1_fullweek":true,"qualifies_min10_weekday":true,"qualifies_min10_fullweek":true,"qualifies_hourly_weekday":true,"qualifies_hourly_fullweek":true,"qualifies_halfhour_weekday":true,"qualifies_halfhour_fullweek":true,"departures_MONDAY":270,"departures_TUESDAY":326,"departures_WEDNESDAY":326,"departures_THURSDAY":326,"departures_FRIDAY":326,"departures_SATURDAY":275,"departures_SUNDAY":235}},{"type":"Feature","geometry":{"type":"Point","coordinates":[3.7304,51.0498]},"properties":{"stop_id":"201066","stop_name":"Gent Lippensplein","qualifies_min1_weekday":true,"qualifies_min1_fullweek":true,"qualifies_min10_weekday":true,"qualifies_min10_fullweek":true,"qualifies_hourly_weekday":true,"qualifies_hourly_fullweek":true,"qualifies_halfhour_weekday":true,"qualifies_halfhour_fullweek":true,"departures_MONDAY":269,"departures_TUESDAY":325,"departures_WEDNESDAY":325,"departures_THURSDAY":325,"departures_FRIDAY":325,"departures_SATURDAY":275,"departures_SUNDAY":234}},{"type":"Feature","geometry":{"type":"Point","coordinates":[3.726,51.0505]},"properties":{"stop_id":"201067","stop_name":"Gent Vogelmarkt","qualifies_min1_weekday":true,"qualifies_min1_fullweek":true,"qualifies_min10_weekday":true,"qualifies_min10_fullweek":true,"qualifies_hourly_weekday":true,"qualifies_hourly_fullweek":true,"qualifies_halfhour_weekday":true,"qualifies_halfhour_fullweek":true,"departures_MONDAY":169,"departures_TUESDAY":198,"departures_WEDNESDAY":198,"departures_THURSDAY":198,"departures_FRIDAY":198,"departures_SATURDAY":180,"departures_SUNDAY":154}},{"type":"Feature","geometry":{"type":"Point","coordinates":[3.7177,51.0503]},"properties":{"stop_id":"201070","stop_name":"Gent Oude Houtlei","qualifies_min1_weekday":true,"qualifies_min1_fullweek":true,"qualifies_min10_weekday":true,"qualifies_min10_fullweek":true,"qualifies_hourly_weekday":true,"qualifies_hourly_fullweek":true,"qualifies_halfhour_weekday":true,"qualifies_halfhour_fullweek":true,"departures_MONDAY":169,"departures_TUESDAY":198,"departures_WEDNESDAY":198,"departures_THURSDAY":198,"departures_FRIDAY":198,"departures_SATURDAY":180,"departures_SUNDAY":154}},{"type":"Feature","geometry":{"type":"Point","coordinates":[3.7135,51.0507]},"properties":{"stop_id":"201071","stop_name":"Gent Galgenberg","qualifies_min1_weekday":true,"qualifies_min1_fullweek":true,"qualifies_min10_weekday":true,"qualifies_min10_fullweek":true,"qualifies_hourly_weekday":true,"qualifies_hourly_fullweek":true,"qualifies_halfhour_weekday":true,"qualifies_halfhour_fullweek":true,"departures_MONDAY":169,"departures_TUESDAY":198,"departures_WEDNESDAY":198,"departures_THURSDAY":198,"departures_FRIDAY":198,"departures_SATURDAY":180,"departures_SUNDAY":154}},{"type":"Feature","geometry":{"type":"Point","coordinates":[3.7098,51.05]},"properties":{"stop_id":"201072","stop_name":"Gent Rozemarijnbrug","qualifies_min1_weekday":true,"qualifies_min1_fullweek":true,"qualifies_min10_weekday":true,"qualifies_min10_fullweek":true,"qualifies_hourly_weekday":true,"qualifies_hourly_fullweek":true,"qualifies_halfhour_weekday":true,"qualifies_halfhour_fullweek":true,"departures_MONDAY":253,"departures_TUESDAY":303,"departures_WEDNESDAY":303,"departures_THURSDAY":303,"departures_FRIDAY":303,"departures_SATURDAY":255,"departures_SUNDAY":220}},{"type":"Feature","geometry":{"type":"Point","coordinates":[3.7097,51.048]},"properties":{"stop_id":"201073","stop_name":"Gent Bernard Spaelaan","qualifies_min1_weekday":true,"qualifies_min1_fullweek":true,"qualifies_min10_weekday":true,"qualifies_min10_fullweek":true,"qualifies_hourly_weekday":true,"qualifies_hourly_fullweek":true,"qualifies_halfhour_weekday":true,"qualifies_halfhour_fullweek":true,"departures_MONDAY":253,"departures_TUESDAY":303,"departures_WEDNESDAY":303,"departures_THURSDAY":303,"departures_FRIDAY":303,"departures_SATURDAY":255,"departures_SUNDAY":220}},{"type":"Feature","geometry":{"type":"Point","coordinates":[3.7136,51.0452]},"properties":{"stop_id":"201074","stop_name":"Gent Bijlokehof","qualifies_min1_weekday":true,"qualifies_min1_fullweek":true,"qualifies_min10_weekday":true,"qualifies_min10_fullweek":true,"qualifies_hourly_weekday":true,"qualifies_hourly_fullweek":true,"qualifies_halfhour_weekday":true,"qualifies_halfhour_fullweek":true,"departures_MONDAY":253,"departures_TUESDAY":303,"departures_WEDNESDAY":303,"departures_THURSDAY":303,"departures_FRIDAY":303,"departures_SATURDAY":255,"departures_SUNDAY":220}},{"type":"Feature","geometry":{"type":"Point","coordinates":[3.7111,51.0428]},"properties":{"stop_id":"201075","stop_name":"Gent Koning Albertbrug","qualifies_min1_weekday":true,"qualifies_min1_fullweek":true,"qualifies_min10_weekday":true,"qualifies_min10_fullweek":true,"qualifies_hourly_weekday":true,"qualifies_hourly_fullweek":true,"qualifies_halfhour_weekday":true,"qualifies_halfhour_fullweek":true,"departures_MONDAY":253,"departures_TUESDAY":303,"departures_WEDNESDAY":303,"departures_THURSDAY":303,"departures_FRIDAY":303,"departures_SATURDAY":255,"departures_SUNDAY":220}},{"type":"Feature","geometry":{"type":"Point","coordinates":[3.7106,51.0386]},"properties":{"stop_id":"201076","stop_name":"Gent Meersstraat","qualifies_min1_weekday":true,"qualifies_min1_fullweek":true,"qualifies_min10_weekday":true,"qualifies_min10_fullweek":true,"qualifies_hourly_weekday":true,"qualifies_hourly_fullweek":true,"qualifies_halfhour_weekday":true,"qualifies_halfhour_fullweek":true,"departures_MONDAY":408,"departures_TUESDAY":492,"departures_WEDNESDAY":493,"departures_THURSDAY":492,"departures_FRIDAY":492,"departures_SATURDAY":336,"departures_SUNDAY":297}},{"type":"Feature","geometry":{"type":"Point","coordinates":[3.7316,51.0475]},"properties":{"stop_id":"201083","stop_name":"Gent Zuid perron 7","qualifies_min1_weekday":true,"qualifies_min1_fullweek":true,"qualifies_min10_weekday":true,"qualifies_min10_fullweek":true,"qualifies_hourly_weekday":true,"qualifies_hourly_fullweek":true,"qualifies_halfhour_weekday":true,"qualifies_halfhour_fullweek":false,"departures_MONDAY":129,"departures_TUESDAY":145,"departures_WEDNESDAY":146,"departures_THURSDAY":145,"departures_FRIDAY":145,"departures_SATURDAY":119,"departures_SUNDAY":87}},{"type":"Feature","geometry":{"type":"Point","coordinates":[3.7412,51.0367]},"properties":{"stop_id":"201094","stop_name":"Ledeberg Ledebergplein","qualifies_min1_weekday":true,"qualifies_min1_fullweek":true,"qualifies_min10_weekday":true,"qualifies_min10_fullweek":true,"qualifies_hourly_weekday":true,"qualifies_hourly_fullweek":true,"qualifies_halfhour_weekday":true,"qualifies_halfhour_fullweek":true,"departures_MONDAY":161,"departures_TUESDAY":184,"departures_WEDNESDAY":184,"departures_THURSDAY":184,"departures_FRIDAY":184,"departures_SATURDAY":169,"departures_SUNDAY":144}},{"type":"Feature","geometry":{"type":"Point","coordinates":[3.7362,51.0401]},"properties":{"stop_id":"201096","stop_name":"Gent Sint-Lievenspoort (Zuidpark)","qualifies_min1_weekday":true,"qualifies_min1_fullweek":true,"qualifies_min10_weekday":true,"qualifies_min10_fullweek":true,"qualifies_hourly_weekday":true,"qualifies_hourly_fullweek":true,"qualifies_halfhour_weekday":true,"qualifies_halfhour_fullweek":true,"departures_MONDAY":235,"departures_TUESDAY":272,"departures_WEDNESDAY":273,"departures_THURSDAY":272,"departures_FRIDAY":272,"departures_SATURDAY":240,"departures_SUNDAY":199}},{"type":"Feature","geometry":{"type":"Point","coordinates":[3.7281,51.0519]},"properties":{"stop_id":"201098","stop_name":"Gent Duivelsteen","qualifies_min1_weekday":true,"qualifies_min1_fullweek":true,"qualifies_min10_weekday":true,"qualifies_min10_fullweek":true,"qualifies_hourly_weekday":true,"qualifies_hourly_fullweek":true,"qualifies_halfhour_weekday":true,"qualifies_halfhour_fullweek":true,"departures_MONDAY":101,"departures_TUESDAY":128,"departures_WEDNESDAY":128,"departures_THURSDAY":128,"departures_FRIDAY":128,"departures_SATURDAY":96,"departures_SUNDAY":81}},{"type":"Feature","geometry":{"type":"Point","coordinates":[3.7214,51.057]},"properties":{"stop_id":"201100","stop_name":"Gent Gravensteen (Geldmunt)","qualifies_min1_weekday":true,"qualifies_min1_fullweek":true,"qualifies_min10_weekday":false,"qualifies_min10_fullweek":false,"qualifies_hourly_weekday":false,"qualifies_hourly_fullweek":false,"qualifies_halfhour_weekday":false,"qualifies_halfhour_fullweek":false,"departures_MONDAY":5,"departures_TUESDAY":11,"departures_WEDNESDAY":11,"departures_THURSDAY":11,"departures_FRIDAY":11,"departures_SATURDAY":6,"departures_SUNDAY":4}},{"type":"Feature","geometry":{"type":"Point","coordinates":[3.7213,51.0587]},"properties":{"stop_id":"201101","stop_name":"Gent Lange Steenstraat","qualifies_min1_weekday":true,"qualifies_min1_fullweek":true,"qualifies_min10_weekday":true,"qualifies_min10_fullweek":true,"qualifies_hourly_weekday":true,"qualifies_hourly_fullweek":true,"qualifies_halfhour_weekday":true,"qualifies_halfhour_fullweek":true,"departures_MONDAY":88,"departures_TUESDAY":115,"departures_WEDNESDAY":115,"departures_THURSDAY":115,"departures_FRIDAY":115,"departures_SATURDAY":80,"departures_SUNDAY":69}},{"type":"Feature","geometry":{"type":"Point","coordinates":[3.725,51.0602]},"properties":{"stop_id":"201102","stop_name":"Gent Sluizeken","qualifies_min1_weekday":true,"qualifies_min1_fullweek":true,"qualifies_min10_weekday":true,"qualifies_min10_fullweek":true,"qualifies_hourly_weekday":true,"qualifies_hourly_fullweek":true,"qualifies_halfhour_weekday":true,"qualifies_halfhour_fullweek":true,"departures_MONDAY":83,"departures_TUESDAY":104,"departures_WEDNESDAY":104,"departures_THURSDAY":104,"departures_FRIDAY":104,"departures_SATURDAY":74,"departures_SUNDAY":65}},{"type":"Feature","geometry":{"type":"Point","coordinates":[3.7274,51.0622]},"properties":{"stop_id":"201103","stop_name":"Gent Coppinsstraat","qualifies_min1_weekday":true,"qualifies_min1_fullweek":true,"qualifies_min10_weekday":true,"qualifies_min10_fullweek":true,"qualifies_hourly_weekday":true,"qualifies_hourly_fullweek":true,"qualifies_halfhour_weekday":true,"qualifies_halfhour_fullweek":true,"departures_MONDAY":83,"departures_TUESDAY":104,"departures_WEDNESDAY":104,"departures_THURSDAY":104,"departures_FRIDAY":104,"departures_SATURDAY":74,"departures_SUNDAY":65}},{"type":"Feature","geometry":{"type":"Point","coordinates":[3.7291,51.0642]},"properties":{"stop_id":"201104","stop_name":"Gent Heilig-Kerst","qualifies_min1_weekday":true,"qualifies_min1_fullweek":true,"qualifies_min10_weekday":true,"qualifies_min10_fullweek":true,"qualifies_hourly_weekday":true,"qualifies_hourly_fullweek":true,"qualifies_halfhour_weekday":true,"qualifies_halfhour_fullweek":true,"departures_MONDAY":83,"departures_TUESDAY":104,"departures_WEDNESDAY":104,"departures_THURSDAY":104,"departures_FRIDAY":104,"departures_SATURDAY":74,"departures_SUNDAY":65}},{"type":"Feature","geometry":{"type":"Point","coordinates":[3.7267,51.0672]},"properties":{"stop_id":"201108","stop_name":"Gent Tolpoort (Neuseplein)","qualifies_min1_weekday":true,"qualifies_min1_fullweek":true,"qualifies_min10_weekday":true,"qualifies_min10_fullweek":true,"qualifies_hourly_weekday":true,"qualifies_hourly_fullweek":true,"qualifies_halfhour_weekday":true,"qualifies_halfhour_fullweek":true,"departures_MONDAY":84,"departures_TUESDAY":105,"departures_WEDNESDAY":105,"departures_THURSDAY":105,"departures_FRIDAY":105,"departures_SATURDAY":75,"departures_SUNDAY":66}},{"type":"Feature","geometry":{"type":"Point","coordinates":[3.7187,51.0649]},"properties":{"stop_id":"201110","stop_name":"Gent AZ Sint-Lucas (Blaisantvest)","qualifies_min1_weekday":true,"qualifies_min1_fullweek":true,"qualifies_min10_weekday":true,"qualifies_min10_fullweek":true,"qualifies_hourly_weekday":true,"qualifies_hourly_fullweek":true,"qualifies_halfhour_weekday":true,"qualifies_halfhour_fullweek":true,"departures_MONDAY":84,"departures_TUESDAY":105,"departures_WEDNESDAY":105,"departures_THURSDAY":105,"departures_FRIDAY":105,"departures_SATURDAY":75,"departures_SUNDAY":66}},{"type":"Feature","geometry":{"type":"Point","coordinates":[3.7158,51.0627]},"properties":{"stop_id":"201111","stop_name":"Gent Opgeëistenlaan","qualifies_min1_weekday":true,"qualifies_min1_fullweek":true,"qualifies_min10_weekday":true,"qualifies_min10_fullweek":true,"qualifies_hourly_weekday":true,"qualifies_hourly_fullweek":true,"qualifies_halfhour_weekday":true,"qualifies_halfhour_fullweek":true,"departures_MONDAY":84,"departures_TUESDAY":105,"departures_WEDNESDAY":105,"departures_THURSDAY":105,"departures_FRIDAY":105,"departures_SATURDAY":75,"departures_SUNDAY":66}},{"type":"Feature","geometry":{"type":"Point","coordinates":[3.71,51.057]},"properties":{"stop_id":"201112","stop_name":"Gent Brugsepoort (Begijnhoflaan)","qualifies_min1_weekday":true,"qualifies_min1_fullweek":true,"qualifies_min10_weekday":true,"qualifies_min10_fullweek":true,"qualifies_hourly_weekday":true,"qualifies_hourly_fullweek":true,"qualifies_halfhour_weekday":true,"qualifies_halfhour_fullweek":true,"departures_MONDAY":84,"departures_TUESDAY":105,"departures_WEDNESDAY":105,"departures_THURSDAY":105,"departures_FRIDAY":105,"departures_SATURDAY":75,"departures_SUNDAY":66}},{"type":"Feature","geometry":{"type":"Point","coordinates":[3.7702,51.0704]},"properties":{"stop_id":"201128","stop_name":"Sint-Amandsberg Carelshof","qualifies_min1_weekday":true,"qualifies_min1_fullweek":true,"qualifies_min10_weekday":true,"qualifies_min10_fullweek":true,"qualifies_hourly_weekday":true,"qualifies_hourly_fullweek":true,"qualifies_halfhour_weekday":true,"qualifies_halfhour_fullweek":false,"departures_MONDAY":69,"departures_TUESDAY":75,"departures_WEDNESDAY":78,"departures_THURSDAY":75,"departures_FRIDAY":75,"departures_SATURDAY":63,"departures_SUNDAY":58}},{"type":"Feature","geometry":{"type":"Point","coordinates":[3.7766,51.0732]},"properties":{"stop_id":"201129","stop_name":"Sint-Amandsberg Oudebareelstraat","qualifies_min1_weekday":true,"qualifies_min1_fullweek":true,"qualifies_min10_weekday":true,"qualifies_min10_fullweek":true,"qualifies_hourly_weekday":true,"qualifies_hourly_fullweek":true,"qualifies_halfhour_weekday":true,"qualifies_halfhour_fullweek":true,"departures_MONDAY":100,"departures_TUESDAY":106,"departures_WEDNESDAY":109,"departures_THURSDAY":106,"departures_FRIDAY":106,"departures_SATURDAY":92,"departures_SUNDAY":86}},{"type":"Feature","geometry":{"type":"Point","coordinates":[3.7556,51.0441]},"properties":{"stop_id":"201132","stop_name":"Gentbrugge Tweekapellenstraat","qualifies_min1_weekday":true,"qualifies_min1_fullweek":true,"qualifies_min10_weekday":true,"qualifies_min10_fullweek":true,"qualifies_hourly_weekday":true,"qualifies_hourly_fullweek":true,"qualifies_halfhour_weekday":true,"qualifies_halfhour_fullweek":true,"departures_MONDAY":86,"departures_TUESDAY":97,"departures_WEDNESDAY":97,"departures_THURSDAY":97,"departures_FRIDAY":97,"departures_SATURDAY":83,"departures_SUNDAY":66}},{"type":"Feature","geometry":{"type":"Point","coordinates":[3.7542,51.048]},"properties":{"stop_id":"201133","stop_name":"Sint-Amandsberg Gentbruggebrug","qualifies_min1_weekday":true,"qualifies_min1_fullweek":true,"qualifies_min10_weekday":true,"qualifies_min10_fullweek":true,"qualifies_hourly_weekday":true,"qualifies_hourly_fullweek":true,"qualifies_halfhour_weekday":true,"qualifies_halfhour_fullweek":true,"departures_MONDAY":111,"departures_TUESDAY":126,"departures_WEDNESDAY":126,"departures_THURSDAY":126,"departures_FRIDAY":126,"departures_SATURDAY":104,"departures_SUNDAY":75}},{"type":"Feature","geometry":{"type":"Point","coordinates":[3.7492,51.0525]},"properties":{"stop_id":"201135","stop_name":"Sint-Amandsberg Heernisplein","qualifies_min1_weekday":true,"qualifies_min1_fullweek":true,"qualifies_min10_weekday":true,"qualifies_min10_fullweek":true,"qualifies_hourly_weekday":true,"qualifies_hourly_fullweek":true,"qualifies_halfhour_weekday":true,"qualifies_halfhour_fullweek":true,"departures_MONDAY":149,"departures_TUESDAY":165,"departures_WEDNESDAY":165,"departures_THURSDAY":165,"departures_FRIDAY":165,"departures_SATURDAY":140,"departures_SUNDAY":95}},{"type":"Feature","geometry":{"type":"Point","coordinates":[3.7454,51.0532]},"properties":{"stop_id":"201136","stop_name":"Gent Banierstraat","qualifies_min1_weekday":true,"qualifies_min1_fullweek":true,"qualifies_min10_weekday":true,"qualifies_min10_fullweek":true,"qualifies_hourly_weekday":true,"qualifies_hourly_fullweek":true,"qualifies_halfhour_weekday":true,"qualifies_halfhour_fullweek":true,"departures_MONDAY":149,"departures_TUESDAY":165,"departures_WEDNESDAY":165,"departures_THURSDAY":165,"departures_FRIDAY":165,"departures_SATURDAY":140,"departures_SUNDAY":95}},{"type":"Feature","geometry":{"type":"Point","coordinates":[3.7428,51.0551]},"properties":{"stop_id":"201137","stop_name":"Gent Nieuwhof","qualifies_min1_weekday":true,"qualifies_min1_fullweek":true,"qualifies_min10_weekday":true,"qualifies_min10_fullweek":true,"qualifies_hourly_weekday":true,"qualifies_hourly_fullweek":true,"qualifies_halfhour_weekday":true,"qualifies_halfhour_fullweek":true,"departures_MONDAY":149,"departures_TUESDAY":165,"departures_WEDNESDAY":165,"departures_THURSDAY":165,"departures_FRIDAY":165,"departures_SATURDAY":140,"departures_SUNDAY":95}},{"type":"Feature","geometry":{"type":"Point","coordinates":[3.7281,51.0561]},"properties":{"stop_id":"201141","stop_name":"Gent Sint-Jacobs perron 4","qualifies_min1_weekday":true,"qualifies_min1_fullweek":true,"qualifies_min10_weekday":true,"qualifies_min10_fullweek":true,"qualifies_hourly_weekday":true,"qualifies_hourly_fullweek":true,"qualifies_halfhour_weekday":true,"qualifies_halfhour_fullweek":true,"departures_MONDAY":86,"departures_TUESDAY":97,"departures_WEDNESDAY":97,"departures_THURSDAY":97,"departures_FRIDAY":97,"departures_SATURDAY":83,"departures_SUNDAY":66}},{"type":"Feature","geometry":{"type":"Point","coordinates":[3.7114,51.0364]},"properties":{"stop_id":"201144","stop_name":"Gent Sint-Pietersstation perron 17","qualifies_min1_weekday":true,"qualifies_min1_fullweek":true,"qualifies_min10_weekday":true,"qualifies_min10_fullweek":true,"qualifies_hourly_weekday":true,"qualifies_hourly_fullweek":true,"qualifies_halfhour_weekday":true,"qualifies_halfhour_fullweek":true,"departures_MONDAY":173,"departures_TUESDAY":209,"departures_WEDNESDAY":209,"departures_THURSDAY":209,"departures_FRIDAY":209,"departures_SATURDAY":168,"departures_SUNDAY":144}},{"type":"Feature","geometry":{"type":"Point","coordinates":[3.7168,51.0544]},"properties":{"stop_id":"201145","stop_name":"Gent Poel","qualifies_min1_weekday":true,"qualifies_min1_fullweek":true,"qualifies_min10_weekday":true,"qualifies_min10_fullweek":true,"qualifies_hourly_weekday":true,"qualifies_hourly_fullweek":true,"qualifies_halfhour_weekday":true,"qualifies_halfhour_fullweek":true,"departures_MONDAY":267,"departures_TUESDAY":288,"departures_WEDNESDAY":288,"departures_THURSDAY":288,"departures_FRIDAY":288,"departures_SATURDAY":255,"departures_SUNDAY":230}},{"type":"Feature","geometry":{"type":"Point","coordinates":[3.7038,51.0593]},"properties":{"stop_id":"201148","stop_name":"Gent Seghersplein","qualifies_min1_weekday":true,"qualifies_min1_fullweek":true,"qualifies_min10_weekday":true,"qualifies_min10_fullweek":true,"qualifies_hourly_weekday":true,"qualifies_hourly_fullweek":true,"qualifies_halfhour_weekday":true,"qualifies_halfhour_fullweek":true,"departures_MONDAY":117,"departures_TUESDAY":127,"departures_WEDNESDAY":127,"departures_THURSDAY":127,"departures_FRIDAY":127,"departures_SATURDAY":115,"departures_SUNDAY":110}},{"type":"Feature","geometry":{"type":"Point","coordinates":[3.6904,51.0651]},"properties":{"stop_id":"201151","stop_name":"Gent Malpertuusplein","qualifies_min1_weekday":true,"qualifies_min1_fullweek":true,"qualifies_min10_weekday":true,"qualifies_min10_fullweek":true,"qualifies_hourly_weekday":true,"qualifies_hourly_fullweek":true,"qualifies_halfhour_weekday":true,"qualifies_halfhour_fullweek":true,"departures_MONDAY":155,"departures_TUESDAY":180,"departures_WEDNESDAY":180,"departures_THURSDAY":180,"departures_FRIDAY":180,"departures_SATURDAY":146,"departures_SUNDAY":140}},{"type":"Feature","geometry":{"type":"Point","coordinates":[3.6876,51.0669]},"properties":{"stop_id":"201152","stop_name":"Gent Fluweelstraat","qualifies_min1_weekday":true,"qualifies_min1_fullweek":true,"qualifies_min10_weekday":true,"qualifies_min10_fullweek":true,"qualifies_hourly_weekday":true,"qualifies_hourly_fullweek":true,"qualifies_halfhour_weekday":true,"qualifies_halfhour_fullweek":true,"departures_MONDAY":155,"departures_TUESDAY":180,"departures_WEDNESDAY":180,"departures_THURSDAY":180,"departures_FRIDAY":180,"departures_SATURDAY":146,"departures_SUNDAY":140}},{"type":"Feature","geometry":{"type":"Point","coordinates":[3.685,51.0684]},"properties":{"stop_id":"201153","stop_name":"Mariakerke Jutestraat","qualifies_min1_weekday":true,"qualifies_min1_fullweek":true,"qualifies_min10_weekday":true,"qualifies_min10_fullweek":true,"qualifies_hourly_weekday":true,"qualifies_hourly_fullweek":true,"qualifies_halfhour_weekday":true,"qualifies_halfhour_fullweek":true,"departures_MONDAY":155,"departures_TUESDAY":180,"departures_WEDNESDAY":180,"departures_THURSDAY":180,"departures_FRIDAY":180,"departures_SATURDAY":146,"departures_SUNDAY":140}},{"type":"Feature","geometry":{"type":"Point","coordinates":[3.6826,51.0698]},"properties":{"stop_id":"201154","stop_name":"Mariakerke Spellewerkstraat","qualifies_min1_weekday":true,"qualifies_min1_fullweek":true,"qualifies_min10_weekday":true,"qualifies_min10_fullweek":true,"qualifies_hourly_weekday":true,"qualifies_hourly_fullweek":true,"qualifies_halfhour_weekday":true,"qualifies_halfhour_fullweek":true,"departures_MONDAY":155,"departures_TUESDAY":180,"departures_WEDNESDAY":180,"departures_THURSDAY":180,"departures_FRIDAY":180,"departures_SATURDAY":146,"departures_SUNDAY":140}},{"type":"Feature","geometry":{"type":"Point","coordinates":[3.6806,51.072]},"properties":{"stop_id":"201155","stop_name":"Mariakerke Claeysplein","qualifies_min1_weekday":true,"qualifies_min1_fullweek":true,"qualifies_min10_weekday":true,"qualifies_min10_fullweek":true,"qualifies_hourly_weekday":true,"qualifies_hourly_fullweek":true,"qualifies_halfhour_weekday":true,"qualifies_halfhour_fullweek":true,"departures_MONDAY":155,"departures_TUESDAY":180,"departures_WEDNESDAY":180,"departures_THURSDAY":180,"departures_FRIDAY":180,"departures_SATURDAY":146,"departures_SUNDAY":140}},{"type":"Feature","geometry":{"type":"Point","coordinates":[3.6793,51.0751]},"properties":{"stop_id":"201157","stop_name":"Mariakerke Post","qualifies_min1_weekday":true,"qualifies_min1_fullweek":true,"qualifies_min10_weekday":true,"qualifies_min10_fullweek":true,"qualifies_hourly_weekday":true,"qualifies_hourly_fullweek":true,"qualifies_halfhour_weekday":true,"qualifies_halfhour_fullweek":true,"departures_MONDAY":233,"departures_TUESDAY":256,"departures_WEDNESDAY":256,"departures_THURSDAY":256,"departures_FRIDAY":256,"departures_SATURDAY":230,"departures_SUNDAY":223}},{"type":"Feature","geometry":{"type":"Point","coordinates":[3.7065,51.0247]},"properties":{"stop_id":"201161","stop_name":"Gent Maaltebruggestraat","qualifies_min1_weekday":true,"qualifies_min1_fullweek":true,"qualifies_min10_weekday":true,"qualifies_min10_fullweek":true,"qualifies_hourly_weekday":true,"qualifies_hourly_fullweek":true,"qualifies_halfhour_weekday":true,"qualifies_halfhour_fullweek":true,"departures_MONDAY":148,"departures_TUESDAY":165,"departures_WEDNESDAY":165,"departures_THURSDAY":165,"departures_FRIDAY":165,"departures_SATURDAY":154,"departures_SUNDAY":137}},{"type":"Feature","geometry":{"type":"Point","coordinates":[3.699,51.0229]},"properties":{"stop_id":"201162","stop_name":"Gent M. Middelares - Maalte","qualifies_min1_weekday":true,"qualifies_min1_fullweek":true,"qualifies_min10_weekday":true,"qualifies_min10_fullweek":true,"qualifies_hourly_weekday":true,"qualifies_hourly_fullweek":true,"qualifies_halfhour_weekday":true,"qualifies_halfhour_fullweek":true,"departures_MONDAY":148,"departures_TUESDAY":165,"departures_WEDNESDAY":165,"departures_THURSDAY":165,"departures_FRIDAY":165,"departures_SATURDAY":154,"departures_SUNDAY":137}},{"type":"Feature","geometry":{"type":"Point","coordinates":[3.7167,51.0883]},"properties":{"stop_id":"201163","stop_name":"Wondelgem Sint-Sebastiaanstraat","qualifies_min1_weekday":true,"qualifies_min1_fullweek":true,"qualifies_min10_weekday":true,"qualifies_min10_fullweek":true,"qualifies_hourly_weekday":true,"qualifies_hourly_fullweek":true,"qualifies_halfhour_weekday":true,"qualifies_halfhour_fullweek":true,"departures_MONDAY":209,"departures_TUESDAY":251,"departures_WEDNESDAY":246,"departures_THURSDAY":251,"departures_FRIDAY":251,"departures_SATURDAY":205,"departures_SUNDAY":181}},{"type":"Feature","geometry":{"type":"Point","coordinates":[3.8342,51.1157]},"properties":{"stop_id":"201167","stop_name":"Zaffelare Verleydonckstraat","qualifies_min1_weekday":true,"qualifies_min1_fullweek":true,"qualifies_min10_weekday":true,"qualifies_min10_fullweek":true,"qualifies_hourly_weekday":false,"qualifies_hourly_fullweek":false,"qualifies_halfhour_weekday":false,"qualifies_halfhour_fullweek":false,"departures_MONDAY":20,"departures_TUESDAY":24,"departures_WEDNESDAY":24,"departures_THURSDAY":24,"departures_FRIDAY":24,"departures_SATURDAY":17,"departures_SUNDAY":16}},{"type":"Feature","geometry":{"type":"Point","coordinates":[3.7103,51.0564]},"properties":{"stop_id":"201169","stop_name":"Gent Brugsepoort (Brugsepoortstraat)","qualifies_min1_weekday":true,"qualifies_min1_fullweek":true,"qualifies_min10_weekday":true,"qualifies_min10_fullweek":true,"qualifies_hourly_weekday":true,"qualifies_hourly_fullweek":true,"qualifies_halfhour_weekday":true,"qualifies_halfhour_fullweek":true,"departures_MONDAY":267,"departures_TUESDAY":288,"departures_WEDNESDAY":288,"departures_THURSDAY":288,"departures_FRIDAY":288,"departures_SATURDAY":255,"departures_SUNDAY":230}},{"type":"Feature","geometry":{"type":"Point","coordinates":[3.699,51.0566]},"properties":{"stop_id":"201172","stop_name":"Gent Geitstraat","qualifies_min1_weekday":true,"qualifies_min1_fullweek":true,"qualifies_min10_weekday":true,"qualifies_min10_fullweek":true,"qualifies_hourly_weekday":true,"qualifies_hourly_fullweek":true,"qualifies_halfhour_weekday":false,"qualifies_halfhour_fullweek":false,"departures_MONDAY":63,"departures_TUESDAY":63,"departures_WEDNESDAY":63,"departures_THURSDAY":63,"departures_FRIDAY":63,"departures_SATURDAY":56,"departures_SUNDAY":54}},{"type":"Feature","geometry":{"type":"Point","coordinates":[3.6933,51.056]},"properties":{"stop_id":"201173","stop_name":"Gent Malem (Drongensesteenweg)","qualifies_min1_weekday":true,"qualifies_min1_fullweek":true,"qualifies_min10_weekday":true,"qualifies_min10_fullweek":true,"qualifies_hourly_weekday":true,"qualifies_hourly_fullweek":true,"qualifies_halfhour_weekday":true,"qualifies_halfhour_fullweek":false,"departures_MONDAY":62,"departures_TUESDAY":62,"departures_WEDNESDAY":62,"departures_THURSDAY":62,"departures_FRIDAY":62,"departures_SATURDAY":56,"departures_SUNDAY":55}},{"type":"Feature","geometry":{"type":"Point","coordinates":[3.682,51.0546]},"properties":{"stop_id":"201175","stop_name":"Gent Halfweg","qualifies_min1_weekday":true,"qualifies_min1_fullweek":true,"qualifies_min10_weekday":true,"qualifies_min10_fullweek":true,"qualifies_hourly_weekday":true,"qualifies_hourly_fullweek":true,"qualifies_halfhour_weekday":true,"qualifies_halfhour_fullweek":false,"departures_MONDAY":62,"departures_TUESDAY":62,"departures_WEDNESDAY":62,"departures_THURSDAY":62,"departures_FRIDAY":62,"departures_SATURDAY":56,"departures_SUNDAY":55}},{"type":"Feature","geometry":{"type":"Point","coordinates":[3.6628,51.0504]},"properties":{"stop_id":"201179","stop_name":"Drongen Drongenplein","qualifies_min1_weekday":true,"qualifies_min1_fullweek":true,"qualifies_min10_weekday":true,"qualifies_min10_fullweek":true,"qualifies_hourly_weekday":true,"qualifies_hourly_fullweek":true,"qualifies_halfhour_weekday":true,"qualifies_halfhour_fullweek":false,"departures_MONDAY":62,"departures_TUESDAY":65,"departures_WEDNESDAY":64,"departures_THURSDAY":65,"departures_FRIDAY":65,"departures_SATURDAY":56,"departures_SUNDAY":55}},{"type":"Feature","geometry":{"type":"Point","coordinates":[3.6572,51.0502]},"properties":{"stop_id":"201180","stop_name":"Drongen Klaverdries","qualifies_min1_weekday":true,"qualifies_min1_fullweek":true,"qualifies_min10_weekday":true,"qualifies_min10_fullweek":true,"qualifies_hourly_weekday":true,"qualifies_hourly_fullweek":true,"qualifies_halfhour_weekday":true,"qualifies_halfhour_fullweek":false,"departures_MONDAY":62,"departures_TUESDAY":65,"departures_WEDNESDAY":64,"departures_THURSDAY":65,"departures_FRIDAY":65,"departures_SATURDAY":56,"departures_SUNDAY":55}},{"type":"Feature","geometry":{"type":"Point","coordinates":[3.6504,51.0476]},"properties":{"stop_id":"201181","stop_name":"Drongen Brug","qualifies_min1_weekday":true,"qualifies_min1_fullweek":true,"qualifies_min10_weekday":true,"qualifies_min10_fullweek":true,"qualifies_hourly_weekday":true,"qualifies_hourly_fullweek":true,"qualifies_halfhour_weekday":false,"qualifies_halfhour_fullweek":false,"departures_MONDAY":31,"departures_TUESDAY":34,"departures_WEDNESDAY":33,"departures_THURSDAY":34,"departures_FRIDAY":34,"departures_SATURDAY":28,"departures_SUNDAY":27}},{"type":"Feature","geometry":{"type":"Point","coordinates":[3.6404,51.0488]},"properties":{"stop_id":"201185","stop_name":"Drongen Varendrieskouter","qualifies_min1_weekday":false,"qualifies_min1_fullweek":false,"qualifies_min10_weekday":false,"qualifies_min10_fullweek":false,"qualifies_hourly_weekday":false,"qualifies_hourly_fullweek":false,"qualifies_halfhour_weekday":false,"qualifies_halfhour_fullweek":false,"departures_MONDAY":0,"departures_TUESDAY":0,"departures_WEDNESDAY":0,"departures_THURSDAY":0,"departures_FRIDAY":0,"departures_SATURDAY":0,"departures_SUNDAY":0}},{"type":"Feature","geometry":{"type":"Point","coordinates":[3.6536,51.0527]},"properties":{"stop_id":"201186","stop_name":"Drongen Congregatiestraat","qualifies_min1_weekday":true,"qualifies_min1_fullweek":true,"qualifies_min10_weekday":true,"qualifies_min10_fullweek":true,"qualifies_hourly_weekday":true,"qualifies_hourly_fullweek":true,"qualifies_halfhour_weekday":false,"qualifies_halfhour_fullweek":false,"departures_MONDAY":32,"departures_TUESDAY":32,"departures_WEDNESDAY":32,"departures_THURSDAY":32,"departures_FRIDAY":32,"departures_SATURDAY":28,"departures_SUNDAY":27}},{"type":"Feature","geometry":{"type":"Point","coordinates":[3.6466,51.0554]},"properties":{"stop_id":"201187","stop_name":"Drongen Rozenlaan","qualifies_min1_weekday":true,"qualifies_min1_fullweek":true,"qualifies_min10_weekday":true,"qualifies_min10_fullweek":true,"qualifies_hourly_weekday":true,"qualifies_hourly_fullweek":true,"qualifies_halfhour_weekday":false,"qualifies_halfhour_fullweek":false,"departures_MONDAY":31,"departures_TUESDAY":31,"departures_WEDNESDAY":31,"departures_THURSDAY":31,"departures_FRIDAY":31,"departures_SATURDAY":28,"departures_SUNDAY":28}},{"type":"Feature","geometry":{"type":"Point","coordinates":[3.6562,51.0635]},"properties":{"stop_id":"201188","stop_name":"Drongen Kerkhof","qualifies_min1_weekday":true,"qualifies_min1_fullweek":true,"qualifies_min10_weekday":true,"qualifies_min10_fullweek":true,"qualifies_hourly_weekday":true,"qualifies_hourly_fullweek":true,"qualifies_halfhour_weekday":false,"qualifies_halfhour_fullweek":false,"departures_MONDAY":34,"departures_TUESDAY":36,"departures_WEDNESDAY":36,"departures_THURSDAY":36,"departures_FRIDAY":36,"departures_SATURDAY":29,"departures_SUNDAY":17}},{"type":"Feature","geometry":{"type":"Point","coordinates":[3.649,51.0676]},"properties":{"stop_id":"201189","stop_name":"Drongen Beekstraat","qualifies_min1_weekday":true,"qualifies_min1_fullweek":true,"qualifies_min10_weekday":true,"qualifies_min10_fullweek":true,"qualifies_hourly_weekday":true,"qualifies_hourly_fullweek":true,"qualifies_halfhour_weekday":false,"qualifies_halfhour_fullweek":false,"departures_MONDAY":34,"departures_TUESDAY":36,"departures_WEDNESDAY":36,"departures_THURSDAY":36,"departures_FRIDAY":36,"departures_SATURDAY":29,"departures_SUNDAY":17}},{"type":"Feature","geometry":{"type":"Point","coordinates":[3.6368,51.0643]},"properties":{"stop_id":"201191","stop_name":"Drongen Steenovenstraat","qualifies_min1_weekday":false,"qualifies_min1_fullweek":false,"qualifies_min10_weekday":false,"qualifies_min10_fullweek":false,"qualifies_hourly_weekday":false,"qualifies_hourly_fullweek":false,"qualifies_halfhour_weekday":false,"qualifies_halfhour_fullweek":false,"departures_MONDAY":0,"departures_TUESDAY":0,"departures_WEDNESDAY":0,"departures_THURSDAY":0,"departures_FRIDAY":0,"departures_SATURDAY":0,"departures_SUNDAY":0}},{"type":"Feature","geometry":{"type":"Point","coordinates":[3.6324,51.0637]},"properties":{"stop_id":"201192","stop_name":"Drongen Catriestraat","qualifies_min1_weekday":false,"qualifies_min1_fullweek":false,"qualifies_min10_weekday":false,"qualifies_min10_fullweek":false,"qualifies_hourly_weekday":false,"qualifies_hourly_fullweek":false,"qualifies_halfhour_weekday":false,"qualifies_halfhour_fullweek":false,"departures_MONDAY":0,"departures_TUESDAY":0,"departures_WEDNESDAY":0,"departures_THURSDAY":0,"departures_FRIDAY":0,"departures_SATURDAY":0,"departures_SUNDAY":0}},{"type":"Feature","geometry":{"type":"Point","coordinates":[3.6448,51.0474]},"properties":{"stop_id":"201193","stop_name":"Drongen Oudewee","qualifies_min1_weekday":false,"qualifies_min1_fullweek":false,"qualifies_min10_weekday":false,"qualifies_min10_fullweek":false,"qualifies_hourly_weekday":false,"qualifies_hourly_fullweek":false,"qualifies_halfhour_weekday":false,"qualifies_halfhour_fullweek":false,"departures_MONDAY":0,"departures_TUESDAY":0,"departures_WEDNESDAY":0,"departures_THURSDAY":0,"departures_FRIDAY":0,"departures_SATURDAY":0,"departures_SUNDAY":0}},{"type":"Feature","geometry":{"type":"Point","coordinates":[3.6537,51.0468]},"properties":{"stop_id":"201195","stop_name":"Drongen Station","qualifies_min1_weekday":false,"qualifies_min1_fullweek":false,"qualifies_min10_weekday":false,"qualifies_min10_fullweek":false,"qualifies_hourly_weekday":false,"qualifies_hourly_fullweek":false,"qualifies_halfhour_weekday":false,"qualifies_halfhour_fullweek":false,"departures_MONDAY":0,"departures_TUESDAY":0,"departures_WEDNESDAY":0,"departures_THURSDAY":0,"departures_FRIDAY":0,"departures_SATURDAY":0,"departures_SUNDAY":0}},{"type":"Feature","geometry":{"type":"Point","coordinates":[3.6492,51.0447]},"properties":{"stop_id":"201196","stop_name":"Drongen Lombaertdreef","qualifies_min1_weekday":false,"qualifies_min1_fullweek":false,"qualifies_min10_weekday":false,"qualifies_min10_fullweek":false,"qualifies_hourly_weekday":false,"qualifies_hourly_fullweek":false,"qualifies_halfhour_weekday":false,"qualifies_halfhour_fullweek":false,"departures_MONDAY":0,"departures_TUESDAY":0,"departures_WEDNESDAY":0,"departures_THURSDAY":0,"departures_FRIDAY":0,"departures_SATURDAY":0,"departures_SUNDAY":0}},{"type":"Feature","geometry":{"type":"Point","coordinates":[3.6514,51.0432]},"properties":{"stop_id":"201199","stop_name":"Drongen Heilighuisdreef","qualifies_min1_weekday":false,"qualifies_min1_fullweek":false,"qualifies_min10_weekday":false,"qualifies_min10_fullweek":false,"qualifies_hourly_weekday":false,"qualifies_hourly_fullweek":false,"qualifies_halfhour_weekday":false,"qualifies_halfhour_fullweek":false,"departures_MONDAY":0,"departures_TUESDAY":0,"departures_WEDNESDAY":0,"departures_THURSDAY":0,"departures_FRIDAY":0,"departures_SATURDAY":0,"departures_SUNDAY":0}},{"type":"Feature","geometry":{"type":"Point","coordinates":[3.6243,51.0648]},"properties":{"stop_id":"201200","stop_name":"Drongen Luchterenstraat","qualifies_min1_weekday":false,"qualifies_min1_fullweek":false,"qualifies_min10_weekday":false,"qualifies_min10_fullweek":false,"qualifies_hourly_weekday":false,"qualifies_hourly_fullweek":false,"qualifies_halfhour_weekday":false,"qualifies_halfhour_fullweek":false,"departures_MONDAY":0,"departures_TUESDAY":0,"departures_WEDNESDAY":0,"departures_THURSDAY":0,"departures_FRIDAY":0,"departures_SATURDAY":0,"departures_SUNDAY":0}},{"type":"Feature","geometry":{"type":"Point","coordinates":[3.7723,51.0243]},"properties":{"stop_id":"201202","stop_name":"Melle Leeuw","qualifies_min1_weekday":false,"qualifies_min1_fullweek":false,"qualifies_min10_weekday":false,"qualifies_min10_fullweek":false,"qualifies_hourly_weekday":false,"qualifies_hourly_fullweek":false,"qualifies_halfhour_weekday":false,"qualifies_halfhour_fullweek":false,"departures_MONDAY":0,"departures_TUESDAY":0,"departures_WEDNESDAY":0,"departures_THURSDAY":0,"departures_FRIDAY":0,"departures_SATURDAY":0,"departures_SUNDAY":0}},{"type":"Feature","geometry":{"type":"Point","coordinates":[3.767,51.0775]},"properties":{"stop_id":"201203","stop_name":"Oostakker Goedlevenstraat","qualifies_min1_weekday":true,"qualifies_min1_fullweek":true,"qualifies_min10_weekday":true,"qualifies_min10_fullweek":true,"qualifies_hourly_weekday":true,"qualifies_hourly_fullweek":true,"qualifies_halfhour_weekday":false,"qualifies_halfhour_fullweek":false,"departures_MONDAY":31,"departures_TUESDAY":31,"departures_WEDNESDAY":31,"departures_THURSDAY":31,"departures_FRIDAY":31,"departures_SATURDAY":28,"departures_SUNDAY":28}},{"type":"Feature","geometry":{"type":"Point","coordinates":[3.7714,51.0812]},"properties":{"stop_id":"201204","stop_name":"Oostakker Krijtestraat","qualifies_min1_weekday":true,"qualifies_min1_fullweek":true,"qualifies_min10_weekday":true,"qualifies_min10_fullweek":true,"qualifies_hourly_weekday":true,"qualifies_hourly_fullweek":true,"qualifies_halfhour_weekday":false,"qualifies_halfhour_fullweek":false,"departures_MONDAY":31,"departures_TUESDAY":31,"departures_WEDNESDAY":31,"departures_THURSDAY":31,"departures_FRIDAY":31,"departures_SATURDAY":28,"departures_SUNDAY":28}},{"type":"Feature","geometry":{"type":"Point","coordinates":[3.7877,51.0818]},"properties":{"stop_id":"201206","stop_name":"Oostakker Wildebrake","qualifies_min1_weekday":false,"qualifies_min1_fullweek":false,"qualifies_min10_weekday":false,"qualifies_min10_fullweek":false,"qualifies_hourly_weekday":false,"qualifies_hourly_fullweek":false,"qualifies_halfhour_weekday":false,"qualifies_halfhour_fullweek":false,"departures_MONDAY":0,"departures_TUESDAY":0,"departures_WEDNESDAY":0,"departures_THURSDAY":0,"departures_FRIDAY":0,"departures_SATURDAY":0,"departures_SUNDAY":0}},{"type":"Feature","geometry":{"type":"Point","coordinates":[3.7613,51.0726]},"properties":{"stop_id":"201213","stop_name":"Sint-Amandsberg Gevaertstraat","qualifies_min1_weekday":false,"qualifies_min1_fullweek":false,"qualifies_min10_weekday":false,"qualifies_min10_fullweek":false,"qualifies_hourly_weekday":false,"qualifies_hourly_fullweek":false,"qualifies_halfhour_weekday":false,"qualifies_halfhour_fullweek":false,"departures_MONDAY":0,"departures_TUESDAY":0,"departures_WEDNESDAY":0,"departures_THURSDAY":0,"departures_FRIDAY":0,"departures_SATURDAY":0,"departures_SUNDAY":0}},{"type":"Feature","geometry":{"type":"Point","coordinates":[3.7592,51.067]},"properties":{"stop_id":"201216","stop_name":"Sint-Amandsberg Zavelput","qualifies_min1_weekday":true,"qualifies_min1_fullweek":true,"qualifies_min10_weekday":true,"qualifies_min10_fullweek":true,"qualifies_hourly_weekday":true,"qualifies_hourly_fullweek":true,"qualifies_halfhour_weekday":true,"qualifies_halfhour_fullweek":true,"departures_MONDAY":124,"departures_TUESDAY":135,"departures_WEDNESDAY":138,"departures_THURSDAY":135,"departures_FRIDAY":135,"departures_SATURDAY":118,"departures_SUNDAY":111}},{"type":"Feature","geometry":{"type":"Point","coordinates":[3.7629,51.0684]},"properties":{"stop_id":"201217","stop_name":"Sint-Amandsberg Everstraat","qualifies_min1_weekday":true,"qualifies_min1_fullweek":true,"qualifies_min10_weekday":true,"qualifies_min10_fullweek":true,"qualifies_hourly_weekday":true,"qualifies_hourly_fullweek":true,"qualifies_halfhour_weekday":true,"qualifies_halfhour_fullweek":false,"departures_MONDAY":69,"departures_TUESDAY":75,"departures_WEDNESDAY":78,"departures_THURSDAY":75,"departures_FRIDAY":75,"departures_SATURDAY":63,"departures_SUNDAY":58}},{"type":"Feature","geometry":{"type":"Point","coordinates":[3.7533,51.0654]},"properties":{"stop_id":"201218","stop_name":"Sint-Amandsberg Grondwetlaan","qualifies_min1_weekday":true,"qualifies_min1_fullweek":true,"qualifies_min10_weekday":true,"qualifies_min10_fullweek":true,"qualifies_hourly_weekday":true,"qualifies_hourly_fullweek":true,"qualifies_halfhour_weekday":true,"qualifies_halfhour_fullweek":true,"departures_MONDAY":189,"departures_TUESDAY":210,"departures_WEDNESDAY":212,"departures_THURSDAY":210,"departures_FRIDAY":210,"departures_SATURDAY":179,"departures_SUNDAY":167}},{"type":"Feature","geometry":{"type":"Point","coordinates":[3.7495,51.0619]},"properties":{"stop_id":"201219","stop_name":"Sint-Amandsberg Dienstencentrum","qualifies_min1_weekday":true,"qualifies_min1_fullweek":true,"qualifies_min10_weekday":true,"qualifies_min10_fullweek":true,"qualifies_hourly_weekday":true,"qualifies_hourly_fullweek":true,"qualifies_halfhour_weekday":true,"qualifies_halfhour_fullweek":true,"departures_MONDAY":189,"departures_TUESDAY":210,"departures_WEDNESDAY":212,"departures_THURSDAY":210,"departures_FRIDAY":210,"departures_SATURDAY":179,"departures_SUNDAY":167}},{"type":"Feature","geometry":{"type":"Point","coordinates":[3.7408,51.0506]},"properties":{"stop_id":"201224","stop_name":"Gent Eendrachtstraat","qualifies_min1_weekday":true,"qualifies_min1_fullweek":true,"qualifies_min10_weekday":true,"qualifies_min10_fullweek":true,"qualifies_hourly_weekday":true,"qualifies_hourly_fullweek":true,"qualifies_halfhour_weekday":true,"qualifies_halfhour_fullweek":true,"departures_MONDAY":209,"departures_TUESDAY":227,"departures_WEDNESDAY":228,"departures_THURSDAY":227,"departures_FRIDAY":227,"departures_SATURDAY":197,"departures_SUNDAY":174}},{"type":"Feature","geometry":{"type":"Point","coordinates":[3.7381,51.0495]},"properties":{"stop_id":"201225","stop_name":"Gent Lousbergbrug","qualifies_min1_weekday":true,"qualifies_min1_fullweek":true,"qualifies_min10_weekday":true,"qualifies_min10_fullweek":false,"qualifies_hourly_weekday":false,"qualifies_hourly_fullweek":false,"qualifies_halfhour_weekday":false,"qualifies_halfhour_fullweek":false,"departures_MONDAY":25,"departures_TUESDAY":29,"departures_WEDNESDAY":29,"departures_THURSDAY":29,"departures_FRIDAY":29,"departures_SATURDAY":21,"departures_SUNDAY":9}},{"type":"Feature","geometry":{"type":"Point","coordinates":[3.7364,51.0518]},"properties":{"stop_id":"201226","stop_name":"Gent Puinstraat","qualifies_min1_weekday":true,"qualifies_min1_fullweek":true,"qualifies_min10_weekday":true,"qualifies_min10_fullweek":false,"qualifies_hourly_weekday":false,"qualifies_hourly_fullweek":false,"qualifies_halfhour_weekday":false,"qualifies_halfhour_fullweek":false,"departures_MONDAY":25,"departures_TUESDAY":29,"departures_WEDNESDAY":29,"departures_THURSDAY":29,"departures_FRIDAY":29,"departures_SATURDAY":21,"departures_SUNDAY":9}},{"type":"Feature","geometry":{"type":"Point","coordinates":[3.7339,51.0532]},"properties":{"stop_id":"201227","stop_name":"Gent Van Eyckstraat","qualifies_min1_weekday":true,"qualifies_min1_fullweek":true,"qualifies_min10_weekday":true,"qualifies_min10_fullweek":false,"qualifies_hourly_weekday":false,"qualifies_hourly_fullweek":false,"qualifies_halfhour_weekday":false,"qualifies_halfhour_fullweek":false,"departures_MONDAY":25,"departures_TUESDAY":29,"departures_WEDNESDAY":29,"departures_THURSDAY":29,"departures_FRIDAY":29,"departures_SATURDAY":21,"departures_SUNDAY":9}},{"type":"Feature","geometry":{"type":"Point","coordinates":[3.7043,51.0544]},"properties":{"stop_id":"201229","stop_name":"Gent Nieuwewandeling","qualifies_min1_weekday":true,"qualifies_min1_fullweek":true,"qualifies_min10_weekday":true,"qualifies_min10_fullweek":true,"qualifies_hourly_weekday":true,"qualifies_hourly_fullweek":true,"qualifies_halfhour_weekday":true,"qualifies_halfhour_fullweek":true,"departures_MONDAY":120,"departures_TUESDAY":131,"departures_WEDNESDAY":132,"departures_THURSDAY":131,"departures_FRIDAY":131,"departures_SATURDAY":102,"departures_SUNDAY":82}},{"type":"Feature","geometry":{"type":"Point","coordinates":[3.7007,51.0528]},"properties":{"stop_id":"201230","stop_name":"Gent Einde Were","qualifies_min1_weekday":true,"qualifies_min1_fullweek":true,"qualifies_min10_weekday":true,"qualifies_min10_fullweek":true,"qualifies_hourly_weekday":true,"qualifies_hourly_fullweek":true,"qualifies_halfhour_weekday":true,"qualifies_halfhour_fullweek":true,"departures_MONDAY":120,"departures_TUESDAY":131,"departures_WEDNESDAY":132,"departures_THURSDAY":131,"departures_FRIDAY":131,"departures_SATURDAY":102,"departures_SUNDAY":82}},{"type":"Feature","geometry":{"type":"Point","coordinates":[3.7474,51.0477]},"properties":{"stop_id":"201231","stop_name":"Gent Minneplein","qualifies_min1_weekday":true,"qualifies_min1_fullweek":true,"qualifies_min10_weekday":true,"qualifies_min10_fullweek":false,"qualifies_hourly_weekday":false,"qualifies_hourly_fullweek":false,"qualifies_halfhour_weekday":false,"qualifies_halfhour_fullweek":false,"departures_MONDAY":25,"departures_TUESDAY":29,"departures_WEDNESDAY":29,"departures_THURSDAY":29,"departures_FRIDAY":29,"departures_SATURDAY":21,"departures_SUNDAY":9}},{"type":"Feature","geometry":{"type":"Point","coordinates":[3.703,51.0491]},"properties":{"stop_id":"201232","stop_name":"Gent Beneluxplein","qualifies_min1_weekday":true,"qualifies_min1_fullweek":true,"qualifies_min10_weekday":true,"qualifies_min10_fullweek":true,"qualifies_hourly_weekday":true,"qualifies_hourly_fullweek":true,"qualifies_halfhour_weekday":true,"qualifies_halfhour_fullweek":true,"departures_MONDAY":195,"departures_TUESDAY":238,"departures_WEDNESDAY":239,"departures_THURSDAY":238,"departures_FRIDAY":238,"departures_SATURDAY":163,"departures_SUNDAY":142}},{"type":"Feature","geometry":{"type":"Point","coordinates":[3.7077,51.0468]},"properties":{"stop_id":"201234","stop_name":"Gent Jubileumlaan","qualifies_min1_weekday":false,"qualifies_min1_fullweek":false,"qualifies_min10_weekday":false,"qualifies_min10_fullweek":false,"qualifies_hourly_weekday":false,"qualifies_hourly_fullweek":false,"qualifies_halfhour_weekday":false,"qualifies_halfhour_fullweek":false,"departures_MONDAY":0,"departures_TUESDAY":0,"departures_WEDNESDAY":0,"departures_THURSDAY":0,"departures_FRIDAY":0,"departures_SATURDAY":0,"departures_SUNDAY":0}},{"type":"Feature","geometry":{"type":"Point","coordinates":[3.704,51.044]},"properties":{"stop_id":"201235","stop_name":"Gent Verenigde-Natieslaan","qualifies_min1_weekday":true,"qualifies_min1_fullweek":true,"qualifies_min10_weekday":true,"qualifies_min10_fullweek":true,"qualifies_hourly_weekday":true,"qualifies_hourly_fullweek":true,"qualifies_halfhour_weekday":true,"qualifies_halfhour_fullweek":true,"departures_MONDAY":106,"departures_TUESDAY":139,"departures_WEDNESDAY":140,"departures_THURSDAY":139,"departures_FRIDAY":139,"departures_SATURDAY":78,"departures_SUNDAY":76}},{"type":"Feature","geometry":{"type":"Point","coordinates":[3.7015,51.0445]},"properties":{"stop_id":"201236","stop_name":"Gent Europabrug","qualifies_min1_weekday":false,"qualifies_min1_fullweek":false,"qualifies_min10_weekday":false,"qualifies_min10_fullweek":false,"qualifies_hourly_weekday":false,"qualifies_hourly_fullweek":false,"qualifies_halfhour_weekday":false,"qualifies_halfhour_fullweek":false,"departures_MONDAY":0,"departures_TUESDAY":0,"departures_WEDNESDAY":0,"departures_THURSDAY":0,"departures_FRIDAY":0,"departures_SATURDAY":0,"departures_SUNDAY":0}},{"type":"Feature","geometry":{"type":"Point","coordinates":[3.6816,51.0478]},"properties":{"stop_id":"201241","stop_name":"Gent Blaarmeersen (Campinglaan)","qualifies_min1_weekday":true,"qualifies_min1_fullweek":true,"qualifies_min10_weekday":true,"qualifies_min10_fullweek":true,"qualifies_hourly_weekday":true,"qualifies_hourly_fullweek":true,"qualifies_halfhour_weekday":true,"qualifies_halfhour_fullweek":true,"departures_MONDAY":131,"departures_TUESDAY":145,"departures_WEDNESDAY":145,"departures_THURSDAY":145,"departures_FRIDAY":145,"departures_SATURDAY":83,"departures_SUNDAY":65}},{"type":"Feature","geometry":{"type":"Point","coordinates":[3.7114,51.0365]},"properties":{"stop_id":"201242","stop_name":"Gent Sint-Pietersstation perron 18","qualifies_min1_weekday":false,"qualifies_min1_fullweek":false,"qualifies_min10_weekday":false,"qualifies_min10_fullweek":false,"qualifies_hourly_weekday":false,"qualifies_hourly_fullweek":false,"qualifies_halfhour_weekday":false,"qualifies_halfhour_fullweek":false,"departures_MONDAY":0,"departures_TUESDAY":0,"departures_WEDNESDAY":0,"departures_THURSDAY":0,"departures_FRIDAY":0,"departures_SATURDAY":0,"departures_SUNDAY":0}},{"type":"Feature","geometry":{"type":"Point","coordinates":[3.7797,51.0754]},"properties":{"stop_id":"201244","stop_name":"Sint-Amandsberg P+R Oostakker","qualifies_min1_weekday":true,"qualifies_min1_fullweek":true,"qualifies_min10_weekday":true,"qualifies_min10_fullweek":true,"qualifies_hourly_weekday":true,"qualifies_hourly_fullweek":true,"qualifies_halfhour_weekday":true,"qualifies_halfhour_fullweek":true,"departures_MONDAY":100,"departures_TUESDAY":106,"departures_WEDNESDAY":109,"departures_THURSDAY":106,"departures_FRIDAY":106,"departures_SATURDAY":92,"departures_SUNDAY":86}},{"type":"Feature","geometry":{"type":"Point","coordinates":[3.7277,51.0559]},"properties":{"stop_id":"201245","stop_name":"Gent Sint-Jacobs perron 5","qualifies_min1_weekday":true,"qualifies_min1_fullweek":true,"qualifies_min10_weekday":true,"qualifies_min10_fullweek":true,"qualifies_hourly_weekday":true,"qualifies_hourly_fullweek":true,"qualifies_halfhour_weekday":true,"qualifies_halfhour_fullweek":true,"departures_MONDAY":179,"departures_TUESDAY":189,"departures_WEDNESDAY":189,"departures_THURSDAY":189,"departures_FRIDAY":189,"departures_SATURDAY":170,"departures_SUNDAY":164}},{"type":"Feature","geometry":{"type":"Point","coordinates":[3.7622,51.0403]},"properties":{"stop_id":"201250","stop_name":"Gentbrugge Meersemdries","qualifies_min1_weekday":true,"qualifies_min1_fullweek":true,"qualifies_min10_weekday":true,"qualifies_min10_fullweek":true,"qualifies_hourly_weekday":true,"qualifies_hourly_fullweek":true,"qualifies_halfhour_weekday":true,"qualifies_halfhour_fullweek":true,"departures_MONDAY":86,"departures_TUESDAY":97,"departures_WEDNESDAY":97,"departures_THURSDAY":97,"departures_FRIDAY":97,"departures_SATURDAY":83,"departures_SUNDAY":66}},{"type":"Feature","geometry":{"type":"Point","coordinates":[3.7736,51.091]},"properties":{"stop_id":"201254","stop_name":"Oostakker Sint-Arnoutstraat","qualifies_min1_weekday":true,"qualifies_min1_fullweek":true,"qualifies_min10_weekday":true,"qualifies_min10_fullweek":true,"qualifies_hourly_weekday":true,"qualifies_hourly_fullweek":true,"qualifies_halfhour_weekday":false,"qualifies_halfhour_fullweek":false,"departures_MONDAY":31,"departures_TUESDAY":31,"departures_WEDNESDAY":31,"departures_THURSDAY":31,"departures_FRIDAY":31,"departures_SATURDAY":28,"departures_SUNDAY":28}},{"type":"Feature","geometry":{"type":"Point","coordinates":[3.7783,51.0955]},"properties":{"stop_id":"201255","stop_name":"Oostakker Zalegemstraat","qualifies_min1_weekday":true,"qualifies_min1_fullweek":true,"qualifies_min10_weekday":true,"qualifies_min10_fullweek":true,"qualifies_hourly_weekday":true,"qualifies_hourly_fullweek":true,"qualifies_halfhour_weekday":false,"qualifies_halfhour_fullweek":false,"departures_MONDAY":31,"departures_TUESDAY":31,"departures_WEDNESDAY":31,"departures_THURSDAY":31,"departures_FRIDAY":31,"departures_SATURDAY":28,"departures_SUNDAY":28}},{"type":"Feature","geometry":{"type":"Point","coordinates":[3.7766,51.0985]},"properties":{"stop_id":"201258","stop_name":"Oostakker Wolfputstraat","qualifies_min1_weekday":true,"qualifies_min1_fullweek":true,"qualifies_min10_weekday":true,"qualifies_min10_fullweek":true,"qualifies_hourly_weekday":true,"qualifies_hourly_fullweek":true,"qualifies_halfhour_weekday":false,"qualifies_halfhour_fullweek":false,"departures_MONDAY":31,"departures_TUESDAY":31,"departures_WEDNESDAY":31,"departures_THURSDAY":31,"departures_FRIDAY":31,"departures_SATURDAY":28,"departures_SUNDAY":28}},{"type":"Feature","geometry":{"type":"Point","coordinates":[3.7625,51.0619]},"properties":{"stop_id":"201259","stop_name":"Sint-Amandsberg Jef Crickstraat","qualifies_min1_weekday":true,"qualifies_min1_fullweek":true,"qualifies_min10_weekday":true,"qualifies_min10_fullweek":true,"qualifies_hourly_weekday":true,"qualifies_hourly_fullweek":true,"qualifies_halfhour_weekday":false,"qualifies_halfhour_fullweek":false,"departures_MONDAY":63,"departures_TUESDAY":63,"departures_WEDNESDAY":63,"departures_THURSDAY":63,"departures_FRIDAY":63,"departures_SATURDAY":58,"departures_SUNDAY":56}},{"type":"Feature","geometry":{"type":"Point","coordinates":[3.757,51.0606]},"properties":{"stop_id":"201260","stop_name":"Sint-Amandsberg Rozebroekstraat","qualifies_min1_weekday":true,"qualifies_min1_fullweek":true,"qualifies_min10_weekday":true,"qualifies_min10_fullweek":true,"qualifies_hourly_weekday":true,"qualifies_hourly_fullweek":true,"qualifies_halfhour_weekday":false,"qualifies_halfhour_fullweek":false,"departures_MONDAY":63,"departures_TUESDAY":63,"departures_WEDNESDAY":63,"departures_THURSDAY":63,"departures_FRIDAY":63,"departures_SATURDAY":58,"departures_SUNDAY":56}},{"type":"Feature","geometry":{"type":"Point","coordinates":[3.769,51.0633]},"properties":{"stop_id":"201261","stop_name":"Sint-Amandsberg Nachtegaaldreef","qualifies_min1_weekday":true,"qualifies_min1_fullweek":true,"qualifies_min10_weekday":true,"qualifies_min10_fullweek":true,"qualifies_hourly_weekday":true,"qualifies_hourly_fullweek":true,"qualifies_halfhour_weekday":false,"qualifies_halfhour_fullweek":false,"departures_MONDAY":62,"departures_TUESDAY":62,"departures_WEDNESDAY":62,"departures_THURSDAY":62,"departures_FRIDAY":62,"departures_SATURDAY":57,"departures_SUNDAY":56}},{"type":"Feature","geometry":{"type":"Point","coordinates":[3.7534,51.0779]},"properties":{"stop_id":"201262","stop_name":"Oostakker Sint-Bernadettestraat","qualifies_min1_weekday":true,"qualifies_min1_fullweek":true,"qualifies_min10_weekday":true,"qualifies_min10_fullweek":true,"qualifies_hourly_weekday":true,"qualifies_hourly_fullweek":true,"qualifies_halfhour_weekday":true,"qualifies_halfhour_fullweek":false,"departures_MONDAY":65,"departures_TUESDAY":75,"departures_WEDNESDAY":74,"departures_THURSDAY":75,"departures_FRIDAY":75,"departures_SATURDAY":61,"departures_SUNDAY":56}},{"type":"Feature","geometry":{"type":"Point","coordinates":[3.7481,51.0713]},"properties":{"stop_id":"201265","stop_name":"Gent Post Hogeweg","qualifies_min1_weekday":false,"qualifies_min1_fullweek":false,"qualifies_min10_weekday":false,"qualifies_min10_fullweek":false,"qualifies_hourly_weekday":false,"qualifies_hourly_fullweek":false,"qualifies_halfhour_weekday":false,"qualifies_halfhour_fullweek":false,"departures_MONDAY":0,"departures_TUESDAY":0,"departures_WEDNESDAY":0,"departures_THURSDAY":0,"departures_FRIDAY":0,"departures_SATURDAY":0,"departures_SUNDAY":0}},{"type":"Feature","geometry":{"type":"Point","coordinates":[3.7502,51.0687]},"properties":{"stop_id":"201266","stop_name":"Sint-Amandsberg Visitatiestraat","qualifies_min1_weekday":true,"qualifies_min1_fullweek":true,"qualifies_min10_weekday":true,"qualifies_min10_fullweek":true,"qualifies_hourly_weekday":true,"qualifies_hourly_fullweek":true,"qualifies_halfhour_weekday":true,"qualifies_halfhour_fullweek":false,"departures_MONDAY":65,"departures_TUESDAY":75,"departures_WEDNESDAY":74,"departures_THURSDAY":75,"departures_FRIDAY":75,"departures_SATURDAY":61,"departures_SUNDAY":56}},{"type":"Feature","geometry":{"type":"Point","coordinates":[3.736,51.0488]},"properties":{"stop_id":"201267","stop_name":"Gent Tweebruggenstraat","qualifies_min1_weekday":true,"qualifies_min1_fullweek":true,"qualifies_min10_weekday":true,"qualifies_min10_fullweek":true,"qualifies_hourly_weekday":true,"qualifies_hourly_fullweek":true,"qualifies_halfhour_weekday":true,"qualifies_halfhour_fullweek":true,"departures_MONDAY":210,"departures_TUESDAY":227,"departures_WEDNESDAY":228,"departures_THURSDAY":227,"departures_FRIDAY":227,"departures_SATURDAY":198,"departures_SUNDAY":175}},{"type":"Feature","geometry":{"type":"Point","coordinates":[3.7316,51.048]},"properties":{"stop_id":"201269","stop_name":"Gent Zuid perron 3","qualifies_min1_weekday":true,"qualifies_min1_fullweek":true,"qualifies_min10_weekday":true,"qualifies_min10_fullweek":true,"qualifies_hourly_weekday":true,"qualifies_hourly_fullweek":true,"qualifies_halfhour_weekday":true,"qualifies_halfhour_fullweek":true,"departures_MONDAY":171,"departures_TUESDAY":192,"departures_WEDNESDAY":189,"departures_THURSDAY":192,"departures_FRIDAY":192,"departures_SATURDAY":151,"departures_SUNDAY":136}},{"type":"Feature","geometry":{"type":"Point","coordinates":[3.7325,51.0432]},"properties":{"stop_id":"201271","stop_name":"Gent Muinklaan","qualifies_min1_weekday":true,"qualifies_min1_fullweek":true,"qualifies_min10_weekday":true,"qualifies_min10_fullweek":true,"qualifies_hourly_weekday":true,"qualifies_hourly_fullweek":true,"qualifies_halfhour_weekday":true,"qualifies_halfhour_fullweek":true,"departures_MONDAY":171,"departures_TUESDAY":191,"departures_WEDNESDAY":188,"departures_THURSDAY":191,"departures_FRIDAY":191,"departures_SATURDAY":151,"departures_SUNDAY":136}},{"type":"Feature","geometry":{"type":"Point","coordinates":[3.7329,51.0404]},"properties":{"stop_id":"201272","stop_name":"Gent Leeuwstraat","qualifies_min1_weekday":true,"qualifies_min1_fullweek":true,"qualifies_min10_weekday":true,"qualifies_min10_fullweek":true,"qualifies_hourly_weekday":true,"qualifies_hourly_fullweek":true,"qualifies_halfhour_weekday":true,"qualifies_halfhour_fullweek":true,"departures_MONDAY":171,"departures_TUESDAY":191,"departures_WEDNESDAY":188,"departures_THURSDAY":191,"departures_FRIDAY":191,"departures_SATURDAY":151,"departures_SUNDAY":136}},{"type":"Feature","geometry":{"type":"Point","coordinates":[3.7315,51.039]},"properties":{"stop_id":"201273","stop_name":"Gent Terplatenbrug","qualifies_min1_weekday":true,"qualifies_min1_fullweek":true,"qualifies_min10_weekday":true,"qualifies_min10_fullweek":true,"qualifies_hourly_weekday":true,"qualifies_hourly_fullweek":true,"qualifies_halfhour_weekday":true,"qualifies_halfhour_fullweek":true,"departures_MONDAY":171,"departures_TUESDAY":191,"departures_WEDNESDAY":188,"departures_THURSDAY":191,"departures_FRIDAY":191,"departures_SATURDAY":151,"departures_SUNDAY":136}},{"type":"Feature","geometry":{"type":"Point","coordinates":[3.7261,51.0382]},"properties":{"stop_id":"201274","stop_name":"Gent Heuvelpoort","qualifies_min1_weekday":true,"qualifies_min1_fullweek":true,"qualifies_min10_weekday":true,"qualifies_min10_fullweek":true,"qualifies_hourly_weekday":true,"qualifies_hourly_fullweek":true,"qualifies_halfhour_weekday":true,"qualifies_halfhour_fullweek":true,"departures_MONDAY":207,"departures_TUESDAY":233,"departures_WEDNESDAY":230,"departures_THURSDAY":233,"departures_FRIDAY":233,"departures_SATURDAY":184,"departures_SUNDAY":153}},{"type":"Feature","geometry":{"type":"Point","coordinates":[3.7229,51.037]},"properties":{"stop_id":"201275","stop_name":"Gent Ledeganckstraat","qualifies_min1_weekday":true,"qualifies_min1_fullweek":true,"qualifies_min10_weekday":true,"qualifies_min10_fullweek":true,"qualifies_hourly_weekday":true,"qualifies_hourly_fullweek":true,"qualifies_halfhour_weekday":true,"qualifies_halfhour_fullweek":true,"departures_MONDAY":208,"departures_TUESDAY":233,"departures_WEDNESDAY":230,"departures_THURSDAY":233,"departures_FRIDAY":233,"departures_SATURDAY":184,"departures_SUNDAY":153}},{"type":"Feature","geometry":{"type":"Point","coordinates":[3.7195,51.0349]},"properties":{"stop_id":"201276","stop_name":"Gent Fortlaan","qualifies_min1_weekday":true,"qualifies_min1_fullweek":true,"qualifies_min10_weekday":true,"qualifies_min10_fullweek":true,"qualifies_hourly_weekday":true,"qualifies_hourly_fullweek":true,"qualifies_halfhour_weekday":true,"qualifies_halfhour_fullweek":true,"departures_MONDAY":208,"departures_TUESDAY":233,"departures_WEDNESDAY":230,"departures_THURSDAY":233,"departures_FRIDAY":233,"departures_SATURDAY":184,"departures_SUNDAY":153}},{"type":"Feature","geometry":{"type":"Point","coordinates":[3.7227,51.0227]},"properties":{"stop_id":"201288","stop_name":"Gent van Haelststraat","qualifies_min1_weekday":true,"qualifies_min1_fullweek":true,"qualifies_min10_weekday":true,"qualifies_min10_fullweek":true,"qualifies_hourly_weekday":true,"qualifies_hourly_fullweek":true,"qualifies_halfhour_weekday":true,"qualifies_halfhour_fullweek":true,"departures_MONDAY":95,"departures_TUESDAY":122,"departures_WEDNESDAY":122,"departures_THURSDAY":122,"departures_FRIDAY":122,"departures_SATURDAY":91,"departures_SUNDAY":60}},{"type":"Feature","geometry":{"type":"Point","coordinates":[3.7249,51.0199]},"properties":{"stop_id":"201289","stop_name":"Gent Roelandtplein","qualifies_min1_weekday":true,"qualifies_min1_fullweek":true,"qualifies_min10_weekday":true,"qualifies_min10_fullweek":true,"qualifies_hourly_weekday":true,"qualifies_hourly_fullweek":true,"qualifies_halfhour_weekday":true,"qualifies_halfhour_fullweek":true,"departures_MONDAY":95,"departures_TUESDAY":122,"departures_WEDNESDAY":122,"departures_THURSDAY":122,"departures_FRIDAY":122,"departures_SATURDAY":91,"departures_SUNDAY":60}},{"type":"Feature","geometry":{"type":"Point","coordinates":[3.7203,51.0187]},"properties":{"stop_id":"201290","stop_name":"Gent Haardstedestraat","qualifies_min1_weekday":true,"qualifies_min1_fullweek":true,"qualifies_min10_weekday":true,"qualifies_min10_fullweek":true,"qualifies_hourly_weekday":true,"qualifies_hourly_fullweek":true,"qualifies_halfhour_weekday":true,"qualifies_halfhour_fullweek":true,"departures_MONDAY":95,"departures_TUESDAY":122,"departures_WEDNESDAY":122,"departures_THURSDAY":122,"departures_FRIDAY":122,"departures_SATURDAY":91,"departures_SUNDAY":60}},{"type":"Feature","geometry":{"type":"Point","coordinates":[3.7812,51.0768]},"properties":{"stop_id":"201298","stop_name":"Sint-Amandsberg Achtenkouterstraat","qualifies_min1_weekday":true,"qualifies_min1_fullweek":true,"qualifies_min10_weekday":true,"qualifies_min10_fullweek":true,"qualifies_hourly_weekday":true,"qualifies_hourly_fullweek":true,"qualifies_halfhour_weekday":true,"qualifies_halfhour_fullweek":true,"departures_MONDAY":100,"departures_TUESDAY":106,"departures_WEDNESDAY":109,"departures_THURSDAY":106,"departures_FRIDAY":106,"departures_SATURDAY":92,"departures_SUNDAY":86}},{"type":"Feature","geometry":{"type":"Point","coordinates":[3.7742,51.0672]},"properties":{"stop_id":"201301","stop_name":"Sint-Amandsberg Vinkenlaan","qualifies_min1_weekday":true,"qualifies_min1_fullweek":true,"qualifies_min10_weekday":true,"qualifies_min10_fullweek":true,"qualifies_hourly_weekday":true,"qualifies_hourly_fullweek":true,"qualifies_halfhour_weekday":false,"qualifies_halfhour_fullweek":false,"departures_MONDAY":62,"departures_TUESDAY":62,"departures_WEDNESDAY":62,"departures_THURSDAY":62,"departures_FRIDAY":62,"departures_SATURDAY":57,"departures_SUNDAY":56}},{"type":"Feature","geometry":{"type":"Point","coordinates":[3.7677,51.066]},"properties":{"stop_id":"201302","stop_name":"Sint-Amandsberg Koerspleinstraat","qualifies_min1_weekday":true,"qualifies_min1_fullweek":true,"qualifies_min10_weekday":true,"qualifies_min10_fullweek":true,"qualifies_hourly_weekday":true,"qualifies_hourly_fullweek":true,"qualifies_halfhour_weekday":false,"qualifies_halfhour_fullweek":false,"departures_MONDAY":62,"departures_TUESDAY":62,"departures_WEDNESDAY":62,"departures_THURSDAY":62,"departures_FRIDAY":62,"departures_SATURDAY":57,"departures_SUNDAY":56}},{"type":"Feature","geometry":{"type":"Point","coordinates":[3.7487,51.0588]},"properties":{"stop_id":"201307","stop_name":"Gent Schoolstraat","qualifies_min1_weekday":true,"qualifies_min1_fullweek":true,"qualifies_min10_weekday":true,"qualifies_min10_fullweek":true,"qualifies_hourly_weekday":true,"qualifies_hourly_fullweek":true,"qualifies_halfhour_weekday":false,"qualifies_halfhour_fullweek":false,"departures_MONDAY":63,"departures_TUESDAY":63,"departures_WEDNESDAY":63,"departures_THURSDAY":63,"departures_FRIDAY":63,"departures_SATURDAY":58,"departures_SUNDAY":56}},{"type":"Feature","geometry":{"type":"Point","coordinates":[3.7453,51.058]},"properties":{"stop_id":"201308","stop_name":"Gent van Arenbergstraat","qualifies_min1_weekday":true,"qualifies_min1_fullweek":true,"qualifies_min10_weekday":true,"qualifies_min10_fullweek":true,"qualifies_hourly_weekday":true,"qualifies_hourly_fullweek":true,"qualifies_halfhour_weekday":false,"qualifies_halfhour_fullweek":false,"departures_MONDAY":63,"departures_TUESDAY":63,"departures_WEDNESDAY":63,"departures_THURSDAY":63,"departures_FRIDAY":63,"departures_SATURDAY":58,"departures_SUNDAY":56}},{"type":"Feature","geometry":{"type":"Point","coordinates":[3.7096,51.0256]},"properties":{"stop_id":"201311","stop_name":"Gent Sterre (Kortrijksesteenweg)","qualifies_min1_weekday":true,"qualifies_min1_fullweek":true,"qualifies_min10_weekday":true,"qualifies_min10_fullweek":true,"qualifies_hourly_weekday":true,"qualifies_hourly_fullweek":true,"qualifies_halfhour_weekday":true,"qualifies_halfhour_fullweek":false,"departures_MONDAY":64,"departures_TUESDAY":67,"departures_WEDNESDAY":67,"departures_THURSDAY":67,"departures_FRIDAY":67,"departures_SATURDAY":63,"departures_SUNDAY":59}},{"type":"Feature","geometry":{"type":"Point","coordinates":[3.7006,51.0229]},"properties":{"stop_id":"201313","stop_name":"Gent M. Middelares - Maalte","qualifies_min1_weekday":false,"qualifies_min1_fullweek":false,"qualifies_min10_weekday":false,"qualifies_min10_fullweek":false,"qualifies_hourly_weekday":false,"qualifies_hourly_fullweek":false,"qualifies_halfhour_weekday":false,"qualifies_halfhour_fullweek":false,"departures_MONDAY":0,"departures_TUESDAY":0,"departures_WEDNESDAY":0,"departures_THURSDAY":0,"departures_FRIDAY":0,"departures_SATURDAY":0,"departures_SUNDAY":0}},{"type":"Feature","geometry":{"type":"Point","coordinates":[3.6927,51.0248]},"properties":{"stop_id":"201314","stop_name":"Sint-Denijs-Westrem P+R Flanders Expo","qualifies_min1_weekday":true,"qualifies_min1_fullweek":true,"qualifies_min10_weekday":true,"qualifies_min10_fullweek":true,"qualifies_hourly_weekday":true,"qualifies_hourly_fullweek":true,"qualifies_halfhour_weekday":true,"qualifies_halfhour_fullweek":true,"departures_MONDAY":85,"departures_TUESDAY":99,"departures_WEDNESDAY":99,"departures_THURSDAY":99,"departures_FRIDAY":99,"departures_SATURDAY":92,"departures_SUNDAY":79}},{"type":"Feature","geometry":{"type":"Point","coordinates":[3.6916,51.0214]},"properties":{"stop_id":"201315","stop_name":"Sint-Denijs-Westrem Driekoningenstraat","qualifies_min1_weekday":false,"qualifies_min1_fullweek":false,"qualifies_min10_weekday":false,"qualifies_min10_fullweek":false,"qualifies_hourly_weekday":false,"qualifies_hourly_fullweek":false,"qualifies_halfhour_weekday":false,"qualifies_halfhour_fullweek":false,"departures_MONDAY":0,"departures_TUESDAY":0,"departures_WEDNESDAY":0,"departures_THURSDAY":0,"departures_FRIDAY":0,"departures_SATURDAY":0,"departures_SUNDAY":0}},{"type":"Feature","geometry":{"type":"Point","coordinates":[3.6719,51.0181]},"properties":{"stop_id":"201317","stop_name":"Sint-Denijs-Westrem Soenenspark","qualifies_min1_weekday":true,"qualifies_min1_fullweek":true,"qualifies_min10_weekday":true,"qualifies_min10_fullweek":true,"qualifies_hourly_weekday":true,"qualifies_hourly_fullweek":true,"qualifies_halfhour_weekday":true,"qualifies_halfhour_fullweek":false,"departures_MONDAY":64,"departures_TUESDAY":67,"departures_WEDNESDAY":67,"departures_THURSDAY":67,"departures_FRIDAY":67,"departures_SATURDAY":63,"departures_SUNDAY":59}},{"type":"Feature","geometry":{"type":"Point","coordinates":[3.6688,51.0197]},"properties":{"stop_id":"201319","stop_name":"Sint-Denijs-Westrem Dorp","qualifies_min1_weekday":true,"qualifies_min1_fullweek":true,"qualifies_min10_weekday":true,"qualifies_min10_fullweek":true,"qualifies_hourly_weekday":true,"qualifies_hourly_fullweek":true,"qualifies_halfhour_weekday":true,"qualifies_halfhour_fullweek":false,"departures_MONDAY":64,"departures_TUESDAY":67,"departures_WEDNESDAY":67,"departures_THURSDAY":67,"departures_FRIDAY":67,"departures_SATURDAY":63,"departures_SUNDAY":59}},{"type":"Feature","geometry":{"type":"Point","coordinates":[3.7766,51.0703]},"properties":{"stop_id":"201323","stop_name":"Sint-Amandsberg Schuurstraat","qualifies_min1_weekday":true,"qualifies_min1_fullweek":true,"qualifies_min10_weekday":true,"qualifies_min10_fullweek":true,"qualifies_hourly_weekday":true,"qualifies_hourly_fullweek":true,"qualifies_halfhour_weekday":false,"qualifies_halfhour_fullweek":false,"departures_MONDAY":62,"departures_TUESDAY":62,"departures_WEDNESDAY":62,"departures_THURSDAY":62,"departures_FRIDAY":62,"departures_SATURDAY":57,"departures_SUNDAY":56}},{"type":"Feature","geometry":{"type":"Point","coordinates":[3.715,51.0051]},"properties":{"stop_id":"201325","stop_name":"Zwijnaarde Molen","qualifies_min1_weekday":true,"qualifies_min1_fullweek":true,"qualifies_min10_weekday":true,"qualifies_min10_fullweek":true,"qualifies_hourly_weekday":true,"qualifies_hourly_fullweek":false,"qualifies_halfhour_weekday":false,"qualifies_halfhour_fullweek":false,"departures_MONDAY":31,"departures_TUESDAY":42,"departures_WEDNESDAY":43,"departures_THURSDAY":42,"departures_FRIDAY":42,"departures_SATURDAY":30,"departures_SUNDAY":14}},{"type":"Feature","geometry":{"type":"Point","coordinates":[3.7076,50.9974]},"properties":{"stop_id":"201326","stop_name":"Zwijnaarde Zandvoordestraat","qualifies_min1_weekday":false,"qualifies_min1_fullweek":false,"qualifies_min10_weekday":false,"qualifies_min10_fullweek":false,"qualifies_hourly_weekday":false,"qualifies_hourly_fullweek":false,"qualifies_halfhour_weekday":false,"qualifies_halfhour_fullweek":false,"departures_MONDAY":0,"departures_TUESDAY":1,"departures_WEDNESDAY":1,"departures_THURSDAY":1,"departures_FRIDAY":1,"departures_SATURDAY":0,"departures_SUNDAY":0}},{"type":"Feature","geometry":{"type":"Point","coordinates":[3.6917,51.0176]},"properties":{"stop_id":"201334","stop_name":"Gent Rijvisschestraat","qualifies_min1_weekday":false,"qualifies_min1_fullweek":false,"qualifies_min10_weekday":false,"qualifies_min10_fullweek":false,"qualifies_hourly_weekday":false,"qualifies_hourly_fullweek":false,"qualifies_halfhour_weekday":false,"qualifies_halfhour_fullweek":false,"departures_MONDAY":0,"departures_TUESDAY":0,"departures_WEDNESDAY":0,"departures_THURSDAY":0,"departures_FRIDAY":0,"departures_SATURDAY":0,"departures_SUNDAY":0}},{"type":"Feature","geometry":{"type":"Point","coordinates":[3.7168,51.0344]},"properties":{"stop_id":"201335","stop_name":"Gent Parkplein (Burggravenlaan)","qualifies_min1_weekday":true,"qualifies_min1_fullweek":true,"qualifies_min10_weekday":true,"qualifies_min10_fullweek":true,"qualifies_hourly_weekday":true,"qualifies_hourly_fullweek":true,"qualifies_halfhour_weekday":true,"qualifies_halfhour_fullweek":false,"departures_MONDAY":191,"departures_TUESDAY":227,"departures_WEDNESDAY":227,"departures_THURSDAY":227,"departures_FRIDAY":227,"departures_SATURDAY":90,"departures_SUNDAY":76}},{"type":"Feature","geometry":{"type":"Point","coordinates":[3.7139,51.0312]},"properties":{"stop_id":"201341","stop_name":"Gent Sint-Pietersaalststraat","qualifies_min1_weekday":true,"qualifies_min1_fullweek":true,"qualifies_min10_weekday":true,"qualifies_min10_fullweek":true,"qualifies_hourly_weekday":true,"qualifies_hourly_fullweek":true,"qualifies_halfhour_weekday":true,"qualifies_halfhour_fullweek":true,"departures_MONDAY":169,"departures_TUESDAY":205,"departures_WEDNESDAY":205,"departures_THURSDAY":205,"departures_FRIDAY":205,"departures_SATURDAY":166,"departures_SUNDAY":144}},{"type":"Feature","geometry":{"type":"Point","coordinates":[3.7184,51.0288]},"properties":{"stop_id":"201342","stop_name":"Gent Krijgslaan","qualifies_min1_weekday":true,"qualifies_min1_fullweek":true,"qualifies_min10_weekday":true,"qualifies_min10_fullweek":true,"qualifies_hourly_weekday":true,"qualifies_hourly_fullweek":true,"qualifies_halfhour_weekday":true,"qualifies_halfhour_fullweek":true,"departures_MONDAY":169,"departures_TUESDAY":205,"departures_WEDNESDAY":205,"departures_THURSDAY":205,"departures_FRIDAY":205,"departures_SATURDAY":166,"departures_SUNDAY":144}},{"type":"Feature","geometry":{"type":"Point","coordinates":[3.7206,51.0261]},"properties":{"stop_id":"201343","stop_name":"Gent De Pintelaan","qualifies_min1_weekday":true,"qualifies_min1_fullweek":true,"qualifies_min10_weekday":true,"qualifies_min10_fullweek":true,"qualifies_hourly_weekday":true,"qualifies_hourly_fullweek":true,"qualifies_halfhour_weekday":true,"qualifies_halfhour_fullweek":true,"departures_MONDAY":84,"departures_TUESDAY":98,"departures_WEDNESDAY":98,"departures_THURSDAY":98,"departures_FRIDAY":98,"departures_SATURDAY":90,"departures_SUNDAY":77}},{"type":"Feature","geometry":{"type":"Point","coordinates":[3.7205,51.0228]},"properties":{"stop_id":"201344","stop_name":"Gent Rerum-Novarumplein","qualifies_min1_weekday":true,"qualifies_min1_fullweek":true,"qualifies_min10_weekday":true,"qualifies_min10_fullweek":true,"qualifies_hourly_weekday":true,"qualifies_hourly_fullweek":true,"qualifies_halfhour_weekday":true,"qualifies_halfhour_fullweek":true,"departures_MONDAY":84,"departures_TUESDAY":98,"departures_WEDNESDAY":98,"departures_THURSDAY":98,"departures_FRIDAY":98,"departures_SATURDAY":90,"departures_SUNDAY":77}},{"type":"Feature","geometry":{"type":"Point","coordinates":[3.737,51.0332]},"properties":{"stop_id":"201346","stop_name":"Ledeberg Gaston Crommenlaan","qualifies_min1_weekday":true,"qualifies_min1_fullweek":true,"qualifies_min10_weekday":true,"qualifies_min10_fullweek":true,"qualifies_hourly_weekday":true,"qualifies_hourly_fullweek":true,"qualifies_halfhour_weekday":true,"qualifies_halfhour_fullweek":false,"departures_MONDAY":145,"departures_TUESDAY":179,"departures_WEDNESDAY":179,"departures_THURSDAY":179,"departures_FRIDAY":179,"departures_SATURDAY":90,"departures_SUNDAY":76}},{"type":"Feature","geometry":{"type":"Point","coordinates":[3.7107,51.0726]},"properties":{"stop_id":"201350","stop_name":"Gent Van Beverenplein","qualifies_min1_weekday":true,"qualifies_min1_fullweek":true,"qualifies_min10_weekday":true,"qualifies_min10_fullweek":true,"qualifies_hourly_weekday":true,"qualifies_hourly_fullweek":true,"qualifies_halfhour_weekday":true,"qualifies_halfhour_fullweek":true,"departures_MONDAY":210,"departures_TUESDAY":251,"departures_WEDNESDAY":246,"departures_THURSDAY":251,"departures_FRIDAY":251,"departures_SATURDAY":205,"departures_SUNDAY":181}},{"type":"Feature","geometry":{"type":"Point","coordinates":[3.7082,51.0698]},"properties":{"stop_id":"201351","stop_name":"Gent Fuchsiastraat","qualifies_min1_weekday":true,"qualifies_min1_fullweek":true,"qualifies_min10_weekday":true,"qualifies_min10_fullweek":true,"qualifies_hourly_weekday":true,"qualifies_hourly_fullweek":true,"qualifies_halfhour_weekday":true,"qualifies_halfhour_fullweek":true,"departures_MONDAY":210,"departures_TUESDAY":251,"departures_WEDNESDAY":246,"departures_THURSDAY":251,"departures_FRIDAY":251,"departures_SATURDAY":206,"departures_SUNDAY":181}},{"type":"Feature","geometry":{"type":"Point","coordinates":[3.7271,51.0663]},"properties":{"stop_id":"201360","stop_name":"Gent Tolpoort (Tolhuislaan)","qualifies_min1_weekday":true,"qualifies_min1_fullweek":true,"qualifies_min10_weekday":true,"qualifies_min10_fullweek":true,"qualifies_hourly_weekday":true,"qualifies_hourly_fullweek":true,"qualifies_halfhour_weekday":true,"qualifies_halfhour_fullweek":true,"departures_MONDAY":311,"departures_TUESDAY":363,"departures_WEDNESDAY":358,"departures_THURSDAY":363,"departures_FRIDAY":363,"departures_SATURDAY":312,"departures_SUNDAY":278}},{"type":"Feature","geometry":{"type":"Point","coordinates":[3.7251,51.0625]},"properties":{"stop_id":"201362","stop_name":"Gent AZ Sint-Lucas (Fratersplein)","qualifies_min1_weekday":true,"qualifies_min1_fullweek":true,"qualifies_min10_weekday":true,"qualifies_min10_fullweek":true,"qualifies_hourly_weekday":true,"qualifies_hourly_fullweek":true,"qualifies_halfhour_weekday":true,"qualifies_halfhour_fullweek":true,"departures_MONDAY":263,"departures_TUESDAY":315,"departures_WEDNESDAY":310,"departures_THURSDAY":315,"departures_FRIDAY":315,"departures_SATURDAY":264,"departures_SUNDAY":230}},{"type":"Feature","geometry":{"type":"Point","coordinates":[3.7343,51.0627]},"properties":{"stop_id":"201364","stop_name":"Gent Stapelplein","qualifies_min1_weekday":true,"qualifies_min1_fullweek":true,"qualifies_min10_weekday":true,"qualifies_min10_fullweek":true,"qualifies_hourly_weekday":true,"qualifies_hourly_fullweek":true,"qualifies_halfhour_weekday":true,"qualifies_halfhour_fullweek":true,"departures_MONDAY":48,"departures_TUESDAY":48,"departures_WEDNESDAY":48,"departures_THURSDAY":48,"departures_FRIDAY":48,"departures_SATURDAY":48,"departures_SUNDAY":48}},{"type":"Feature","geometry":{"type":"Point","coordinates":[3.7283,51.0562]},"properties":{"stop_id":"201367","stop_name":"Gent Sint-Jacobs perron 1","qualifies_min1_weekday":true,"qualifies_min1_fullweek":true,"qualifies_min10_weekday":true,"qualifies_min10_fullweek":true,"qualifies_hourly_weekday":true,"qualifies_hourly_fullweek":true,"qualifies_halfhour_weekday":true,"qualifies_halfhour_fullweek":true,"departures_MONDAY":263,"departures_TUESDAY":315,"departures_WEDNESDAY":310,"departures_THURSDAY":315,"departures_FRIDAY":315,"departures_SATURDAY":264,"departures_SUNDAY":230}},{"type":"Feature","geometry":{"type":"Point","coordinates":[3.7312,51.0537]},"properties":{"stop_id":"201368","stop_name":"Gent Reep","qualifies_min1_weekday":true,"qualifies_min1_fullweek":true,"qualifies_min10_weekday":true,"qualifies_min10_fullweek":true,"qualifies_hourly_weekday":true,"qualifies_hourly_fullweek":true,"qualifies_halfhour_weekday":true,"qualifies_halfhour_fullweek":true,"departures_MONDAY":263,"departures_TUESDAY":315,"departures_WEDNESDAY":310,"departures_THURSDAY":315,"departures_FRIDAY":315,"departures_SATURDAY":264,"departures_SUNDAY":230}},{"type":"Feature","geometry":{"type":"Point","coordinates":[3.7323,51.0524]},"properties":{"stop_id":"201369","stop_name":"Gent Kapucijnenham","qualifies_min1_weekday":true,"qualifies_min1_fullweek":true,"qualifies_min10_weekday":true,"qualifies_min10_fullweek":true,"qualifies_hourly_weekday":true,"qualifies_hourly_fullweek":true,"qualifies_halfhour_weekday":true,"qualifies_halfhour_fullweek":true,"departures_MONDAY":288,"departures_TUESDAY":344,"departures_WEDNESDAY":339,"departures_THURSDAY":344,"departures_FRIDAY":344,"departures_SATURDAY":285,"departures_SUNDAY":239}},{"type":"Feature","geometry":{"type":"Point","coordinates":[3.7272,51.0471]},"properties":{"stop_id":"201370","stop_name":"Gent Bagattenstraat","qualifies_min1_weekday":true,"qualifies_min1_fullweek":true,"qualifies_min10_weekday":true,"qualifies_min10_fullweek":true,"qualifies_hourly_weekday":true,"qualifies_hourly_fullweek":true,"qualifies_halfhour_weekday":true,"qualifies_halfhour_fullweek":true,"departures_MONDAY":94,"departures_TUESDAY":121,"departures_WEDNESDAY":121,"departures_THURSDAY":121,"departures_FRIDAY":121,"departures_SATURDAY":90,"departures_SUNDAY":60}},{"type":"Feature","geometry":{"type":"Point","coordinates":[3.7264,51.0441]},"properties":{"stop_id":"201371","stop_name":"Gent Blandijnberg","qualifies_min1_weekday":true,"qualifies_min1_fullweek":true,"qualifies_min10_weekday":true,"qualifies_min10_fullweek":true,"qualifies_hourly_weekday":true,"qualifies_hourly_fullweek":true,"qualifies_halfhour_weekday":true,"qualifies_halfhour_fullweek":true,"departures_MONDAY":95,"departures_TUESDAY":122,"departures_WEDNESDAY":122,"departures_THURSDAY":122,"departures_FRIDAY":122,"departures_SATURDAY":91,"departures_SUNDAY":60}},{"type":"Feature","geometry":{"type":"Point","coordinates":[3.7256,51.0419]},"properties":{"stop_id":"201372","stop_name":"Gent Sint-Pietersplein","qualifies_min1_weekday":true,"qualifies_min1_fullweek":true,"qualifies_min10_weekday":true,"qualifies_min10_fullweek":true,"qualifies_hourly_weekday":true,"qualifies_hourly_fullweek":true,"qualifies_halfhour_weekday":true,"qualifies_halfhour_fullweek":true,"departures_MONDAY":95,"departures_TUESDAY":122,"departures_WEDNESDAY":122,"departures_THURSDAY":122,"departures_FRIDAY":122,"departures_SATURDAY":91,"departures_SUNDAY":60}},{"type":"Feature","geometry":{"type":"Point","coordinates":[3.7258,51.0347]},"properties":{"stop_id":"201374","stop_name":"Gent de Heerestraat","qualifies_min1_weekday":true,"qualifies_min1_fullweek":true,"qualifies_min10_weekday":true,"qualifies_min10_fullweek":true,"qualifies_hourly_weekday":true,"qualifies_hourly_fullweek":true,"qualifies_halfhour_weekday":true,"qualifies_halfhour_fullweek":true,"departures_MONDAY":95,"departures_TUESDAY":122,"departures_WEDNESDAY":122,"departures_THURSDAY":122,"departures_FRIDAY":122,"departures_SATURDAY":91,"departures_SUNDAY":60}},{"type":"Feature","geometry":{"type":"Point","coordinates":[3.7224,51.0289]},"properties":{"stop_id":"201376","stop_name":"Gent Opvoedingstraat","qualifies_min1_weekday":true,"qualifies_min1_fullweek":true,"qualifies_min10_weekday":true,"qualifies_min10_fullweek":true,"qualifies_hourly_weekday":true,"qualifies_hourly_fullweek":true,"qualifies_halfhour_weekday":true,"qualifies_halfhour_fullweek":true,"departures_MONDAY":95,"departures_TUESDAY":122,"departures_WEDNESDAY":122,"departures_THURSDAY":122,"departures_FRIDAY":122,"departures_SATURDAY":91,"departures_SUNDAY":60}},{"type":"Feature","geometry":{"type":"Point","coordinates":[3.7202,51.0242]},"properties":{"stop_id":"201377","stop_name":"Gent Kikvorsstraat","qualifies_min1_weekday":false,"qualifies_min1_fullweek":false,"qualifies_min10_weekday":false,"qualifies_min10_fullweek":false,"qualifies_hourly_weekday":false,"qualifies_hourly_fullweek":false,"qualifies_halfhour_weekday":false,"qualifies_halfhour_fullweek":false,"departures_MONDAY":0,"departures_TUESDAY":0,"departures_WEDNESDAY":0,"departures_THURSDAY":0,"departures_FRIDAY":0,"departures_SATURDAY":0,"departures_SUNDAY":0}},{"type":"Feature","geometry":{"type":"Point","coordinates":[3.7118,51.0209]},"properties":{"stop_id":"201379","stop_name":"Gent Berkhoutsheide","qualifies_min1_weekday":true,"qualifies_min1_fullweek":true,"qualifies_min10_weekday":true,"qualifies_min10_fullweek":true,"qualifies_hourly_weekday":true,"qualifies_hourly_fullweek":true,"qualifies_halfhour_weekday":true,"qualifies_halfhour_fullweek":true,"departures_MONDAY":95,"departures_TUESDAY":122,"departures_WEDNESDAY":122,"departures_THURSDAY":122,"departures_FRIDAY":122,"departures_SATURDAY":91,"departures_SUNDAY":60}},{"type":"Feature","geometry":{"type":"Point","coordinates":[3.7158,51.0198]},"properties":{"stop_id":"201380","stop_name":"Gent Jaspisstraat","qualifies_min1_weekday":true,"qualifies_min1_fullweek":true,"qualifies_min10_weekday":true,"qualifies_min10_fullweek":true,"qualifies_hourly_weekday":true,"qualifies_hourly_fullweek":true,"qualifies_halfhour_weekday":true,"qualifies_halfhour_fullweek":true,"departures_MONDAY":95,"departures_TUESDAY":122,"departures_WEDNESDAY":122,"departures_THURSDAY":122,"departures_FRIDAY":122,"departures_SATURDAY":91,"departures_SUNDAY":60}},{"type":"Feature","geometry":{"type":"Point","coordinates":[3.722,51.0266]},"properties":{"stop_id":"201381","stop_name":"Gent UZ Zwijnaardsesteenweg","qualifies_min1_weekday":true,"qualifies_min1_fullweek":true,"qualifies_min10_weekday":true,"qualifies_min10_fullweek":true,"qualifies_hourly_weekday":true,"qualifies_hourly_fullweek":true,"qualifies_halfhour_weekday":true,"qualifies_halfhour_fullweek":true,"departures_MONDAY":95,"departures_TUESDAY":122,"departures_WEDNESDAY":122,"departures_THURSDAY":122,"departures_FRIDAY":122,"departures_SATURDAY":91,"departures_SUNDAY":60}},{"type":"Feature","geometry":{"type":"Point","coordinates":[3.7266,51.037]},"properties":{"stop_id":"201382","stop_name":"Gent Ottergemsesteenweg","qualifies_min1_weekday":true,"qualifies_min1_fullweek":true,"qualifies_min10_weekday":true,"qualifies_min10_fullweek":true,"qualifies_hourly_weekday":true,"qualifies_hourly_fullweek":true,"qualifies_halfhour_weekday":true,"qualifies_halfhour_fullweek":true,"departures_MONDAY":95,"departures_TUESDAY":122,"departures_WEDNESDAY":122,"departures_THURSDAY":122,"departures_FRIDAY":122,"departures_SATURDAY":91,"departures_SUNDAY":60}},{"type":"Feature","geometry":{"type":"Point","coordinates":[3.6951,51.0201]},"properties":{"stop_id":"201384","stop_name":"Gent Pleispark","qualifies_min1_weekday":false,"qualifies_min1_fullweek":false,"qualifies_min10_weekday":false,"qualifies_min10_fullweek":false,"qualifies_hourly_weekday":false,"qualifies_hourly_fullweek":false,"qualifies_halfhour_weekday":false,"qualifies_halfhour_fullweek":false,"departures_MONDAY":0,"departures_TUESDAY":0,"departures_WEDNESDAY":0,"departures_THURSDAY":0,"departures_FRIDAY":0,"departures_SATURDAY":0,"departures_SUNDAY":0}},{"type":"Feature","geometry":{"type":"Point","coordinates":[3.7242,51.0682]},"properties":{"stop_id":"201385","stop_name":"Gent Wiedauwkaai","qualifies_min1_weekday":true,"qualifies_min1_fullweek":true,"qualifies_min10_weekday":true,"qualifies_min10_fullweek":true,"qualifies_hourly_weekday":true,"qualifies_hourly_fullweek":true,"qualifies_halfhour_weekday":true,"qualifies_halfhour_fullweek":true,"departures_MONDAY":210,"departures_TUESDAY":251,"departures_WEDNESDAY":246,"departures_THURSDAY":251,"departures_FRIDAY":251,"departures_SATURDAY":206,"departures_SUNDAY":181}},{"type":"Feature","geometry":{"type":"Point","coordinates":[3.7218,51.0678]},"properties":{"stop_id":"201386","stop_name":"Gent Vynckier","qualifies_min1_weekday":true,"qualifies_min1_fullweek":true,"qualifies_min10_weekday":true,"qualifies_min10_fullweek":true,"qualifies_hourly_weekday":true,"qualifies_hourly_fullweek":true,"qualifies_halfhour_weekday":true,"qualifies_halfhour_fullweek":true,"departures_MONDAY":210,"departures_TUESDAY":251,"departures_WEDNESDAY":246,"departures_THURSDAY":251,"departures_FRIDAY":251,"departures_SATURDAY":206,"departures_SUNDAY":181}},{"type":"Feature","geometry":{"type":"Point","coordinates":[3.7156,51.0669]},"properties":{"stop_id":"201387","stop_name":"Gent Gaardeniersbrug (Nieuwevaart)","qualifies_min1_weekday":true,"qualifies_min1_fullweek":true,"qualifies_min10_weekday":true,"qualifies_min10_fullweek":true,"qualifies_hourly_weekday":true,"qualifies_hourly_fullweek":true,"qualifies_halfhour_weekday":true,"qualifies_halfhour_fullweek":true,"departures_MONDAY":210,"departures_TUESDAY":251,"departures_WEDNESDAY":246,"departures_THURSDAY":251,"departures_FRIDAY":251,"departures_SATURDAY":206,"departures_SUNDAY":181}},{"type":"Feature","geometry":{"type":"Point","coordinates":[3.709,51.0661]},"properties":{"stop_id":"201388","stop_name":"Gent Wondelgembrug","qualifies_min1_weekday":true,"qualifies_min1_fullweek":true,"qualifies_min10_weekday":true,"qualifies_min10_fullweek":true,"qualifies_hourly_weekday":true,"qualifies_hourly_fullweek":true,"qualifies_halfhour_weekday":true,"qualifies_halfhour_fullweek":true,"departures_MONDAY":210,"departures_TUESDAY":251,"departures_WEDNESDAY":246,"departures_THURSDAY":251,"departures_FRIDAY":251,"departures_SATURDAY":206,"departures_SUNDAY":181}},{"type":"Feature","geometry":{"type":"Point","coordinates":[3.7131,51.0745]},"properties":{"stop_id":"201392","stop_name":"Gent van Ryhovelaan","qualifies_min1_weekday":true,"qualifies_min1_fullweek":true,"qualifies_min10_weekday":true,"qualifies_min10_fullweek":true,"qualifies_hourly_weekday":true,"qualifies_hourly_fullweek":true,"qualifies_halfhour_weekday":true,"qualifies_halfhour_fullweek":true,"departures_MONDAY":209,"departures_TUESDAY":251,"departures_WEDNESDAY":246,"departures_THURSDAY":251,"departures_FRIDAY":251,"departures_SATURDAY":205,"departures_SUNDAY":181}},{"type":"Feature","geometry":{"type":"Point","coordinates":[3.7311,51.0482]},"properties":{"stop_id":"201393","stop_name":"Gent Zuid perron 8","qualifies_min1_weekday":true,"qualifies_min1_fullweek":true,"qualifies_min10_weekday":true,"qualifies_min10_fullweek":true,"qualifies_hourly_weekday":true,"qualifies_hourly_fullweek":true,"qualifies_halfhour_weekday":true,"qualifies_halfhour_fullweek":true,"departures_MONDAY":368,"departures_TUESDAY":425,"departures_WEDNESDAY":425,"departures_THURSDAY":425,"departures_FRIDAY":425,"departures_SATURDAY":397,"departures_SUNDAY":386}},{"type":"Feature","geometry":{"type":"Point","coordinates":[3.6855,50.9965]},"properties":{"stop_id":"201397","stop_name":"Zwijnaarde Klossestraat","qualifies_min1_weekday":true,"qualifies_min1_fullweek":true,"qualifies_min10_weekday":true,"qualifies_min10_fullweek":true,"qualifies_hourly_weekday":true,"qualifies_hourly_fullweek":false,"qualifies_halfhour_weekday":false,"qualifies_halfhour_fullweek":false,"departures_MONDAY":18,"departures_TUESDAY":19,"departures_WEDNESDAY":19,"departures_THURSDAY":19,"departures_FRIDAY":19,"departures_SATURDAY":18,"departures_SUNDAY":14}},{"type":"Feature","geometry":{"type":"Point","coordinates":[3.6379,51.0885]},"properties":{"stop_id":"201402","stop_name":"Vinderhoute Neerstraat","qualifies_min1_weekday":true,"qualifies_min1_fullweek":true,"qualifies_min10_weekday":true,"qualifies_min10_fullweek":true,"qualifies_hourly_weekday":true,"qualifies_hourly_fullweek":true,"qualifies_halfhour_weekday":false,"qualifies_halfhour_fullweek":false,"departures_MONDAY":34,"departures_TUESDAY":36,"departures_WEDNESDAY":36,"departures_THURSDAY":36,"departures_FRIDAY":36,"departures_SATURDAY":29,"departures_SUNDAY":18}},{"type":"Feature","geometry":{"type":"Point","coordinates":[3.6773,51.0773]},"properties":{"stop_id":"201412","stop_name":"Mariakerke Mariakerkebrug","qualifies_min1_weekday":true,"qualifies_min1_fullweek":true,"qualifies_min10_weekday":true,"qualifies_min10_fullweek":true,"qualifies_hourly_weekday":true,"qualifies_hourly_fullweek":true,"qualifies_halfhour_weekday":false,"qualifies_halfhour_fullweek":false,"departures_MONDAY":38,"departures_TUESDAY":54,"departures_WEDNESDAY":54,"departures_THURSDAY":54,"departures_FRIDAY":54,"departures_SATURDAY":31,"departures_SUNDAY":30}},{"type":"Feature","geometry":{"type":"Point","coordinates":[3.6804,51.0802]},"properties":{"stop_id":"201413","stop_name":"Mariakerke Dienstencentrum","qualifies_min1_weekday":true,"qualifies_min1_fullweek":true,"qualifies_min10_weekday":true,"qualifies_min10_fullweek":true,"qualifies_hourly_weekday":true,"qualifies_hourly_fullweek":true,"qualifies_halfhour_weekday":false,"qualifies_halfhour_fullweek":false,"departures_MONDAY":38,"departures_TUESDAY":54,"departures_WEDNESDAY":54,"departures_THURSDAY":54,"departures_FRIDAY":54,"departures_SATURDAY":31,"departures_SUNDAY":30}},{"type":"Feature","geometry":{"type":"Point","coordinates":[3.6871,51.0817]},"properties":{"stop_id":"201414","stop_name":"Mariakerke Kollekasteel (Groenestaakstraat)","qualifies_min1_weekday":true,"qualifies_min1_fullweek":true,"qualifies_min10_weekday":true,"qualifies_min10_fullweek":true,"qualifies_hourly_weekday":true,"qualifies_hourly_fullweek":true,"qualifies_halfhour_weekday":false,"qualifies_halfhour_fullweek":false,"departures_MONDAY":38,"departures_TUESDAY":54,"departures_WEDNESDAY":54,"departures_THURSDAY":54,"departures_FRIDAY":54,"departures_SATURDAY":31,"departures_SUNDAY":30}},{"type":"Feature","geometry":{"type":"Point","coordinates":[3.6932,51.0831]},"properties":{"stop_id":"201415","stop_name":"Mariakerke Lusthoflaan","qualifies_min1_weekday":true,"qualifies_min1_fullweek":true,"qualifies_min10_weekday":true,"qualifies_min10_fullweek":true,"qualifies_hourly_weekday":true,"qualifies_hourly_fullweek":true,"qualifies_halfhour_weekday":true,"qualifies_halfhour_fullweek":false,"departures_MONDAY":76,"departures_TUESDAY":106,"departures_WEDNESDAY":106,"departures_THURSDAY":106,"departures_FRIDAY":106,"departures_SATURDAY":62,"departures_SUNDAY":60}},{"type":"Feature","geometry":{"type":"Point","coordinates":[3.6996,51.0853]},"properties":{"stop_id":"201416","stop_name":"Wondelgem Gaverstraat","qualifies_min1_weekday":true,"qualifies_min1_fullweek":true,"qualifies_min10_weekday":true,"qualifies_min10_fullweek":true,"qualifies_hourly_weekday":true,"qualifies_hourly_fullweek":true,"qualifies_halfhour_weekday":true,"qualifies_halfhour_fullweek":false,"departures_MONDAY":76,"departures_TUESDAY":106,"departures_WEDNESDAY":106,"departures_THURSDAY":106,"departures_FRIDAY":106,"departures_SATURDAY":62,"departures_SUNDAY":60}},{"type":"Feature","geometry":{"type":"Point","coordinates":[3.7107,51.0893]},"properties":{"stop_id":"201418","stop_name":"Wondelgem Vroonstalledries","qualifies_min1_weekday":true,"qualifies_min1_fullweek":true,"qualifies_min10_weekday":true,"qualifies_min10_fullweek":true,"qualifies_hourly_weekday":true,"qualifies_hourly_fullweek":true,"qualifies_halfhour_weekday":false,"qualifies_halfhour_fullweek":false,"departures_MONDAY":38,"departures_TUESDAY":53,"departures_WEDNESDAY":53,"departures_THURSDAY":53,"departures_FRIDAY":53,"departures_SATURDAY":31,"departures_SUNDAY":30}},{"type":"Feature","geometry":{"type":"Point","coordinates":[3.7148,51.0903]},"properties":{"stop_id":"201419","stop_name":"Wondelgem Evergemsesteenweg","qualifies_min1_weekday":true,"qualifies_min1_fullweek":true,"qualifies_min10_weekday":true,"qualifies_min10_fullweek":true,"qualifies_hourly_weekday":true,"qualifies_hourly_fullweek":true,"qualifies_halfhour_weekday":false,"qualifies_halfhour_fullweek":false,"departures_MONDAY":38,"departures_TUESDAY":53,"departures_WEDNESDAY":53,"departures_THURSDAY":53,"departures_FRIDAY":53,"departures_SATURDAY":31,"departures_SUNDAY":30}},{"type":"Feature","geometry":{"type":"Point","coordinates":[3.7197,51.09]},"properties":{"stop_id":"201420","stop_name":"Wondelgem Station","qualifies_min1_weekday":true,"qualifies_min1_fullweek":true,"qualifies_min10_weekday":true,"qualifies_min10_fullweek":true,"qualifies_hourly_weekday":true,"qualifies_hourly_fullweek":true,"qualifies_halfhour_weekday":true,"qualifies_halfhour_fullweek":true,"departures_MONDAY":105,"departures_TUESDAY":122,"departures_WEDNESDAY":123,"departures_THURSDAY":122,"departures_FRIDAY":122,"departures_SATURDAY":94,"departures_SUNDAY":62}},{"type":"Feature","geometry":{"type":"Point","coordinates":[3.7281,51.0828]},"properties":{"stop_id":"201425","stop_name":"Gent Glasgowstraat","qualifies_min1_weekday":true,"qualifies_min1_fullweek":true,"qualifies_min10_weekday":true,"qualifies_min10_fullweek":true,"qualifies_hourly_weekday":true,"qualifies_hourly_fullweek":true,"qualifies_halfhour_weekday":true,"qualifies_halfhour_fullweek":true,"departures_MONDAY":52,"departures_TUESDAY":63,"departures_WEDNESDAY":63,"departures_THURSDAY":63,"departures_FRIDAY":63,"departures_SATURDAY":57,"departures_SUNDAY":49}},{"type":"Feature","geometry":{"type":"Point","coordinates":[3.7313,51.0706]},"properties":{"stop_id":"201429","stop_name":"Gent Muidebrug (Houtdoklaan)","qualifies_min1_weekday":false,"qualifies_min1_fullweek":false,"qualifies_min10_weekday":false,"qualifies_min10_fullweek":false,"qualifies_hourly_weekday":false,"qualifies_hourly_fullweek":false,"qualifies_halfhour_weekday":false,"qualifies_halfhour_fullweek":false,"departures_MONDAY":0,"departures_TUESDAY":0,"departures_WEDNESDAY":0,"departures_THURSDAY":0,"departures_FRIDAY":0,"departures_SATURDAY":0,"departures_SUNDAY":0}},{"type":"Feature","geometry":{"type":"Point","coordinates":[3.7382,51.0695]},"properties":{"stop_id":"201433","stop_name":"Gent Scandinaviëstraat","qualifies_min1_weekday":true,"qualifies_min1_fullweek":true,"qualifies_min10_weekday":true,"qualifies_min10_fullweek":true,"qualifies_hourly_weekday":true,"qualifies_hourly_fullweek":true,"qualifies_halfhour_weekday":true,"qualifies_halfhour_fullweek":true,"departures_MONDAY":48,"departures_TUESDAY":48,"departures_WEDNESDAY":48,"departures_THURSDAY":48,"departures_FRIDAY":48,"departures_SATURDAY":48,"departures_SUNDAY":48}},{"type":"Feature","geometry":{"type":"Point","coordinates":[3.7512,51.0571]},"properties":{"stop_id":"201436","stop_name":"Gent van Cleemputteplein","qualifies_min1_weekday":true,"qualifies_min1_fullweek":true,"qualifies_min10_weekday":true,"qualifies_min10_fullweek":false,"qualifies_hourly_weekday":false,"qualifies_hourly_fullweek":false,"qualifies_halfhour_weekday":false,"qualifies_halfhour_fullweek":false,"departures_MONDAY":25,"departures_TUESDAY":29,"departures_WEDNESDAY":29,"departures_THURSDAY":29,"departures_FRIDAY":29,"departures_SATURDAY":21,"departures_SUNDAY":9}},{"type":"Feature","geometry":{"type":"Point","coordinates":[3.7433,51.0488]},"properties":{"stop_id":"201443","stop_name":"Gent Zalmstraat","qualifies_min1_weekday":true,"qualifies_min1_fullweek":true,"qualifies_min10_weekday":true,"qualifies_min10_fullweek":false,"qualifies_hourly_weekday":false,"qualifies_hourly_fullweek":false,"qualifies_halfhour_weekday":false,"qualifies_halfhour_fullweek":false,"departures_MONDAY":25,"departures_TUESDAY":29,"departures_WEDNESDAY":29,"departures_THURSDAY":29,"departures_FRIDAY":29,"departures_SATURDAY":21,"departures_SUNDAY":9}},{"type":"Feature","geometry":{"type":"Point","coordinates":[3.7398,51.0475]},"properties":{"stop_id":"201444","stop_name":"Gent Lousbergskaai","qualifies_min1_weekday":true,"qualifies_min1_fullweek":true,"qualifies_min10_weekday":true,"qualifies_min10_fullweek":false,"qualifies_hourly_weekday":false,"qualifies_hourly_fullweek":false,"qualifies_halfhour_weekday":false,"qualifies_halfhour_fullweek":false,"departures_MONDAY":25,"departures_TUESDAY":29,"departures_WEDNESDAY":29,"departures_THURSDAY":29,"departures_FRIDAY":29,"departures_SATURDAY":21,"departures_SUNDAY":9}},{"type":"Feature","geometry":{"type":"Point","coordinates":[3.7186,51.0457]},"properties":{"stop_id":"201447","stop_name":"Gent Bijloke","qualifies_min1_weekday":false,"qualifies_min1_fullweek":false,"qualifies_min10_weekday":false,"qualifies_min10_fullweek":false,"qualifies_hourly_weekday":false,"qualifies_hourly_fullweek":false,"qualifies_halfhour_weekday":false,"qualifies_halfhour_fullweek":false,"departures_MONDAY":0,"departures_TUESDAY":0,"departures_WEDNESDAY":0,"departures_THURSDAY":0,"departures_FRIDAY":0,"departures_SATURDAY":0,"departures_SUNDAY":0}},{"type":"Feature","geometry":{"type":"Point","coordinates":[3.7084,51.0435]},"properties":{"stop_id":"201450","stop_name":"Gent Neermeerskaai","qualifies_min1_weekday":true,"qualifies_min1_fullweek":true,"qualifies_min10_weekday":true,"qualifies_min10_fullweek":true,"qualifies_hourly_weekday":true,"qualifies_hourly_fullweek":true,"qualifies_halfhour_weekday":true,"qualifies_halfhour_fullweek":true,"departures_MONDAY":106,"departures_TUESDAY":139,"departures_WEDNESDAY":140,"departures_THURSDAY":139,"departures_FRIDAY":139,"departures_SATURDAY":78,"departures_SUNDAY":76}},{"type":"Feature","geometry":{"type":"Point","coordinates":[3.7299,51.0868]},"properties":{"stop_id":"201451","stop_name":"Gent Meeuwstraat","qualifies_min1_weekday":true,"qualifies_min1_fullweek":true,"qualifies_min10_weekday":true,"qualifies_min10_fullweek":true,"qualifies_hourly_weekday":true,"qualifies_hourly_fullweek":true,"qualifies_halfhour_weekday":true,"qualifies_halfhour_fullweek":true,"departures_MONDAY":52,"departures_TUESDAY":63,"departures_WEDNESDAY":63,"departures_THURSDAY":63,"departures_FRIDAY":63,"departures_SATURDAY":57,"departures_SUNDAY":49}},{"type":"Feature","geometry":{"type":"Point","coordinates":[3.6763,51.073]},"properties":{"stop_id":"201453","stop_name":"Mariakerke Kerk","qualifies_min1_weekday":false,"qualifies_min1_fullweek":false,"qualifies_min10_weekday":false,"qualifies_min10_fullweek":false,"qualifies_hourly_weekday":false,"qualifies_hourly_fullweek":false,"qualifies_halfhour_weekday":false,"qualifies_halfhour_fullweek":false,"departures_MONDAY":0,"departures_TUESDAY":1,"departures_WEDNESDAY":1,"departures_THURSDAY":1,"departures_FRIDAY":1,"departures_SATURDAY":0,"departures_SUNDAY":0}},{"type":"Feature","geometry":{"type":"Point","coordinates":[3.6714,51.074]},"properties":{"stop_id":"201454","stop_name":"Mariakerke Minoodtlaan","qualifies_min1_weekday":false,"qualifies_min1_fullweek":false,"qualifies_min10_weekday":false,"qualifies_min10_fullweek":false,"qualifies_hourly_weekday":false,"qualifies_hourly_fullweek":false,"qualifies_halfhour_weekday":false,"qualifies_halfhour_fullweek":false,"departures_MONDAY":0,"departures_TUESDAY":1,"departures_WEDNESDAY":1,"departures_THURSDAY":1,"departures_FRIDAY":1,"departures_SATURDAY":0,"departures_SUNDAY":0}},{"type":"Feature","geometry":{"type":"Point","coordinates":[3.7518,51.0472]},"properties":{"stop_id":"201468","stop_name":"Gent Wolterslaan","qualifies_min1_weekday":true,"qualifies_min1_fullweek":true,"qualifies_min10_weekday":true,"qualifies_min10_fullweek":false,"qualifies_hourly_weekday":false,"qualifies_hourly_fullweek":false,"qualifies_halfhour_weekday":false,"qualifies_halfhour_fullweek":false,"departures_MONDAY":25,"departures_TUESDAY":29,"departures_WEDNESDAY":29,"departures_THURSDAY":29,"departures_FRIDAY":29,"departures_SATURDAY":21,"departures_SUNDAY":9}},{"type":"Feature","geometry":{"type":"Point","coordinates":[3.774,51.041]},"properties":{"stop_id":"201470","stop_name":"Gentbrugge Groeningewijk","qualifies_min1_weekday":true,"qualifies_min1_fullweek":true,"qualifies_min10_weekday":true,"qualifies_min10_fullweek":true,"qualifies_hourly_weekday":true,"qualifies_hourly_fullweek":true,"qualifies_halfhour_weekday":true,"qualifies_halfhour_fullweek":false,"departures_MONDAY":76,"departures_TUESDAY":107,"departures_WEDNESDAY":107,"departures_THURSDAY":107,"departures_FRIDAY":107,"departures_SATURDAY":61,"departures_SUNDAY":60}},{"type":"Feature","geometry":{"type":"Point","coordinates":[3.7707,51.0434]},"properties":{"stop_id":"201471","stop_name":"Gentbrugge De Guchteneerestraat","qualifies_min1_weekday":true,"qualifies_min1_fullweek":true,"qualifies_min10_weekday":true,"qualifies_min10_fullweek":true,"qualifies_hourly_weekday":true,"qualifies_hourly_fullweek":true,"qualifies_halfhour_weekday":false,"qualifies_halfhour_fullweek":false,"departures_MONDAY":38,"departures_TUESDAY":54,"departures_WEDNESDAY":54,"departures_THURSDAY":54,"departures_FRIDAY":54,"departures_SATURDAY":31,"departures_SUNDAY":30}},{"type":"Feature","geometry":{"type":"Point","coordinates":[3.7676,51.0416]},"properties":{"stop_id":"201472","stop_name":"Gentbrugge Voordries","qualifies_min1_weekday":true,"qualifies_min1_fullweek":true,"qualifies_min10_weekday":true,"qualifies_min10_fullweek":true,"qualifies_hourly_weekday":true,"qualifies_hourly_fullweek":true,"qualifies_halfhour_weekday":false,"qualifies_halfhour_fullweek":false,"departures_MONDAY":38,"departures_TUESDAY":54,"departures_WEDNESDAY":54,"departures_THURSDAY":54,"departures_FRIDAY":54,"departures_SATURDAY":31,"departures_SUNDAY":30}},{"type":"Feature","geometry":{"type":"Point","coordinates":[3.7631,51.0381]},"properties":{"stop_id":"201474","stop_name":"Gentbrugge Braemkasteel","qualifies_min1_weekday":true,"qualifies_min1_fullweek":true,"qualifies_min10_weekday":true,"qualifies_min10_fullweek":true,"qualifies_hourly_weekday":true,"qualifies_hourly_fullweek":true,"qualifies_halfhour_weekday":true,"qualifies_halfhour_fullweek":true,"departures_MONDAY":86,"departures_TUESDAY":97,"departures_WEDNESDAY":97,"departures_THURSDAY":97,"departures_FRIDAY":97,"departures_SATURDAY":83,"departures_SUNDAY":66}},{"type":"Feature","geometry":{"type":"Point","coordinates":[3.7616,51.0322]},"properties":{"stop_id":"201477","stop_name":"Gentbrugge Schooldreef","qualifies_min1_weekday":true,"qualifies_min1_fullweek":true,"qualifies_min10_weekday":true,"qualifies_min10_fullweek":true,"qualifies_hourly_weekday":true,"qualifies_hourly_fullweek":true,"qualifies_halfhour_weekday":false,"qualifies_halfhour_fullweek":false,"departures_MONDAY":38,"departures_TUESDAY":54,"departures_WEDNESDAY":54,"departures_THURSDAY":54,"departures_FRIDAY":54,"departures_SATURDAY":31,"departures_SUNDAY":30}},{"type":"Feature","geometry":{"type":"Point","coordinates":[3.7569,51.0335]},"properties":{"stop_id":"201478","stop_name":"Gentbrugge Arsenaal","qualifies_min1_weekday":true,"qualifies_min1_fullweek":true,"qualifies_min10_weekday":true,"qualifies_min10_fullweek":true,"qualifies_hourly_weekday":true,"qualifies_hourly_fullweek":true,"qualifies_halfhour_weekday":true,"qualifies_halfhour_fullweek":false,"departures_MONDAY":145,"departures_TUESDAY":181,"departures_WEDNESDAY":180,"departures_THURSDAY":181,"departures_FRIDAY":181,"departures_SATURDAY":90,"departures_SUNDAY":76}},{"type":"Feature","geometry":{"type":"Point","coordinates":[3.7516,51.0361]},"properties":{"stop_id":"201479","stop_name":"Gentbrugge Stelplaats","qualifies_min1_weekday":true,"qualifies_min1_fullweek":true,"qualifies_min10_weekday":true,"qualifies_min10_fullweek":true,"qualifies_hourly_weekday":true,"qualifies_hourly_fullweek":true,"qualifies_halfhour_weekday":true,"qualifies_halfhour_fullweek":false,"departures_MONDAY":145,"departures_TUESDAY":181,"departures_WEDNESDAY":180,"departures_THURSDAY":181,"departures_FRIDAY":181,"departures_SATURDAY":90,"departures_SUNDAY":76}},{"type":"Feature","geometry":{"type":"Point","coordinates":[3.743,51.0374]},"properties":{"stop_id":"201481","stop_name":"Ledeberg Ledebergplein","qualifies_min1_weekday":true,"qualifies_min1_fullweek":true,"qualifies_min10_weekday":true,"qualifies_min10_fullweek":true,"qualifies_hourly_weekday":true,"qualifies_hourly_fullweek":true,"qualifies_halfhour_weekday":true,"qualifies_halfhour_fullweek":false,"departures_MONDAY":153,"departures_TUESDAY":194,"departures_WEDNESDAY":193,"departures_THURSDAY":194,"departures_FRIDAY":194,"departures_SATURDAY":101,"departures_SUNDAY":87}},{"type":"Feature","geometry":{"type":"Point","coordinates":[3.6901,51.0794]},"properties":{"stop_id":"201506","stop_name":"Mariakerke Losweg","qualifies_min1_weekday":true,"qualifies_min1_fullweek":true,"qualifies_min10_weekday":true,"qualifies_min10_fullweek":true,"qualifies_hourly_weekday":true,"qualifies_hourly_fullweek":true,"qualifies_halfhour_weekday":false,"qualifies_halfhour_fullweek":false,"departures_MONDAY":38,"departures_TUESDAY":54,"departures_WEDNESDAY":54,"departures_THURSDAY":54,"departures_FRIDAY":54,"departures_SATURDAY":31,"departures_SUNDAY":30}},{"type":"Feature","geometry":{"type":"Point","coordinates":[3.696,51.0695]},"properties":{"stop_id":"201511","stop_name":"Gent Staakskenstraat","qualifies_min1_weekday":true,"qualifies_min1_fullweek":true,"qualifies_min10_weekday":true,"qualifies_min10_fullweek":true,"qualifies_hourly_weekday":true,"qualifies_hourly_fullweek":false,"qualifies_halfhour_weekday":false,"qualifies_halfhour_fullweek":false,"departures_MONDAY":38,"departures_TUESDAY":54,"departures_WEDNESDAY":54,"departures_THURSDAY":54,"departures_FRIDAY":54,"departures_SATURDAY":31,"departures_SUNDAY":30}},{"type":"Feature","geometry":{"type":"Point","coordinates":[3.6989,51.0657]},"properties":{"stop_id":"201512","stop_name":"Gent Guislainbrug","qualifies_min1_weekday":true,"qualifies_min1_fullweek":true,"qualifies_min10_weekday":true,"qualifies_min10_fullweek":true,"qualifies_hourly_weekday":true,"qualifies_hourly_fullweek":true,"qualifies_halfhour_weekday":false,"qualifies_halfhour_fullweek":false,"departures_MONDAY":38,"departures_TUESDAY":54,"departures_WEDNESDAY":54,"departures_THURSDAY":54,"departures_FRIDAY":54,"departures_SATURDAY":31,"departures_SUNDAY":30}},{"type":"Feature","geometry":{"type":"Point","coordinates":[3.6961,51.0643]},"properties":{"stop_id":"201513","stop_name":"Gent Rooigem (R40)","qualifies_min1_weekday":true,"qualifies_min1_fullweek":true,"qualifies_min10_weekday":true,"qualifies_min10_fullweek":true,"qualifies_hourly_weekday":true,"qualifies_hourly_fullweek":true,"qualifies_halfhour_weekday":false,"qualifies_halfhour_fullweek":false,"departures_MONDAY":38,"departures_TUESDAY":54,"departures_WEDNESDAY":54,"departures_THURSDAY":54,"departures_FRIDAY":54,"departures_SATURDAY":31,"departures_SUNDAY":30}},{"type":"Feature","geometry":{"type":"Point","coordinates":[3.6993,51.0513]},"properties":{"stop_id":"201518","stop_name":"Gent Overzet","qualifies_min1_weekday":true,"qualifies_min1_fullweek":true,"qualifies_min10_weekday":true,"qualifies_min10_fullweek":true,"qualifies_hourly_weekday":true,"qualifies_hourly_fullweek":true,"qualifies_halfhour_weekday":true,"qualifies_halfhour_fullweek":true,"departures_MONDAY":195,"departures_TUESDAY":238,"departures_WEDNESDAY":239,"departures_THURSDAY":238,"departures_FRIDAY":238,"departures_SATURDAY":163,"departures_SUNDAY":142}},{"type":"Feature","geometry":{"type":"Point","coordinates":[3.7041,51.041]},"properties":{"stop_id":"201522","stop_name":"Gent Sportstraat","qualifies_min1_weekday":true,"qualifies_min1_fullweek":false,"qualifies_min10_weekday":true,"qualifies_min10_fullweek":false,"qualifies_hourly_weekday":true,"qualifies_hourly_fullweek":false,"qualifies_halfhour_weekday":true,"qualifies_halfhour_fullweek":false,"departures_MONDAY":45,"departures_TUESDAY":47,"departures_WEDNESDAY":47,"departures_THURSDAY":47,"departures_FRIDAY":47,"departures_SATURDAY":0,"departures_SUNDAY":0}},{"type":"Feature","geometry":{"type":"Point","coordinates":[3.7012,51.0185]},"properties":{"stop_id":"201527","stop_name":"Gent Leebeekstraat","qualifies_min1_weekday":false,"qualifies_min1_fullweek":false,"qualifies_min10_weekday":false,"qualifies_min10_fullweek":false,"qualifies_hourly_weekday":false,"qualifies_hourly_fullweek":false,"qualifies_halfhour_weekday":false,"qualifies_halfhour_fullweek":false,"departures_MONDAY":0,"departures_TUESDAY":0,"departures_WEDNESDAY":0,"departures_THURSDAY":0,"departures_FRIDAY":0,"departures_SATURDAY":0,"departures_SUNDAY":0}},{"type":"Feature","geometry":{"type":"Point","coordinates":[3.7287,51.0263]},"properties":{"stop_id":"201530","stop_name":"Gent Heymanslaan","qualifies_min1_weekday":true,"qualifies_min1_fullweek":false,"qualifies_min10_weekday":true,"qualifies_min10_fullweek":false,"qualifies_hourly_weekday":true,"qualifies_hourly_fullweek":false,"qualifies_halfhour_weekday":true,"qualifies_halfhour_fullweek":false,"departures_MONDAY":45,"departures_TUESDAY":47,"departures_WEDNESDAY":47,"departures_THURSDAY":47,"departures_FRIDAY":47,"departures_SATURDAY":0,"departures_SUNDAY":0}},{"type":"Feature","geometry":{"type":"Point","coordinates":[3.7308,51.024]},"properties":{"stop_id":"201531","stop_name":"Gent UZ Heymanslaan","qualifies_min1_weekday":true,"qualifies_min1_fullweek":false,"qualifies_min10_weekday":true,"qualifies_min10_fullweek":false,"qualifies_hourly_weekday":true,"qualifies_hourly_fullweek":false,"qualifies_halfhour_weekday":true,"qualifies_halfhour_fullweek":false,"departures_MONDAY":45,"departures_TUESDAY":47,"departures_WEDNESDAY":47,"departures_THURSDAY":47,"departures_FRIDAY":47,"departures_SATURDAY":0,"departures_SUNDAY":0}},{"type":"Feature","geometry":{"type":"Point","coordinates":[3.7372,51.0195]},"properties":{"stop_id":"201532","stop_name":"Gent Proeftuinstraat","qualifies_min1_weekday":true,"qualifies_min1_fullweek":false,"qualifies_min10_weekday":true,"qualifies_min10_fullweek":false,"qualifies_hourly_weekday":true,"qualifies_hourly_fullweek":false,"qualifies_halfhour_weekday":true,"qualifies_halfhour_fullweek":false,"departures_MONDAY":45,"departures_TUESDAY":47,"departures_WEDNESDAY":47,"departures_THURSDAY":47,"departures_FRIDAY":47,"departures_SATURDAY":0,"departures_SUNDAY":0}},{"type":"Feature","geometry":{"type":"Point","coordinates":[3.7104,51.0254]},"properties":{"stop_id":"201537","stop_name":"Gent Sterre (Oudenaardsesteenweg)","qualifies_min1_weekday":true,"qualifies_min1_fullweek":true,"qualifies_min10_weekday":true,"qualifies_min10_fullweek":true,"qualifies_hourly_weekday":true,"qualifies_hourly_fullweek":false,"qualifies_halfhour_weekday":true,"qualifies_halfhour_fullweek":false,"departures_MONDAY":98,"departures_TUESDAY":112,"departures_WEDNESDAY":113,"departures_THURSDAY":112,"departures_FRIDAY":112,"departures_SATURDAY":59,"departures_SUNDAY":38}},{"type":"Feature","geometry":{"type":"Point","coordinates":[3.7093,51.0223]},"properties":{"stop_id":"201538","stop_name":"Gent De Pintelaan","qualifies_min1_weekday":true,"qualifies_min1_fullweek":true,"qualifies_min10_weekday":true,"qualifies_min10_fullweek":true,"qualifies_hourly_weekday":true,"qualifies_hourly_fullweek":false,"qualifies_halfhour_weekday":true,"qualifies_halfhour_fullweek":false,"departures_MONDAY":98,"departures_TUESDAY":112,"departures_WEDNESDAY":113,"departures_THURSDAY":112,"departures_FRIDAY":112,"departures_SATURDAY":59,"departures_SUNDAY":38}},{"type":"Feature","geometry":{"type":"Point","coordinates":[3.7095,51.0191]},"properties":{"stop_id":"201539","stop_name":"Zwijnaarde De Deynestraat","qualifies_min1_weekday":true,"qualifies_min1_fullweek":true,"qualifies_min10_weekday":true,"qualifies_min10_fullweek":true,"qualifies_hourly_weekday":true,"qualifies_hourly_fullweek":false,"qualifies_halfhour_weekday":true,"qualifies_halfhour_fullweek":false,"departures_MONDAY":98,"departures_TUESDAY":112,"departures_WEDNESDAY":113,"departures_THURSDAY":112,"departures_FRIDAY":112,"departures_SATURDAY":59,"departures_SUNDAY":38}},{"type":"Feature","geometry":{"type":"Point","coordinates":[3.7119,51.0069]},"properties":{"stop_id":"201543","stop_name":"Zwijnaarde Campusstraat","qualifies_min1_weekday":true,"qualifies_min1_fullweek":true,"qualifies_min10_weekday":true,"qualifies_min10_fullweek":true,"qualifies_hourly_weekday":true,"qualifies_hourly_fullweek":false,"qualifies_halfhour_weekday":false,"qualifies_halfhour_fullweek":false,"departures_MONDAY":31,"departures_TUESDAY":42,"departures_WEDNESDAY":43,"departures_THURSDAY":42,"departures_FRIDAY":42,"departures_SATURDAY":30,"departures_SUNDAY":14}},{"type":"Feature","geometry":{"type":"Point","coordinates":[3.7298,51.0317]},"properties":{"stop_id":"201548","stop_name":"Gent Zomerstraat","qualifies_min1_weekday":true,"qualifies_min1_fullweek":true,"qualifies_min10_weekday":true,"qualifies_min10_fullweek":true,"qualifies_hourly_weekday":true,"qualifies_hourly_fullweek":true,"qualifies_halfhour_weekday":true,"qualifies_halfhour_fullweek":true,"departures_MONDAY":146,"departures_TUESDAY":179,"departures_WEDNESDAY":177,"departures_THURSDAY":179,"departures_FRIDAY":179,"departures_SATURDAY":90,"departures_SUNDAY":75}},{"type":"Feature","geometry":{"type":"Point","coordinates":[3.7333,51.0644]},"properties":{"stop_id":"201549","stop_name":"Gent Dok-Noord","qualifies_min1_weekday":true,"qualifies_min1_fullweek":true,"qualifies_min10_weekday":true,"qualifies_min10_fullweek":true,"qualifies_hourly_weekday":true,"qualifies_hourly_fullweek":true,"qualifies_halfhour_weekday":true,"qualifies_halfhour_fullweek":true,"departures_MONDAY":48,"departures_TUESDAY":48,"departures_WEDNESDAY":48,"departures_THURSDAY":48,"departures_FRIDAY":48,"departures_SATURDAY":48,"departures_SUNDAY":48}},{"type":"Feature","geometry":{"type":"Point","coordinates":[3.6992,51.053]},"properties":{"stop_id":"201550","stop_name":"Gent Einde Were","qualifies_min1_weekday":true,"qualifies_min1_fullweek":true,"qualifies_min10_weekday":true,"qualifies_min10_fullweek":true,"qualifies_hourly_weekday":true,"qualifies_hourly_fullweek":true,"qualifies_halfhour_weekday":true,"qualifies_halfhour_fullweek":false,"departures_MONDAY":75,"departures_TUESDAY":107,"departures_WEDNESDAY":107,"departures_THURSDAY":107,"departures_FRIDAY":107,"departures_SATURDAY":61,"departures_SUNDAY":60}},{"type":"Feature","geometry":{"type":"Point","coordinates":[3.696,51.0792]},"properties":{"stop_id":"201552","stop_name":"Mariakerke Ruiterlaan","qualifies_min1_weekday":false,"qualifies_min1_fullweek":false,"qualifies_min10_weekday":false,"qualifies_min10_fullweek":false,"qualifies_hourly_weekday":false,"qualifies_hourly_fullweek":false,"qualifies_halfhour_weekday":false,"qualifies_halfhour_fullweek":false,"departures_MONDAY":0,"departures_TUESDAY":0,"departures_WEDNESDAY":0,"departures_THURSDAY":0,"departures_FRIDAY":0,"departures_SATURDAY":0,"departures_SUNDAY":0}},{"type":"Feature","geometry":{"type":"Point","coordinates":[3.6466,51.0215]},"properties":{"stop_id":"201577","stop_name":"Sint-Martens-Latem Mortelputstraat","qualifies_min1_weekday":true,"qualifies_min1_fullweek":false,"qualifies_min10_weekday":false,"qualifies_min10_fullweek":false,"qualifies_hourly_weekday":false,"qualifies_hourly_fullweek":false,"qualifies_halfhour_weekday":false,"qualifies_halfhour_fullweek":false,"departures_MONDAY":7,"departures_TUESDAY":7,"departures_WEDNESDAY":7,"departures_THURSDAY":7,"departures_FRIDAY":7,"departures_SATURDAY":0,"departures_SUNDAY":0}},{"type":"Feature","geometry":{"type":"Point","coordinates":[3.6525,51.0245]},"properties":{"stop_id":"201578","stop_name":"Afsnee Afsneemolenstraat","qualifies_min1_weekday":true,"qualifies_min1_fullweek":false,"qualifies_min10_weekday":false,"qualifies_min10_fullweek":false,"qualifies_hourly_weekday":false,"qualifies_hourly_fullweek":false,"qualifies_halfhour_weekday":false,"qualifies_halfhour_fullweek":false,"departures_MONDAY":7,"departures_TUESDAY":7,"departures_WEDNESDAY":7,"departures_THURSDAY":7,"departures_FRIDAY":7,"departures_SATURDAY":0,"departures_SUNDAY":0}},{"type":"Feature","geometry":{"type":"Point","coordinates":[3.6557,51.0272]},"properties":{"stop_id":"201579","stop_name":"Afsnee Wittepaalstraat","qualifies_min1_weekday":true,"qualifies_min1_fullweek":false,"qualifies_min10_weekday":false,"qualifies_min10_fullweek":false,"qualifies_hourly_weekday":false,"qualifies_hourly_fullweek":false,"qualifies_halfhour_weekday":false,"qualifies_halfhour_fullweek":false,"departures_MONDAY":7,"departures_TUESDAY":7,"departures_WEDNESDAY":7,"departures_THURSDAY":7,"departures_FRIDAY":7,"departures_SATURDAY":0,"departures_SUNDAY":0}},{"type":"Feature","geometry":{"type":"Point","coordinates":[3.6593,51.03]},"properties":{"stop_id":"201580","stop_name":"Afsnee Broekkantstraat","qualifies_min1_weekday":true,"qualifies_min1_fullweek":false,"qualifies_min10_weekday":false,"qualifies_min10_fullweek":false,"qualifies_hourly_weekday":false,"qualifies_hourly_fullweek":false,"qualifies_halfhour_weekday":false,"qualifies_halfhour_fullweek":false,"departures_MONDAY":7,"departures_TUESDAY":7,"departures_WEDNESDAY":7,"departures_THURSDAY":7,"departures_FRIDAY":7,"departures_SATURDAY":0,"departures_SUNDAY":0}},{"type":"Feature","geometry":{"type":"Point","coordinates":[3.667,51.0303]},"properties":{"stop_id":"201581","stop_name":"Afsnee Dorp","qualifies_min1_weekday":true,"qualifies_min1_fullweek":false,"qualifies_min10_weekday":false,"qualifies_min10_fullweek":false,"qualifies_hourly_weekday":false,"qualifies_hourly_fullweek":false,"qualifies_halfhour_weekday":false,"qualifies_halfhour_fullweek":false,"departures_MONDAY":7,"departures_TUESDAY":7,"departures_WEDNESDAY":7,"departures_THURSDAY":7,"departures_FRIDAY":7,"departures_SATURDAY":0,"departures_SUNDAY":0}},{"type":"Feature","geometry":{"type":"Point","coordinates":[3.6694,51.0287]},"properties":{"stop_id":"201582","stop_name":"Sint-Denijs-Westrem Steenaardestraat","qualifies_min1_weekday":true,"qualifies_min1_fullweek":false,"qualifies_min10_weekday":false,"qualifies_min10_fullweek":false,"qualifies_hourly_weekday":false,"qualifies_hourly_fullweek":false,"qualifies_halfhour_weekday":false,"qualifies_halfhour_fullweek":false,"departures_MONDAY":7,"departures_TUESDAY":7,"departures_WEDNESDAY":7,"departures_THURSDAY":7,"departures_FRIDAY":7,"departures_SATURDAY":0,"departures_SUNDAY":0}},{"type":"Feature","geometry":{"type":"Point","coordinates":[3.6813,51.0256]},"properties":{"stop_id":"201584","stop_name":"Sint-Denijs-Westrem Boesbeeklaan","qualifies_min1_weekday":false,"qualifies_min1_fullweek":false,"qualifies_min10_weekday":false,"qualifies_min10_fullweek":false,"qualifies_hourly_weekday":false,"qualifies_hourly_fullweek":false,"qualifies_halfhour_weekday":false,"qualifies_halfhour_fullweek":false,"departures_MONDAY":0,"departures_TUESDAY":0,"departures_WEDNESDAY":0,"departures_THURSDAY":0,"departures_FRIDAY":0,"departures_SATURDAY":0,"departures_SUNDAY":0}},{"type":"Feature","geometry":{"type":"Point","coordinates":[3.6754,51.0201]},"properties":{"stop_id":"201585","stop_name":"Sint-Denijs-Westrem Sint-Rochusplein","qualifies_min1_weekday":false,"qualifies_min1_fullweek":false,"qualifies_min10_weekday":false,"qualifies_min10_fullweek":false,"qualifies_hourly_weekday":false,"qualifies_hourly_fullweek":false,"qualifies_halfhour_weekday":false,"qualifies_halfhour_fullweek":false,"departures_MONDAY":0,"departures_TUESDAY":0,"departures_WEDNESDAY":0,"departures_THURSDAY":0,"departures_FRIDAY":0,"departures_SATURDAY":0,"departures_SUNDAY":0}},{"type":"Feature","geometry":{"type":"Point","coordinates":[3.681,51.0301]},"properties":{"stop_id":"201590","stop_name":"Sint-Denijs-Westrem Stijn Streuvelslaan","qualifies_min1_weekday":true,"qualifies_min1_fullweek":false,"qualifies_min10_weekday":false,"qualifies_min10_fullweek":false,"qualifies_hourly_weekday":false,"qualifies_hourly_fullweek":false,"qualifies_halfhour_weekday":false,"qualifies_halfhour_fullweek":false,"departures_MONDAY":7,"departures_TUESDAY":7,"departures_WEDNESDAY":7,"departures_THURSDAY":7,"departures_FRIDAY":7,"departures_SATURDAY":0,"departures_SUNDAY":0}},{"type":"Feature","geometry":{"type":"Point","coordinates":[3.6889,51.0358]},"properties":{"stop_id":"201592","stop_name":"Gent Dupuislaan","qualifies_min1_weekday":true,"qualifies_min1_fullweek":false,"qualifies_min10_weekday":false,"qualifies_min10_fullweek":false,"qualifies_hourly_weekday":false,"qualifies_hourly_fullweek":false,"qualifies_halfhour_weekday":false,"qualifies_halfhour_fullweek":false,"departures_MONDAY":7,"departures_TUESDAY":7,"departures_WEDNESDAY":7,"departures_THURSDAY":7,"departures_FRIDAY":7,"departures_SATURDAY":0,"departures_SUNDAY":0}},{"type":"Feature","geometry":{"type":"Point","coordinates":[3.6917,51.0354]},"properties":{"stop_id":"201593","stop_name":"Gent Strandloperstraat","qualifies_min1_weekday":true,"qualifies_min1_fullweek":false,"qualifies_min10_weekday":false,"qualifies_min10_fullweek":false,"qualifies_hourly_weekday":false,"qualifies_hourly_fullweek":false,"qualifies_halfhour_weekday":false,"qualifies_halfhour_fullweek":false,"departures_MONDAY":7,"departures_TUESDAY":7,"departures_WEDNESDAY":7,"departures_THURSDAY":7,"departures_FRIDAY":7,"departures_SATURDAY":0,"departures_SUNDAY":0}},{"type":"Feature","geometry":{"type":"Point","coordinates":[3.6957,51.036]},"properties":{"stop_id":"201594","stop_name":"Gent Wiemersdreef","qualifies_min1_weekday":true,"qualifies_min1_fullweek":false,"qualifies_min10_weekday":false,"qualifies_min10_fullweek":false,"qualifies_hourly_weekday":false,"qualifies_hourly_fullweek":false,"qualifies_halfhour_weekday":false,"qualifies_halfhour_fullweek":false,"departures_MONDAY":7,"departures_TUESDAY":7,"departures_WEDNESDAY":7,"departures_THURSDAY":7,"departures_FRIDAY":7,"departures_SATURDAY":0,"departures_SUNDAY":0}},{"type":"Feature","geometry":{"type":"Point","coordinates":[3.7026,51.0365]},"properties":{"stop_id":"201595","stop_name":"Gent Roosakker","qualifies_min1_weekday":true,"qualifies_min1_fullweek":false,"qualifies_min10_weekday":false,"qualifies_min10_fullweek":false,"qualifies_hourly_weekday":false,"qualifies_hourly_fullweek":false,"qualifies_halfhour_weekday":false,"qualifies_halfhour_fullweek":false,"departures_MONDAY":7,"departures_TUESDAY":7,"departures_WEDNESDAY":7,"departures_THURSDAY":7,"departures_FRIDAY":7,"departures_SATURDAY":0,"departures_SUNDAY":0}},{"type":"Feature","geometry":{"type":"Point","coordinates":[3.6986,51.0364]},"properties":{"stop_id":"201598","stop_name":"Gent Polikliniek Sint-Denijslaan","qualifies_min1_weekday":true,"qualifies_min1_fullweek":false,"qualifies_min10_weekday":false,"qualifies_min10_fullweek":false,"qualifies_hourly_weekday":false,"qualifies_hourly_fullweek":false,"qualifies_halfhour_weekday":false,"qualifies_halfhour_fullweek":false,"departures_MONDAY":7,"departures_TUESDAY":7,"departures_WEDNESDAY":7,"departures_THURSDAY":7,"departures_FRIDAY":7,"departures_SATURDAY":0,"departures_SUNDAY":0}},{"type":"Feature","geometry":{"type":"Point","coordinates":[3.7697,51.0195]},"properties":{"stop_id":"201625","stop_name":"Melle Vogelhoekplein","qualifies_min1_weekday":true,"qualifies_min1_fullweek":true,"qualifies_min10_weekday":true,"qualifies_min10_fullweek":true,"qualifies_hourly_weekday":true,"qualifies_hourly_fullweek":true,"qualifies_halfhour_weekday":false,"qualifies_halfhour_fullweek":false,"departures_MONDAY":38,"departures_TUESDAY":57,"departures_WEDNESDAY":56,"departures_THURSDAY":57,"departures_FRIDAY":57,"departures_SATURDAY":31,"departures_SUNDAY":30}},{"type":"Feature","geometry":{"type":"Point","coordinates":[3.7645,51.0196]},"properties":{"stop_id":"201626","stop_name":"Gentbrugge Merelbeke Station","qualifies_min1_weekday":false,"qualifies_min1_fullweek":false,"qualifies_min10_weekday":false,"qualifies_min10_fullweek":false,"qualifies_hourly_weekday":false,"qualifies_hourly_fullweek":false,"qualifies_halfhour_weekday":false,"qualifies_halfhour_fullweek":false,"departures_MONDAY":0,"departures_TUESDAY":4,"departures_WEDNESDAY":5,"departures_THURSDAY":4,"departures_FRIDAY":4,"departures_SATURDAY":0,"departures_SUNDAY":0}},{"type":"Feature","geometry":{"type":"Point","coordinates":[3.6776,51.0197]},"properties":{"stop_id":"201649","stop_name":"Sint-Denijs-Westrem Station","qualifies_min1_weekday":false,"qualifies_min1_fullweek":false,"qualifies_min10_weekday":false,"qualifies_min10_fullweek":false,"qualifies_hourly_weekday":false,"qualifies_hourly_fullweek":false,"qualifies_halfhour_weekday":false,"qualifies_halfhour_fullweek":false,"departures_MONDAY":0,"departures_TUESDAY":0,"departures_WEDNESDAY":0,"departures_THURSDAY":0,"departures_FRIDAY":0,"departures_SATURDAY":0,"departures_SUNDAY":0}},{"type":"Feature","geometry":{"type":"Point","coordinates":[3.6852,51.0498]},"properties":{"stop_id":"201650","stop_name":"Gent Topsporthal Vlaanderen","qualifies_min1_weekday":true,"qualifies_min1_fullweek":true,"qualifies_min10_weekday":true,"qualifies_min10_fullweek":true,"qualifies_hourly_weekday":true,"qualifies_hourly_fullweek":true,"qualifies_halfhour_weekday":true,"qualifies_halfhour_fullweek":true,"departures_MONDAY":133,"departures_TUESDAY":146,"departures_WEDNESDAY":146,"departures_THURSDAY":146,"departures_FRIDAY":146,"departures_SATURDAY":84,"departures_SUNDAY":66}},{"type":"Feature","geometry":{"type":"Point","coordinates":[3.7047,51.0121]},"properties":{"stop_id":"201657","stop_name":"Zwijnaarde Bollebergen","qualifies_min1_weekday":true,"qualifies_min1_fullweek":true,"qualifies_min10_weekday":true,"qualifies_min10_fullweek":true,"qualifies_hourly_weekday":true,"qualifies_hourly_fullweek":false,"qualifies_halfhour_weekday":true,"qualifies_halfhour_fullweek":false,"departures_MONDAY":98,"departures_TUESDAY":112,"departures_WEDNESDAY":113,"departures_THURSDAY":112,"departures_FRIDAY":112,"departures_SATURDAY":71,"departures_SUNDAY":49}},{"type":"Feature","geometry":{"type":"Point","coordinates":[3.7038,51.0099]},"properties":{"stop_id":"201658","stop_name":"Zwijnaarde Tramstraat","qualifies_min1_weekday":true,"qualifies_min1_fullweek":true,"qualifies_min10_weekday":true,"qualifies_min10_fullweek":true,"qualifies_hourly_weekday":true,"qualifies_hourly_fullweek":false,"qualifies_halfhour_weekday":false,"qualifies_halfhour_fullweek":false,"departures_MONDAY":31,"departures_TUESDAY":42,"departures_WEDNESDAY":43,"departures_THURSDAY":42,"departures_FRIDAY":42,"departures_SATURDAY":30,"departures_SUNDAY":14}},{"type":"Feature","geometry":{"type":"Point","coordinates":[3.7078,51.0084]},"properties":{"stop_id":"201659","stop_name":"Zwijnaarde Technologiepark (Tramstraat)","qualifies_min1_weekday":true,"qualifies_min1_fullweek":true,"qualifies_min10_weekday":true,"qualifies_min10_fullweek":true,"qualifies_hourly_weekday":true,"qualifies_hourly_fullweek":false,"qualifies_halfhour_weekday":false,"qualifies_halfhour_fullweek":false,"departures_MONDAY":31,"departures_TUESDAY":42,"departures_WEDNESDAY":43,"departures_THURSDAY":42,"departures_FRIDAY":42,"departures_SATURDAY":30,"departures_SUNDAY":14}},{"type":"Feature","geometry":{"type":"Point","coordinates":[3.7692,51.0946]},"properties":{"stop_id":"201701","stop_name":"Oostakker Meerhoutstraat","qualifies_min1_weekday":false,"qualifies_min1_fullweek":false,"qualifies_min10_weekday":false,"qualifies_min10_fullweek":false,"qualifies_hourly_weekday":false,"qualifies_hourly_fullweek":false,"qualifies_halfhour_weekday":false,"qualifies_halfhour_fullweek":false,"departures_MONDAY":0,"departures_TUESDAY":9,"departures_WEDNESDAY":8,"departures_THURSDAY":9,"departures_FRIDAY":9,"departures_SATURDAY":0,"departures_SUNDAY":0}},{"type":"Feature","geometry":{"type":"Point","coordinates":[3.7656,51.1039]},"properties":{"stop_id":"201703","stop_name":"Oostakker Ons Tehuis","qualifies_min1_weekday":false,"qualifies_min1_fullweek":false,"qualifies_min10_weekday":false,"qualifies_min10_fullweek":false,"qualifies_hourly_weekday":false,"qualifies_hourly_fullweek":false,"qualifies_halfhour_weekday":false,"qualifies_halfhour_fullweek":false,"departures_MONDAY":0,"departures_TUESDAY":0,"departures_WEDNESDAY":0,"departures_THURSDAY":0,"departures_FRIDAY":0,"departures_SATURDAY":0,"departures_SUNDAY":0}},{"type":"Feature","geometry":{"type":"Point","coordinates":[3.6882,51.0143]},"properties":{"stop_id":"201729","stop_name":"Gent Rijvisschepark","qualifies_min1_weekday":false,"qualifies_min1_fullweek":false,"qualifies_min10_weekday":false,"qualifies_min10_fullweek":false,"qualifies_hourly_weekday":false,"qualifies_hourly_fullweek":false,"qualifies_halfhour_weekday":false,"qualifies_halfhour_fullweek":false,"departures_MONDAY":0,"departures_TUESDAY":0,"departures_WEDNESDAY":0,"departures_THURSDAY":0,"departures_FRIDAY":0,"departures_SATURDAY":0,"departures_SUNDAY":0}},{"type":"Feature","geometry":{"type":"Point","coordinates":[3.6579,51.0189]},"properties":{"stop_id":"201730","stop_name":"Sint-Denijs-Westrem Kasteel Borluut","qualifies_min1_weekday":false,"qualifies_min1_fullweek":false,"qualifies_min10_weekday":false,"qualifies_min10_fullweek":false,"qualifies_hourly_weekday":false,"qualifies_hourly_fullweek":false,"qualifies_halfhour_weekday":false,"qualifies_halfhour_fullweek":false,"departures_MONDAY":0,"departures_TUESDAY":0,"departures_WEDNESDAY":0,"departures_THURSDAY":0,"departures_FRIDAY":0,"departures_SATURDAY":0,"departures_SUNDAY":0}},{"type":"Feature","geometry":{"type":"Point","coordinates":[3.652,51.0403]},"properties":{"stop_id":"201732","stop_name":"Afsnee Goedingenstraat","qualifies_min1_weekday":false,"qualifies_min1_fullweek":false,"qualifies_min10_weekday":false,"qualifies_min10_fullweek":false,"qualifies_hourly_weekday":false,"qualifies_hourly_fullweek":false,"qualifies_halfhour_weekday":false,"qualifies_halfhour_fullweek":false,"departures_MONDAY":0,"departures_TUESDAY":0,"departures_WEDNESDAY":0,"departures_THURSDAY":0,"departures_FRIDAY":0,"departures_SATURDAY":0,"departures_SUNDAY":0}},{"type":"Feature","geometry":{"type":"Point","coordinates":[3.6659,51.0345]},"properties":{"stop_id":"201733","stop_name":"Afsnee Afsneekouter","qualifies_min1_weekday":false,"qualifies_min1_fullweek":false,"qualifies_min10_weekday":false,"qualifies_min10_fullweek":false,"qualifies_hourly_weekday":false,"qualifies_hourly_fullweek":false,"qualifies_halfhour_weekday":false,"qualifies_halfhour_fullweek":false,"departures_MONDAY":0,"departures_TUESDAY":0,"departures_WEDNESDAY":0,"departures_THURSDAY":0,"departures_FRIDAY":0,"departures_SATURDAY":0,"departures_SUNDAY":0}},{"type":"Feature","geometry":{"type":"Point","coordinates":[3.6179,51.0525]},"properties":{"stop_id":"201735","stop_name":"Drongen Halewijnstraat","qualifies_min1_weekday":false,"qualifies_min1_fullweek":false,"qualifies_min10_weekday":false,"qualifies_min10_fullweek":false,"qualifies_hourly_weekday":false,"qualifies_hourly_fullweek":false,"qualifies_halfhour_weekday":false,"qualifies_halfhour_fullweek":false,"departures_MONDAY":0,"departures_TUESDAY":0,"departures_WEDNESDAY":0,"departures_THURSDAY":0,"departures_FRIDAY":0,"departures_SATURDAY":0,"departures_SUNDAY":0}},{"type":"Feature","geometry":{"type":"Point","coordinates":[3.7568,51.0383]},"properties":{"stop_id":"201887","stop_name":"Gentbrugge Station","qualifies_min1_weekday":false,"qualifies_min1_fullweek":false,"qualifies_min10_weekday":false,"qualifies_min10_fullweek":false,"qualifies_hourly_weekday":false,"qualifies_hourly_fullweek":false,"qualifies_halfhour_weekday":false,"qualifies_halfhour_fullweek":false,"departures_MONDAY":0,"departures_TUESDAY":0,"departures_WEDNESDAY":0,"departures_THURSDAY":0,"departures_FRIDAY":0,"departures_SATURDAY":0,"departures_SUNDAY":0}},{"type":"Feature","geometry":{"type":"Point","coordinates":[3.7722,51.0353]},"properties":{"stop_id":"201891","stop_name":"Gentbrugge Ooievaarsnest","qualifies_min1_weekday":false,"qualifies_min1_fullweek":false,"qualifies_min10_weekday":false,"qualifies_min10_fullweek":false,"qualifies_hourly_weekday":false,"qualifies_hourly_fullweek":false,"qualifies_halfhour_weekday":false,"qualifies_halfhour_fullweek":false,"departures_MONDAY":0,"departures_TUESDAY":0,"departures_WEDNESDAY":0,"departures_THURSDAY":0,"departures_FRIDAY":0,"departures_SATURDAY":0,"departures_SUNDAY":0}},{"type":"Feature","geometry":{"type":"Point","coordinates":[3.7731,51.0273]},"properties":{"stop_id":"201892","stop_name":"Gentbrugge Mpi Gebroeders Van Liefde","qualifies_min1_weekday":false,"qualifies_min1_fullweek":false,"qualifies_min10_weekday":false,"qualifies_min10_fullweek":false,"qualifies_hourly_weekday":false,"qualifies_hourly_fullweek":false,"qualifies_halfhour_weekday":false,"qualifies_halfhour_fullweek":false,"departures_MONDAY":0,"departures_TUESDAY":0,"departures_WEDNESDAY":0,"departures_THURSDAY":0,"departures_FRIDAY":0,"departures_SATURDAY":0,"departures_SUNDAY":0}},{"type":"Feature","geometry":{"type":"Point","coordinates":[3.7741,51.0316]},"properties":{"stop_id":"201893","stop_name":"Gentbrugge Houw","qualifies_min1_weekday":false,"qualifies_min1_fullweek":false,"qualifies_min10_weekday":false,"qualifies_min10_fullweek":false,"qualifies_hourly_weekday":false,"qualifies_hourly_fullweek":false,"qualifies_halfhour_weekday":false,"qualifies_halfhour_fullweek":false,"departures_MONDAY":0,"departures_TUESDAY":0,"departures_WEDNESDAY":0,"departures_THURSDAY":0,"departures_FRIDAY":0,"departures_SATURDAY":0,"departures_SUNDAY":0}},{"type":"Feature","geometry":{"type":"Point","coordinates":[3.7562,51.0261]},"properties":{"stop_id":"201894","stop_name":"Gentbrugge Tuinwijk ter Heide","qualifies_min1_weekday":false,"qualifies_min1_fullweek":false,"qualifies_min10_weekday":false,"qualifies_min10_fullweek":false,"qualifies_hourly_weekday":false,"qualifies_hourly_fullweek":false,"qualifies_halfhour_weekday":false,"qualifies_halfhour_fullweek":false,"departures_MONDAY":0,"departures_TUESDAY":0,"departures_WEDNESDAY":0,"departures_THURSDAY":0,"departures_FRIDAY":0,"departures_SATURDAY":0,"departures_SUNDAY":0}},{"type":"Feature","geometry":{"type":"Point","coordinates":[3.6679,51.0776]},"properties":{"stop_id":"201899","stop_name":"Mariakerke Rodonkstraat","qualifies_min1_weekday":false,"qualifies_min1_fullweek":false,"qualifies_min10_weekday":false,"qualifies_min10_fullweek":false,"qualifies_hourly_weekday":false,"qualifies_hourly_fullweek":false,"qualifies_halfhour_weekday":false,"qualifies_halfhour_fullweek":false,"departures_MONDAY":0,"departures_TUESDAY":0,"departures_WEDNESDAY":0,"departures_THURSDAY":0,"departures_FRIDAY":0,"departures_SATURDAY":0,"departures_SUNDAY":0}},{"type":"Feature","geometry":{"type":"Point","coordinates":[3.7264,51.0368]},"properties":{"stop_id":"201984","stop_name":"Gent Ottergemsesteenweg","qualifies_min1_weekday":true,"qualifies_min1_fullweek":true,"qualifies_min10_weekday":true,"qualifies_min10_fullweek":true,"qualifies_hourly_weekday":true,"qualifies_hourly_fullweek":true,"qualifies_halfhour_weekday":true,"qualifies_halfhour_fullweek":true,"departures_MONDAY":93,"departures_TUESDAY":120,"departures_WEDNESDAY":120,"departures_THURSDAY":120,"departures_FRIDAY":120,"departures_SATURDAY":90,"departures_SUNDAY":62}},{"type":"Feature","geometry":{"type":"Point","coordinates":[3.7334,51.0594]},"properties":{"stop_id":"201985","stop_name":"Gent Blekerijstraat","qualifies_min1_weekday":true,"qualifies_min1_fullweek":true,"qualifies_min10_weekday":true,"qualifies_min10_fullweek":true,"qualifies_hourly_weekday":true,"qualifies_hourly_fullweek":true,"qualifies_halfhour_weekday":true,"qualifies_halfhour_fullweek":true,"departures_MONDAY":48,"departures_TUESDAY":48,"departures_WEDNESDAY":48,"departures_THURSDAY":48,"departures_FRIDAY":48,"departures_SATURDAY":48,"departures_SUNDAY":48}},{"type":"Feature","geometry":{"type":"Point","coordinates":[3.7297,51.0385]},"properties":{"stop_id":"202002","stop_name":"Gent Terplatenbrug","qualifies_min1_weekday":true,"qualifies_min1_fullweek":true,"qualifies_min10_weekday":true,"qualifies_min10_fullweek":true,"qualifies_hourly_weekday":true,"qualifies_hourly_fullweek":false,"qualifies_halfhour_weekday":false,"qualifies_halfhour_fullweek":false,"departures_MONDAY":35,"departures_TUESDAY":39,"departures_WEDNESDAY":39,"departures_THURSDAY":39,"departures_FRIDAY":39,"departures_SATURDAY":32,"departures_SUNDAY":17}},{"type":"Feature","geometry":{"type":"Point","coordinates":[3.7246,51.062]},"properties":{"stop_id":"202005","stop_name":"Gent AZ Sint-Lucas (Fratersplein)","qualifies_min1_weekday":true,"qualifies_min1_fullweek":true,"qualifies_min10_weekday":true,"qualifies_min10_fullweek":true,"qualifies_hourly_weekday":true,"qualifies_hourly_fullweek":true,"qualifies_halfhour_weekday":true,"qualifies_halfhour_fullweek":true,"departures_MONDAY":260,"departures_TUESDAY":316,"departures_WEDNESDAY":317,"departures_THURSDAY":316,"departures_FRIDAY":316,"departures_SATURDAY":267,"departures_SUNDAY":228}},{"type":"Feature","geometry":{"type":"Point","coordinates":[3.7271,51.0666]},"properties":{"stop_id":"202006","stop_name":"Gent Tolpoort (Tolhuislaan)","qualifies_min1_weekday":true,"qualifies_min1_fullweek":true,"qualifies_min10_weekday":true,"qualifies_min10_fullweek":true,"qualifies_hourly_weekday":true,"qualifies_hourly_fullweek":true,"qualifies_halfhour_weekday":true,"qualifies_halfhour_fullweek":true,"departures_MONDAY":308,"departures_TUESDAY":364,"departures_WEDNESDAY":365,"departures_THURSDAY":364,"departures_FRIDAY":364,"departures_SATURDAY":315,"departures_SUNDAY":276}},{"type":"Feature","geometry":{"type":"Point","coordinates":[3.715,51.096]},"properties":{"stop_id":"202013","stop_name":"Wondelgem Kwikstaartlaan","qualifies_min1_weekday":true,"qualifies_min1_fullweek":true,"qualifies_min10_weekday":true,"qualifies_min10_fullweek":true,"qualifies_hourly_weekday":true,"qualifies_hourly_fullweek":true,"qualifies_halfhour_weekday":true,"qualifies_halfhour_fullweek":true,"departures_MONDAY":105,"departures_TUESDAY":132,"departures_WEDNESDAY":132,"departures_THURSDAY":132,"departures_FRIDAY":132,"departures_SATURDAY":117,"departures_SUNDAY":116}},{"type":"Feature","geometry":{"type":"Point","coordinates":[3.7124,51.0985]},"properties":{"stop_id":"202014","stop_name":"Wondelgem Liefkensstraat","qualifies_min1_weekday":true,"qualifies_min1_fullweek":true,"qualifies_min10_weekday":true,"qualifies_min10_fullweek":true,"qualifies_hourly_weekday":true,"qualifies_hourly_fullweek":true,"qualifies_halfhour_weekday":true,"qualifies_halfhour_fullweek":true,"departures_MONDAY":105,"departures_TUESDAY":132,"departures_WEDNESDAY":132,"departures_THURSDAY":132,"departures_FRIDAY":132,"departures_SATURDAY":117,"departures_SUNDAY":116}},{"type":"Feature","geometry":{"type":"Point","coordinates":[3.7131,51.1015]},"properties":{"stop_id":"202015","stop_name":"Wondelgem Waalbrugstraat","qualifies_min1_weekday":false,"qualifies_min1_fullweek":false,"qualifies_min10_weekday":false,"qualifies_min10_fullweek":false,"qualifies_hourly_weekday":false,"qualifies_hourly_fullweek":false,"qualifies_halfhour_weekday":false,"qualifies_halfhour_fullweek":false,"departures_MONDAY":0,"departures_TUESDAY":9,"departures_WEDNESDAY":10,"departures_THURSDAY":9,"departures_FRIDAY":9,"departures_SATURDAY":0,"departures_SUNDAY":0}},{"type":"Feature","geometry":{"type":"Point","coordinates":[3.6788,51.1312]},"properties":{"stop_id":"202024","stop_name":"Sleidinge Dorp","qualifies_min1_weekday":true,"qualifies_min1_fullweek":true,"qualifies_min10_weekday":true,"qualifies_min10_fullweek":true,"qualifies_hourly_weekday":true,"qualifies_hourly_fullweek":true,"qualifies_halfhour_weekday":true,"qualifies_halfhour_fullweek":true,"departures_MONDAY":72,"departures_TUESDAY":77,"departures_WEDNESDAY":77,"departures_THURSDAY":77,"departures_FRIDAY":77,"departures_SATURDAY":66,"departures_SUNDAY":46}},{"type":"Feature","geometry":{"type":"Point","coordinates":[3.8477,51.169]},"properties":{"stop_id":"202128","stop_name":"Wachtebeke Groenstraat","qualifies_min1_weekday":true,"qualifies_min1_fullweek":true,"qualifies_min10_weekday":true,"qualifies_min10_fullweek":true,"qualifies_hourly_weekday":true,"qualifies_hourly_fullweek":true,"qualifies_halfhour_weekday":false,"qualifies_halfhour_fullweek":false,"departures_MONDAY":21,"departures_TUESDAY":21,"departures_WEDNESDAY":21,"departures_THURSDAY":21,"departures_FRIDAY":21,"departures_SATURDAY":18,"departures_SUNDAY":15}},{"type":"Feature","geometry":{"type":"Point","coordinates":[3.7392,51.0416]},"properties":{"stop_id":"202132","stop_name":"Gent Keizerpoort (Keizervest)","qualifies_min1_weekday":true,"qualifies_min1_fullweek":true,"qualifies_min10_weekday":true,"qualifies_min10_fullweek":true,"qualifies_hourly_weekday":true,"qualifies_hourly_fullweek":true,"qualifies_halfhour_weekday":false,"qualifies_halfhour_fullweek":false,"departures_MONDAY":35,"departures_TUESDAY":39,"departures_WEDNESDAY":39,"departures_THURSDAY":39,"departures_FRIDAY":39,"departures_SATURDAY":32,"departures_SUNDAY":17}},{"type":"Feature","geometry":{"type":"Point","coordinates":[3.7447,51.0462]},"properties":{"stop_id":"202133","stop_name":"Gent Vlaamsekaai","qualifies_min1_weekday":true,"qualifies_min1_fullweek":true,"qualifies_min10_weekday":true,"qualifies_min10_fullweek":true,"qualifies_hourly_weekday":true,"qualifies_hourly_fullweek":true,"qualifies_halfhour_weekday":false,"qualifies_halfhour_fullweek":false,"departures_MONDAY":35,"departures_TUESDAY":39,"departures_WEDNESDAY":39,"departures_THURSDAY":39,"departures_FRIDAY":39,"departures_SATURDAY":32,"departures_SUNDAY":17}},{"type":"Feature","geometry":{"type":"Point","coordinates":[3.744,51.049]},"properties":{"stop_id":"202134","stop_name":"Gent Forelstraat","qualifies_min1_weekday":true,"qualifies_min1_fullweek":true,"qualifies_min10_weekday":true,"qualifies_min10_fullweek":true,"qualifies_hourly_weekday":true,"qualifies_hourly_fullweek":true,"qualifies_halfhour_weekday":false,"qualifies_halfhour_fullweek":false,"departures_MONDAY":35,"departures_TUESDAY":39,"departures_WEDNESDAY":39,"departures_THURSDAY":39,"departures_FRIDAY":39,"departures_SATURDAY":32,"departures_SUNDAY":17}},{"type":"Feature","geometry":{"type":"Point","coordinates":[3.787,51.0806]},"properties":{"stop_id":"202142","stop_name":"Oostakker Teirlinckstraat","qualifies_min1_weekday":true,"qualifies_min1_fullweek":true,"qualifies_min10_weekday":true,"qualifies_min10_fullweek":true,"qualifies_hourly_weekday":true,"qualifies_hourly_fullweek":true,"qualifies_halfhour_weekday":true,"qualifies_halfhour_fullweek":true,"departures_MONDAY":68,"departures_TUESDAY":72,"departures_WEDNESDAY":73,"departures_THURSDAY":72,"departures_FRIDAY":72,"departures_SATURDAY":65,"departures_SUNDAY":58}},{"type":"Feature","geometry":{"type":"Point","coordinates":[3.7925,51.0831]},"properties":{"stop_id":"202143","stop_name":"Oostakker Eisenhowerlaan","qualifies_min1_weekday":true,"qualifies_min1_fullweek":true,"qualifies_min10_weekday":true,"qualifies_min10_fullweek":true,"qualifies_hourly_weekday":true,"qualifies_hourly_fullweek":true,"qualifies_halfhour_weekday":true,"qualifies_halfhour_fullweek":true,"departures_MONDAY":68,"departures_TUESDAY":72,"departures_WEDNESDAY":73,"departures_THURSDAY":72,"departures_FRIDAY":72,"departures_SATURDAY":65,"departures_SUNDAY":58}},{"type":"Feature","geometry":{"type":"Point","coordinates":[3.8,51.0857]},"properties":{"stop_id":"202144","stop_name":"Lochristi Sparrenlaan","qualifies_min1_weekday":true,"qualifies_min1_fullweek":true,"qualifies_min10_weekday":true,"qualifies_min10_fullweek":true,"qualifies_hourly_weekday":true,"qualifies_hourly_fullweek":true,"qualifies_halfhour_weekday":true,"qualifies_halfhour_fullweek":true,"departures_MONDAY":68,"departures_TUESDAY":72,"departures_WEDNESDAY":73,"departures_THURSDAY":72,"departures_FRIDAY":72,"departures_SATURDAY":65,"departures_SUNDAY":58}},{"type":"Feature","geometry":{"type":"Point","coordinates":[3.8079,51.0885]},"properties":{"stop_id":"202145","stop_name":"Lochristi Doornikstraat","qualifies_min1_weekday":true,"qualifies_min1_fullweek":true,"qualifies_min10_weekday":true,"qualifies_min10_fullweek":true,"qualifies_hourly_weekday":true,"qualifies_hourly_fullweek":true,"qualifies_halfhour_weekday":true,"qualifies_halfhour_fullweek":true,"departures_MONDAY":68,"departures_TUESDAY":72,"departures_WEDNESDAY":73,"departures_THURSDAY":72,"departures_FRIDAY":72,"departures_SATURDAY":65,"departures_SUNDAY":58}},{"type":"Feature","geometry":{"type":"Point","coordinates":[3.8286,51.0953]},"properties":{"stop_id":"202149","stop_name":"Lochristi Schoolstraat","qualifies_min1_weekday":true,"qualifies_min1_fullweek":true,"qualifies_min10_weekday":true,"qualifies_min10_fullweek":true,"qualifies_hourly_weekday":true,"qualifies_hourly_fullweek":true,"qualifies_halfhour_weekday":true,"qualifies_halfhour_fullweek":true,"departures_MONDAY":68,"departures_TUESDAY":72,"departures_WEDNESDAY":73,"departures_THURSDAY":72,"departures_FRIDAY":72,"departures_SATURDAY":65,"departures_SUNDAY":58}},{"type":"Feature","geometry":{"type":"Point","coordinates":[3.8348,51.0968]},"properties":{"stop_id":"202150","stop_name":"Lochristi Kerk","qualifies_min1_weekday":true,"qualifies_min1_fullweek":true,"qualifies_min10_weekday":true,"qualifies_min10_fullweek":true,"qualifies_hourly_weekday":true,"qualifies_hourly_fullweek":true,"qualifies_halfhour_weekday":true,"qualifies_halfhour_fullweek":true,"departures_MONDAY":69,"departures_TUESDAY":73,"departures_WEDNESDAY":74,"departures_THURSDAY":73,"departures_FRIDAY":73,"departures_SATURDAY":65,"departures_SUNDAY":58}},{"type":"Feature","geometry":{"type":"Point","coordinates":[3.6519,51.0148]},"properties":{"stop_id":"202192","stop_name":"Sint-Denijs-Westrem Rosdamstraat","qualifies_min1_weekday":true,"qualifies_min1_fullweek":true,"qualifies_min10_weekday":true,"qualifies_min10_fullweek":true,"qualifies_hourly_weekday":true,"qualifies_hourly_fullweek":false,"qualifies_halfhour_weekday":false,"qualifies_halfhour_fullweek":false,"departures_MONDAY":33,"departures_TUESDAY":33,"departures_WEDNESDAY":33,"departures_THURSDAY":33,"departures_FRIDAY":33,"departures_SATURDAY":30,"departures_SUNDAY":15}},{"type":"Feature","geometry":{"type":"Point","coordinates":[3.644,51.0131]},"properties":{"stop_id":"202193","stop_name":"Sint-Martens-Latem Maenhoutstraat","qualifies_min1_weekday":true,"qualifies_min1_fullweek":true,"qualifies_min10_weekday":true,"qualifies_min10_fullweek":true,"qualifies_hourly_weekday":true,"qualifies_hourly_fullweek":false,"qualifies_halfhour_weekday":false,"qualifies_halfhour_fullweek":false,"departures_MONDAY":33,"departures_TUESDAY":33,"departures_WEDNESDAY":33,"departures_THURSDAY":33,"departures_FRIDAY":33,"departures_SATURDAY":30,"departures_SUNDAY":15}},{"type":"Feature","geometry":{"type":"Point","coordinates":[3.7611,51.177]},"properties":{"stop_id":"202298","stop_name":"Ertvelde Rieme Kievitstraat","qualifies_min1_weekday":true,"qualifies_min1_fullweek":true,"qualifies_min10_weekday":true,"qualifies_min10_fullweek":true,"qualifies_hourly_weekday":false,"qualifies_hourly_fullweek":false,"qualifies_halfhour_weekday":false,"qualifies_halfhour_fullweek":false,"departures_MONDAY":34,"departures_TUESDAY":43,"departures_WEDNESDAY":44,"departures_THURSDAY":43,"departures_FRIDAY":43,"departures_SATURDAY":28,"departures_SUNDAY":16}},{"type":"Feature","geometry":{"type":"Point","coordinates":[3.7766,51.174]},"properties":{"stop_id":"202327","stop_name":"Ertvelde Rieme Overweg","qualifies_min1_weekday":true,"qualifies_min1_fullweek":true,"qualifies_min10_weekday":true,"qualifies_min10_fullweek":true,"qualifies_hourly_weekday":false,"qualifies_hourly_fullweek":false,"qualifies_halfhour_weekday":false,"qualifies_halfhour_fullweek":false,"departures_MONDAY":34,"departures_TUESDAY":43,"departures_WEDNESDAY":44,"departures_THURSDAY":43,"departures_FRIDAY":43,"departures_SATURDAY":28,"departures_SUNDAY":16}},{"type":"Feature","geometry":{"type":"Point","coordinates":[3.6912,51.0713]},"properties":{"stop_id":"202358","stop_name":"Mariakerke Vaartstraat","qualifies_min1_weekday":true,"qualifies_min1_fullweek":true,"qualifies_min10_weekday":true,"qualifies_min10_fullweek":true,"qualifies_hourly_weekday":true,"qualifies_hourly_fullweek":true,"qualifies_halfhour_weekday":false,"qualifies_halfhour_fullweek":false,"departures_MONDAY":31,"departures_TUESDAY":35,"departures_WEDNESDAY":36,"departures_THURSDAY":35,"departures_FRIDAY":35,"departures_SATURDAY":17,"departures_SUNDAY":16}},{"type":"Feature","geometry":{"type":"Point","coordinates":[3.6863,51.0737]},"properties":{"stop_id":"202359","stop_name":"Mariakerke Mazestraat","qualifies_min1_weekday":true,"qualifies_min1_fullweek":true,"qualifies_min10_weekday":true,"qualifies_min10_fullweek":true,"qualifies_hourly_weekday":true,"qualifies_hourly_fullweek":true,"qualifies_halfhour_weekday":false,"qualifies_halfhour_fullweek":false,"departures_MONDAY":31,"departures_TUESDAY":35,"departures_WEDNESDAY":36,"departures_THURSDAY":35,"departures_FRIDAY":35,"departures_SATURDAY":17,"departures_SUNDAY":16}},{"type":"Feature","geometry":{"type":"Point","coordinates":[3.6772,51.0783]},"properties":{"stop_id":"202360","stop_name":"Mariakerke Groenestaakstraat","qualifies_min1_weekday":true,"qualifies_min1_fullweek":true,"qualifies_min10_weekday":true,"qualifies_min10_fullweek":true,"qualifies_hourly_weekday":true,"qualifies_hourly_fullweek":true,"qualifies_halfhour_weekday":false,"qualifies_halfhour_fullweek":false,"departures_MONDAY":31,"departures_TUESDAY":35,"departures_WEDNESDAY":36,"departures_THURSDAY":35,"departures_FRIDAY":35,"departures_SATURDAY":17,"departures_SUNDAY":16}},{"type":"Feature","geometry":{"type":"Point","coordinates":[3.6706,51.0869]},"properties":{"stop_id":"202361","stop_name":"Mariakerke VISO AHS","qualifies_min1_weekday":false,"qualifies_min1_fullweek":false,"qualifies_min10_weekday":false,"qualifies_min10_fullweek":false,"qualifies_hourly_weekday":false,"qualifies_hourly_fullweek":false,"qualifies_halfhour_weekday":false,"qualifies_halfhour_fullweek":false,"departures_MONDAY":0,"departures_TUESDAY":15,"departures_WEDNESDAY":18,"departures_THURSDAY":15,"departures_FRIDAY":15,"departures_SATURDAY":0,"departures_SUNDAY":0}},{"type":"Feature","geometry":{"type":"Point","coordinates":[3.6634,51.0853]},"properties":{"stop_id":"202362","stop_name":"Mariakerke Industrieweg","qualifies_min1_weekday":true,"qualifies_min1_fullweek":true,"qualifies_min10_weekday":true,"qualifies_min10_fullweek":true,"qualifies_hourly_weekday":true,"qualifies_hourly_fullweek":true,"qualifies_halfhour_weekday":false,"qualifies_halfhour_fullweek":false,"departures_MONDAY":31,"departures_TUESDAY":33,"departures_WEDNESDAY":33,"departures_THURSDAY":33,"departures_FRIDAY":33,"departures_SATURDAY":17,"departures_SUNDAY":16}},{"type":"Feature","geometry":{"type":"Point","coordinates":[3.7708,51.0993]},"properties":{"stop_id":"202397","stop_name":"Oostakker Wulverdam","qualifies_min1_weekday":true,"qualifies_min1_fullweek":true,"qualifies_min10_weekday":true,"qualifies_min10_fullweek":true,"qualifies_hourly_weekday":true,"qualifies_hourly_fullweek":true,"qualifies_halfhour_weekday":true,"qualifies_halfhour_fullweek":false,"departures_MONDAY":98,"departures_TUESDAY":106,"departures_WEDNESDAY":105,"departures_THURSDAY":106,"departures_FRIDAY":106,"departures_SATURDAY":91,"departures_SUNDAY":85}},{"type":"Feature","geometry":{"type":"Point","coordinates":[3.7276,51.0957]},"properties":{"stop_id":"202406","stop_name":"Gent Taminco","qualifies_min1_weekday":true,"qualifies_min1_fullweek":true,"qualifies_min10_weekday":true,"qualifies_min10_fullweek":true,"qualifies_hourly_weekday":true,"qualifies_hourly_fullweek":true,"qualifies_halfhour_weekday":false,"qualifies_halfhour_fullweek":false,"departures_MONDAY":34,"departures_TUESDAY":42,"departures_WEDNESDAY":42,"departures_THURSDAY":42,"departures_FRIDAY":42,"departures_SATURDAY":28,"departures_SUNDAY":16}},{"type":"Feature","geometry":{"type":"Point","coordinates":[3.7291,51.0995]},"properties":{"stop_id":"202407","stop_name":"Gent Passagierstraat","qualifies_min1_weekday":true,"qualifies_min1_fullweek":true,"qualifies_min10_weekday":true,"qualifies_min10_fullweek":true,"qualifies_hourly_weekday":true,"qualifies_hourly_fullweek":true,"qualifies_halfhour_weekday":false,"qualifies_halfhour_fullweek":false,"departures_MONDAY":34,"departures_TUESDAY":42,"departures_WEDNESDAY":42,"departures_THURSDAY":42,"departures_FRIDAY":42,"departures_SATURDAY":28,"departures_SUNDAY":16}},{"type":"Feature","geometry":{"type":"Point","coordinates":[3.762,51.1263]},"properties":{"stop_id":"202413","stop_name":"Gent Grachtstraat","qualifies_min1_weekday":false,"qualifies_min1_fullweek":false,"qualifies_min10_weekday":false,"qualifies_min10_fullweek":false,"qualifies_hourly_weekday":false,"qualifies_hourly_fullweek":false,"qualifies_halfhour_weekday":false,"qualifies_halfhour_fullweek":false,"departures_MONDAY":0,"departures_TUESDAY":0,"departures_WEDNESDAY":0,"departures_THURSDAY":0,"departures_FRIDAY":0,"departures_SATURDAY":0,"departures_SUNDAY":0}},{"type":"Feature","geometry":{"type":"Point","coordinates":[3.766,51.1296]},"properties":{"stop_id":"202414","stop_name":"Gent Anglo Belge","qualifies_min1_weekday":false,"qualifies_min1_fullweek":false,"qualifies_min10_weekday":false,"qualifies_min10_fullweek":false,"qualifies_hourly_weekday":false,"qualifies_hourly_fullweek":false,"qualifies_halfhour_weekday":false,"qualifies_halfhour_fullweek":false,"departures_MONDAY":0,"departures_TUESDAY":0,"departures_WEDNESDAY":0,"departures_THURSDAY":0,"departures_FRIDAY":0,"departures_SATURDAY":0,"departures_SUNDAY":0}},{"type":"Feature","geometry":{"type":"Point","coordinates":[3.7397,51.114]},"properties":{"stop_id":"202417","stop_name":"Evergem Gentweg","qualifies_min1_weekday":true,"qualifies_min1_fullweek":true,"qualifies_min10_weekday":true,"qualifies_min10_fullweek":true,"qualifies_hourly_weekday":true,"qualifies_hourly_fullweek":true,"qualifies_halfhour_weekday":false,"qualifies_halfhour_fullweek":false,"departures_MONDAY":34,"departures_TUESDAY":42,"departures_WEDNESDAY":42,"departures_THURSDAY":42,"departures_FRIDAY":42,"departures_SATURDAY":28,"departures_SUNDAY":16}},{"type":"Feature","geometry":{"type":"Point","coordinates":[3.7765,51.1454]},"properties":{"stop_id":"202426","stop_name":"Gent Terdonk Station","qualifies_min1_weekday":false,"qualifies_min1_fullweek":false,"qualifies_min10_weekday":false,"qualifies_min10_fullweek":false,"qualifies_hourly_weekday":false,"qualifies_hourly_fullweek":false,"qualifies_halfhour_weekday":false,"qualifies_halfhour_fullweek":false,"departures_MONDAY":0,"departures_TUESDAY":0,"departures_WEDNESDAY":0,"departures_THURSDAY":0,"departures_FRIDAY":0,"departures_SATURDAY":0,"departures_SUNDAY":0}},{"type":"Feature","geometry":{"type":"Point","coordinates":[3.7994,51.1927]},"properties":{"stop_id":"202431","stop_name":"Zelzate Klein Rusland","qualifies_min1_weekday":true,"qualifies_min1_fullweek":true,"qualifies_min10_weekday":true,"qualifies_min10_fullweek":true,"qualifies_hourly_weekday":false,"qualifies_hourly_fullweek":false,"qualifies_halfhour_weekday":false,"qualifies_halfhour_fullweek":false,"departures_MONDAY":34,"departures_TUESDAY":43,"departures_WEDNESDAY":44,"departures_THURSDAY":43,"departures_FRIDAY":43,"departures_SATURDAY":28,"departures_SUNDAY":16}},{"type":"Feature","geometry":{"type":"Point","coordinates":[3.7994,51.1969]},"properties":{"stop_id":"202432","stop_name":"Zelzate Tweede Gidsenlaan","qualifies_min1_weekday":true,"qualifies_min1_fullweek":true,"qualifies_min10_weekday":true,"qualifies_min10_fullweek":true,"qualifies_hourly_weekday":false,"qualifies_hourly_fullweek":false,"qualifies_halfhour_weekday":false,"qualifies_halfhour_fullweek":false,"departures_MONDAY":34,"departures_TUESDAY":43,"departures_WEDNESDAY":44,"departures_THURSDAY":43,"departures_FRIDAY":43,"departures_SATURDAY":28,"departures_SUNDAY":16}},{"type":"Feature","geometry":{"type":"Point","coordinates":[3.7542,51.0521]},"properties":{"stop_id":"202451","stop_name":"Sint-Amandsberg Baeyensstraat","qualifies_min1_weekday":true,"qualifies_min1_fullweek":true,"qualifies_min10_weekday":true,"qualifies_min10_fullweek":true,"qualifies_hourly_weekday":true,"qualifies_hourly_fullweek":true,"qualifies_halfhour_weekday":false,"qualifies_halfhour_fullweek":false,"departures_MONDAY":87,"departures_TUESDAY":95,"departures_WEDNESDAY":95,"departures_THURSDAY":95,"departures_FRIDAY":95,"departures_SATURDAY":78,"departures_SUNDAY":38}},{"type":"Feature","geometry":{"type":"Point","coordinates":[3.7582,51.0518]},"properties":{"stop_id":"202452","stop_name":"Destelbergen Lossystraat","qualifies_min1_weekday":true,"qualifies_min1_fullweek":true,"qualifies_min10_weekday":true,"qualifies_min10_fullweek":true,"qualifies_hourly_weekday":true,"qualifies_hourly_fullweek":true,"qualifies_halfhour_weekday":false,"qualifies_halfhour_fullweek":false,"departures_MONDAY":62,"departures_TUESDAY":66,"departures_WEDNESDAY":66,"departures_THURSDAY":66,"departures_FRIDAY":66,"departures_SATURDAY":57,"departures_SUNDAY":29}},{"type":"Feature","geometry":{"type":"Point","coordinates":[3.7655,51.0525]},"properties":{"stop_id":"202453","stop_name":"Destelbergen Stelplaats","qualifies_min1_weekday":true,"qualifies_min1_fullweek":true,"qualifies_min10_weekday":true,"qualifies_min10_fullweek":true,"qualifies_hourly_weekday":true,"qualifies_hourly_fullweek":true,"qualifies_halfhour_weekday":false,"qualifies_halfhour_fullweek":false,"departures_MONDAY":62,"departures_TUESDAY":66,"departures_WEDNESDAY":66,"departures_THURSDAY":66,"departures_FRIDAY":66,"departures_SATURDAY":57,"departures_SUNDAY":29}},{"type":"Feature","geometry":{"type":"Point","coordinates":[3.7711,51.0542]},"properties":{"stop_id":"202454","stop_name":"Destelbergen Admiraalstraat","qualifies_min1_weekday":true,"qualifies_min1_fullweek":true,"qualifies_min10_weekday":true,"qualifies_min10_fullweek":true,"qualifies_hourly_weekday":true,"qualifies_hourly_fullweek":true,"qualifies_halfhour_weekday":false,"qualifies_halfhour_fullweek":false,"departures_MONDAY":62,"departures_TUESDAY":66,"departures_WEDNESDAY":66,"departures_THURSDAY":66,"departures_FRIDAY":66,"departures_SATURDAY":57,"departures_SUNDAY":29}},{"type":"Feature","geometry":{"type":"Point","coordinates":[3.781,51.0553]},"properties":{"stop_id":"202455","stop_name":"Destelbergen Zenderstraat","qualifies_min1_weekday":true,"qualifies_min1_fullweek":true,"qualifies_min10_weekday":true,"qualifies_min10_fullweek":true,"qualifies_hourly_weekday":true,"qualifies_hourly_fullweek":true,"qualifies_halfhour_weekday":false,"qualifies_halfhour_fullweek":false,"departures_MONDAY":62,"departures_TUESDAY":66,"departures_WEDNESDAY":66,"departures_THURSDAY":66,"departures_FRIDAY":66,"departures_SATURDAY":57,"departures_SUNDAY":29}},{"type":"Feature","geometry":{"type":"Point","coordinates":[3.7271,51.0857]},"properties":{"stop_id":"202536","stop_name":"Gent LDC De Waterspiegel","qualifies_min1_weekday":false,"qualifies_min1_fullweek":false,"qualifies_min10_weekday":false,"qualifies_min10_fullweek":false,"qualifies_hourly_weekday":false,"qualifies_hourly_fullweek":false,"qualifies_halfhour_weekday":false,"qualifies_halfhour_fullweek":false,"departures_MONDAY":0,"departures_TUESDAY":0,"departures_WEDNESDAY":0,"departures_THURSDAY":0,"departures_FRIDAY":0,"departures_SATURDAY":0,"departures_SUNDAY":0}},{"type":"Feature","geometry":{"type":"Point","coordinates":[3.7524,51.076]},"properties":{"stop_id":"202546","stop_name":"Gent Bernadette Kerk","qualifies_min1_weekday":true,"qualifies_min1_fullweek":true,"qualifies_min10_weekday":true,"qualifies_min10_fullweek":true,"qualifies_hourly_weekday":true,"qualifies_hourly_fullweek":true,"qualifies_halfhour_weekday":false,"qualifies_halfhour_fullweek":false,"departures_MONDAY":66,"departures_TUESDAY":75,"departures_WEDNESDAY":73,"departures_THURSDAY":75,"departures_FRIDAY":75,"departures_SATURDAY":63,"departures_SUNDAY":57}},{"type":"Feature","geometry":{"type":"Point","coordinates":[3.7572,51.0799]},"properties":{"stop_id":"202547","stop_name":"Oostakker Slotendries","qualifies_min1_weekday":true,"qualifies_min1_fullweek":true,"qualifies_min10_weekday":true,"qualifies_min10_fullweek":true,"qualifies_hourly_weekday":true,"qualifies_hourly_fullweek":true,"qualifies_halfhour_weekday":false,"qualifies_halfhour_fullweek":false,"departures_MONDAY":66,"departures_TUESDAY":75,"departures_WEDNESDAY":73,"departures_THURSDAY":75,"departures_FRIDAY":75,"departures_SATURDAY":63,"departures_SUNDAY":57}},{"type":"Feature","geometry":{"type":"Point","coordinates":[3.7586,51.0821]},"properties":{"stop_id":"202548","stop_name":"Oostakker Lourdes","qualifies_min1_weekday":true,"qualifies_min1_fullweek":true,"qualifies_min10_weekday":true,"qualifies_min10_fullweek":true,"qualifies_hourly_weekday":true,"qualifies_hourly_fullweek":true,"qualifies_halfhour_weekday":false,"qualifies_halfhour_fullweek":false,"departures_MONDAY":66,"departures_TUESDAY":66,"departures_WEDNESDAY":66,"departures_THURSDAY":66,"departures_FRIDAY":66,"departures_SATURDAY":63,"departures_SUNDAY":57}},{"type":"Feature","geometry":{"type":"Point","coordinates":[3.7582,51.0891]},"properties":{"stop_id":"202549","stop_name":"Oostakker Eikstraat","qualifies_min1_weekday":true,"qualifies_min1_fullweek":true,"qualifies_min10_weekday":true,"qualifies_min10_fullweek":true,"qualifies_hourly_weekday":true,"qualifies_hourly_fullweek":true,"qualifies_halfhour_weekday":false,"qualifies_halfhour_fullweek":false,"departures_MONDAY":66,"departures_TUESDAY":66,"departures_WEDNESDAY":66,"departures_THURSDAY":66,"departures_FRIDAY":66,"departures_SATURDAY":63,"departures_SUNDAY":57}},{"type":"Feature","geometry":{"type":"Point","coordinates":[3.7583,51.0915]},"properties":{"stop_id":"202550","stop_name":"Oostakker Drie Zwaantjes","qualifies_min1_weekday":true,"qualifies_min1_fullweek":true,"qualifies_min10_weekday":true,"qualifies_min10_fullweek":true,"qualifies_hourly_weekday":true,"qualifies_hourly_fullweek":true,"qualifies_halfhour_weekday":false,"qualifies_halfhour_fullweek":false,"departures_MONDAY":66,"departures_TUESDAY":66,"departures_WEDNESDAY":66,"departures_THURSDAY":66,"departures_FRIDAY":66,"departures_SATURDAY":63,"departures_SUNDAY":57}},{"type":"Feature","geometry":{"type":"Point","coordinates":[3.7644,51.0802]},"properties":{"stop_id":"202554","stop_name":"Oostakker Onze-Lieve-Vrouwstraat","qualifies_min1_weekday":false,"qualifies_min1_fullweek":false,"qualifies_min10_weekday":false,"qualifies_min10_fullweek":false,"qualifies_hourly_weekday":false,"qualifies_hourly_fullweek":false,"qualifies_halfhour_weekday":false,"qualifies_halfhour_fullweek":false,"departures_MONDAY":0,"departures_TUESDAY":9,"departures_WEDNESDAY":7,"departures_THURSDAY":9,"departures_FRIDAY":9,"departures_SATURDAY":0,"departures_SUNDAY":0}},{"type":"Feature","geometry":{"type":"Point","coordinates":[3.7691,51.0946]},"properties":{"stop_id":"202556","stop_name":"Oostakker Meerhoutstraat","qualifies_min1_weekday":false,"qualifies_min1_fullweek":false,"qualifies_min10_weekday":false,"qualifies_min10_fullweek":false,"qualifies_hourly_weekday":false,"qualifies_hourly_fullweek":false,"qualifies_halfhour_weekday":false,"qualifies_halfhour_fullweek":false,"departures_MONDAY":0,"departures_TUESDAY":8,"departures_WEDNESDAY":7,"departures_THURSDAY":8,"departures_FRIDAY":8,"departures_SATURDAY":0,"departures_SUNDAY":0}},{"type":"Feature","geometry":{"type":"Point","coordinates":[3.7704,51.0921]},"properties":{"stop_id":"202559","stop_name":"Oostakker Sint-Arnoutstraat","qualifies_min1_weekday":false,"qualifies_min1_fullweek":false,"qualifies_min10_weekday":false,"qualifies_min10_fullweek":false,"qualifies_hourly_weekday":false,"qualifies_hourly_fullweek":false,"qualifies_halfhour_weekday":false,"qualifies_halfhour_fullweek":false,"departures_MONDAY":0,"departures_TUESDAY":8,"departures_WEDNESDAY":7,"departures_THURSDAY":8,"departures_FRIDAY":8,"departures_SATURDAY":0,"departures_SUNDAY":0}},{"type":"Feature","geometry":{"type":"Point","coordinates":[3.7754,51.0982]},"properties":{"stop_id":"202562","stop_name":"Oostakker Drieselstraat","qualifies_min1_weekday":true,"qualifies_min1_fullweek":true,"qualifies_min10_weekday":true,"qualifies_min10_fullweek":true,"qualifies_hourly_weekday":true,"qualifies_hourly_fullweek":true,"qualifies_halfhour_weekday":false,"qualifies_halfhour_fullweek":false,"departures_MONDAY":66,"departures_TUESDAY":74,"departures_WEDNESDAY":73,"departures_THURSDAY":74,"departures_FRIDAY":74,"departures_SATURDAY":63,"departures_SUNDAY":57}},{"type":"Feature","geometry":{"type":"Point","coordinates":[3.7591,51.1025]},"properties":{"stop_id":"202565","stop_name":"Oostakker Langerbruggestraat","qualifies_min1_weekday":true,"qualifies_min1_fullweek":false,"qualifies_min10_weekday":false,"qualifies_min10_fullweek":false,"qualifies_hourly_weekday":false,"qualifies_hourly_fullweek":false,"qualifies_halfhour_weekday":false,"qualifies_halfhour_fullweek":false,"departures_MONDAY":9,"departures_TUESDAY":10,"departures_WEDNESDAY":10,"departures_THURSDAY":10,"departures_FRIDAY":13,"departures_SATURDAY":0,"departures_SUNDAY":0}},{"type":"Feature","geometry":{"type":"Point","coordinates":[3.8164,51.1556]},"properties":{"stop_id":"202574","stop_name":"Sint-Kruis-Winkel De Baetsplaats","qualifies_min1_weekday":false,"qualifies_min1_fullweek":false,"qualifies_min10_weekday":false,"qualifies_min10_fullweek":false,"qualifies_hourly_weekday":false,"qualifies_hourly_fullweek":false,"qualifies_halfhour_weekday":false,"qualifies_halfhour_fullweek":false,"departures_MONDAY":0,"departures_TUESDAY":4,"departures_WEDNESDAY":4,"departures_THURSDAY":4,"departures_FRIDAY":4,"departures_SATURDAY":0,"departures_SUNDAY":0}},{"type":"Feature","geometry":{"type":"Point","coordinates":[3.8249,51.1545]},"properties":{"stop_id":"202575","stop_name":"Sint-Kruis-Winkel Kerk","qualifies_min1_weekday":false,"qualifies_min1_fullweek":false,"qualifies_min10_weekday":false,"qualifies_min10_fullweek":false,"qualifies_hourly_weekday":false,"qualifies_hourly_fullweek":false,"qualifies_halfhour_weekday":false,"qualifies_halfhour_fullweek":false,"departures_MONDAY":0,"departures_TUESDAY":4,"departures_WEDNESDAY":4,"departures_THURSDAY":4,"departures_FRIDAY":4,"departures_SATURDAY":0,"departures_SUNDAY":0}},{"type":"Feature","geometry":{"type":"Point","coordinates":[3.8362,51.1568]},"properties":{"stop_id":"202576","stop_name":"Sint-Kruis-Winkel Kapelledreef","qualifies_min1_weekday":false,"qualifies_min1_fullweek":false,"qualifies_min10_weekday":false,"qualifies_min10_fullweek":false,"qualifies_hourly_weekday":false,"qualifies_hourly_fullweek":false,"qualifies_halfhour_weekday":false,"qualifies_halfhour_fullweek":false,"departures_MONDAY":0,"departures_TUESDAY":4,"departures_WEDNESDAY":4,"departures_THURSDAY":4,"departures_FRIDAY":4,"departures_SATURDAY":0,"departures_SUNDAY":0}},{"type":"Feature","geometry":{"type":"Point","coordinates":[3.8163,51.197]},"properties":{"stop_id":"202586","stop_name":"Zelzate Verbroederingslaan","qualifies_min1_weekday":true,"qualifies_min1_fullweek":true,"qualifies_min10_weekday":true,"qualifies_min10_fullweek":false,"qualifies_hourly_weekday":true,"qualifies_hourly_fullweek":false,"qualifies_halfhour_weekday":false,"qualifies_halfhour_fullweek":false,"departures_MONDAY":16,"departures_TUESDAY":24,"departures_WEDNESDAY":23,"departures_THURSDAY":24,"departures_FRIDAY":24,"departures_SATURDAY":15,"departures_SUNDAY":6}},{"type":"Feature","geometry":{"type":"Point","coordinates":[3.7818,51.1224]},"properties":{"stop_id":"202589","stop_name":"Desteldonk Kerk","qualifies_min1_weekday":false,"qualifies_min1_fullweek":false,"qualifies_min10_weekday":false,"qualifies_min10_fullweek":false,"qualifies_hourly_weekday":false,"qualifies_hourly_fullweek":false,"qualifies_halfhour_weekday":false,"qualifies_halfhour_fullweek":false,"departures_MONDAY":0,"departures_TUESDAY":5,"departures_WEDNESDAY":4,"departures_THURSDAY":5,"departures_FRIDAY":5,"departures_SATURDAY":0,"departures_SUNDAY":0}},{"type":"Feature","geometry":{"type":"Point","coordinates":[3.7868,51.1218]},"properties":{"stop_id":"202590","stop_name":"Desteldonk Koemeersstraat","qualifies_min1_weekday":false,"qualifies_min1_fullweek":false,"qualifies_min10_weekday":false,"qualifies_min10_fullweek":false,"qualifies_hourly_weekday":false,"qualifies_hourly_fullweek":false,"qualifies_halfhour_weekday":false,"qualifies_halfhour_fullweek":false,"departures_MONDAY":0,"departures_TUESDAY":5,"departures_WEDNESDAY":4,"departures_THURSDAY":5,"departures_FRIDAY":5,"departures_SATURDAY":0,"departures_SUNDAY":0}},{"type":"Feature","geometry":{"type":"Point","coordinates":[3.791,51.1217]},"properties":{"stop_id":"202591","stop_name":"Desteldonk Mispelstraat","qualifies_min1_weekday":false,"qualifies_min1_fullweek":false,"qualifies_min10_weekday":false,"qualifies_min10_fullweek":false,"qualifies_hourly_weekday":false,"qualifies_hourly_fullweek":false,"qualifies_halfhour_weekday":false,"qualifies_halfhour_fullweek":false,"departures_MONDAY":0,"departures_TUESDAY":5,"departures_WEDNESDAY":4,"departures_THURSDAY":5,"departures_FRIDAY":5,"departures_SATURDAY":0,"departures_SUNDAY":0}},{"type":"Feature","geometry":{"type":"Point","coordinates":[3.7973,51.122]},"properties":{"stop_id":"202592","stop_name":"Desteldonk Moleneinde","qualifies_min1_weekday":false,"qualifies_min1_fullweek":false,"qualifies_min10_weekday":false,"qualifies_min10_fullweek":false,"qualifies_hourly_weekday":false,"qualifies_hourly_fullweek":false,"qualifies_halfhour_weekday":false,"qualifies_halfhour_fullweek":false,"departures_MONDAY":0,"departures_TUESDAY":5,"departures_WEDNESDAY":4,"departures_THURSDAY":5,"departures_FRIDAY":5,"departures_SATURDAY":0,"departures_SUNDAY":0}},{"type":"Feature","geometry":{"type":"Point","coordinates":[3.8316,51.182]},"properties":{"stop_id":"202607","stop_name":"Gent Arcelor Mittal","qualifies_min1_weekday":false,"qualifies_min1_fullweek":false,"qualifies_min10_weekday":false,"qualifies_min10_fullweek":false,"qualifies_hourly_weekday":false,"qualifies_hourly_fullweek":false,"qualifies_halfhour_weekday":false,"qualifies_halfhour_fullweek":false,"departures_MONDAY":0,"departures_TUESDAY":0,"departures_WEDNESDAY":0,"departures_THURSDAY":0,"departures_FRIDAY":0,"departures_SATURDAY":0,"departures_SUNDAY":0}},{"type":"Feature","geometry":{"type":"Point","coordinates":[3.765,51.0939]},"properties":{"stop_id":"202608","stop_name":"Oostakker Sporthal Wolfput","qualifies_min1_weekday":true,"qualifies_min1_fullweek":true,"qualifies_min10_weekday":true,"qualifies_min10_fullweek":true,"qualifies_hourly_weekday":true,"qualifies_hourly_fullweek":true,"qualifies_halfhour_weekday":false,"qualifies_halfhour_fullweek":false,"departures_MONDAY":66,"departures_TUESDAY":66,"departures_WEDNESDAY":66,"departures_THURSDAY":66,"departures_FRIDAY":66,"departures_SATURDAY":63,"departures_SUNDAY":57}},{"type":"Feature","geometry":{"type":"Point","coordinates":[3.7704,51.1022]},"properties":{"stop_id":"202610","stop_name":"Oostakker Kerkhof","qualifies_min1_weekday":false,"qualifies_min1_fullweek":false,"qualifies_min10_weekday":false,"qualifies_min10_fullweek":false,"qualifies_hourly_weekday":false,"qualifies_hourly_fullweek":false,"qualifies_halfhour_weekday":false,"qualifies_halfhour_fullweek":false,"departures_MONDAY":0,"departures_TUESDAY":7,"departures_WEDNESDAY":8,"departures_THURSDAY":7,"departures_FRIDAY":7,"departures_SATURDAY":0,"departures_SUNDAY":0}},{"type":"Feature","geometry":{"type":"Point","coordinates":[3.7756,51.1039]},"properties":{"stop_id":"202611","stop_name":"Oostakker Molzelestraat","qualifies_min1_weekday":false,"qualifies_min1_fullweek":false,"qualifies_min10_weekday":false,"qualifies_min10_fullweek":false,"qualifies_hourly_weekday":false,"qualifies_hourly_fullweek":false,"qualifies_halfhour_weekday":false,"qualifies_halfhour_fullweek":false,"departures_MONDAY":0,"departures_TUESDAY":7,"departures_WEDNESDAY":8,"departures_THURSDAY":7,"departures_FRIDAY":7,"departures_SATURDAY":0,"departures_SUNDAY":0}},{"type":"Feature","geometry":{"type":"Point","coordinates":[3.7734,51.1064]},"properties":{"stop_id":"202612","stop_name":"Oostakker Paelinckstraat","qualifies_min1_weekday":false,"qualifies_min1_fullweek":false,"qualifies_min10_weekday":false,"qualifies_min10_fullweek":false,"qualifies_hourly_weekday":false,"qualifies_hourly_fullweek":false,"qualifies_halfhour_weekday":false,"qualifies_halfhour_fullweek":false,"departures_MONDAY":0,"departures_TUESDAY":7,"departures_WEDNESDAY":8,"departures_THURSDAY":7,"departures_FRIDAY":7,"departures_SATURDAY":0,"departures_SUNDAY":0}},{"type":"Feature","geometry":{"type":"Point","coordinates":[3.789,51.1084]},"properties":{"stop_id":"202614","stop_name":"Oostakker Eversdonk","qualifies_min1_weekday":false,"qualifies_min1_fullweek":false,"qualifies_min10_weekday":false,"qualifies_min10_fullweek":false,"qualifies_hourly_weekday":false,"qualifies_hourly_fullweek":false,"qualifies_halfhour_weekday":false,"qualifies_halfhour_fullweek":false,"departures_MONDAY":0,"departures_TUESDAY":7,"departures_WEDNESDAY":8,"departures_THURSDAY":7,"departures_FRIDAY":7,"departures_SATURDAY":0,"departures_SUNDAY":0}},{"type":"Feature","geometry":{"type":"Point","coordinates":[3.8315,51.1219]},"properties":{"stop_id":"202619","stop_name":"Zaffelare Kapiteinstraat","qualifies_min1_weekday":true,"qualifies_min1_fullweek":true,"qualifies_min10_weekday":true,"qualifies_min10_fullweek":true,"qualifies_hourly_weekday":false,"qualifies_hourly_fullweek":false,"qualifies_halfhour_weekday":false,"qualifies_halfhour_fullweek":false,"departures_MONDAY":21,"departures_TUESDAY":24,"departures_WEDNESDAY":25,"departures_THURSDAY":24,"departures_FRIDAY":24,"departures_SATURDAY":18,"departures_SUNDAY":15}},{"type":"Feature","geometry":{"type":"Point","coordinates":[3.8451,51.1279]},"properties":{"stop_id":"202621","stop_name":"Zaffelare Nerenhoek","qualifies_min1_weekday":true,"qualifies_min1_fullweek":true,"qualifies_min10_weekday":true,"qualifies_min10_fullweek":true,"qualifies_hourly_weekday":false,"qualifies_hourly_fullweek":false,"qualifies_halfhour_weekday":false,"qualifies_halfhour_fullweek":false,"departures_MONDAY":21,"departures_TUESDAY":24,"departures_WEDNESDAY":25,"departures_THURSDAY":24,"departures_FRIDAY":24,"departures_SATURDAY":18,"departures_SUNDAY":15}},{"type":"Feature","geometry":{"type":"Point","coordinates":[3.8544,51.1302]},"properties":{"stop_id":"202622","stop_name":"Zaffelare Molenstraat","qualifies_min1_weekday":true,"qualifies_min1_fullweek":true,"qualifies_min10_weekday":true,"qualifies_min10_fullweek":true,"qualifies_hourly_weekday":false,"qualifies_hourly_fullweek":false,"qualifies_halfhour_weekday":false,"qualifies_halfhour_fullweek":false,"departures_MONDAY":21,"departures_TUESDAY":24,"departures_WEDNESDAY":25,"departures_THURSDAY":24,"departures_FRIDAY":24,"departures_SATURDAY":18,"departures_SUNDAY":15}},{"type":"Feature","geometry":{"type":"Point","coordinates":[3.8641,51.1514]},"properties":{"stop_id":"202641","stop_name":"Wachtebeke Craenendam","qualifies_min1_weekday":true,"qualifies_min1_fullweek":true,"qualifies_min10_weekday":true,"qualifies_min10_fullweek":true,"qualifies_hourly_weekday":false,"qualifies_hourly_fullweek":false,"qualifies_halfhour_weekday":false,"qualifies_halfhour_fullweek":false,"departures_MONDAY":21,"departures_TUESDAY":21,"departures_WEDNESDAY":21,"departures_THURSDAY":21,"departures_FRIDAY":21,"departures_SATURDAY":18,"departures_SUNDAY":15}},{"type":"Feature","geometry":{"type":"Point","coordinates":[3.711,51.0598]},"properties":{"stop_id":"202648","stop_name":"Gent Rabot (Griendeplein)","qualifies_min1_weekday":true,"qualifies_min1_fullweek":true,"qualifies_min10_weekday":true,"qualifies_min10_fullweek":true,"qualifies_hourly_weekday":true,"qualifies_hourly_fullweek":true,"qualifies_halfhour_weekday":false,"qualifies_halfhour_fullweek":false,"departures_MONDAY":31,"departures_TUESDAY":36,"departures_WEDNESDAY":36,"departures_THURSDAY":36,"departures_FRIDAY":36,"departures_SATURDAY":17,"departures_SUNDAY":16}},{"type":"Feature","geometry":{"type":"Point","coordinates":[3.7149,51.076]},"properties":{"stop_id":"202651","stop_name":"Gent Grensstraat","qualifies_min1_weekday":true,"qualifies_min1_fullweek":true,"qualifies_min10_weekday":true,"qualifies_min10_fullweek":true,"qualifies_hourly_weekday":true,"qualifies_hourly_fullweek":true,"qualifies_halfhour_weekday":true,"qualifies_halfhour_fullweek":true,"departures_MONDAY":210,"departures_TUESDAY":254,"departures_WEDNESDAY":255,"departures_THURSDAY":254,"departures_FRIDAY":254,"departures_SATURDAY":210,"departures_SUNDAY":178}},{"type":"Feature","geometry":{"type":"Point","coordinates":[3.7166,51.0805]},"properties":{"stop_id":"202652","stop_name":"Wondelgem Spoorwegstraat","qualifies_min1_weekday":true,"qualifies_min1_fullweek":true,"qualifies_min10_weekday":true,"qualifies_min10_fullweek":true,"qualifies_hourly_weekday":true,"qualifies_hourly_fullweek":true,"qualifies_halfhour_weekday":true,"qualifies_halfhour_fullweek":true,"departures_MONDAY":210,"departures_TUESDAY":254,"departures_WEDNESDAY":255,"departures_THURSDAY":254,"departures_FRIDAY":254,"departures_SATURDAY":210,"departures_SUNDAY":178}},{"type":"Feature","geometry":{"type":"Point","coordinates":[3.7165,51.0856]},"properties":{"stop_id":"202654","stop_name":"Wondelgem Molenstraat","qualifies_min1_weekday":true,"qualifies_min1_fullweek":true,"qualifies_min10_weekday":true,"qualifies_min10_fullweek":true,"qualifies_hourly_weekday":true,"qualifies_hourly_fullweek":true,"qualifies_halfhour_weekday":true,"qualifies_halfhour_fullweek":true,"departures_MONDAY":210,"departures_TUESDAY":254,"departures_WEDNESDAY":255,"departures_THURSDAY":254,"departures_FRIDAY":254,"departures_SATURDAY":210,"departures_SUNDAY":178}},{"type":"Feature","geometry":{"type":"Point","coordinates":[3.7351,51.1544]},"properties":{"stop_id":"202665","stop_name":"Kluizen Toekomststraat","qualifies_min1_weekday":true,"qualifies_min1_fullweek":true,"qualifies_min10_weekday":true,"qualifies_min10_fullweek":true,"qualifies_hourly_weekday":true,"qualifies_hourly_fullweek":true,"qualifies_halfhour_weekday":false,"qualifies_halfhour_fullweek":false,"departures_MONDAY":34,"departures_TUESDAY":45,"departures_WEDNESDAY":46,"departures_THURSDAY":45,"departures_FRIDAY":45,"departures_SATURDAY":28,"departures_SUNDAY":16}},{"type":"Feature","geometry":{"type":"Point","coordinates":[3.7769,51.1184]},"properties":{"stop_id":"202684","stop_name":"Gent Mai Zetterlingstraat","qualifies_min1_weekday":false,"qualifies_min1_fullweek":false,"qualifies_min10_weekday":false,"qualifies_min10_fullweek":false,"qualifies_hourly_weekday":false,"qualifies_hourly_fullweek":false,"qualifies_halfhour_weekday":false,"qualifies_halfhour_fullweek":false,"departures_MONDAY":0,"departures_TUESDAY":0,"departures_WEDNESDAY":0,"departures_THURSDAY":0,"departures_FRIDAY":0,"departures_SATURDAY":0,"departures_SUNDAY":0}},{"type":"Feature","geometry":{"type":"Point","coordinates":[3.6076,51.042]},"properties":{"stop_id":"202751","stop_name":"Drongen Scania Vlaanderen nv","qualifies_min1_weekday":false,"qualifies_min1_fullweek":false,"qualifies_min10_weekday":false,"qualifies_min10_fullweek":false,"qualifies_hourly_weekday":false,"qualifies_hourly_fullweek":false,"qualifies_halfhour_weekday":false,"qualifies_halfhour_fullweek":false,"departures_MONDAY":0,"departures_TUESDAY":0,"departures_WEDNESDAY":0,"departures_THURSDAY":0,"departures_FRIDAY":0,"departures_SATURDAY":0,"departures_SUNDAY":0}},{"type":"Feature","geometry":{"type":"Point","coordinates":[3.6419,51.0417]},"properties":{"stop_id":"202756","stop_name":"Drongen Sint-Gerolfstraat","qualifies_min1_weekday":true,"qualifies_min1_fullweek":true,"qualifies_min10_weekday":true,"qualifies_min10_fullweek":true,"qualifies_hourly_weekday":true,"qualifies_hourly_fullweek":true,"qualifies_halfhour_weekday":false,"qualifies_halfhour_fullweek":false,"departures_MONDAY":30,"departures_TUESDAY":33,"departures_WEDNESDAY":33,"departures_THURSDAY":33,"departures_FRIDAY":33,"departures_SATURDAY":28,"departures_SUNDAY":27}},{"type":"Feature","geometry":{"type":"Point","coordinates":[3.603,51.0428]},"properties":{"stop_id":"202758","stop_name":"Drongen Booiebos","qualifies_min1_weekday":true,"qualifies_min1_fullweek":false,"qualifies_min10_weekday":false,"qualifies_min10_fullweek":false,"qualifies_hourly_weekday":false,"qualifies_hourly_fullweek":false,"qualifies_halfhour_weekday":false,"qualifies_halfhour_fullweek":false,"departures_MONDAY":2,"departures_TUESDAY":2,"departures_WEDNESDAY":2,"departures_THURSDAY":2,"departures_FRIDAY":2,"departures_SATURDAY":0,"departures_SUNDAY":0}},{"type":"Feature","geometry":{"type":"Point","coordinates":[3.5996,51.0437]},"properties":{"stop_id":"202759","stop_name":"Drongen Metagra","qualifies_min1_weekday":false,"qualifies_min1_fullweek":false,"qualifies_min10_weekday":false,"qualifies_min10_fullweek":false,"qualifies_hourly_weekday":false,"qualifies_hourly_fullweek":false,"qualifies_halfhour_weekday":false,"qualifies_halfhour_fullweek":false,"departures_MONDAY":0,"departures_TUESDAY":0,"departures_WEDNESDAY":0,"departures_THURSDAY":0,"departures_FRIDAY":0,"departures_SATURDAY":0,"departures_SUNDAY":0}},{"type":"Feature","geometry":{"type":"Point","coordinates":[3.6198,51.0371]},"properties":{"stop_id":"202760","stop_name":"Drongen Baarledorpstraat","qualifies_min1_weekday":true,"qualifies_min1_fullweek":true,"qualifies_min10_weekday":true,"qualifies_min10_fullweek":true,"qualifies_hourly_weekday":true,"qualifies_hourly_fullweek":true,"qualifies_halfhour_weekday":false,"qualifies_halfhour_fullweek":false,"departures_MONDAY":30,"departures_TUESDAY":33,"departures_WEDNESDAY":33,"departures_THURSDAY":33,"departures_FRIDAY":33,"departures_SATURDAY":28,"departures_SUNDAY":27}},{"type":"Feature","geometry":{"type":"Point","coordinates":[3.6132,51.0354]},"properties":{"stop_id":"202761","stop_name":"Drongen Molenhuis","qualifies_min1_weekday":true,"qualifies_min1_fullweek":true,"qualifies_min10_weekday":true,"qualifies_min10_fullweek":true,"qualifies_hourly_weekday":true,"qualifies_hourly_fullweek":true,"qualifies_halfhour_weekday":false,"qualifies_halfhour_fullweek":false,"departures_MONDAY":30,"departures_TUESDAY":34,"departures_WEDNESDAY":34,"departures_THURSDAY":34,"departures_FRIDAY":34,"departures_SATURDAY":28,"departures_SUNDAY":27}},{"type":"Feature","geometry":{"type":"Point","coordinates":[3.6088,51.0341]},"properties":{"stop_id":"202762","stop_name":"Drongen Baarleboslaan","qualifies_min1_weekday":true,"qualifies_min1_fullweek":true,"qualifies_min10_weekday":true,"qualifies_min10_fullweek":true,"qualifies_hourly_weekday":true,"qualifies_hourly_fullweek":true,"qualifies_halfhour_weekday":false,"qualifies_halfhour_fullweek":false,"departures_MONDAY":30,"departures_TUESDAY":34,"departures_WEDNESDAY":34,"departures_THURSDAY":34,"departures_FRIDAY":34,"departures_SATURDAY":28,"departures_SUNDAY":27}},{"type":"Feature","geometry":{"type":"Point","coordinates":[3.6054,51.0319]},"properties":{"stop_id":"202763","stop_name":"Drongen Baarlewarande","qualifies_min1_weekday":true,"qualifies_min1_fullweek":true,"qualifies_min10_weekday":true,"qualifies_min10_fullweek":true,"qualifies_hourly_weekday":true,"qualifies_hourly_fullweek":true,"qualifies_halfhour_weekday":false,"qualifies_halfhour_fullweek":false,"departures_MONDAY":31,"departures_TUESDAY":34,"departures_WEDNESDAY":34,"departures_THURSDAY":34,"departures_FRIDAY":34,"departures_SATURDAY":29,"departures_SUNDAY":27}},{"type":"Feature","geometry":{"type":"Point","coordinates":[3.6039,51.0291]},"properties":{"stop_id":"202764","stop_name":"Drongen Zombeekstraat","qualifies_min1_weekday":true,"qualifies_min1_fullweek":true,"qualifies_min10_weekday":true,"qualifies_min10_fullweek":true,"qualifies_hourly_weekday":true,"qualifies_hourly_fullweek":true,"qualifies_halfhour_weekday":false,"qualifies_halfhour_fullweek":false,"departures_MONDAY":31,"departures_TUESDAY":34,"departures_WEDNESDAY":34,"departures_THURSDAY":34,"departures_FRIDAY":34,"departures_SATURDAY":29,"departures_SUNDAY":27}},{"type":"Feature","geometry":{"type":"Point","coordinates":[3.5908,51.0169]},"properties":{"stop_id":"202765","stop_name":"Sint-Martens-Leerne Lindeboom","qualifies_min1_weekday":true,"qualifies_min1_fullweek":true,"qualifies_min10_weekday":true,"qualifies_min10_fullweek":true,"qualifies_hourly_weekday":true,"qualifies_hourly_fullweek":true,"qualifies_halfhour_weekday":false,"qualifies_halfhour_fullweek":false,"departures_MONDAY":31,"departures_TUESDAY":34,"departures_WEDNESDAY":34,"departures_THURSDAY":34,"departures_FRIDAY":34,"departures_SATURDAY":29,"departures_SUNDAY":27}},{"type":"Feature","geometry":{"type":"Point","coordinates":[3.5867,51.0146]},"properties":{"stop_id":"202766","stop_name":"Sint-Martens-Leerne Engelhoekstraat","qualifies_min1_weekday":true,"qualifies_min1_fullweek":true,"qualifies_min10_weekday":true,"qualifies_min10_fullweek":true,"qualifies_hourly_weekday":true,"qualifies_hourly_fullweek":true,"qualifies_halfhour_weekday":false,"qualifies_halfhour_fullweek":false,"departures_MONDAY":62,"departures_TUESDAY":65,"departures_WEDNESDAY":65,"departures_THURSDAY":65,"departures_FRIDAY":65,"departures_SATURDAY":57,"departures_SUNDAY":54}},{"type":"Feature","geometry":{"type":"Point","coordinates":[3.7794,51.0273]},"properties":{"stop_id":"202776","stop_name":"Melle Wevershof","qualifies_min1_weekday":true,"qualifies_min1_fullweek":false,"qualifies_min10_weekday":false,"qualifies_min10_fullweek":false,"qualifies_hourly_weekday":false,"qualifies_hourly_fullweek":false,"qualifies_halfhour_weekday":false,"qualifies_halfhour_fullweek":false,"departures_MONDAY":7,"departures_TUESDAY":7,"departures_WEDNESDAY":6,"departures_THURSDAY":7,"departures_FRIDAY":7,"departures_SATURDAY":0,"departures_SUNDAY":0}},{"type":"Feature","geometry":{"type":"Point","coordinates":[3.5793,51.0162]},"properties":{"stop_id":"202778","stop_name":"Sint-Martens-Leerne Cassimanstraat","qualifies_min1_weekday":true,"qualifies_min1_fullweek":false,"qualifies_min10_weekday":false,"qualifies_min10_fullweek":false,"qualifies_hourly_weekday":false,"qualifies_hourly_fullweek":false,"qualifies_halfhour_weekday":false,"qualifies_halfhour_fullweek":false,"departures_MONDAY":7,"departures_TUESDAY":10,"departures_WEDNESDAY":10,"departures_THURSDAY":10,"departures_FRIDAY":10,"departures_SATURDAY":0,"departures_SUNDAY":0}},{"type":"Feature","geometry":{"type":"Point","coordinates":[3.7904,51.0281]},"properties":{"stop_id":"202816","stop_name":"Heusden Aelmeersstraat","qualifies_min1_weekday":true,"qualifies_min1_fullweek":false,"qualifies_min10_weekday":false,"qualifies_min10_fullweek":false,"qualifies_hourly_weekday":false,"qualifies_hourly_fullweek":false,"qualifies_halfhour_weekday":false,"qualifies_halfhour_fullweek":false,"departures_MONDAY":7,"departures_TUESDAY":7,"departures_WEDNESDAY":6,"departures_THURSDAY":7,"departures_FRIDAY":7,"departures_SATURDAY":0,"departures_SUNDAY":0}},{"type":"Feature","geometry":{"type":"Point","coordinates":[3.7454,50.9948]},"properties":{"stop_id":"202818","stop_name":"Merelbeke Kerk","qualifies_min1_weekday":true,"qualifies_min1_fullweek":true,"qualifies_min10_weekday":true,"qualifies_min10_fullweek":true,"qualifies_hourly_weekday":true,"qualifies_hourly_fullweek":false,"qualifies_halfhour_weekday":true,"qualifies_halfhour_fullweek":false,"departures_MONDAY":98,"departures_TUESDAY":114,"departures_WEDNESDAY":118,"departures_THURSDAY":114,"departures_FRIDAY":114,"departures_SATURDAY":90,"departures_SUNDAY":57}},{"type":"Feature","geometry":{"type":"Point","coordinates":[3.7344,51.0006]},"properties":{"stop_id":"202890","stop_name":"Merelbeke Nijverheidsweg","qualifies_min1_weekday":true,"qualifies_min1_fullweek":true,"qualifies_min10_weekday":true,"qualifies_min10_fullweek":true,"qualifies_hourly_weekday":true,"qualifies_hourly_fullweek":false,"qualifies_halfhour_weekday":false,"qualifies_halfhour_fullweek":false,"departures_MONDAY":32,"departures_TUESDAY":41,"departures_WEDNESDAY":43,"departures_THURSDAY":41,"departures_FRIDAY":41,"departures_SATURDAY":30,"departures_SUNDAY":13}},{"type":"Feature","geometry":{"type":"Point","coordinates":[3.7407,51.0337]},"properties":{"stop_id":"202895","stop_name":"Ledeberg Botermarkt","qualifies_min1_weekday":true,"qualifies_min1_fullweek":true,"qualifies_min10_weekday":true,"qualifies_min10_fullweek":true,"qualifies_hourly_weekday":true,"qualifies_hourly_fullweek":true,"qualifies_halfhour_weekday":true,"qualifies_halfhour_fullweek":false,"departures_MONDAY":63,"departures_TUESDAY":74,"departures_WEDNESDAY":73,"departures_THURSDAY":74,"departures_FRIDAY":74,"departures_SATURDAY":59,"departures_SUNDAY":43}},{"type":"Feature","geometry":{"type":"Point","coordinates":[3.7464,51.0285]},"properties":{"stop_id":"202896","stop_name":"Ledeberg Eindeke","qualifies_min1_weekday":true,"qualifies_min1_fullweek":true,"qualifies_min10_weekday":true,"qualifies_min10_fullweek":true,"qualifies_hourly_weekday":true,"qualifies_hourly_fullweek":true,"qualifies_halfhour_weekday":false,"qualifies_halfhour_fullweek":false,"departures_MONDAY":63,"departures_TUESDAY":74,"departures_WEDNESDAY":73,"departures_THURSDAY":74,"departures_FRIDAY":74,"departures_SATURDAY":59,"departures_SUNDAY":43}},{"type":"Feature","geometry":{"type":"Point","coordinates":[3.7496,51.0248]},"properties":{"stop_id":"202897","stop_name":"Merelbeke Koestraat","qualifies_min1_weekday":true,"qualifies_min1_fullweek":true,"qualifies_min10_weekday":true,"qualifies_min10_fullweek":true,"qualifies_hourly_weekday":true,"qualifies_hourly_fullweek":true,"qualifies_halfhour_weekday":false,"qualifies_halfhour_fullweek":false,"departures_MONDAY":63,"departures_TUESDAY":74,"departures_WEDNESDAY":73,"departures_THURSDAY":74,"departures_FRIDAY":74,"departures_SATURDAY":59,"departures_SUNDAY":43}},{"type":"Feature","geometry":{"type":"Point","coordinates":[3.7525,51.0225]},"properties":{"stop_id":"202898","stop_name":"Merelbeke Benoitlaan","qualifies_min1_weekday":true,"qualifies_min1_fullweek":true,"qualifies_min10_weekday":true,"qualifies_min10_fullweek":true,"qualifies_hourly_weekday":true,"qualifies_hourly_fullweek":true,"qualifies_halfhour_weekday":false,"qualifies_halfhour_fullweek":false,"departures_MONDAY":63,"departures_TUESDAY":74,"departures_WEDNESDAY":73,"departures_THURSDAY":74,"departures_FRIDAY":74,"departures_SATURDAY":59,"departures_SUNDAY":43}},{"type":"Feature","geometry":{"type":"Point","coordinates":[3.7516,51.0112]},"properties":{"stop_id":"202901","stop_name":"Merelbeke Ringvaartstraat","qualifies_min1_weekday":true,"qualifies_min1_fullweek":true,"qualifies_min10_weekday":true,"qualifies_min10_fullweek":true,"qualifies_hourly_weekday":true,"qualifies_hourly_fullweek":true,"qualifies_halfhour_weekday":false,"qualifies_halfhour_fullweek":false,"departures_MONDAY":63,"departures_TUESDAY":71,"departures_WEDNESDAY":70,"departures_THURSDAY":71,"departures_FRIDAY":71,"departures_SATURDAY":59,"departures_SUNDAY":43}},{"type":"Feature","geometry":{"type":"Point","coordinates":[3.7517,51.0055]},"properties":{"stop_id":"202906","stop_name":"Merelbeke Plataan","qualifies_min1_weekday":true,"qualifies_min1_fullweek":true,"qualifies_min10_weekday":true,"qualifies_min10_fullweek":true,"qualifies_hourly_weekday":true,"qualifies_hourly_fullweek":true,"qualifies_halfhour_weekday":false,"qualifies_halfhour_fullweek":false,"departures_MONDAY":63,"departures_TUESDAY":71,"departures_WEDNESDAY":70,"departures_THURSDAY":71,"departures_FRIDAY":71,"departures_SATURDAY":59,"departures_SUNDAY":43}},{"type":"Feature","geometry":{"type":"Point","coordinates":[3.7518,51.0024]},"properties":{"stop_id":"202907","stop_name":"Merelbeke Waterstraat","qualifies_min1_weekday":true,"qualifies_min1_fullweek":true,"qualifies_min10_weekday":true,"qualifies_min10_fullweek":true,"qualifies_hourly_weekday":true,"qualifies_hourly_fullweek":true,"qualifies_halfhour_weekday":false,"qualifies_halfhour_fullweek":false,"departures_MONDAY":63,"departures_TUESDAY":74,"departures_WEDNESDAY":73,"departures_THURSDAY":74,"departures_FRIDAY":74,"departures_SATURDAY":59,"departures_SUNDAY":43}},{"type":"Feature","geometry":{"type":"Point","coordinates":[3.7612,51.0316]},"properties":{"stop_id":"202931","stop_name":"Gentbrugge Schooldreef","qualifies_min1_weekday":true,"qualifies_min1_fullweek":true,"qualifies_min10_weekday":true,"qualifies_min10_fullweek":true,"qualifies_hourly_weekday":true,"qualifies_hourly_fullweek":true,"qualifies_halfhour_weekday":true,"qualifies_halfhour_fullweek":false,"departures_MONDAY":108,"departures_TUESDAY":124,"departures_WEDNESDAY":122,"departures_THURSDAY":124,"departures_FRIDAY":124,"departures_SATURDAY":59,"departures_SUNDAY":45}},{"type":"Feature","geometry":{"type":"Point","coordinates":[3.7722,51.0253]},"properties":{"stop_id":"202934","stop_name":"Melle Leeuw","qualifies_min1_weekday":true,"qualifies_min1_fullweek":true,"qualifies_min10_weekday":true,"qualifies_min10_fullweek":true,"qualifies_hourly_weekday":true,"qualifies_hourly_fullweek":true,"qualifies_halfhour_weekday":true,"qualifies_halfhour_fullweek":false,"departures_MONDAY":108,"departures_TUESDAY":128,"departures_WEDNESDAY":125,"departures_THURSDAY":128,"departures_FRIDAY":128,"departures_SATURDAY":59,"departures_SUNDAY":45}},{"type":"Feature","geometry":{"type":"Point","coordinates":[3.7299,51.0383]},"properties":{"stop_id":"203002","stop_name":"Gent Terplatenbrug","qualifies_min1_weekday":true,"qualifies_min1_fullweek":true,"qualifies_min10_weekday":true,"qualifies_min10_fullweek":true,"qualifies_hourly_weekday":true,"qualifies_hourly_fullweek":true,"qualifies_halfhour_weekday":false,"qualifies_halfhour_fullweek":false,"departures_MONDAY":36,"departures_TUESDAY":41,"departures_WEDNESDAY":41,"departures_THURSDAY":41,"departures_FRIDAY":41,"departures_SATURDAY":32,"departures_SUNDAY":17}},{"type":"Feature","geometry":{"type":"Point","coordinates":[3.7133,51.1016]},"properties":{"stop_id":"203015","stop_name":"Wondelgem Waalbrugstraat","qualifies_min1_weekday":true,"qualifies_min1_fullweek":true,"qualifies_min10_weekday":true,"qualifies_min10_fullweek":true,"qualifies_hourly_weekday":true,"qualifies_hourly_fullweek":true,"qualifies_halfhour_weekday":true,"qualifies_halfhour_fullweek":false,"departures_MONDAY":70,"departures_TUESDAY":84,"departures_WEDNESDAY":82,"departures_THURSDAY":84,"departures_FRIDAY":84,"departures_SATURDAY":62,"departures_SUNDAY":47}},{"type":"Feature","geometry":{"type":"Point","coordinates":[3.679,51.1313]},"properties":{"stop_id":"203024","stop_name":"Sleidinge Dorp","qualifies_min1_weekday":true,"qualifies_min1_fullweek":true,"qualifies_min10_weekday":true,"qualifies_min10_fullweek":true,"qualifies_hourly_weekday":true,"qualifies_hourly_fullweek":true,"qualifies_halfhour_weekday":true,"qualifies_halfhour_fullweek":false,"departures_MONDAY":70,"departures_TUESDAY":75,"departures_WEDNESDAY":73,"departures_THURSDAY":75,"departures_FRIDAY":75,"departures_SATURDAY":62,"departures_SUNDAY":47}},{"type":"Feature","geometry":{"type":"Point","coordinates":[3.8476,51.169]},"properties":{"stop_id":"203128","stop_name":"Wachtebeke Groenstraat","qualifies_min1_weekday":true,"qualifies_min1_fullweek":true,"qualifies_min10_weekday":true,"qualifies_min10_fullweek":true,"qualifies_hourly_weekday":true,"qualifies_hourly_fullweek":false,"qualifies_halfhour_weekday":false,"qualifies_halfhour_fullweek":false,"departures_MONDAY":19,"departures_TUESDAY":19,"departures_WEDNESDAY":19,"departures_THURSDAY":19,"departures_FRIDAY":19,"departures_SATURDAY":16,"departures_SUNDAY":15}},{"type":"Feature","geometry":{"type":"Point","coordinates":[3.7373,51.0386]},"properties":{"stop_id":"203131","stop_name":"Gent Sint-Lievenspoort (Keizervest)","qualifies_min1_weekday":true,"qualifies_min1_fullweek":true,"qualifies_min10_weekday":true,"qualifies_min10_fullweek":true,"qualifies_hourly_weekday":true,"qualifies_hourly_fullweek":true,"qualifies_halfhour_weekday":false,"qualifies_halfhour_fullweek":false,"departures_MONDAY":36,"departures_TUESDAY":41,"departures_WEDNESDAY":41,"departures_THURSDAY":41,"departures_FRIDAY":41,"departures_SATURDAY":32,"departures_SUNDAY":17}},{"type":"Feature","geometry":{"type":"Point","coordinates":[3.7401,51.0421]},"properties":{"stop_id":"203132","stop_name":"Gent Keizerpoort (Keizervest)","qualifies_min1_weekday":true,"qualifies_min1_fullweek":true,"qualifies_min10_weekday":true,"qualifies_min10_fullweek":true,"qualifies_hourly_weekday":true,"qualifies_hourly_fullweek":true,"qualifies_halfhour_weekday":false,"qualifies_halfhour_fullweek":false,"departures_MONDAY":36,"departures_TUESDAY":41,"departures_WEDNESDAY":41,"departures_THURSDAY":41,"departures_FRIDAY":41,"departures_SATURDAY":32,"departures_SUNDAY":17}},{"type":"Feature","geometry":{"type":"Point","coordinates":[3.746,51.0474]},"properties":{"stop_id":"203133","stop_name":"Gent Vlaamsekaai","qualifies_min1_weekday":true,"qualifies_min1_fullweek":true,"qualifies_min10_weekday":true,"qualifies_min10_fullweek":true,"qualifies_hourly_weekday":true,"qualifies_hourly_fullweek":true,"qualifies_halfhour_weekday":false,"qualifies_halfhour_fullweek":false,"departures_MONDAY":36,"departures_TUESDAY":41,"departures_WEDNESDAY":41,"departures_THURSDAY":41,"departures_FRIDAY":41,"departures_SATURDAY":32,"departures_SUNDAY":17}},{"type":"Feature","geometry":{"type":"Point","coordinates":[3.7434,51.0497]},"properties":{"stop_id":"203134","stop_name":"Gent Forelstraat","qualifies_min1_weekday":true,"qualifies_min1_fullweek":true,"qualifies_min10_weekday":true,"qualifies_min10_fullweek":true,"qualifies_hourly_weekday":true,"qualifies_hourly_fullweek":true,"qualifies_halfhour_weekday":false,"qualifies_halfhour_fullweek":false,"departures_MONDAY":36,"departures_TUESDAY":41,"departures_WEDNESDAY":41,"departures_THURSDAY":41,"departures_FRIDAY":41,"departures_SATURDAY":32,"departures_SUNDAY":17}},{"type":"Feature","geometry":{"type":"Point","coordinates":[3.7856,51.0798]},"properties":{"stop_id":"203142","stop_name":"Oostakker Teirlinckstraat","qualifies_min1_weekday":true,"qualifies_min1_fullweek":true,"qualifies_min10_weekday":true,"qualifies_min10_fullweek":true,"qualifies_hourly_weekday":true,"qualifies_hourly_fullweek":true,"qualifies_halfhour_weekday":true,"qualifies_halfhour_fullweek":false,"departures_MONDAY":69,"departures_TUESDAY":75,"departures_WEDNESDAY":78,"departures_THURSDAY":75,"departures_FRIDAY":75,"departures_SATURDAY":63,"departures_SUNDAY":58}},{"type":"Feature","geometry":{"type":"Point","coordinates":[3.7926,51.0828]},"properties":{"stop_id":"203143","stop_name":"Oostakker Eisenhowerlaan","qualifies_min1_weekday":true,"qualifies_min1_fullweek":true,"qualifies_min10_weekday":true,"qualifies_min10_fullweek":true,"qualifies_hourly_weekday":true,"qualifies_hourly_fullweek":true,"qualifies_halfhour_weekday":true,"qualifies_halfhour_fullweek":false,"departures_MONDAY":69,"departures_TUESDAY":75,"departures_WEDNESDAY":78,"departures_THURSDAY":75,"departures_FRIDAY":75,"departures_SATURDAY":63,"departures_SUNDAY":58}},{"type":"Feature","geometry":{"type":"Point","coordinates":[3.8002,51.0856]},"properties":{"stop_id":"203144","stop_name":"Lochristi Sparrenlaan","qualifies_min1_weekday":true,"qualifies_min1_fullweek":true,"qualifies_min10_weekday":true,"qualifies_min10_fullweek":true,"qualifies_hourly_weekday":true,"qualifies_hourly_fullweek":true,"qualifies_halfhour_weekday":true,"qualifies_halfhour_fullweek":false,"departures_MONDAY":69,"departures_TUESDAY":75,"departures_WEDNESDAY":78,"departures_THURSDAY":75,"departures_FRIDAY":75,"departures_SATURDAY":63,"departures_SUNDAY":58}},{"type":"Feature","geometry":{"type":"Point","coordinates":[3.8079,51.0883]},"properties":{"stop_id":"203145","stop_name":"Lochristi Doornikstraat","qualifies_min1_weekday":true,"qualifies_min1_fullweek":true,"qualifies_min10_weekday":true,"qualifies_min10_fullweek":true,"qualifies_hourly_weekday":true,"qualifies_hourly_fullweek":true,"qualifies_halfhour_weekday":true,"qualifies_halfhour_fullweek":false,"departures_MONDAY":69,"departures_TUESDAY":75,"departures_WEDNESDAY":78,"departures_THURSDAY":75,"departures_FRIDAY":75,"departures_SATURDAY":63,"departures_SUNDAY":58}},{"type":"Feature","geometry":{"type":"Point","coordinates":[3.8289,51.0952]},"properties":{"stop_id":"203149","stop_name":"Lochristi Schoolstraat","qualifies_min1_weekday":true,"qualifies_min1_fullweek":true,"qualifies_min10_weekday":true,"qualifies_min10_fullweek":true,"qualifies_hourly_weekday":true,"qualifies_hourly_fullweek":true,"qualifies_halfhour_weekday":true,"qualifies_halfhour_fullweek":false,"departures_MONDAY":69,"departures_TUESDAY":75,"departures_WEDNESDAY":78,"departures_THURSDAY":75,"departures_FRIDAY":75,"departures_SATURDAY":63,"departures_SUNDAY":58}},{"type":"Feature","geometry":{"type":"Point","coordinates":[3.8334,51.0962]},"properties":{"stop_id":"203150","stop_name":"Lochristi Kerk","qualifies_min1_weekday":true,"qualifies_min1_fullweek":true,"qualifies_min10_weekday":true,"qualifies_min10_fullweek":true,"qualifies_hourly_weekday":true,"qualifies_hourly_fullweek":true,"qualifies_halfhour_weekday":true,"qualifies_halfhour_fullweek":false,"departures_MONDAY":69,"departures_TUESDAY":75,"departures_WEDNESDAY":78,"departures_THURSDAY":75,"departures_FRIDAY":75,"departures_SATURDAY":63,"departures_SUNDAY":58}},{"type":"Feature","geometry":{"type":"Point","coordinates":[3.665,51.0175]},"properties":{"stop_id":"203191","stop_name":"Sint-Denijs-Westrem Drie Sleutels","qualifies_min1_weekday":true,"qualifies_min1_fullweek":true,"qualifies_min10_weekday":true,"qualifies_min10_fullweek":true,"qualifies_hourly_weekday":true,"qualifies_hourly_fullweek":true,"qualifies_halfhour_weekday":false,"qualifies_halfhour_fullweek":false,"departures_MONDAY":50,"departures_TUESDAY":54,"departures_WEDNESDAY":54,"departures_THURSDAY":54,"departures_FRIDAY":54,"departures_SATURDAY":44,"departures_SUNDAY":32}},{"type":"Feature","geometry":{"type":"Point","coordinates":[3.6531,51.0149]},"properties":{"stop_id":"203192","stop_name":"Sint-Denijs-Westrem Rosdamstraat","qualifies_min1_weekday":true,"qualifies_min1_fullweek":true,"qualifies_min10_weekday":true,"qualifies_min10_fullweek":true,"qualifies_hourly_weekday":true,"qualifies_hourly_fullweek":true,"qualifies_halfhour_weekday":false,"qualifies_halfhour_fullweek":false,"departures_MONDAY":30,"departures_TUESDAY":31,"departures_WEDNESDAY":31,"departures_THURSDAY":31,"departures_FRIDAY":31,"departures_SATURDAY":27,"departures_SUNDAY":16}},{"type":"Feature","geometry":{"type":"Point","coordinates":[3.6459,51.0135]},"properties":{"stop_id":"203193","stop_name":"Sint-Martens-Latem Maenhoutstraat","qualifies_min1_weekday":true,"qualifies_min1_fullweek":true,"qualifies_min10_weekday":true,"qualifies_min10_fullweek":true,"qualifies_hourly_weekday":true,"qualifies_hourly_fullweek":true,"qualifies_halfhour_weekday":false,"qualifies_halfhour_fullweek":false,"departures_MONDAY":30,"departures_TUESDAY":31,"departures_WEDNESDAY":31,"departures_THURSDAY":31,"departures_FRIDAY":31,"departures_SATURDAY":27,"departures_SUNDAY":16}},{"type":"Feature","geometry":{"type":"Point","coordinates":[3.7609,51.1769]},"properties":{"stop_id":"203298","stop_name":"Ertvelde Rieme Kievitstraat","qualifies_min1_weekday":true,"qualifies_min1_fullweek":true,"qualifies_min10_weekday":true,"qualifies_min10_fullweek":true,"qualifies_hourly_weekday":true,"qualifies_hourly_fullweek":false,"qualifies_halfhour_weekday":false,"qualifies_halfhour_fullweek":false,"departures_MONDAY":32,"departures_TUESDAY":37,"departures_WEDNESDAY":35,"departures_THURSDAY":37,"departures_FRIDAY":37,"departures_SATURDAY":26,"departures_SUNDAY":16}},{"type":"Feature","geometry":{"type":"Point","coordinates":[3.7779,51.1738]},"properties":{"stop_id":"203327","stop_name":"Ertvelde Rieme Overweg","qualifies_min1_weekday":true,"qualifies_min1_fullweek":true,"qualifies_min10_weekday":true,"qualifies_min10_fullweek":true,"qualifies_hourly_weekday":true,"qualifies_hourly_fullweek":false,"qualifies_halfhour_weekday":false,"qualifies_halfhour_fullweek":false,"departures_MONDAY":32,"departures_TUESDAY":37,"departures_WEDNESDAY":35,"departures_THURSDAY":37,"departures_FRIDAY":37,"departures_SATURDAY":26,"departures_SUNDAY":16}},{"type":"Feature","geometry":{"type":"Point","coordinates":[3.6906,51.0718]},"properties":{"stop_id":"203358","stop_name":"Mariakerke Vaartstraat","qualifies_min1_weekday":true,"qualifies_min1_fullweek":true,"qualifies_min10_weekday":true,"qualifies_min10_fullweek":true,"qualifies_hourly_weekday":true,"qualifies_hourly_fullweek":true,"qualifies_halfhour_weekday":false,"qualifies_halfhour_fullweek":false,"departures_MONDAY":33,"departures_TUESDAY":35,"departures_WEDNESDAY":36,"departures_THURSDAY":35,"departures_FRIDAY":35,"departures_SATURDAY":18,"departures_SUNDAY":16}},{"type":"Feature","geometry":{"type":"Point","coordinates":[3.6857,51.0742]},"properties":{"stop_id":"203359","stop_name":"Mariakerke Mazestraat","qualifies_min1_weekday":true,"qualifies_min1_fullweek":true,"qualifies_min10_weekday":true,"qualifies_min10_fullweek":true,"qualifies_hourly_weekday":true,"qualifies_hourly_fullweek":true,"qualifies_halfhour_weekday":false,"qualifies_halfhour_fullweek":false,"departures_MONDAY":33,"departures_TUESDAY":35,"departures_WEDNESDAY":36,"departures_THURSDAY":35,"departures_FRIDAY":35,"departures_SATURDAY":18,"departures_SUNDAY":16}},{"type":"Feature","geometry":{"type":"Point","coordinates":[3.6773,51.0784]},"properties":{"stop_id":"203360","stop_name":"Mariakerke Groenestaakstraat","qualifies_min1_weekday":true,"qualifies_min1_fullweek":true,"qualifies_min10_weekday":true,"qualifies_min10_fullweek":true,"qualifies_hourly_weekday":true,"qualifies_hourly_fullweek":true,"qualifies_halfhour_weekday":false,"qualifies_halfhour_fullweek":false,"departures_MONDAY":33,"departures_TUESDAY":35,"departures_WEDNESDAY":36,"departures_THURSDAY":35,"departures_FRIDAY":35,"departures_SATURDAY":18,"departures_SUNDAY":16}},{"type":"Feature","geometry":{"type":"Point","coordinates":[3.6638,51.0853]},"properties":{"stop_id":"203362","stop_name":"Mariakerke Industrieweg","qualifies_min1_weekday":true,"qualifies_min1_fullweek":true,"qualifies_min10_weekday":true,"qualifies_min10_fullweek":true,"qualifies_hourly_weekday":true,"qualifies_hourly_fullweek":true,"qualifies_halfhour_weekday":false,"qualifies_halfhour_fullweek":false,"departures_MONDAY":33,"departures_TUESDAY":33,"departures_WEDNESDAY":34,"departures_THURSDAY":33,"departures_FRIDAY":33,"departures_SATURDAY":18,"departures_SUNDAY":16}},{"type":"Feature","geometry":{"type":"Point","coordinates":[3.7709,51.0994]},"properties":{"stop_id":"203397","stop_name":"Oostakker Wulverdam","qualifies_min1_weekday":true,"qualifies_min1_fullweek":true,"qualifies_min10_weekday":true,"qualifies_min10_fullweek":true,"qualifies_hourly_weekday":true,"qualifies_hourly_fullweek":true,"qualifies_halfhour_weekday":true,"qualifies_halfhour_fullweek":false,"departures_MONDAY":95,"departures_TUESDAY":104,"departures_WEDNESDAY":103,"departures_THURSDAY":104,"departures_FRIDAY":104,"departures_SATURDAY":88,"departures_SUNDAY":84}},{"type":"Feature","geometry":{"type":"Point","coordinates":[3.7277,51.0957]},"properties":{"stop_id":"203406","stop_name":"Gent Taminco","qualifies_min1_weekday":true,"qualifies_min1_fullweek":true,"qualifies_min10_weekday":true,"qualifies_min10_fullweek":true,"qualifies_hourly_weekday":true,"qualifies_hourly_fullweek":false,"qualifies_halfhour_weekday":false,"qualifies_halfhour_fullweek":false,"departures_MONDAY":32,"departures_TUESDAY":35,"departures_WEDNESDAY":33,"departures_THURSDAY":35,"departures_FRIDAY":35,"departures_SATURDAY":26,"departures_SUNDAY":16}},{"type":"Feature","geometry":{"type":"Point","coordinates":[3.7292,51.0995]},"properties":{"stop_id":"203407","stop_name":"Gent Passagierstraat","qualifies_min1_weekday":true,"qualifies_min1_fullweek":true,"qualifies_min10_weekday":true,"qualifies_min10_fullweek":true,"qualifies_hourly_weekday":true,"qualifies_hourly_fullweek":false,"qualifies_halfhour_weekday":false,"qualifies_halfhour_fullweek":false,"departures_MONDAY":32,"departures_TUESDAY":35,"departures_WEDNESDAY":33,"departures_THURSDAY":35,"departures_FRIDAY":35,"departures_SATURDAY":26,"departures_SUNDAY":16}},{"type":"Feature","geometry":{"type":"Point","coordinates":[3.7995,51.1926]},"properties":{"stop_id":"203431","stop_name":"Zelzate Klein Rusland","qualifies_min1_weekday":true,"qualifies_min1_fullweek":true,"qualifies_min10_weekday":true,"qualifies_min10_fullweek":true,"qualifies_hourly_weekday":true,"qualifies_hourly_fullweek":false,"qualifies_halfhour_weekday":false,"qualifies_halfhour_fullweek":false,"departures_MONDAY":31,"departures_TUESDAY":37,"departures_WEDNESDAY":35,"departures_THURSDAY":37,"departures_FRIDAY":37,"departures_SATURDAY":26,"departures_SUNDAY":16}},{"type":"Feature","geometry":{"type":"Point","coordinates":[3.755,51.0519]},"properties":{"stop_id":"203451","stop_name":"Sint-Amandsberg Baeyensstraat","qualifies_min1_weekday":true,"qualifies_min1_fullweek":true,"qualifies_min10_weekday":true,"qualifies_min10_fullweek":true,"qualifies_hourly_weekday":true,"qualifies_hourly_fullweek":true,"qualifies_halfhour_weekday":true,"qualifies_halfhour_fullweek":false,"departures_MONDAY":63,"departures_TUESDAY":68,"departures_WEDNESDAY":68,"departures_THURSDAY":68,"departures_FRIDAY":68,"departures_SATURDAY":57,"departures_SUNDAY":29}},{"type":"Feature","geometry":{"type":"Point","coordinates":[3.7592,51.0518]},"properties":{"stop_id":"203452","stop_name":"Destelbergen Lossystraat","qualifies_min1_weekday":true,"qualifies_min1_fullweek":true,"qualifies_min10_weekday":true,"qualifies_min10_fullweek":true,"qualifies_hourly_weekday":true,"qualifies_hourly_fullweek":true,"qualifies_halfhour_weekday":true,"qualifies_halfhour_fullweek":false,"departures_MONDAY":63,"departures_TUESDAY":68,"departures_WEDNESDAY":68,"departures_THURSDAY":68,"departures_FRIDAY":68,"departures_SATURDAY":57,"departures_SUNDAY":29}},{"type":"Feature","geometry":{"type":"Point","coordinates":[3.766,51.0524]},"properties":{"stop_id":"203453","stop_name":"Destelbergen Stelplaats","qualifies_min1_weekday":true,"qualifies_min1_fullweek":true,"qualifies_min10_weekday":true,"qualifies_min10_fullweek":true,"qualifies_hourly_weekday":true,"qualifies_hourly_fullweek":true,"qualifies_halfhour_weekday":true,"qualifies_halfhour_fullweek":false,"departures_MONDAY":63,"departures_TUESDAY":68,"departures_WEDNESDAY":68,"departures_THURSDAY":68,"departures_FRIDAY":68,"departures_SATURDAY":57,"departures_SUNDAY":29}},{"type":"Feature","geometry":{"type":"Point","coordinates":[3.7702,51.0536]},"properties":{"stop_id":"203454","stop_name":"Destelbergen Admiraalstraat","qualifies_min1_weekday":true,"qualifies_min1_fullweek":true,"qualifies_min10_weekday":true,"qualifies_min10_fullweek":true,"qualifies_hourly_weekday":true,"qualifies_hourly_fullweek":true,"qualifies_halfhour_weekday":true,"qualifies_halfhour_fullweek":false,"departures_MONDAY":63,"departures_TUESDAY":68,"departures_WEDNESDAY":68,"departures_THURSDAY":68,"departures_FRIDAY":68,"departures_SATURDAY":57,"departures_SUNDAY":29}},{"type":"Feature","geometry":{"type":"Point","coordinates":[3.7814,51.0553]},"properties":{"stop_id":"203455","stop_name":"Destelbergen Zenderstraat","qualifies_min1_weekday":true,"qualifies_min1_fullweek":true,"qualifies_min10_weekday":true,"qualifies_min10_fullweek":true,"qualifies_hourly_weekday":true,"qualifies_hourly_fullweek":true,"qualifies_halfhour_weekday":true,"qualifies_halfhour_fullweek":false,"departures_MONDAY":63,"departures_TUESDAY":68,"departures_WEDNESDAY":68,"departures_THURSDAY":68,"departures_FRIDAY":68,"departures_SATURDAY":57,"departures_SUNDAY":29}},{"type":"Feature","geometry":{"type":"Point","coordinates":[3.7176,51.0344]},"properties":{"stop_id":"203541","stop_name":"Gent Parkplein (Parklaan)","qualifies_min1_weekday":true,"qualifies_min1_fullweek":true,"qualifies_min10_weekday":true,"qualifies_min10_fullweek":true,"qualifies_hourly_weekday":true,"qualifies_hourly_fullweek":true,"qualifies_halfhour_weekday":true,"qualifies_halfhour_fullweek":true,"departures_MONDAY":208,"departures_TUESDAY":233,"departures_WEDNESDAY":230,"departures_THURSDAY":233,"departures_FRIDAY":233,"departures_SATURDAY":184,"departures_SUNDAY":153}},{"type":"Feature","geometry":{"type":"Point","coordinates":[3.7524,51.0761]},"properties":{"stop_id":"203546","stop_name":"Gent Bernadette Kerk","qualifies_min1_weekday":true,"qualifies_min1_fullweek":true,"qualifies_min10_weekday":true,"qualifies_min10_fullweek":true,"qualifies_hourly_weekday":true,"qualifies_hourly_fullweek":true,"qualifies_halfhour_weekday":true,"qualifies_halfhour_fullweek":false,"departures_MONDAY":65,"departures_TUESDAY":75,"departures_WEDNESDAY":74,"departures_THURSDAY":75,"departures_FRIDAY":75,"departures_SATURDAY":61,"departures_SUNDAY":56}},{"type":"Feature","geometry":{"type":"Point","coordinates":[3.7571,51.0796]},"properties":{"stop_id":"203547","stop_name":"Oostakker Slotendries","qualifies_min1_weekday":true,"qualifies_min1_fullweek":true,"qualifies_min10_weekday":true,"qualifies_min10_fullweek":true,"qualifies_hourly_weekday":true,"qualifies_hourly_fullweek":true,"qualifies_halfhour_weekday":true,"qualifies_halfhour_fullweek":false,"departures_MONDAY":65,"departures_TUESDAY":75,"departures_WEDNESDAY":74,"departures_THURSDAY":75,"departures_FRIDAY":75,"departures_SATURDAY":61,"departures_SUNDAY":56}},{"type":"Feature","geometry":{"type":"Point","coordinates":[3.7588,51.082]},"properties":{"stop_id":"203548","stop_name":"Oostakker Lourdes","qualifies_min1_weekday":true,"qualifies_min1_fullweek":true,"qualifies_min10_weekday":true,"qualifies_min10_fullweek":true,"qualifies_hourly_weekday":true,"qualifies_hourly_fullweek":true,"qualifies_halfhour_weekday":true,"qualifies_halfhour_fullweek":false,"departures_MONDAY":65,"departures_TUESDAY":65,"departures_WEDNESDAY":65,"departures_THURSDAY":65,"departures_FRIDAY":65,"departures_SATURDAY":61,"departures_SUNDAY":56}},{"type":"Feature","geometry":{"type":"Point","coordinates":[3.7584,51.089]},"properties":{"stop_id":"203549","stop_name":"Oostakker Eikstraat","qualifies_min1_weekday":true,"qualifies_min1_fullweek":true,"qualifies_min10_weekday":true,"qualifies_min10_fullweek":true,"qualifies_hourly_weekday":true,"qualifies_hourly_fullweek":true,"qualifies_halfhour_weekday":true,"qualifies_halfhour_fullweek":false,"departures_MONDAY":64,"departures_TUESDAY":64,"departures_WEDNESDAY":64,"departures_THURSDAY":64,"departures_FRIDAY":64,"departures_SATURDAY":60,"departures_SUNDAY":56}},{"type":"Feature","geometry":{"type":"Point","coordinates":[3.7584,51.0916]},"properties":{"stop_id":"203550","stop_name":"Oostakker Drie Zwaantjes","qualifies_min1_weekday":true,"qualifies_min1_fullweek":true,"qualifies_min10_weekday":true,"qualifies_min10_fullweek":true,"qualifies_hourly_weekday":true,"qualifies_hourly_fullweek":true,"qualifies_halfhour_weekday":true,"qualifies_halfhour_fullweek":false,"departures_MONDAY":64,"departures_TUESDAY":64,"departures_WEDNESDAY":64,"departures_THURSDAY":64,"departures_FRIDAY":64,"departures_SATURDAY":60,"departures_SUNDAY":56}},{"type":"Feature","geometry":{"type":"Point","coordinates":[3.764,51.0799]},"properties":{"stop_id":"203554","stop_name":"Oostakker Onze-Lieve-Vrouwstraat","qualifies_min1_weekday":false,"qualifies_min1_fullweek":false,"qualifies_min10_weekday":false,"qualifies_min10_fullweek":false,"qualifies_hourly_weekday":false,"qualifies_hourly_fullweek":false,"qualifies_halfhour_weekday":false,"qualifies_halfhour_fullweek":false,"departures_MONDAY":0,"departures_TUESDAY":10,"departures_WEDNESDAY":9,"departures_THURSDAY":10,"departures_FRIDAY":10,"departures_SATURDAY":0,"departures_SUNDAY":0}},{"type":"Feature","geometry":{"type":"Point","coordinates":[3.7634,51.0817]},"properties":{"stop_id":"203556","stop_name":"Oostakker Sint-Jozefstraat","qualifies_min1_weekday":false,"qualifies_min1_fullweek":false,"qualifies_min10_weekday":false,"qualifies_min10_fullweek":false,"qualifies_hourly_weekday":false,"qualifies_hourly_fullweek":false,"qualifies_halfhour_weekday":false,"qualifies_halfhour_fullweek":false,"departures_MONDAY":0,"departures_TUESDAY":10,"departures_WEDNESDAY":9,"departures_THURSDAY":10,"departures_FRIDAY":10,"departures_SATURDAY":0,"departures_SUNDAY":0}},{"type":"Feature","geometry":{"type":"Point","coordinates":[3.7676,51.0847]},"properties":{"stop_id":"203557","stop_name":"Oostakker Edugo (Sint-Jozefstraat)","qualifies_min1_weekday":false,"qualifies_min1_fullweek":false,"qualifies_min10_weekday":false,"qualifies_min10_fullweek":false,"qualifies_hourly_weekday":false,"qualifies_hourly_fullweek":false,"qualifies_halfhour_weekday":false,"qualifies_halfhour_fullweek":false,"departures_MONDAY":0,"departures_TUESDAY":10,"departures_WEDNESDAY":9,"departures_THURSDAY":10,"departures_FRIDAY":10,"departures_SATURDAY":0,"departures_SUNDAY":0}},{"type":"Feature","geometry":{"type":"Point","coordinates":[3.7706,51.0924]},"properties":{"stop_id":"203559","stop_name":"Oostakker Sint-Arnoutstraat","qualifies_min1_weekday":false,"qualifies_min1_fullweek":false,"qualifies_min10_weekday":false,"qualifies_min10_fullweek":false,"qualifies_hourly_weekday":false,"qualifies_hourly_fullweek":false,"qualifies_halfhour_weekday":false,"qualifies_halfhour_fullweek":false,"departures_MONDAY":0,"departures_TUESDAY":9,"departures_WEDNESDAY":8,"departures_THURSDAY":9,"departures_FRIDAY":9,"departures_SATURDAY":0,"departures_SUNDAY":0}},{"type":"Feature","geometry":{"type":"Point","coordinates":[3.775,51.098]},"properties":{"stop_id":"203562","stop_name":"Oostakker Drieselstraat","qualifies_min1_weekday":true,"qualifies_min1_fullweek":true,"qualifies_min10_weekday":true,"qualifies_min10_fullweek":true,"qualifies_hourly_weekday":true,"qualifies_hourly_fullweek":true,"qualifies_halfhour_weekday":true,"qualifies_halfhour_fullweek":false,"departures_MONDAY":64,"departures_TUESDAY":73,"departures_WEDNESDAY":72,"departures_THURSDAY":73,"departures_FRIDAY":73,"departures_SATURDAY":60,"departures_SUNDAY":56}},{"type":"Feature","geometry":{"type":"Point","coordinates":[3.7593,51.1025]},"properties":{"stop_id":"203565","stop_name":"Oostakker Langerbruggestraat","qualifies_min1_weekday":true,"qualifies_min1_fullweek":false,"qualifies_min10_weekday":false,"qualifies_min10_fullweek":false,"qualifies_hourly_weekday":false,"qualifies_hourly_fullweek":false,"qualifies_halfhour_weekday":false,"qualifies_halfhour_fullweek":false,"departures_MONDAY":8,"departures_TUESDAY":9,"departures_WEDNESDAY":9,"departures_THURSDAY":9,"departures_FRIDAY":12,"departures_SATURDAY":0,"departures_SUNDAY":0}},{"type":"Feature","geometry":{"type":"Point","coordinates":[3.8164,51.1557]},"properties":{"stop_id":"203574","stop_name":"Sint-Kruis-Winkel De Baetsplaats","qualifies_min1_weekday":false,"qualifies_min1_fullweek":false,"qualifies_min10_weekday":false,"qualifies_min10_fullweek":false,"qualifies_hourly_weekday":false,"qualifies_hourly_fullweek":false,"qualifies_halfhour_weekday":false,"qualifies_halfhour_fullweek":false,"departures_MONDAY":0,"departures_TUESDAY":5,"departures_WEDNESDAY":4,"departures_THURSDAY":5,"departures_FRIDAY":5,"departures_SATURDAY":0,"departures_SUNDAY":0}},{"type":"Feature","geometry":{"type":"Point","coordinates":[3.8235,51.1544]},"properties":{"stop_id":"203575","stop_name":"Sint-Kruis-Winkel Kerk","qualifies_min1_weekday":false,"qualifies_min1_fullweek":false,"qualifies_min10_weekday":false,"qualifies_min10_fullweek":false,"qualifies_hourly_weekday":false,"qualifies_hourly_fullweek":false,"qualifies_halfhour_weekday":false,"qualifies_halfhour_fullweek":false,"departures_MONDAY":0,"departures_TUESDAY":5,"departures_WEDNESDAY":4,"departures_THURSDAY":5,"departures_FRIDAY":5,"departures_SATURDAY":0,"departures_SUNDAY":0}},{"type":"Feature","geometry":{"type":"Point","coordinates":[3.8365,51.157]},"properties":{"stop_id":"203576","stop_name":"Sint-Kruis-Winkel Kapelledreef","qualifies_min1_weekday":false,"qualifies_min1_fullweek":false,"qualifies_min10_weekday":false,"qualifies_min10_fullweek":false,"qualifies_hourly_weekday":false,"qualifies_hourly_fullweek":false,"qualifies_halfhour_weekday":false,"qualifies_halfhour_fullweek":false,"departures_MONDAY":0,"departures_TUESDAY":5,"departures_WEDNESDAY":4,"departures_THURSDAY":5,"departures_FRIDAY":5,"departures_SATURDAY":0,"departures_SUNDAY":0}},{"type":"Feature","geometry":{"type":"Point","coordinates":[3.7868,51.1217]},"properties":{"stop_id":"203590","stop_name":"Desteldonk Koemeersstraat","qualifies_min1_weekday":false,"qualifies_min1_fullweek":false,"qualifies_min10_weekday":false,"qualifies_min10_fullweek":false,"qualifies_hourly_weekday":false,"qualifies_hourly_fullweek":false,"qualifies_halfhour_weekday":false,"qualifies_halfhour_fullweek":false,"departures_MONDAY":0,"departures_TUESDAY":4,"departures_WEDNESDAY":4,"departures_THURSDAY":4,"departures_FRIDAY":4,"departures_SATURDAY":0,"departures_SUNDAY":0}},{"type":"Feature","geometry":{"type":"Point","coordinates":[3.7927,51.1216]},"properties":{"stop_id":"203591","stop_name":"Desteldonk Mispelstraat","qualifies_min1_weekday":false,"qualifies_min1_fullweek":false,"qualifies_min10_weekday":false,"qualifies_min10_fullweek":false,"qualifies_hourly_weekday":false,"qualifies_hourly_fullweek":false,"qualifies_halfhour_weekday":false,"qualifies_halfhour_fullweek":false,"departures_MONDAY":0,"departures_TUESDAY":4,"departures_WEDNESDAY":4,"departures_THURSDAY":4,"departures_FRIDAY":4,"departures_SATURDAY":0,"departures_SUNDAY":0}},{"type":"Feature","geometry":{"type":"Point","coordinates":[3.7974,51.1219]},"properties":{"stop_id":"203592","stop_name":"Desteldonk Moleneinde","qualifies_min1_weekday":false,"qualifies_min1_fullweek":false,"qualifies_min10_weekday":false,"qualifies_min10_fullweek":false,"qualifies_hourly_weekday":false,"qualifies_hourly_fullweek":false,"qualifies_halfhour_weekday":false,"qualifies_halfhour_fullweek":false,"departures_MONDAY":0,"departures_TUESDAY":4,"departures_WEDNESDAY":4,"departures_THURSDAY":4,"departures_FRIDAY":4,"departures_SATURDAY":0,"departures_SUNDAY":0}},{"type":"Feature","geometry":{"type":"Point","coordinates":[3.8144,51.1238]},"properties":{"stop_id":"203595","stop_name":"Desteldonk Lindestraat 108","qualifies_min1_weekday":false,"qualifies_min1_fullweek":false,"qualifies_min10_weekday":false,"qualifies_min10_fullweek":false,"qualifies_hourly_weekday":false,"qualifies_hourly_fullweek":false,"qualifies_halfhour_weekday":false,"qualifies_halfhour_fullweek":false,"departures_MONDAY":0,"departures_TUESDAY":0,"departures_WEDNESDAY":0,"departures_THURSDAY":0,"departures_FRIDAY":0,"departures_SATURDAY":0,"departures_SUNDAY":0}},{"type":"Feature","geometry":{"type":"Point","coordinates":[3.7649,51.0938]},"properties":{"stop_id":"203608","stop_name":"Oostakker Sporthal Wolfput","qualifies_min1_weekday":true,"qualifies_min1_fullweek":true,"qualifies_min10_weekday":true,"qualifies_min10_fullweek":true,"qualifies_hourly_weekday":true,"qualifies_hourly_fullweek":true,"qualifies_halfhour_weekday":true,"qualifies_halfhour_fullweek":false,"departures_MONDAY":64,"departures_TUESDAY":64,"departures_WEDNESDAY":64,"departures_THURSDAY":64,"departures_FRIDAY":64,"departures_SATURDAY":60,"departures_SUNDAY":56}},{"type":"Feature","geometry":{"type":"Point","coordinates":[3.7706,51.1022]},"properties":{"stop_id":"203610","stop_name":"Oostakker Kerkhof","qualifies_min1_weekday":false,"qualifies_min1_fullweek":false,"qualifies_min10_weekday":false,"qualifies_min10_fullweek":false,"qualifies_hourly_weekday":false,"qualifies_hourly_fullweek":false,"qualifies_halfhour_weekday":false,"qualifies_halfhour_fullweek":false,"departures_MONDAY":0,"departures_TUESDAY":9,"departures_WEDNESDAY":8,"departures_THURSDAY":9,"departures_FRIDAY":9,"departures_SATURDAY":0,"departures_SUNDAY":0}},{"type":"Feature","geometry":{"type":"Point","coordinates":[3.7756,51.1039]},"properties":{"stop_id":"203611","stop_name":"Oostakker Molzelestraat","qualifies_min1_weekday":false,"qualifies_min1_fullweek":false,"qualifies_min10_weekday":false,"qualifies_min10_fullweek":false,"qualifies_hourly_weekday":false,"qualifies_hourly_fullweek":false,"qualifies_halfhour_weekday":false,"qualifies_halfhour_fullweek":false,"departures_MONDAY":0,"departures_TUESDAY":9,"departures_WEDNESDAY":8,"departures_THURSDAY":9,"departures_FRIDAY":9,"departures_SATURDAY":0,"departures_SUNDAY":0}},{"type":"Feature","geometry":{"type":"Point","coordinates":[3.7825,51.1083]},"properties":{"stop_id":"203613","stop_name":"Oostakker Wittewalle","qualifies_min1_weekday":false,"qualifies_min1_fullweek":false,"qualifies_min10_weekday":false,"qualifies_min10_fullweek":false,"qualifies_hourly_weekday":false,"qualifies_hourly_fullweek":false,"qualifies_halfhour_weekday":false,"qualifies_halfhour_fullweek":false,"departures_MONDAY":0,"departures_TUESDAY":9,"departures_WEDNESDAY":8,"departures_THURSDAY":9,"departures_FRIDAY":9,"departures_SATURDAY":0,"departures_SUNDAY":0}},{"type":"Feature","geometry":{"type":"Point","coordinates":[3.7888,51.1083]},"properties":{"stop_id":"203614","stop_name":"Oostakker Eversdonk","qualifies_min1_weekday":false,"qualifies_min1_fullweek":false,"qualifies_min10_weekday":false,"qualifies_min10_fullweek":false,"qualifies_hourly_weekday":false,"qualifies_hourly_fullweek":false,"qualifies_halfhour_weekday":false,"qualifies_halfhour_fullweek":false,"departures_MONDAY":0,"departures_TUESDAY":9,"departures_WEDNESDAY":8,"departures_THURSDAY":9,"departures_FRIDAY":9,"departures_SATURDAY":0,"departures_SUNDAY":0}},{"type":"Feature","geometry":{"type":"Point","coordinates":[3.8315,51.1218]},"properties":{"stop_id":"203619","stop_name":"Zaffelare Kapiteinstraat","qualifies_min1_weekday":true,"qualifies_min1_fullweek":true,"qualifies_min10_weekday":true,"qualifies_min10_fullweek":true,"qualifies_hourly_weekday":false,"qualifies_hourly_fullweek":false,"qualifies_halfhour_weekday":false,"qualifies_halfhour_fullweek":false,"departures_MONDAY":20,"departures_TUESDAY":24,"departures_WEDNESDAY":24,"departures_THURSDAY":24,"departures_FRIDAY":24,"departures_SATURDAY":17,"departures_SUNDAY":16}},{"type":"Feature","geometry":{"type":"Point","coordinates":[3.8458,51.128]},"properties":{"stop_id":"203621","stop_name":"Zaffelare Nerenhoek","qualifies_min1_weekday":true,"qualifies_min1_fullweek":true,"qualifies_min10_weekday":true,"qualifies_min10_fullweek":true,"qualifies_hourly_weekday":false,"qualifies_hourly_fullweek":false,"qualifies_halfhour_weekday":false,"qualifies_halfhour_fullweek":false,"departures_MONDAY":20,"departures_TUESDAY":24,"departures_WEDNESDAY":24,"departures_THURSDAY":24,"departures_FRIDAY":24,"departures_SATURDAY":17,"departures_SUNDAY":16}},{"type":"Feature","geometry":{"type":"Point","coordinates":[3.8556,51.1305]},"properties":{"stop_id":"203622","stop_name":"Zaffelare Molenstraat","qualifies_min1_weekday":true,"qualifies_min1_fullweek":true,"qualifies_min10_weekday":true,"qualifies_min10_fullweek":true,"qualifies_hourly_weekday":false,"qualifies_hourly_fullweek":false,"qualifies_halfhour_weekday":false,"qualifies_halfhour_fullweek":false,"departures_MONDAY":20,"departures_TUESDAY":24,"departures_WEDNESDAY":24,"departures_THURSDAY":24,"departures_FRIDAY":24,"departures_SATURDAY":17,"departures_SUNDAY":16}},{"type":"Feature","geometry":{"type":"Point","coordinates":[3.864,51.1519]},"properties":{"stop_id":"203641","stop_name":"Wachtebeke Craenendam","qualifies_min1_weekday":true,"qualifies_min1_fullweek":true,"qualifies_min10_weekday":true,"qualifies_min10_fullweek":true,"qualifies_hourly_weekday":true,"qualifies_hourly_fullweek":false,"qualifies_halfhour_weekday":false,"qualifies_halfhour_fullweek":false,"departures_MONDAY":19,"departures_TUESDAY":19,"departures_WEDNESDAY":19,"departures_THURSDAY":19,"departures_FRIDAY":19,"departures_SATURDAY":16,"departures_SUNDAY":16}},{"type":"Feature","geometry":{"type":"Point","coordinates":[3.7107,51.0603]},"properties":{"stop_id":"203648","stop_name":"Gent Rabot (Griendeplein)","qualifies_min1_weekday":true,"qualifies_min1_fullweek":true,"qualifies_min10_weekday":true,"qualifies_min10_fullweek":true,"qualifies_hourly_weekday":true,"qualifies_hourly_fullweek":true,"qualifies_halfhour_weekday":false,"qualifies_halfhour_fullweek":false,"departures_MONDAY":33,"departures_TUESDAY":35,"departures_WEDNESDAY":36,"departures_THURSDAY":35,"departures_FRIDAY":35,"departures_SATURDAY":18,"departures_SUNDAY":16}},{"type":"Feature","geometry":{"type":"Point","coordinates":[3.7154,51.0764]},"properties":{"stop_id":"203651","stop_name":"Gent Grensstraat","qualifies_min1_weekday":true,"qualifies_min1_fullweek":true,"qualifies_min10_weekday":true,"qualifies_min10_fullweek":true,"qualifies_hourly_weekday":true,"qualifies_hourly_fullweek":true,"qualifies_halfhour_weekday":true,"qualifies_halfhour_fullweek":true,"departures_MONDAY":209,"departures_TUESDAY":251,"departures_WEDNESDAY":246,"departures_THURSDAY":251,"departures_FRIDAY":251,"departures_SATURDAY":205,"departures_SUNDAY":181}},{"type":"Feature","geometry":{"type":"Point","coordinates":[3.7166,51.0805]},"properties":{"stop_id":"203652","stop_name":"Wondelgem Spoorwegstraat","qualifies_min1_weekday":true,"qualifies_min1_fullweek":true,"qualifies_min10_weekday":true,"qualifies_min10_fullweek":true,"qualifies_hourly_weekday":true,"qualifies_hourly_fullweek":true,"qualifies_halfhour_weekday":true,"qualifies_halfhour_fullweek":true,"departures_MONDAY":209,"departures_TUESDAY":251,"departures_WEDNESDAY":246,"departures_THURSDAY":251,"departures_FRIDAY":251,"departures_SATURDAY":205,"departures_SUNDAY":181}},{"type":"Feature","geometry":{"type":"Point","coordinates":[3.7167,51.0857]},"properties":{"stop_id":"203654","stop_name":"Wondelgem Molenstraat","qualifies_min1_weekday":true,"qualifies_min1_fullweek":true,"qualifies_min10_weekday":true,"qualifies_min10_fullweek":true,"qualifies_hourly_weekday":true,"qualifies_hourly_fullweek":true,"qualifies_halfhour_weekday":true,"qualifies_halfhour_fullweek":true,"departures_MONDAY":209,"departures_TUESDAY":251,"departures_WEDNESDAY":246,"departures_THURSDAY":251,"departures_FRIDAY":251,"departures_SATURDAY":205,"departures_SUNDAY":181}},{"type":"Feature","geometry":{"type":"Point","coordinates":[3.7356,51.155]},"properties":{"stop_id":"203665","stop_name":"Kluizen Toekomststraat","qualifies_min1_weekday":true,"qualifies_min1_fullweek":true,"qualifies_min10_weekday":true,"qualifies_min10_fullweek":true,"qualifies_hourly_weekday":true,"qualifies_hourly_fullweek":false,"qualifies_halfhour_weekday":false,"qualifies_halfhour_fullweek":false,"departures_MONDAY":32,"departures_TUESDAY":42,"departures_WEDNESDAY":36,"departures_THURSDAY":42,"departures_FRIDAY":42,"departures_SATURDAY":26,"departures_SUNDAY":16}},{"type":"Feature","geometry":{"type":"Point","coordinates":[3.6404,51.0415]},"properties":{"stop_id":"203756","stop_name":"Drongen Sint-Gerolfstraat","qualifies_min1_weekday":true,"qualifies_min1_fullweek":true,"qualifies_min10_weekday":true,"qualifies_min10_fullweek":true,"qualifies_hourly_weekday":true,"qualifies_hourly_fullweek":true,"qualifies_halfhour_weekday":false,"qualifies_halfhour_fullweek":false,"departures_MONDAY":31,"departures_TUESDAY":34,"departures_WEDNESDAY":33,"departures_THURSDAY":34,"departures_FRIDAY":34,"departures_SATURDAY":28,"departures_SUNDAY":27}},{"type":"Feature","geometry":{"type":"Point","coordinates":[3.6031,51.0429]},"properties":{"stop_id":"203758","stop_name":"Drongen Booiebos","qualifies_min1_weekday":true,"qualifies_min1_fullweek":false,"qualifies_min10_weekday":false,"qualifies_min10_fullweek":false,"qualifies_hourly_weekday":false,"qualifies_hourly_fullweek":false,"qualifies_halfhour_weekday":false,"qualifies_halfhour_fullweek":false,"departures_MONDAY":2,"departures_TUESDAY":2,"departures_WEDNESDAY":2,"departures_THURSDAY":2,"departures_FRIDAY":2,"departures_SATURDAY":0,"departures_SUNDAY":0}},{"type":"Feature","geometry":{"type":"Point","coordinates":[3.6176,51.037]},"properties":{"stop_id":"203760","stop_name":"Drongen Baarledorpstraat","qualifies_min1_weekday":true,"qualifies_min1_fullweek":true,"qualifies_min10_weekday":true,"qualifies_min10_fullweek":true,"qualifies_hourly_weekday":true,"qualifies_hourly_fullweek":true,"qualifies_halfhour_weekday":false,"qualifies_halfhour_fullweek":false,"departures_MONDAY":31,"departures_TUESDAY":35,"departures_WEDNESDAY":34,"departures_THURSDAY":35,"departures_FRIDAY":35,"departures_SATURDAY":28,"departures_SUNDAY":27}},{"type":"Feature","geometry":{"type":"Point","coordinates":[3.6128,51.0355]},"properties":{"stop_id":"203761","stop_name":"Drongen Molenhuis","qualifies_min1_weekday":true,"qualifies_min1_fullweek":true,"qualifies_min10_weekday":true,"qualifies_min10_fullweek":true,"qualifies_hourly_weekday":true,"qualifies_hourly_fullweek":true,"qualifies_halfhour_weekday":false,"qualifies_halfhour_fullweek":false,"departures_MONDAY":31,"departures_TUESDAY":35,"departures_WEDNESDAY":34,"departures_THURSDAY":35,"departures_FRIDAY":35,"departures_SATURDAY":28,"departures_SUNDAY":27}},{"type":"Feature","geometry":{"type":"Point","coordinates":[3.6085,51.0341]},"properties":{"stop_id":"203762","stop_name":"Drongen Baarleboslaan","qualifies_min1_weekday":true,"qualifies_min1_fullweek":true,"qualifies_min10_weekday":true,"qualifies_min10_fullweek":true,"qualifies_hourly_weekday":true,"qualifies_hourly_fullweek":true,"qualifies_halfhour_weekday":false,"qualifies_halfhour_fullweek":false,"departures_MONDAY":31,"departures_TUESDAY":35,"departures_WEDNESDAY":34,"departures_THURSDAY":35,"departures_FRIDAY":35,"departures_SATURDAY":28,"departures_SUNDAY":27}},{"type":"Feature","geometry":{"type":"Point","coordinates":[3.6048,51.0314]},"properties":{"stop_id":"203763","stop_name":"Drongen Baarlewarande","qualifies_min1_weekday":true,"qualifies_min1_fullweek":true,"qualifies_min10_weekday":true,"qualifies_min10_fullweek":true,"qualifies_hourly_weekday":true,"qualifies_hourly_fullweek":true,"qualifies_halfhour_weekday":false,"qualifies_halfhour_fullweek":false,"departures_MONDAY":31,"departures_TUESDAY":35,"departures_WEDNESDAY":34,"departures_THURSDAY":35,"departures_FRIDAY":35,"departures_SATURDAY":28,"departures_SUNDAY":27}},{"type":"Feature","geometry":{"type":"Point","coordinates":[3.6036,51.0289]},"properties":{"stop_id":"203764","stop_name":"Drongen Zombeekstraat","qualifies_min1_weekday":true,"qualifies_min1_fullweek":true,"qualifies_min10_weekday":true,"qualifies_min10_fullweek":true,"qualifies_hourly_weekday":true,"qualifies_hourly_fullweek":true,"qualifies_halfhour_weekday":false,"qualifies_halfhour_fullweek":false,"departures_MONDAY":31,"departures_TUESDAY":35,"departures_WEDNESDAY":34,"departures_THURSDAY":35,"departures_FRIDAY":35,"departures_SATURDAY":28,"departures_SUNDAY":27}},{"type":"Feature","geometry":{"type":"Point","coordinates":[3.5908,51.017]},"properties":{"stop_id":"203765","stop_name":"Sint-Martens-Leerne Lindeboom","qualifies_min1_weekday":true,"qualifies_min1_fullweek":true,"qualifies_min10_weekday":true,"qualifies_min10_fullweek":true,"qualifies_hourly_weekday":true,"qualifies_hourly_fullweek":true,"qualifies_halfhour_weekday":false,"qualifies_halfhour_fullweek":false,"departures_MONDAY":31,"departures_TUESDAY":35,"departures_WEDNESDAY":34,"departures_THURSDAY":35,"departures_FRIDAY":35,"departures_SATURDAY":28,"departures_SUNDAY":27}},{"type":"Feature","geometry":{"type":"Point","coordinates":[3.5867,51.015]},"properties":{"stop_id":"203766","stop_name":"Sint-Martens-Leerne Engelhoekstraat","qualifies_min1_weekday":true,"qualifies_min1_fullweek":true,"qualifies_min10_weekday":true,"qualifies_min10_fullweek":true,"qualifies_hourly_weekday":true,"qualifies_hourly_fullweek":true,"qualifies_halfhour_weekday":false,"qualifies_halfhour_fullweek":false,"departures_MONDAY":31,"departures_TUESDAY":35,"departures_WEDNESDAY":34,"departures_THURSDAY":35,"departures_FRIDAY":35,"departures_SATURDAY":28,"departures_SUNDAY":27}},{"type":"Feature","geometry":{"type":"Point","coordinates":[3.7808,51.0274]},"properties":{"stop_id":"203776","stop_name":"Melle Wevershof","qualifies_min1_weekday":true,"qualifies_min1_fullweek":false,"qualifies_min10_weekday":false,"qualifies_min10_fullweek":false,"qualifies_hourly_weekday":false,"qualifies_hourly_fullweek":false,"qualifies_halfhour_weekday":false,"qualifies_halfhour_fullweek":false,"departures_MONDAY":7,"departures_TUESDAY":7,"departures_WEDNESDAY":7,"departures_THURSDAY":7,"departures_FRIDAY":7,"departures_SATURDAY":0,"departures_SUNDAY":0}},{"type":"Feature","geometry":{"type":"Point","coordinates":[3.5794,51.0163]},"properties":{"stop_id":"203778","stop_name":"Sint-Martens-Leerne Cassimanstraat","qualifies_min1_weekday":true,"qualifies_min1_fullweek":false,"qualifies_min10_weekday":true,"qualifies_min10_fullweek":false,"qualifies_hourly_weekday":false,"qualifies_hourly_fullweek":false,"qualifies_halfhour_weekday":false,"qualifies_halfhour_fullweek":false,"departures_MONDAY":10,"departures_TUESDAY":14,"departures_WEDNESDAY":14,"departures_THURSDAY":14,"departures_FRIDAY":14,"departures_SATURDAY":0,"departures_SUNDAY":0}},{"type":"Feature","geometry":{"type":"Point","coordinates":[3.7905,51.028]},"properties":{"stop_id":"203816","stop_name":"Heusden Aelmeersstraat","qualifies_min1_weekday":true,"qualifies_min1_fullweek":false,"qualifies_min10_weekday":false,"qualifies_min10_fullweek":false,"qualifies_hourly_weekday":false,"qualifies_hourly_fullweek":false,"qualifies_halfhour_weekday":false,"qualifies_halfhour_fullweek":false,"departures_MONDAY":7,"departures_TUESDAY":7,"departures_WEDNESDAY":7,"departures_THURSDAY":7,"departures_FRIDAY":7,"departures_SATURDAY":0,"departures_SUNDAY":0}},{"type":"Feature","geometry":{"type":"Point","coordinates":[3.7457,50.9945]},"properties":{"stop_id":"203818","stop_name":"Merelbeke Kerk","qualifies_min1_weekday":true,"qualifies_min1_fullweek":true,"qualifies_min10_weekday":true,"qualifies_min10_fullweek":true,"qualifies_hourly_weekday":true,"qualifies_hourly_fullweek":true,"qualifies_halfhour_weekday":true,"qualifies_halfhour_fullweek":true,"departures_MONDAY":94,"departures_TUESDAY":115,"departures_WEDNESDAY":115,"departures_THURSDAY":115,"departures_FRIDAY":115,"departures_SATURDAY":89,"departures_SUNDAY":57}},{"type":"Feature","geometry":{"type":"Point","coordinates":[3.7329,51.0009]},"properties":{"stop_id":"203890","stop_name":"Merelbeke Nijverheidsweg","qualifies_min1_weekday":true,"qualifies_min1_fullweek":true,"qualifies_min10_weekday":true,"qualifies_min10_fullweek":true,"qualifies_hourly_weekday":true,"qualifies_hourly_fullweek":false,"qualifies_halfhour_weekday":false,"qualifies_halfhour_fullweek":false,"departures_MONDAY":31,"departures_TUESDAY":41,"departures_WEDNESDAY":42,"departures_THURSDAY":41,"departures_FRIDAY":41,"departures_SATURDAY":30,"departures_SUNDAY":14}},{"type":"Feature","geometry":{"type":"Point","coordinates":[3.7408,51.0335]},"properties":{"stop_id":"203895","stop_name":"Ledeberg Botermarkt","qualifies_min1_weekday":true,"qualifies_min1_fullweek":true,"qualifies_min10_weekday":true,"qualifies_min10_fullweek":true,"qualifies_hourly_weekday":true,"qualifies_hourly_fullweek":true,"qualifies_halfhour_weekday":true,"qualifies_halfhour_fullweek":false,"departures_MONDAY":66,"departures_TUESDAY":73,"departures_WEDNESDAY":75,"departures_THURSDAY":73,"departures_FRIDAY":73,"departures_SATURDAY":60,"departures_SUNDAY":44}},{"type":"Feature","geometry":{"type":"Point","coordinates":[3.7462,51.0282]},"properties":{"stop_id":"203896","stop_name":"Ledeberg Eindeke","qualifies_min1_weekday":true,"qualifies_min1_fullweek":true,"qualifies_min10_weekday":true,"qualifies_min10_fullweek":true,"qualifies_hourly_weekday":true,"qualifies_hourly_fullweek":true,"qualifies_halfhour_weekday":true,"qualifies_halfhour_fullweek":false,"departures_MONDAY":66,"departures_TUESDAY":73,"departures_WEDNESDAY":75,"departures_THURSDAY":73,"departures_FRIDAY":73,"departures_SATURDAY":60,"departures_SUNDAY":44}},{"type":"Feature","geometry":{"type":"Point","coordinates":[3.7499,51.0245]},"properties":{"stop_id":"203897","stop_name":"Merelbeke Koestraat","qualifies_min1_weekday":true,"qualifies_min1_fullweek":true,"qualifies_min10_weekday":true,"qualifies_min10_fullweek":true,"qualifies_hourly_weekday":true,"qualifies_hourly_fullweek":true,"qualifies_halfhour_weekday":true,"qualifies_halfhour_fullweek":false,"departures_MONDAY":66,"departures_TUESDAY":73,"departures_WEDNESDAY":75,"departures_THURSDAY":73,"departures_FRIDAY":73,"departures_SATURDAY":60,"departures_SUNDAY":44}},{"type":"Feature","geometry":{"type":"Point","coordinates":[3.7524,51.0223]},"properties":{"stop_id":"203898","stop_name":"Merelbeke Benoitlaan","qualifies_min1_weekday":true,"qualifies_min1_fullweek":true,"qualifies_min10_weekday":true,"qualifies_min10_fullweek":true,"qualifies_hourly_weekday":true,"qualifies_hourly_fullweek":true,"qualifies_halfhour_weekday":true,"qualifies_halfhour_fullweek":false,"departures_MONDAY":66,"departures_TUESDAY":73,"departures_WEDNESDAY":75,"departures_THURSDAY":73,"departures_FRIDAY":73,"departures_SATURDAY":60,"departures_SUNDAY":44}},{"type":"Feature","geometry":{"type":"Point","coordinates":[3.7514,51.0111]},"properties":{"stop_id":"203901","stop_name":"Merelbeke Ringvaartstraat","qualifies_min1_weekday":true,"qualifies_min1_fullweek":true,"qualifies_min10_weekday":true,"qualifies_min10_fullweek":true,"qualifies_hourly_weekday":true,"qualifies_hourly_fullweek":true,"qualifies_halfhour_weekday":true,"qualifies_halfhour_fullweek":false,"departures_MONDAY":66,"departures_TUESDAY":69,"departures_WEDNESDAY":70,"departures_THURSDAY":69,"departures_FRIDAY":69,"departures_SATURDAY":60,"departures_SUNDAY":44}},{"type":"Feature","geometry":{"type":"Point","coordinates":[3.7517,51.0051]},"properties":{"stop_id":"203906","stop_name":"Merelbeke Plataan","qualifies_min1_weekday":true,"qualifies_min1_fullweek":true,"qualifies_min10_weekday":true,"qualifies_min10_fullweek":true,"qualifies_hourly_weekday":true,"qualifies_hourly_fullweek":true,"qualifies_halfhour_weekday":true,"qualifies_halfhour_fullweek":false,"departures_MONDAY":66,"departures_TUESDAY":73,"departures_WEDNESDAY":75,"departures_THURSDAY":73,"departures_FRIDAY":73,"departures_SATURDAY":60,"departures_SUNDAY":44}},{"type":"Feature","geometry":{"type":"Point","coordinates":[3.7515,51.0022]},"properties":{"stop_id":"203907","stop_name":"Merelbeke Waterstraat","qualifies_min1_weekday":true,"qualifies_min1_fullweek":true,"qualifies_min10_weekday":true,"qualifies_min10_fullweek":true,"qualifies_hourly_weekday":true,"qualifies_hourly_fullweek":false,"qualifies_halfhour_weekday":true,"qualifies_halfhour_fullweek":false,"departures_MONDAY":66,"departures_TUESDAY":73,"departures_WEDNESDAY":75,"departures_THURSDAY":73,"departures_FRIDAY":73,"departures_SATURDAY":60,"departures_SUNDAY":44}},{"type":"Feature","geometry":{"type":"Point","coordinates":[3.7317,51.0475]},"properties":{"stop_id":"203928","stop_name":"Gent Zuid perron 6","qualifies_min1_weekday":true,"qualifies_min1_fullweek":true,"qualifies_min10_weekday":true,"qualifies_min10_fullweek":true,"qualifies_hourly_weekday":false,"qualifies_hourly_fullweek":false,"qualifies_halfhour_weekday":false,"qualifies_halfhour_fullweek":false,"departures_MONDAY":54,"departures_TUESDAY":64,"departures_WEDNESDAY":63,"departures_THURSDAY":64,"departures_FRIDAY":64,"departures_SATURDAY":50,"departures_SUNDAY":24}},{"type":"Feature","geometry":{"type":"Point","coordinates":[3.7628,51.0306]},"properties":{"stop_id":"203931","stop_name":"Gentbrugge Schooldreef","qualifies_min1_weekday":true,"qualifies_min1_fullweek":true,"qualifies_min10_weekday":true,"qualifies_min10_fullweek":true,"qualifies_hourly_weekday":true,"qualifies_hourly_fullweek":true,"qualifies_halfhour_weekday":true,"qualifies_halfhour_fullweek":false,"departures_MONDAY":107,"departures_TUESDAY":125,"departures_WEDNESDAY":125,"departures_THURSDAY":125,"departures_FRIDAY":125,"departures_SATURDAY":60,"departures_SUNDAY":46}},{"type":"Feature","geometry":{"type":"Point","coordinates":[3.7713,51.0257]},"properties":{"stop_id":"203934","stop_name":"Melle Leeuw","qualifies_min1_weekday":true,"qualifies_min1_fullweek":true,"qualifies_min10_weekday":true,"qualifies_min10_fullweek":true,"qualifies_hourly_weekday":true,"qualifies_hourly_fullweek":false,"qualifies_halfhour_weekday":false,"qualifies_halfhour_fullweek":false,"departures_MONDAY":69,"departures_TUESDAY":73,"departures_WEDNESDAY":73,"departures_THURSDAY":73,"departures_FRIDAY":73,"departures_SATURDAY":29,"departures_SUNDAY":16}},{"type":"Feature","geometry":{"type":"Point","coordinates":[3.7317,51.0486]},"properties":{"stop_id":"204810","stop_name":"Gent Zuid perron 10","qualifies_min1_weekday":true,"qualifies_min1_fullweek":true,"qualifies_min10_weekday":true,"qualifies_min10_fullweek":true,"qualifies_hourly_weekday":true,"qualifies_hourly_fullweek":true,"qualifies_halfhour_weekday":true,"qualifies_halfhour_fullweek":true,"departures_MONDAY":135,"departures_TUESDAY":152,"departures_WEDNESDAY":152,"departures_THURSDAY":152,"departures_FRIDAY":152,"departures_SATURDAY":153,"departures_SUNDAY":162}},{"type":"Feature","geometry":{"type":"Point","coordinates":[3.7088,51.0371]},"properties":{"stop_id":"204911","stop_name":"Gent Sint-Pietersstation perron 1","qualifies_min1_weekday":true,"qualifies_min1_fullweek":true,"qualifies_min10_weekday":true,"qualifies_min10_fullweek":true,"qualifies_hourly_weekday":true,"qualifies_hourly_fullweek":true,"qualifies_halfhour_weekday":true,"qualifies_halfhour_fullweek":true,"departures_MONDAY":85,"departures_TUESDAY":99,"departures_WEDNESDAY":99,"departures_THURSDAY":99,"departures_FRIDAY":99,"departures_SATURDAY":92,"departures_SUNDAY":79}},{"type":"Feature","geometry":{"type":"Point","coordinates":[3.7094,51.037]},"properties":{"stop_id":"204912","stop_name":"Gent Sint-Pietersstation perron 2","qualifies_min1_weekday":true,"qualifies_min1_fullweek":true,"qualifies_min10_weekday":true,"qualifies_min10_fullweek":true,"qualifies_hourly_weekday":true,"qualifies_hourly_fullweek":true,"qualifies_halfhour_weekday":true,"qualifies_halfhour_fullweek":true,"departures_MONDAY":84,"departures_TUESDAY":98,"departures_WEDNESDAY":98,"departures_THURSDAY":98,"departures_FRIDAY":98,"departures_SATURDAY":91,"departures_SUNDAY":78}},{"type":"Feature","geometry":{"type":"Point","coordinates":[3.7086,51.0366]},"properties":{"stop_id":"204915","stop_name":"Gent Sint-Pietersstation perron 5","qualifies_min1_weekday":false,"qualifies_min1_fullweek":false,"qualifies_min10_weekday":false,"qualifies_min10_fullweek":false,"qualifies_hourly_weekday":false,"qualifies_hourly_fullweek":false,"qualifies_halfhour_weekday":false,"qualifies_halfhour_fullweek":false,"departures_MONDAY":0,"departures_TUESDAY":0,"departures_WEDNESDAY":0,"departures_THURSDAY":0,"departures_FRIDAY":0,"departures_SATURDAY":0,"departures_SUNDAY":0}},{"type":"Feature","geometry":{"type":"Point","coordinates":[3.7088,51.0366]},"properties":{"stop_id":"204916","stop_name":"Gent Sint-Pietersstation perron 6","qualifies_min1_weekday":true,"qualifies_min1_fullweek":true,"qualifies_min10_weekday":true,"qualifies_min10_fullweek":true,"qualifies_hourly_weekday":true,"qualifies_hourly_fullweek":false,"qualifies_halfhour_weekday":false,"qualifies_halfhour_fullweek":false,"departures_MONDAY":63,"departures_TUESDAY":83,"departures_WEDNESDAY":86,"departures_THURSDAY":83,"departures_FRIDAY":83,"departures_SATURDAY":60,"departures_SUNDAY":27}},{"type":"Feature","geometry":{"type":"Point","coordinates":[3.7088,51.0366]},"properties":{"stop_id":"204917","stop_name":"Gent Sint-Pietersstation perron 7","qualifies_min1_weekday":true,"qualifies_min1_fullweek":true,"qualifies_min10_weekday":true,"qualifies_min10_fullweek":true,"qualifies_hourly_weekday":true,"qualifies_hourly_fullweek":true,"qualifies_halfhour_weekday":true,"qualifies_halfhour_fullweek":false,"departures_MONDAY":104,"departures_TUESDAY":105,"departures_WEDNESDAY":105,"departures_THURSDAY":105,"departures_FRIDAY":105,"departures_SATURDAY":90,"departures_SUNDAY":74}},{"type":"Feature","geometry":{"type":"Point","coordinates":[3.7092,51.0365]},"properties":{"stop_id":"204918","stop_name":"Gent Sint-Pietersstation perron 8","qualifies_min1_weekday":true,"qualifies_min1_fullweek":true,"qualifies_min10_weekday":true,"qualifies_min10_fullweek":true,"qualifies_hourly_weekday":true,"qualifies_hourly_fullweek":true,"qualifies_halfhour_weekday":true,"qualifies_halfhour_fullweek":false,"departures_MONDAY":68,"departures_TUESDAY":71,"departures_WEDNESDAY":71,"departures_THURSDAY":71,"departures_FRIDAY":71,"departures_SATURDAY":64,"departures_SUNDAY":59}},{"type":"Feature","geometry":{"type":"Point","coordinates":[3.6882,51.0222]},"properties":{"stop_id":"204920","stop_name":"Gent Bovenhove","qualifies_min1_weekday":true,"qualifies_min1_fullweek":true,"qualifies_min10_weekday":true,"qualifies_min10_fullweek":true,"qualifies_hourly_weekday":true,"qualifies_hourly_fullweek":true,"qualifies_halfhour_weekday":true,"qualifies_halfhour_fullweek":false,"departures_MONDAY":66,"departures_TUESDAY":66,"departures_WEDNESDAY":66,"departures_THURSDAY":66,"departures_FRIDAY":66,"departures_SATURDAY":64,"departures_SUNDAY":58}},{"type":"Feature","geometry":{"type":"Point","coordinates":[3.7002,51.046]},"properties":{"stop_id":"204924","stop_name":"Gent Europalaan","qualifies_min1_weekday":true,"qualifies_min1_fullweek":true,"qualifies_min10_weekday":true,"qualifies_min10_fullweek":true,"qualifies_hourly_weekday":true,"qualifies_hourly_fullweek":true,"qualifies_halfhour_weekday":true,"qualifies_halfhour_fullweek":true,"departures_MONDAY":131,"departures_TUESDAY":145,"departures_WEDNESDAY":145,"departures_THURSDAY":145,"departures_FRIDAY":145,"departures_SATURDAY":83,"departures_SUNDAY":65}},{"type":"Feature","geometry":{"type":"Point","coordinates":[3.7094,51.0365]},"properties":{"stop_id":"205914","stop_name":"Gent Sint-Pietersstation perron 14","qualifies_min1_weekday":true,"qualifies_min1_fullweek":true,"qualifies_min10_weekday":true,"qualifies_min10_fullweek":true,"qualifies_hourly_weekday":true,"qualifies_hourly_fullweek":true,"qualifies_halfhour_weekday":true,"qualifies_halfhour_fullweek":true,"departures_MONDAY":142,"departures_TUESDAY":157,"departures_WEDNESDAY":161,"departures_THURSDAY":157,"departures_FRIDAY":157,"departures_SATURDAY":96,"departures_SUNDAY":67}},{"type":"Feature","geometry":{"type":"Point","coordinates":[3.7095,51.0365]},"properties":{"stop_id":"205915","stop_name":"Gent Sint-Pietersstation perron 15","qualifies_min1_weekday":true,"qualifies_min1_fullweek":true,"qualifies_min10_weekday":true,"qualifies_min10_fullweek":true,"qualifies_hourly_weekday":true,"qualifies_hourly_fullweek":true,"qualifies_halfhour_weekday":false,"qualifies_halfhour_fullweek":false,"departures_MONDAY":66,"departures_TUESDAY":93,"departures_WEDNESDAY":86,"departures_THURSDAY":93,"departures_FRIDAY":93,"departures_SATURDAY":54,"departures_SUNDAY":32}},{"type":"Feature","geometry":{"type":"Point","coordinates":[3.7096,51.0365]},"properties":{"stop_id":"205916","stop_name":"Gent Sint-Pietersstation perron 16","qualifies_min1_weekday":true,"qualifies_min1_fullweek":true,"qualifies_min10_weekday":true,"qualifies_min10_fullweek":true,"qualifies_hourly_weekday":true,"qualifies_hourly_fullweek":true,"qualifies_halfhour_weekday":true,"qualifies_halfhour_fullweek":true,"departures_MONDAY":143,"departures_TUESDAY":151,"departures_WEDNESDAY":154,"departures_THURSDAY":151,"departures_FRIDAY":151,"departures_SATURDAY":127,"departures_SUNDAY":121}},{"type":"Feature","geometry":{"type":"Point","coordinates":[3.7121,51.0361]},"properties":{"stop_id":"205919","stop_name":"Gent Sint-Pietersstation perron 19","qualifies_min1_weekday":true,"qualifies_min1_fullweek":true,"qualifies_min10_weekday":true,"qualifies_min10_fullweek":true,"qualifies_hourly_weekday":true,"qualifies_hourly_fullweek":true,"qualifies_halfhour_weekday":true,"qualifies_halfhour_fullweek":true,"departures_MONDAY":166,"departures_TUESDAY":202,"departures_WEDNESDAY":203,"departures_THURSDAY":202,"departures_FRIDAY":202,"departures_SATURDAY":94,"departures_SUNDAY":77}},{"type":"Feature","geometry":{"type":"Point","coordinates":[3.6881,51.0221]},"properties":{"stop_id":"205920","stop_name":"Gent Bovenhove","qualifies_min1_weekday":true,"qualifies_min1_fullweek":true,"qualifies_min10_weekday":true,"qualifies_min10_fullweek":true,"qualifies_hourly_weekday":true,"qualifies_hourly_fullweek":true,"qualifies_halfhour_weekday":true,"qualifies_halfhour_fullweek":false,"departures_MONDAY":64,"departures_TUESDAY":67,"departures_WEDNESDAY":67,"departures_THURSDAY":67,"departures_FRIDAY":67,"departures_SATURDAY":63,"departures_SUNDAY":59}},{"type":"Feature","geometry":{"type":"Point","coordinates":[3.7123,51.0359]},"properties":{"stop_id":"205921","stop_name":"Gent Sint-Pietersstation perron 21","qualifies_min1_weekday":true,"qualifies_min1_fullweek":true,"qualifies_min10_weekday":true,"qualifies_min10_fullweek":true,"qualifies_hourly_weekday":true,"qualifies_hourly_fullweek":true,"qualifies_halfhour_weekday":true,"qualifies_halfhour_fullweek":false,"departures_MONDAY":191,"departures_TUESDAY":227,"departures_WEDNESDAY":227,"departures_THURSDAY":227,"departures_FRIDAY":227,"departures_SATURDAY":90,"departures_SUNDAY":76}},{"type":"Feature","geometry":{"type":"Point","coordinates":[3.6991,51.0459]},"properties":{"stop_id":"205924","stop_name":"Gent Europalaan","qualifies_min1_weekday":true,"qualifies_min1_fullweek":true,"qualifies_min10_weekday":true,"qualifies_min10_fullweek":true,"qualifies_hourly_weekday":true,"qualifies_hourly_fullweek":true,"qualifies_halfhour_weekday":true,"qualifies_halfhour_fullweek":true,"departures_MONDAY":133,"departures_TUESDAY":146,"departures_WEDNESDAY":146,"departures_THURSDAY":146,"departures_FRIDAY":146,"departures_SATURDAY":84,"departures_SUNDAY":66}},{"type":"Feature","geometry":{"type":"Point","coordinates":[3.7185,51.0012]},"properties":{"stop_id":"205941","stop_name":"Zwijnaarde Kasteel","qualifies_min1_weekday":false,"qualifies_min1_fullweek":false,"qualifies_min10_weekday":false,"qualifies_min10_fullweek":false,"qualifies_hourly_weekday":false,"qualifies_hourly_fullweek":false,"qualifies_halfhour_weekday":false,"qualifies_halfhour_fullweek":false,"departures_MONDAY":0,"departures_TUESDAY":0,"departures_WEDNESDAY":0,"departures_THURSDAY":0,"departures_FRIDAY":0,"departures_SATURDAY":0,"departures_SUNDAY":0}},{"type":"Feature","geometry":{"type":"Point","coordinates":[3.6835,51.0]},"properties":{"stop_id":"208333","stop_name":"Zwijnaarde Vogelheide","qualifies_min1_weekday":false,"qualifies_min1_fullweek":false,"qualifies_min10_weekday":false,"qualifies_min10_fullweek":false,"qualifies_hourly_weekday":false,"qualifies_hourly_fullweek":false,"qualifies_halfhour_weekday":false,"qualifies_halfhour_fullweek":false,"departures_MONDAY":0,"departures_TUESDAY":0,"departures_WEDNESDAY":0,"departures_THURSDAY":0,"departures_FRIDAY":0,"departures_SATURDAY":0,"departures_SUNDAY":0}},{"type":"Feature","geometry":{"type":"Point","coordinates":[3.7047,50.991]},"properties":{"stop_id":"208715","stop_name":"Zwijnaarde Heerweg-Zuid","qualifies_min1_weekday":false,"qualifies_min1_fullweek":false,"qualifies_min10_weekday":false,"qualifies_min10_fullweek":false,"qualifies_hourly_weekday":false,"qualifies_hourly_fullweek":false,"qualifies_halfhour_weekday":false,"qualifies_halfhour_fullweek":false,"departures_MONDAY":0,"departures_TUESDAY":1,"departures_WEDNESDAY":1,"departures_THURSDAY":1,"departures_FRIDAY":1,"departures_SATURDAY":0,"departures_SUNDAY":0}},{"type":"Feature","geometry":{"type":"Point","coordinates":[3.6801,50.9838]},"properties":{"stop_id":"208718","stop_name":"Zevergem Veldstraat","qualifies_min1_weekday":true,"qualifies_min1_fullweek":true,"qualifies_min10_weekday":true,"qualifies_min10_fullweek":true,"qualifies_hourly_weekday":true,"qualifies_hourly_fullweek":false,"qualifies_halfhour_weekday":false,"qualifies_halfhour_fullweek":false,"departures_MONDAY":18,"departures_TUESDAY":19,"departures_WEDNESDAY":19,"departures_THURSDAY":19,"departures_FRIDAY":19,"departures_SATURDAY":18,"departures_SUNDAY":14}},{"type":"Feature","geometry":{"type":"Point","coordinates":[3.7628,51.0403]},"properties":{"stop_id":"208939","stop_name":"Gentbrugge Meersemdries","qualifies_min1_weekday":true,"qualifies_min1_fullweek":true,"qualifies_min10_weekday":true,"qualifies_min10_fullweek":true,"qualifies_hourly_weekday":true,"qualifies_hourly_fullweek":true,"qualifies_halfhour_weekday":false,"qualifies_halfhour_fullweek":false,"departures_MONDAY":38,"departures_TUESDAY":54,"departures_WEDNESDAY":54,"departures_THURSDAY":54,"departures_FRIDAY":54,"departures_SATURDAY":31,"departures_SUNDAY":30}},{"type":"Feature","geometry":{"type":"Point","coordinates":[3.6578,51.0035]},"properties":{"stop_id":"208958","stop_name":"De Pinte Florastraat","qualifies_min1_weekday":true,"qualifies_min1_fullweek":true,"qualifies_min10_weekday":true,"qualifies_min10_fullweek":true,"qualifies_hourly_weekday":true,"qualifies_hourly_fullweek":false,"qualifies_halfhour_weekday":false,"qualifies_halfhour_fullweek":false,"departures_MONDAY":20,"departures_TUESDAY":21,"departures_WEDNESDAY":21,"departures_THURSDAY":21,"departures_FRIDAY":21,"departures_SATURDAY":17,"departures_SUNDAY":14}},{"type":"Feature","geometry":{"type":"Point","coordinates":[3.7073,50.9974]},"properties":{"stop_id":"208992","stop_name":"Zwijnaarde Zandvoordestraat","qualifies_min1_weekday":false,"qualifies_min1_fullweek":false,"qualifies_min10_weekday":false,"qualifies_min10_fullweek":false,"qualifies_hourly_weekday":false,"qualifies_hourly_fullweek":false,"qualifies_halfhour_weekday":false,"qualifies_halfhour_fullweek":false,"departures_MONDAY":0,"departures_TUESDAY":1,"departures_WEDNESDAY":1,"departures_THURSDAY":1,"departures_FRIDAY":1,"departures_SATURDAY":0,"departures_SUNDAY":0}},{"type":"Feature","geometry":{"type":"Point","coordinates":[3.6941,50.9952]},"properties":{"stop_id":"209331","stop_name":"Zwijnaarde Hondelestraat","qualifies_min1_weekday":false,"qualifies_min1_fullweek":false,"qualifies_min10_weekday":false,"qualifies_min10_fullweek":false,"qualifies_hourly_weekday":false,"qualifies_hourly_fullweek":false,"qualifies_halfhour_weekday":false,"qualifies_halfhour_fullweek":false,"departures_MONDAY":0,"departures_TUESDAY":0,"departures_WEDNESDAY":0,"departures_THURSDAY":0,"departures_FRIDAY":0,"departures_SATURDAY":0,"departures_SUNDAY":0}},{"type":"Feature","geometry":{"type":"Point","coordinates":[3.7047,50.9907]},"properties":{"stop_id":"209715","stop_name":"Zwijnaarde Heerweg-Zuid","qualifies_min1_weekday":false,"qualifies_min1_fullweek":false,"qualifies_min10_weekday":false,"qualifies_min10_fullweek":false,"qualifies_hourly_weekday":false,"qualifies_hourly_fullweek":false,"qualifies_halfhour_weekday":false,"qualifies_halfhour_fullweek":false,"departures_MONDAY":0,"departures_TUESDAY":1,"departures_WEDNESDAY":1,"departures_THURSDAY":1,"departures_FRIDAY":1,"departures_SATURDAY":0,"departures_SUNDAY":0}},{"type":"Feature","geometry":{"type":"Point","coordinates":[3.6799,50.9835]},"properties":{"stop_id":"209718","stop_name":"Zevergem Veldstraat","qualifies_min1_weekday":true,"qualifies_min1_fullweek":true,"qualifies_min10_weekday":true,"qualifies_min10_fullweek":true,"qualifies_hourly_weekday":false,"qualifies_hourly_fullweek":false,"qualifies_halfhour_weekday":false,"qualifies_halfhour_fullweek":false,"departures_MONDAY":20,"departures_TUESDAY":21,"departures_WEDNESDAY":21,"departures_THURSDAY":21,"departures_FRIDAY":21,"departures_SATURDAY":17,"departures_SUNDAY":13}},{"type":"Feature","geometry":{"type":"Point","coordinates":[3.7635,51.0369]},"properties":{"stop_id":"209862","stop_name":"Gentbrugge Dienstencentrum","qualifies_min1_weekday":true,"qualifies_min1_fullweek":true,"qualifies_min10_weekday":true,"qualifies_min10_fullweek":true,"qualifies_hourly_weekday":true,"qualifies_hourly_fullweek":true,"qualifies_halfhour_weekday":false,"qualifies_halfhour_fullweek":false,"departures_MONDAY":38,"departures_TUESDAY":54,"departures_WEDNESDAY":54,"departures_THURSDAY":54,"departures_FRIDAY":54,"departures_SATURDAY":31,"departures_SUNDAY":30}},{"type":"Feature","geometry":{"type":"Point","coordinates":[3.658,51.0036]},"properties":{"stop_id":"209958","stop_name":"De Pinte Florastraat","qualifies_min1_weekday":true,"qualifies_min1_fullweek":true,"qualifies_min10_weekday":true,"qualifies_min10_fullweek":true,"qualifies_hourly_weekday":false,"qualifies_hourly_fullweek":false,"qualifies_halfhour_weekday":false,"qualifies_halfhour_fullweek":false,"departures_MONDAY":20,"departures_TUESDAY":23,"departures_WEDNESDAY":23,"departures_THURSDAY":23,"departures_FRIDAY":23,"departures_SATURDAY":17,"departures_SUNDAY":16}},{"type":"Feature","geometry":{"type":"Point","coordinates":[3.7262,51.0592]},"properties":{"stop_id":"210001","stop_name":"Gent Ottogracht","qualifies_min1_weekday":true,"qualifies_min1_fullweek":true,"qualifies_min10_weekday":true,"qualifies_min10_fullweek":true,"qualifies_hourly_weekday":true,"qualifies_hourly_fullweek":true,"qualifies_halfhour_weekday":true,"qualifies_halfhour_fullweek":true,"departures_MONDAY":260,"departures_TUESDAY":316,"departures_WEDNESDAY":317,"departures_THURSDAY":316,"departures_FRIDAY":316,"departures_SATURDAY":267,"departures_SUNDAY":228}},{"type":"Feature","geometry":{"type":"Point","coordinates":[3.7055,50.9933]},"properties":{"stop_id":"210004","stop_name":"Zwijnaarde Mattestede","qualifies_min1_weekday":false,"qualifies_min1_fullweek":false,"qualifies_min10_weekday":false,"qualifies_min10_fullweek":false,"qualifies_hourly_weekday":false,"qualifies_hourly_fullweek":false,"qualifies_halfhour_weekday":false,"qualifies_halfhour_fullweek":false,"departures_MONDAY":0,"departures_TUESDAY":1,"departures_WEDNESDAY":1,"departures_THURSDAY":1,"departures_FRIDAY":1,"departures_SATURDAY":0,"departures_SUNDAY":0}},{"type":"Feature","geometry":{"type":"Point","coordinates":[3.6927,51.024]},"properties":{"stop_id":"210026","stop_name":"Sint-Denijs-Westrem P+R Flanders Expo","qualifies_min1_weekday":true,"qualifies_min1_fullweek":true,"qualifies_min10_weekday":true,"qualifies_min10_fullweek":true,"qualifies_hourly_weekday":true,"qualifies_hourly_fullweek":true,"qualifies_halfhour_weekday":true,"qualifies_halfhour_fullweek":false,"departures_MONDAY":66,"departures_TUESDAY":66,"departures_WEDNESDAY":66,"departures_THURSDAY":66,"departures_FRIDAY":66,"departures_SATURDAY":64,"departures_SUNDAY":58}},{"type":"Feature","geometry":{"type":"Point","coordinates":[3.7539,51.0352]},"properties":{"stop_id":"210072","stop_name":"Gentbrugge P+R E17","qualifies_min1_weekday":true,"qualifies_min1_fullweek":true,"qualifies_min10_weekday":true,"qualifies_min10_fullweek":true,"qualifies_hourly_weekday":true,"qualifies_hourly_fullweek":true,"qualifies_halfhour_weekday":true,"qualifies_halfhour_fullweek":true,"departures_MONDAY":97,"departures_TUESDAY":123,"departures_WEDNESDAY":123,"departures_THURSDAY":123,"departures_FRIDAY":123,"departures_SATURDAY":92,"departures_SUNDAY":79}},{"type":"Feature","geometry":{"type":"Point","coordinates":[3.6724,51.0268]},"properties":{"stop_id":"210078","stop_name":"Sint-Denijs-Westrem Kleinkouterken","qualifies_min1_weekday":false,"qualifies_min1_fullweek":false,"qualifies_min10_weekday":false,"qualifies_min10_fullweek":false,"qualifies_hourly_weekday":false,"qualifies_hourly_fullweek":false,"qualifies_halfhour_weekday":false,"qualifies_halfhour_fullweek":false,"departures_MONDAY":0,"departures_TUESDAY":0,"departures_WEDNESDAY":0,"departures_THURSDAY":0,"departures_FRIDAY":0,"departures_SATURDAY":0,"departures_SUNDAY":0}},{"type":"Feature","geometry":{"type":"Point","coordinates":[3.7185,51.0097]},"properties":{"stop_id":"210084","stop_name":"Zwijnaarde Klaartestraat","qualifies_min1_weekday":true,"qualifies_min1_fullweek":true,"qualifies_min10_weekday":true,"qualifies_min10_fullweek":true,"qualifies_hourly_weekday":true,"qualifies_hourly_fullweek":true,"qualifies_halfhour_weekday":true,"qualifies_halfhour_fullweek":true,"departures_MONDAY":85,"departures_TUESDAY":99,"departures_WEDNESDAY":99,"departures_THURSDAY":99,"departures_FRIDAY":99,"departures_SATURDAY":91,"departures_SUNDAY":77}},{"type":"Feature","geometry":{"type":"Point","coordinates":[3.7157,51.0051]},"properties":{"stop_id":"210085","stop_name":"Zwijnaarde Molen","qualifies_min1_weekday":true,"qualifies_min1_fullweek":true,"qualifies_min10_weekday":true,"qualifies_min10_fullweek":true,"qualifies_hourly_weekday":true,"qualifies_hourly_fullweek":true,"qualifies_halfhour_weekday":true,"qualifies_halfhour_fullweek":true,"departures_MONDAY":85,"departures_TUESDAY":99,"departures_WEDNESDAY":99,"departures_THURSDAY":99,"departures_FRIDAY":99,"departures_SATURDAY":91,"departures_SUNDAY":77}},{"type":"Feature","geometry":{"type":"Point","coordinates":[3.7611,51.031]},"properties":{"stop_id":"210086","stop_name":"Gentbrugge Schooldreef","qualifies_min1_weekday":false,"qualifies_min1_fullweek":false,"qualifies_min10_weekday":false,"qualifies_min10_fullweek":false,"qualifies_hourly_weekday":false,"qualifies_hourly_fullweek":false,"qualifies_halfhour_weekday":false,"qualifies_halfhour_fullweek":false,"departures_MONDAY":0,"departures_TUESDAY":3,"departures_WEDNESDAY":2,"departures_THURSDAY":3,"departures_FRIDAY":3,"departures_SATURDAY":0,"departures_SUNDAY":0}},{"type":"Feature","geometry":{"type":"Point","coordinates":[3.7245,51.0291]},"properties":{"stop_id":"210089","stop_name":"Gent Koekoeklaan","qualifies_min1_weekday":true,"qualifies_min1_fullweek":false,"qualifies_min10_weekday":true,"qualifies_min10_fullweek":false,"qualifies_hourly_weekday":true,"qualifies_hourly_fullweek":false,"qualifies_halfhour_weekday":true,"qualifies_halfhour_fullweek":false,"departures_MONDAY":46,"departures_TUESDAY":48,"departures_WEDNESDAY":48,"departures_THURSDAY":48,"departures_FRIDAY":48,"departures_SATURDAY":0,"departures_SUNDAY":0}},{"type":"Feature","geometry":{"type":"Point","coordinates":[3.7327,51.0246]},"properties":{"stop_id":"210091","stop_name":"Gent UZ Ottergemsestwg","qualifies_min1_weekday":false,"qualifies_min1_fullweek":false,"qualifies_min10_weekday":false,"qualifies_min10_fullweek":false,"qualifies_hourly_weekday":false,"qualifies_hourly_fullweek":false,"qualifies_halfhour_weekday":false,"qualifies_halfhour_fullweek":false,"departures_MONDAY":0,"departures_TUESDAY":0,"departures_WEDNESDAY":0,"departures_THURSDAY":0,"departures_FRIDAY":0,"departures_SATURDAY":0,"departures_SUNDAY":0}},{"type":"Feature","geometry":{"type":"Point","coordinates":[3.7626,51.0246]},"properties":{"stop_id":"210092","stop_name":"Gentbrugge Steenbekestraat","qualifies_min1_weekday":false,"qualifies_min1_fullweek":false,"qualifies_min10_weekday":false,"qualifies_min10_fullweek":false,"qualifies_hourly_weekday":false,"qualifies_hourly_fullweek":false,"qualifies_halfhour_weekday":false,"qualifies_halfhour_fullweek":false,"departures_MONDAY":0,"departures_TUESDAY":3,"departures_WEDNESDAY":2,"departures_THURSDAY":3,"departures_FRIDAY":3,"departures_SATURDAY":0,"departures_SUNDAY":0}},{"type":"Feature","geometry":{"type":"Point","coordinates":[3.7651,51.0233]},"properties":{"stop_id":"210093","stop_name":"Gentbrugge Henri Van Daelestraat","qualifies_min1_weekday":false,"qualifies_min1_fullweek":false,"qualifies_min10_weekday":false,"qualifies_min10_fullweek":false,"qualifies_hourly_weekday":false,"qualifies_hourly_fullweek":false,"qualifies_halfhour_weekday":false,"qualifies_halfhour_fullweek":false,"departures_MONDAY":0,"departures_TUESDAY":3,"departures_WEDNESDAY":2,"departures_THURSDAY":3,"departures_FRIDAY":3,"departures_SATURDAY":0,"departures_SUNDAY":0}},{"type":"Feature","geometry":{"type":"Point","coordinates":[3.7131,51.002]},"properties":{"stop_id":"210107","stop_name":"Zwijnaarde Bibliotheek","qualifies_min1_weekday":false,"qualifies_min1_fullweek":false,"qualifies_min10_weekday":false,"qualifies_min10_fullweek":false,"qualifies_hourly_weekday":false,"qualifies_hourly_fullweek":false,"qualifies_halfhour_weekday":false,"qualifies_halfhour_fullweek":false,"departures_MONDAY":0,"departures_TUESDAY":1,"departures_WEDNESDAY":1,"departures_THURSDAY":1,"departures_FRIDAY":1,"departures_SATURDAY":0,"departures_SUNDAY":0}},{"type":"Feature","geometry":{"type":"Point","coordinates":[3.7536,51.0547]},"properties":{"stop_id":"210109","stop_name":"Gent Oscar Colbrandtstraat","qualifies_min1_weekday":true,"qualifies_min1_fullweek":true,"qualifies_min10_weekday":true,"qualifies_min10_fullweek":false,"qualifies_hourly_weekday":false,"qualifies_hourly_fullweek":false,"qualifies_halfhour_weekday":false,"qualifies_halfhour_fullweek":false,"departures_MONDAY":25,"departures_TUESDAY":29,"departures_WEDNESDAY":29,"departures_THURSDAY":29,"departures_FRIDAY":29,"departures_SATURDAY":21,"departures_SUNDAY":9}},{"type":"Feature","geometry":{"type":"Point","coordinates":[3.6259,51.0643]},"properties":{"stop_id":"210128","stop_name":"Drongen Boskeetstraat","qualifies_min1_weekday":true,"qualifies_min1_fullweek":true,"qualifies_min10_weekday":true,"qualifies_min10_fullweek":true,"qualifies_hourly_weekday":true,"qualifies_hourly_fullweek":true,"qualifies_halfhour_weekday":false,"qualifies_halfhour_fullweek":false,"departures_MONDAY":63,"departures_TUESDAY":63,"departures_WEDNESDAY":63,"departures_THURSDAY":63,"departures_FRIDAY":63,"departures_SATURDAY":56,"departures_SUNDAY":55}},{"type":"Feature","geometry":{"type":"Point","coordinates":[3.6915,51.0762]},"properties":{"stop_id":"210133","stop_name":"Mariakerke Damstraat","qualifies_min1_weekday":true,"qualifies_min1_fullweek":true,"qualifies_min10_weekday":true,"qualifies_min10_fullweek":true,"qualifies_hourly_weekday":true,"qualifies_hourly_fullweek":true,"qualifies_halfhour_weekday":false,"qualifies_halfhour_fullweek":false,"departures_MONDAY":38,"departures_TUESDAY":55,"departures_WEDNESDAY":55,"departures_THURSDAY":55,"departures_FRIDAY":55,"departures_SATURDAY":31,"departures_SUNDAY":30}},{"type":"Feature","geometry":{"type":"Point","coordinates":[3.6626,51.0541]},"properties":{"stop_id":"210136","stop_name":"Drongen Rotonde","qualifies_min1_weekday":true,"qualifies_min1_fullweek":true,"qualifies_min10_weekday":true,"qualifies_min10_fullweek":true,"qualifies_hourly_weekday":true,"qualifies_hourly_fullweek":true,"qualifies_halfhour_weekday":true,"qualifies_halfhour_fullweek":false,"departures_MONDAY":99,"departures_TUESDAY":104,"departures_WEDNESDAY":104,"departures_THURSDAY":104,"departures_FRIDAY":104,"departures_SATURDAY":84,"departures_SUNDAY":71}},{"type":"Feature","geometry":{"type":"Point","coordinates":[3.7101,51.0602]},"properties":{"stop_id":"210137","stop_name":"Gent Rabot","qualifies_min1_weekday":false,"qualifies_min1_fullweek":false,"qualifies_min10_weekday":false,"qualifies_min10_fullweek":false,"qualifies_hourly_weekday":false,"qualifies_hourly_fullweek":false,"qualifies_halfhour_weekday":false,"qualifies_halfhour_fullweek":false,"departures_MONDAY":0,"departures_TUESDAY":0,"departures_WEDNESDAY":0,"departures_THURSDAY":0,"departures_FRIDAY":0,"departures_SATURDAY":0,"departures_SUNDAY":0}},{"type":"Feature","geometry":{"type":"Point","coordinates":[3.7101,51.0423]},"properties":{"stop_id":"210152","stop_name":"Gent Koning Albertbrug (Sportstraat)","qualifies_min1_weekday":true,"qualifies_min1_fullweek":false,"qualifies_min10_weekday":true,"qualifies_min10_fullweek":false,"qualifies_hourly_weekday":true,"qualifies_hourly_fullweek":false,"qualifies_halfhour_weekday":true,"qualifies_halfhour_fullweek":false,"departures_MONDAY":46,"departures_TUESDAY":48,"departures_WEDNESDAY":48,"departures_THURSDAY":48,"departures_FRIDAY":48,"departures_SATURDAY":0,"departures_SUNDAY":0}},{"type":"Feature","geometry":{"type":"Point","coordinates":[3.7485,51.0311]},"properties":{"stop_id":"210156","stop_name":"Ledeberg van Ooteghemstraat","qualifies_min1_weekday":true,"qualifies_min1_fullweek":true,"qualifies_min10_weekday":true,"qualifies_min10_fullweek":true,"qualifies_hourly_weekday":true,"qualifies_hourly_fullweek":true,"qualifies_halfhour_weekday":true,"qualifies_halfhour_fullweek":true,"departures_MONDAY":159,"departures_TUESDAY":182,"departures_WEDNESDAY":182,"departures_THURSDAY":182,"departures_FRIDAY":182,"departures_SATURDAY":167,"departures_SUNDAY":143}},{"type":"Feature","geometry":{"type":"Point","coordinates":[3.7197,51.0566]},"properties":{"stop_id":"210161","stop_name":"Gent Gravensteen (Jan Breydelstraat)","qualifies_min1_weekday":false,"qualifies_min1_fullweek":false,"qualifies_min10_weekday":false,"qualifies_min10_fullweek":false,"qualifies_hourly_weekday":false,"qualifies_hourly_fullweek":false,"qualifies_halfhour_weekday":false,"qualifies_halfhour_fullweek":false,"departures_MONDAY":0,"departures_TUESDAY":0,"departures_WEDNESDAY":0,"departures_THURSDAY":0,"departures_FRIDAY":0,"departures_SATURDAY":0,"departures_SUNDAY":0}},{"type":"Feature","geometry":{"type":"Point","coordinates":[3.7198,51.0184]},"properties":{"stop_id":"210200","stop_name":"Zwijnaarde Gestichtstraat","qualifies_min1_weekday":true,"qualifies_min1_fullweek":true,"qualifies_min10_weekday":true,"qualifies_min10_fullweek":true,"qualifies_hourly_weekday":true,"qualifies_hourly_fullweek":true,"qualifies_halfhour_weekday":true,"qualifies_halfhour_fullweek":true,"departures_MONDAY":85,"departures_TUESDAY":99,"departures_WEDNESDAY":99,"departures_THURSDAY":99,"departures_FRIDAY":99,"departures_SATURDAY":91,"departures_SUNDAY":77}},{"type":"Feature","geometry":{"type":"Point","coordinates":[3.6929,51.0588]},"properties":{"stop_id":"210204","stop_name":"Gent Peerstraat","qualifies_min1_weekday":true,"qualifies_min1_fullweek":true,"qualifies_min10_weekday":true,"qualifies_min10_fullweek":true,"qualifies_hourly_weekday":true,"qualifies_hourly_fullweek":true,"qualifies_halfhour_weekday":true,"qualifies_halfhour_fullweek":false,"departures_MONDAY":76,"departures_TUESDAY":107,"departures_WEDNESDAY":108,"departures_THURSDAY":107,"departures_FRIDAY":107,"departures_SATURDAY":62,"departures_SUNDAY":60}},{"type":"Feature","geometry":{"type":"Point","coordinates":[3.7571,51.1046]},"properties":{"stop_id":"210256","stop_name":"Oostakker Volvo Cars","qualifies_min1_weekday":true,"qualifies_min1_fullweek":false,"qualifies_min10_weekday":true,"qualifies_min10_fullweek":false,"qualifies_hourly_weekday":false,"qualifies_hourly_fullweek":false,"qualifies_halfhour_weekday":false,"qualifies_halfhour_fullweek":false,"departures_MONDAY":17,"departures_TUESDAY":19,"departures_WEDNESDAY":19,"departures_THURSDAY":19,"departures_FRIDAY":25,"departures_SATURDAY":0,"departures_SUNDAY":0}},{"type":"Feature","geometry":{"type":"Point","coordinates":[3.7175,51.0343]},"properties":{"stop_id":"210335","stop_name":"Gent Parkplein (Burggravenlaan)","qualifies_min1_weekday":true,"qualifies_min1_fullweek":true,"qualifies_min10_weekday":true,"qualifies_min10_fullweek":true,"qualifies_hourly_weekday":true,"qualifies_hourly_fullweek":true,"qualifies_halfhour_weekday":true,"qualifies_halfhour_fullweek":true,"departures_MONDAY":191,"departures_TUESDAY":226,"departures_WEDNESDAY":224,"departures_THURSDAY":226,"departures_FRIDAY":226,"departures_SATURDAY":90,"departures_SUNDAY":75}},{"type":"Feature","geometry":{"type":"Point","coordinates":[3.7279,51.0902]},"properties":{"stop_id":"210405","stop_name":"Gent Pantserschipstraat","qualifies_min1_weekday":true,"qualifies_min1_fullweek":true,"qualifies_min10_weekday":true,"qualifies_min10_fullweek":true,"qualifies_hourly_weekday":true,"qualifies_hourly_fullweek":true,"qualifies_halfhour_weekday":false,"qualifies_halfhour_fullweek":false,"departures_MONDAY":34,"departures_TUESDAY":42,"departures_WEDNESDAY":42,"departures_THURSDAY":42,"departures_FRIDAY":42,"departures_SATURDAY":28,"departures_SUNDAY":16}},{"type":"Feature","geometry":{"type":"Point","coordinates":[3.7111,51.0433]},"properties":{"stop_id":"210449","stop_name":"Gent Koning Albertbrug (Neermeerskaai)","qualifies_min1_weekday":true,"qualifies_min1_fullweek":true,"qualifies_min10_weekday":true,"qualifies_min10_fullweek":true,"qualifies_hourly_weekday":true,"qualifies_hourly_fullweek":true,"qualifies_halfhour_weekday":true,"qualifies_halfhour_fullweek":true,"departures_MONDAY":109,"departures_TUESDAY":141,"departures_WEDNESDAY":142,"departures_THURSDAY":141,"departures_FRIDAY":141,"departures_SATURDAY":80,"departures_SUNDAY":76}},{"type":"Feature","geometry":{"type":"Point","coordinates":[3.6715,51.0739]},"properties":{"stop_id":"210454","stop_name":"Mariakerke Minoodtlaan","qualifies_min1_weekday":false,"qualifies_min1_fullweek":false,"qualifies_min10_weekday":false,"qualifies_min10_fullweek":false,"qualifies_hourly_weekday":false,"qualifies_hourly_fullweek":false,"qualifies_halfhour_weekday":false,"qualifies_halfhour_fullweek":false,"departures_MONDAY":0,"departures_TUESDAY":2,"departures_WEDNESDAY":2,"departures_THURSDAY":2,"departures_FRIDAY":2,"departures_SATURDAY":0,"departures_SUNDAY":0}},{"type":"Feature","geometry":{"type":"Point","coordinates":[3.7303,51.0302]},"properties":{"stop_id":"210528","stop_name":"Gent Ruststraat","qualifies_min1_weekday":false,"qualifies_min1_fullweek":false,"qualifies_min10_weekday":false,"qualifies_min10_fullweek":false,"qualifies_hourly_weekday":false,"qualifies_hourly_fullweek":false,"qualifies_halfhour_weekday":false,"qualifies_halfhour_fullweek":false,"departures_MONDAY":0,"departures_TUESDAY":0,"departures_WEDNESDAY":0,"departures_THURSDAY":0,"departures_FRIDAY":0,"departures_SATURDAY":0,"departures_SUNDAY":0}},{"type":"Feature","geometry":{"type":"Point","coordinates":[3.6622,51.027]},"properties":{"stop_id":"210607","stop_name":"Gent Parking Syntra Gent","qualifies_min1_weekday":false,"qualifies_min1_fullweek":false,"qualifies_min10_weekday":false,"qualifies_min10_fullweek":false,"qualifies_hourly_weekday":false,"qualifies_hourly_fullweek":false,"qualifies_halfhour_weekday":false,"qualifies_halfhour_fullweek":false,"departures_MONDAY":0,"departures_TUESDAY":0,"departures_WEDNESDAY":0,"departures_THURSDAY":0,"departures_FRIDAY":0,"departures_SATURDAY":0,"departures_SUNDAY":0}},{"type":"Feature","geometry":{"type":"Point","coordinates":[3.792,51.1176]},"properties":{"stop_id":"210729","stop_name":"Gent Collins","qualifies_min1_weekday":false,"qualifies_min1_fullweek":false,"qualifies_min10_weekday":false,"qualifies_min10_fullweek":false,"qualifies_hourly_weekday":false,"qualifies_hourly_fullweek":false,"qualifies_halfhour_weekday":false,"qualifies_halfhour_fullweek":false,"departures_MONDAY":0,"departures_TUESDAY":0,"departures_WEDNESDAY":0,"departures_THURSDAY":0,"departures_FRIDAY":0,"departures_SATURDAY":0,"departures_SUNDAY":0}},{"type":"Feature","geometry":{"type":"Point","coordinates":[3.8218,51.1313]},"properties":{"stop_id":"210737","stop_name":"Desteldonk Busstraat 15","qualifies_min1_weekday":false,"qualifies_min1_fullweek":false,"qualifies_min10_weekday":false,"qualifies_min10_fullweek":false,"qualifies_hourly_weekday":false,"qualifies_hourly_fullweek":false,"qualifies_halfhour_weekday":false,"qualifies_halfhour_fullweek":false,"departures_MONDAY":0,"departures_TUESDAY":0,"departures_WEDNESDAY":0,"departures_THURSDAY":0,"departures_FRIDAY":0,"departures_SATURDAY":0,"departures_SUNDAY":0}},{"type":"Feature","geometry":{"type":"Point","coordinates":[3.7423,51.0332]},"properties":{"stop_id":"210807","stop_name":"Ledeberg Botermarkt","qualifies_min1_weekday":true,"qualifies_min1_fullweek":true,"qualifies_min10_weekday":true,"qualifies_min10_fullweek":true,"qualifies_hourly_weekday":true,"qualifies_hourly_fullweek":true,"qualifies_halfhour_weekday":true,"qualifies_halfhour_fullweek":true,"departures_MONDAY":159,"departures_TUESDAY":182,"departures_WEDNESDAY":182,"departures_THURSDAY":182,"departures_FRIDAY":182,"departures_SATURDAY":167,"departures_SUNDAY":143}},{"type":"Feature","geometry":{"type":"Point","coordinates":[3.6785,51.0757]},"properties":{"stop_id":"210808","stop_name":"Mariakerke Post","qualifies_min1_weekday":true,"qualifies_min1_fullweek":true,"qualifies_min10_weekday":true,"qualifies_min10_fullweek":true,"qualifies_hourly_weekday":true,"qualifies_hourly_fullweek":true,"qualifies_halfhour_weekday":false,"qualifies_halfhour_fullweek":false,"departures_MONDAY":38,"departures_TUESDAY":54,"departures_WEDNESDAY":54,"departures_THURSDAY":54,"departures_FRIDAY":54,"departures_SATURDAY":31,"departures_SUNDAY":30}},{"type":"Feature","geometry":{"type":"Point","coordinates":[3.7409,51.0577]},"properties":{"stop_id":"210811","stop_name":"Gent Dampoort perron A1","qualifies_min1_weekday":true,"qualifies_min1_fullweek":true,"qualifies_min10_weekday":true,"qualifies_min10_fullweek":true,"qualifies_hourly_weekday":true,"qualifies_hourly_fullweek":true,"qualifies_halfhour_weekday":false,"qualifies_halfhour_fullweek":false,"departures_MONDAY":65,"departures_TUESDAY":74,"departures_WEDNESDAY":72,"departures_THURSDAY":74,"departures_FRIDAY":74,"departures_SATURDAY":62,"departures_SUNDAY":57}},{"type":"Feature","geometry":{"type":"Point","coordinates":[3.7409,51.0576]},"properties":{"stop_id":"210812","stop_name":"Gent Dampoort perron A2","qualifies_min1_weekday":true,"qualifies_min1_fullweek":true,"qualifies_min10_weekday":true,"qualifies_min10_fullweek":true,"qualifies_hourly_weekday":true,"qualifies_hourly_fullweek":true,"qualifies_halfhour_weekday":true,"qualifies_halfhour_fullweek":false,"departures_MONDAY":69,"departures_TUESDAY":74,"departures_WEDNESDAY":75,"departures_THURSDAY":74,"departures_FRIDAY":74,"departures_SATURDAY":65,"departures_SUNDAY":58}},{"type":"Feature","geometry":{"type":"Point","coordinates":[3.7409,51.0576]},"properties":{"stop_id":"210813","stop_name":"Gent Dampoort perron A3","qualifies_min1_weekday":true,"qualifies_min1_fullweek":true,"qualifies_min10_weekday":true,"qualifies_min10_fullweek":true,"qualifies_hourly_weekday":true,"qualifies_hourly_fullweek":true,"qualifies_halfhour_weekday":true,"qualifies_halfhour_fullweek":true,"departures_MONDAY":178,"departures_TUESDAY":196,"departures_WEDNESDAY":196,"departures_THURSDAY":196,"departures_FRIDAY":196,"departures_SATURDAY":176,"departures_SUNDAY":170}},{"type":"Feature","geometry":{"type":"Point","coordinates":[3.7409,51.0575]},"properties":{"stop_id":"210814","stop_name":"Gent Dampoort perron A4","qualifies_min1_weekday":true,"qualifies_min1_fullweek":true,"qualifies_min10_weekday":true,"qualifies_min10_fullweek":true,"qualifies_hourly_weekday":true,"qualifies_hourly_fullweek":true,"qualifies_halfhour_weekday":false,"qualifies_halfhour_fullweek":false,"departures_MONDAY":63,"departures_TUESDAY":63,"departures_WEDNESDAY":63,"departures_THURSDAY":63,"departures_FRIDAY":63,"departures_SATURDAY":57,"departures_SUNDAY":55}},{"type":"Feature","geometry":{"type":"Point","coordinates":[3.741,51.0574]},"properties":{"stop_id":"210815","stop_name":"Gent Dampoort perron A5","qualifies_min1_weekday":true,"qualifies_min1_fullweek":true,"qualifies_min10_weekday":true,"qualifies_min10_fullweek":true,"qualifies_hourly_weekday":true,"qualifies_hourly_fullweek":true,"qualifies_halfhour_weekday":true,"qualifies_halfhour_fullweek":true,"departures_MONDAY":149,"departures_TUESDAY":165,"departures_WEDNESDAY":165,"departures_THURSDAY":165,"departures_FRIDAY":165,"departures_SATURDAY":141,"departures_SUNDAY":94}},{"type":"Feature","geometry":{"type":"Point","coordinates":[3.6588,51.016]},"properties":{"stop_id":"210855","stop_name":"Sint-Denijs-Westrem Grand Noble","qualifies_min1_weekday":true,"qualifies_min1_fullweek":true,"qualifies_min10_weekday":true,"qualifies_min10_fullweek":true,"qualifies_hourly_weekday":true,"qualifies_hourly_fullweek":false,"qualifies_halfhour_weekday":false,"qualifies_halfhour_fullweek":false,"departures_MONDAY":33,"departures_TUESDAY":33,"departures_WEDNESDAY":33,"departures_THURSDAY":33,"departures_FRIDAY":33,"departures_SATURDAY":30,"departures_SUNDAY":15}},{"type":"Feature","geometry":{"type":"Point","coordinates":[3.7053,51.1076]},"properties":{"stop_id":"210857","stop_name":"Evergem Spoorwegstraat","qualifies_min1_weekday":true,"qualifies_min1_fullweek":true,"qualifies_min10_weekday":true,"qualifies_min10_fullweek":true,"qualifies_hourly_weekday":true,"qualifies_hourly_fullweek":true,"qualifies_halfhour_weekday":true,"qualifies_halfhour_fullweek":true,"departures_MONDAY":72,"departures_TUESDAY":85,"departures_WEDNESDAY":85,"departures_THURSDAY":85,"departures_FRIDAY":85,"departures_SATURDAY":66,"departures_SUNDAY":46}},{"type":"Feature","geometry":{"type":"Point","coordinates":[3.7264,51.0593]},"properties":{"stop_id":"211001","stop_name":"Gent Ottogracht","qualifies_min1_weekday":true,"qualifies_min1_fullweek":true,"qualifies_min10_weekday":true,"qualifies_min10_fullweek":true,"qualifies_hourly_weekday":true,"qualifies_hourly_fullweek":true,"qualifies_halfhour_weekday":true,"qualifies_halfhour_fullweek":true,"departures_MONDAY":263,"departures_TUESDAY":315,"departures_WEDNESDAY":310,"departures_THURSDAY":315,"departures_FRIDAY":315,"departures_SATURDAY":264,"departures_SUNDAY":230}},{"type":"Feature","geometry":{"type":"Point","coordinates":[3.7604,51.0311]},"properties":{"stop_id":"211002","stop_name":"Gentbrugge Schooldreef","qualifies_min1_weekday":false,"qualifies_min1_fullweek":false,"qualifies_min10_weekday":false,"qualifies_min10_fullweek":false,"qualifies_hourly_weekday":false,"qualifies_hourly_fullweek":false,"qualifies_halfhour_weekday":false,"qualifies_halfhour_fullweek":false,"departures_MONDAY":0,"departures_TUESDAY":1,"departures_WEDNESDAY":1,"departures_THURSDAY":1,"departures_FRIDAY":1,"departures_SATURDAY":0,"departures_SUNDAY":0}},{"type":"Feature","geometry":{"type":"Point","coordinates":[3.7058,50.9935]},"properties":{"stop_id":"211004","stop_name":"Zwijnaarde Mattestede","qualifies_min1_weekday":false,"qualifies_min1_fullweek":false,"qualifies_min10_weekday":false,"qualifies_min10_fullweek":false,"qualifies_hourly_weekday":false,"qualifies_hourly_fullweek":false,"qualifies_halfhour_weekday":false,"qualifies_halfhour_fullweek":false,"departures_MONDAY":0,"departures_TUESDAY":1,"departures_WEDNESDAY":1,"departures_THURSDAY":1,"departures_FRIDAY":1,"departures_SATURDAY":0,"departures_SUNDAY":0}},{"type":"Feature","geometry":{"type":"Point","coordinates":[3.7217,51.0635]},"properties":{"stop_id":"211007","stop_name":"Gent AZ Sint-Lucas","qualifies_min1_weekday":false,"qualifies_min1_fullweek":false,"qualifies_min10_weekday":false,"qualifies_min10_fullweek":false,"qualifies_hourly_weekday":false,"qualifies_hourly_fullweek":false,"qualifies_halfhour_weekday":false,"qualifies_halfhour_fullweek":false,"departures_MONDAY":0,"departures_TUESDAY":0,"departures_WEDNESDAY":0,"departures_THURSDAY":0,"departures_FRIDAY":0,"departures_SATURDAY":0,"departures_SUNDAY":0}},{"type":"Feature","geometry":{"type":"Point","coordinates":[3.6927,51.0238]},"properties":{"stop_id":"211026","stop_name":"Sint-Denijs-Westrem P+R Flanders Expo","qualifies_min1_weekday":true,"qualifies_min1_fullweek":true,"qualifies_min10_weekday":true,"qualifies_min10_fullweek":true,"qualifies_hourly_weekday":true,"qualifies_hourly_fullweek":true,"qualifies_halfhour_weekday":true,"qualifies_halfhour_fullweek":false,"departures_MONDAY":64,"departures_TUESDAY":67,"departures_WEDNESDAY":67,"departures_THURSDAY":67,"departures_FRIDAY":67,"departures_SATURDAY":63,"departures_SUNDAY":59}},{"type":"Feature","geometry":{"type":"Point","coordinates":[3.7551,51.0345]},"properties":{"stop_id":"211072","stop_name":"Gentbrugge P+R E17","qualifies_min1_weekday":true,"qualifies_min1_fullweek":true,"qualifies_min10_weekday":true,"qualifies_min10_fullweek":true,"qualifies_hourly_weekday":true,"qualifies_hourly_fullweek":true,"qualifies_halfhour_weekday":true,"qualifies_halfhour_fullweek":true,"departures_MONDAY":98,"departures_TUESDAY":124,"departures_WEDNESDAY":124,"departures_THURSDAY":124,"departures_FRIDAY":124,"departures_SATURDAY":93,"departures_SUNDAY":79}},{"type":"Feature","geometry":{"type":"Point","coordinates":[3.713,51.0018]},"properties":{"stop_id":"211082","stop_name":"Zwijnaarde Bibliotheek","qualifies_min1_weekday":true,"qualifies_min1_fullweek":true,"qualifies_min10_weekday":true,"qualifies_min10_fullweek":true,"qualifies_hourly_weekday":true,"qualifies_hourly_fullweek":true,"qualifies_halfhour_weekday":true,"qualifies_halfhour_fullweek":true,"departures_MONDAY":169,"departures_TUESDAY":197,"departures_WEDNESDAY":197,"departures_THURSDAY":197,"departures_FRIDAY":197,"departures_SATURDAY":181,"departures_SUNDAY":154}},{"type":"Feature","geometry":{"type":"Point","coordinates":[3.7186,51.0097]},"properties":{"stop_id":"211084","stop_name":"Zwijnaarde Klaartestraat","qualifies_min1_weekday":true,"qualifies_min1_fullweek":true,"qualifies_min10_weekday":true,"qualifies_min10_fullweek":true,"qualifies_hourly_weekday":true,"qualifies_hourly_fullweek":true,"qualifies_halfhour_weekday":true,"qualifies_halfhour_fullweek":true,"departures_MONDAY":84,"departures_TUESDAY":98,"departures_WEDNESDAY":98,"departures_THURSDAY":98,"departures_FRIDAY":98,"departures_SATURDAY":90,"departures_SUNDAY":77}},{"type":"Feature","geometry":{"type":"Point","coordinates":[3.7157,51.0051]},"properties":{"stop_id":"211085","stop_name":"Zwijnaarde Molen","qualifies_min1_weekday":true,"qualifies_min1_fullweek":true,"qualifies_min10_weekday":true,"qualifies_min10_fullweek":true,"qualifies_hourly_weekday":true,"qualifies_hourly_fullweek":true,"qualifies_halfhour_weekday":true,"qualifies_halfhour_fullweek":true,"departures_MONDAY":84,"departures_TUESDAY":98,"departures_WEDNESDAY":98,"departures_THURSDAY":98,"departures_FRIDAY":98,"departures_SATURDAY":90,"departures_SUNDAY":77}},{"type":"Feature","geometry":{"type":"Point","coordinates":[3.7552,51.0424]},"properties":{"stop_id":"211086","stop_name":"Gentbrugge Kliniekstraat","qualifies_min1_weekday":false,"qualifies_min1_fullweek":false,"qualifies_min10_weekday":false,"qualifies_min10_fullweek":false,"qualifies_hourly_weekday":false,"qualifies_hourly_fullweek":false,"qualifies_halfhour_weekday":false,"qualifies_halfhour_fullweek":false,"departures_MONDAY":0,"departures_TUESDAY":0,"departures_WEDNESDAY":0,"departures_THURSDAY":0,"departures_FRIDAY":0,"departures_SATURDAY":0,"departures_SUNDAY":0}},{"type":"Feature","geometry":{"type":"Point","coordinates":[3.7246,51.0292]},"properties":{"stop_id":"211089","stop_name":"Gent Koekoeklaan","qualifies_min1_weekday":true,"qualifies_min1_fullweek":false,"qualifies_min10_weekday":true,"qualifies_min10_fullweek":false,"qualifies_hourly_weekday":true,"qualifies_hourly_fullweek":false,"qualifies_halfhour_weekday":true,"qualifies_halfhour_fullweek":false,"departures_MONDAY":45,"departures_TUESDAY":47,"departures_WEDNESDAY":47,"departures_THURSDAY":47,"departures_FRIDAY":47,"departures_SATURDAY":0,"departures_SUNDAY":0}},{"type":"Feature","geometry":{"type":"Point","coordinates":[3.7627,51.0248]},"properties":{"stop_id":"211092","stop_name":"Gentbrugge Steenbekestraat","qualifies_min1_weekday":false,"qualifies_min1_fullweek":false,"qualifies_min10_weekday":false,"qualifies_min10_fullweek":false,"qualifies_hourly_weekday":false,"qualifies_hourly_fullweek":false,"qualifies_halfhour_weekday":false,"qualifies_halfhour_fullweek":false,"departures_MONDAY":0,"departures_TUESDAY":1,"departures_WEDNESDAY":1,"departures_THURSDAY":1,"departures_FRIDAY":1,"departures_SATURDAY":0,"departures_SUNDAY":0}},{"type":"Feature","geometry":{"type":"Point","coordinates":[3.7651,51.0234]},"properties":{"stop_id":"211093","stop_name":"Gentbrugge Henri Van Daelestraat","qualifies_min1_weekday":false,"qualifies_min1_fullweek":false,"qualifies_min10_weekday":false,"qualifies_min10_fullweek":false,"qualifies_hourly_weekday":false,"qualifies_hourly_fullweek":false,"qualifies_halfhour_weekday":false,"qualifies_halfhour_fullweek":false,"departures_MONDAY":0,"departures_TUESDAY":1,"departures_WEDNESDAY":1,"departures_THURSDAY":1,"departures_FRIDAY":1,"departures_SATURDAY":0,"departures_SUNDAY":0}},{"type":"Feature","geometry":{"type":"Point","coordinates":[3.7129,51.0605]},"properties":{"stop_id":"211106","stop_name":"Gent Rabot (Begijnhoflaan)","qualifies_min1_weekday":true,"qualifies_min1_fullweek":true,"qualifies_min10_weekday":true,"qualifies_min10_fullweek":true,"qualifies_hourly_weekday":true,"qualifies_hourly_fullweek":true,"qualifies_halfhour_weekday":true,"qualifies_halfhour_fullweek":true,"departures_MONDAY":84,"departures_TUESDAY":105,"departures_WEDNESDAY":105,"departures_THURSDAY":105,"departures_FRIDAY":105,"departures_SATURDAY":75,"departures_SUNDAY":66}},{"type":"Feature","geometry":{"type":"Point","coordinates":[3.713,51.0015]},"properties":{"stop_id":"211107","stop_name":"Zwijnaarde Bibliotheek","qualifies_min1_weekday":false,"qualifies_min1_fullweek":false,"qualifies_min10_weekday":false,"qualifies_min10_fullweek":false,"qualifies_hourly_weekday":false,"qualifies_hourly_fullweek":false,"qualifies_halfhour_weekday":false,"qualifies_halfhour_fullweek":false,"departures_MONDAY":0,"departures_TUESDAY":1,"departures_WEDNESDAY":1,"departures_THURSDAY":1,"departures_FRIDAY":1,"departures_SATURDAY":0,"departures_SUNDAY":0}},{"type":"Feature","geometry":{"type":"Point","coordinates":[3.7536,51.0546]},"properties":{"stop_id":"211108","stop_name":"Gent Oscar Colbrandtstraat","qualifies_min1_weekday":true,"qualifies_min1_fullweek":true,"qualifies_min10_weekday":true,"qualifies_min10_fullweek":false,"qualifies_hourly_weekday":false,"qualifies_hourly_fullweek":false,"qualifies_halfhour_weekday":false,"qualifies_halfhour_fullweek":false,"departures_MONDAY":25,"departures_TUESDAY":29,"departures_WEDNESDAY":29,"departures_THURSDAY":29,"departures_FRIDAY":29,"departures_SATURDAY":21,"departures_SUNDAY":9}},{"type":"Feature","geometry":{"type":"Point","coordinates":[3.6811,51.0483]},"properties":{"stop_id":"211112","stop_name":"Gent Blaarmeersen (Campinglaan)","qualifies_min1_weekday":true,"qualifies_min1_fullweek":true,"qualifies_min10_weekday":true,"qualifies_min10_fullweek":true,"qualifies_hourly_weekday":true,"qualifies_hourly_fullweek":true,"qualifies_halfhour_weekday":true,"qualifies_halfhour_fullweek":true,"departures_MONDAY":133,"departures_TUESDAY":146,"departures_WEDNESDAY":146,"departures_THURSDAY":146,"departures_FRIDAY":146,"departures_SATURDAY":84,"departures_SUNDAY":66}},{"type":"Feature","geometry":{"type":"Point","coordinates":[3.7649,51.0296]},"properties":{"stop_id":"211118","stop_name":"Gentbrugge Tennisstraat","qualifies_min1_weekday":true,"qualifies_min1_fullweek":true,"qualifies_min10_weekday":true,"qualifies_min10_fullweek":true,"qualifies_hourly_weekday":true,"qualifies_hourly_fullweek":true,"qualifies_halfhour_weekday":true,"qualifies_halfhour_fullweek":false,"departures_MONDAY":107,"departures_TUESDAY":125,"departures_WEDNESDAY":125,"departures_THURSDAY":125,"departures_FRIDAY":125,"departures_SATURDAY":60,"departures_SUNDAY":46}},{"type":"Feature","geometry":{"type":"Point","coordinates":[3.6945,51.0417]},"properties":{"stop_id":"211129","stop_name":"Gent Gordunakaai","qualifies_min1_weekday":false,"qualifies_min1_fullweek":false,"qualifies_min10_weekday":false,"qualifies_min10_fullweek":false,"qualifies_hourly_weekday":false,"qualifies_hourly_fullweek":false,"qualifies_halfhour_weekday":false,"qualifies_halfhour_fullweek":false,"departures_MONDAY":0,"departures_TUESDAY":0,"departures_WEDNESDAY":0,"departures_THURSDAY":0,"departures_FRIDAY":0,"departures_SATURDAY":0,"departures_SUNDAY":0}},{"type":"Feature","geometry":{"type":"Point","coordinates":[3.6995,51.0394]},"properties":{"stop_id":"211130","stop_name":"Gent Fabiolalaan","qualifies_min1_weekday":false,"qualifies_min1_fullweek":false,"qualifies_min10_weekday":false,"qualifies_min10_fullweek":false,"qualifies_hourly_weekday":false,"qualifies_hourly_fullweek":false,"qualifies_halfhour_weekday":false,"qualifies_halfhour_fullweek":false,"departures_MONDAY":0,"departures_TUESDAY":0,"departures_WEDNESDAY":0,"departures_THURSDAY":0,"departures_FRIDAY":0,"departures_SATURDAY":0,"departures_SUNDAY":0}},{"type":"Feature","geometry":{"type":"Point","coordinates":[3.7024,51.0398]},"properties":{"stop_id":"211131","stop_name":"Gent Duifhuisstraat","qualifies_min1_weekday":false,"qualifies_min1_fullweek":false,"qualifies_min10_weekday":false,"qualifies_min10_fullweek":false,"qualifies_hourly_weekday":false,"qualifies_hourly_fullweek":false,"qualifies_halfhour_weekday":false,"qualifies_halfhour_fullweek":false,"departures_MONDAY":0,"departures_TUESDAY":0,"departures_WEDNESDAY":0,"departures_THURSDAY":0,"departures_FRIDAY":0,"departures_SATURDAY":0,"departures_SUNDAY":0}},{"type":"Feature","geometry":{"type":"Point","coordinates":[3.6913,51.077]},"properties":{"stop_id":"211133","stop_name":"Mariakerke Damstraat","qualifies_min1_weekday":true,"qualifies_min1_fullweek":true,"qualifies_min10_weekday":true,"qualifies_min10_fullweek":true,"qualifies_hourly_weekday":true,"qualifies_hourly_fullweek":true,"qualifies_halfhour_weekday":false,"qualifies_halfhour_fullweek":false,"departures_MONDAY":38,"departures_TUESDAY":54,"departures_WEDNESDAY":54,"departures_THURSDAY":54,"departures_FRIDAY":54,"departures_SATURDAY":31,"departures_SUNDAY":30}},{"type":"Feature","geometry":{"type":"Point","coordinates":[3.768,51.028]},"properties":{"stop_id":"211139","stop_name":"Gentbrugge Pecherstraat","qualifies_min1_weekday":true,"qualifies_min1_fullweek":true,"qualifies_min10_weekday":true,"qualifies_min10_fullweek":true,"qualifies_hourly_weekday":true,"qualifies_hourly_fullweek":true,"qualifies_halfhour_weekday":true,"qualifies_halfhour_fullweek":false,"departures_MONDAY":107,"departures_TUESDAY":125,"departures_WEDNESDAY":125,"departures_THURSDAY":125,"departures_FRIDAY":125,"departures_SATURDAY":60,"departures_SUNDAY":46}},{"type":"Feature","geometry":{"type":"Point","coordinates":[3.7099,51.0424]},"properties":{"stop_id":"211152","stop_name":"Gent Koning Albertbrug (Sportstraat)","qualifies_min1_weekday":true,"qualifies_min1_fullweek":false,"qualifies_min10_weekday":true,"qualifies_min10_fullweek":false,"qualifies_hourly_weekday":true,"qualifies_hourly_fullweek":false,"qualifies_halfhour_weekday":true,"qualifies_halfhour_fullweek":false,"departures_MONDAY":45,"departures_TUESDAY":47,"departures_WEDNESDAY":47,"departures_THURSDAY":47,"departures_FRIDAY":47,"departures_SATURDAY":0,"departures_SUNDAY":0}},{"type":"Feature","geometry":{"type":"Point","coordinates":[3.7484,51.031]},"properties":{"stop_id":"211156","stop_name":"Ledeberg van Ooteghemstraat","qualifies_min1_weekday":true,"qualifies_min1_fullweek":true,"qualifies_min10_weekday":true,"qualifies_min10_fullweek":true,"qualifies_hourly_weekday":true,"qualifies_hourly_fullweek":true,"qualifies_halfhour_weekday":true,"qualifies_halfhour_fullweek":true,"departures_MONDAY":161,"departures_TUESDAY":184,"departures_WEDNESDAY":184,"departures_THURSDAY":184,"departures_FRIDAY":184,"departures_SATURDAY":169,"departures_SUNDAY":144}},{"type":"Feature","geometry":{"type":"Point","coordinates":[3.6931,51.0596]},"properties":{"stop_id":"211204","stop_name":"Gent Peerstraat","qualifies_min1_weekday":true,"qualifies_min1_fullweek":true,"qualifies_min10_weekday":true,"qualifies_min10_fullweek":true,"qualifies_hourly_weekday":true,"qualifies_hourly_fullweek":true,"qualifies_halfhour_weekday":true,"qualifies_halfhour_fullweek":false,"departures_MONDAY":75,"departures_TUESDAY":107,"departures_WEDNESDAY":107,"departures_THURSDAY":107,"departures_FRIDAY":107,"departures_SATURDAY":61,"departures_SUNDAY":60}},{"type":"Feature","geometry":{"type":"Point","coordinates":[3.671,51.081]},"properties":{"stop_id":"211399","stop_name":"Mariakerke Trekweg","qualifies_min1_weekday":false,"qualifies_min1_fullweek":false,"qualifies_min10_weekday":false,"qualifies_min10_fullweek":false,"qualifies_hourly_weekday":false,"qualifies_hourly_fullweek":false,"qualifies_halfhour_weekday":false,"qualifies_halfhour_fullweek":false,"departures_MONDAY":0,"departures_TUESDAY":0,"departures_WEDNESDAY":0,"departures_THURSDAY":0,"departures_FRIDAY":0,"departures_SATURDAY":0,"departures_SUNDAY":0}},{"type":"Feature","geometry":{"type":"Point","coordinates":[3.728,51.0902]},"properties":{"stop_id":"211405","stop_name":"Gent Pantserschipstraat","qualifies_min1_weekday":true,"qualifies_min1_fullweek":true,"qualifies_min10_weekday":true,"qualifies_min10_fullweek":true,"qualifies_hourly_weekday":true,"qualifies_hourly_fullweek":false,"qualifies_halfhour_weekday":false,"qualifies_halfhour_fullweek":false,"departures_MONDAY":32,"departures_TUESDAY":35,"departures_WEDNESDAY":33,"departures_THURSDAY":35,"departures_FRIDAY":35,"departures_SATURDAY":26,"departures_SUNDAY":16}},{"type":"Feature","geometry":{"type":"Point","coordinates":[3.711,51.0432]},"properties":{"stop_id":"211449","stop_name":"Gent Koning Albertbrug (Neermeerskaai)","qualifies_min1_weekday":true,"qualifies_min1_fullweek":true,"qualifies_min10_weekday":true,"qualifies_min10_fullweek":true,"qualifies_hourly_weekday":true,"qualifies_hourly_fullweek":true,"qualifies_halfhour_weekday":true,"qualifies_halfhour_fullweek":true,"departures_MONDAY":106,"departures_TUESDAY":139,"departures_WEDNESDAY":140,"departures_THURSDAY":139,"departures_FRIDAY":139,"departures_SATURDAY":78,"departures_SUNDAY":76}},{"type":"Feature","geometry":{"type":"Point","coordinates":[3.6608,51.0726]},"properties":{"stop_id":"211500","stop_name":"Mariakerke Driesdreef","qualifies_min1_weekday":false,"qualifies_min1_fullweek":false,"qualifies_min10_weekday":false,"qualifies_min10_fullweek":false,"qualifies_hourly_weekday":false,"qualifies_hourly_fullweek":false,"qualifies_halfhour_weekday":false,"qualifies_halfhour_fullweek":false,"departures_MONDAY":0,"departures_TUESDAY":2,"departures_WEDNESDAY":2,"departures_THURSDAY":2,"departures_FRIDAY":2,"departures_SATURDAY":0,"departures_SUNDAY":0}},{"type":"Feature","geometry":{"type":"Point","coordinates":[3.7422,51.0331]},"properties":{"stop_id":"211807","stop_name":"Ledeberg Botermarkt","qualifies_min1_weekday":true,"qualifies_min1_fullweek":true,"qualifies_min10_weekday":true,"qualifies_min10_fullweek":true,"qualifies_hourly_weekday":true,"qualifies_hourly_fullweek":true,"qualifies_halfhour_weekday":true,"qualifies_halfhour_fullweek":true,"departures_MONDAY":161,"departures_TUESDAY":184,"departures_WEDNESDAY":184,"departures_THURSDAY":184,"departures_FRIDAY":184,"departures_SATURDAY":169,"departures_SUNDAY":144}},{"type":"Feature","geometry":{"type":"Point","coordinates":[3.7413,51.0571]},"properties":{"stop_id":"211821","stop_name":"Gent Dampoort perron B1","qualifies_min1_weekday":true,"qualifies_min1_fullweek":true,"qualifies_min10_weekday":true,"qualifies_min10_fullweek":true,"qualifies_hourly_weekday":true,"qualifies_hourly_fullweek":true,"qualifies_halfhour_weekday":true,"qualifies_halfhour_fullweek":true,"departures_MONDAY":134,"departures_TUESDAY":154,"departures_WEDNESDAY":156,"departures_THURSDAY":154,"departures_FRIDAY":154,"departures_SATURDAY":124,"departures_SUNDAY":114}},{"type":"Feature","geometry":{"type":"Point","coordinates":[3.7414,51.0571]},"properties":{"stop_id":"211822","stop_name":"Gent Dampoort perron B2","qualifies_min1_weekday":true,"qualifies_min1_fullweek":true,"qualifies_min10_weekday":true,"qualifies_min10_fullweek":true,"qualifies_hourly_weekday":true,"qualifies_hourly_fullweek":true,"qualifies_halfhour_weekday":true,"qualifies_halfhour_fullweek":false,"departures_MONDAY":118,"departures_TUESDAY":123,"departures_WEDNESDAY":123,"departures_THURSDAY":123,"departures_FRIDAY":123,"departures_SATURDAY":113,"departures_SUNDAY":109}},{"type":"Feature","geometry":{"type":"Point","coordinates":[3.7415,51.0569]},"properties":{"stop_id":"211823","stop_name":"Gent Dampoort perron B3","qualifies_min1_weekday":true,"qualifies_min1_fullweek":true,"qualifies_min10_weekday":true,"qualifies_min10_fullweek":true,"qualifies_hourly_weekday":true,"qualifies_hourly_fullweek":true,"qualifies_halfhour_weekday":true,"qualifies_halfhour_fullweek":false,"departures_MONDAY":63,"departures_TUESDAY":68,"departures_WEDNESDAY":68,"departures_THURSDAY":68,"departures_FRIDAY":68,"departures_SATURDAY":57,"departures_SUNDAY":29}},{"type":"Feature","geometry":{"type":"Point","coordinates":[3.7414,51.0568]},"properties":{"stop_id":"211824","stop_name":"Gent Dampoort perron B4","qualifies_min1_weekday":true,"qualifies_min1_fullweek":true,"qualifies_min10_weekday":true,"qualifies_min10_fullweek":true,"qualifies_hourly_weekday":true,"qualifies_hourly_fullweek":true,"qualifies_halfhour_weekday":true,"qualifies_halfhour_fullweek":true,"departures_MONDAY":86,"departures_TUESDAY":97,"departures_WEDNESDAY":97,"departures_THURSDAY":97,"departures_FRIDAY":97,"departures_SATURDAY":83,"departures_SUNDAY":66}},{"type":"Feature","geometry":{"type":"Point","coordinates":[3.6648,51.0176]},"properties":{"stop_id":"211850","stop_name":"Sint-Denijs-Westrem Drie Sleutels","qualifies_min1_weekday":true,"qualifies_min1_fullweek":true,"qualifies_min10_weekday":true,"qualifies_min10_fullweek":true,"qualifies_hourly_weekday":true,"qualifies_hourly_fullweek":true,"qualifies_halfhour_weekday":false,"qualifies_halfhour_fullweek":false,"departures_MONDAY":53,"departures_TUESDAY":54,"departures_WEDNESDAY":54,"departures_THURSDAY":54,"departures_FRIDAY":54,"departures_SATURDAY":47,"departures_SUNDAY":29}},{"type":"Feature","geometry":{"type":"Point","coordinates":[3.6588,51.0158]},"properties":{"stop_id":"211855","stop_name":"Sint-Denijs-Westrem Grand Noble","qualifies_min1_weekday":true,"qualifies_min1_fullweek":true,"qualifies_min10_weekday":true,"qualifies_min10_fullweek":true,"qualifies_hourly_weekday":true,"qualifies_hourly_fullweek":true,"qualifies_halfhour_weekday":false,"qualifies_halfhour_fullweek":false,"departures_MONDAY":30,"departures_TUESDAY":31,"departures_WEDNESDAY":31,"departures_THURSDAY":31,"departures_FRIDAY":31,"departures_SATURDAY":27,"departures_SUNDAY":16}},{"type":"Feature","geometry":{"type":"Point","coordinates":[3.7054,51.1077]},"properties":{"stop_id":"211857","stop_name":"Evergem Spoorwegstraat","qualifies_min1_weekday":true,"qualifies_min1_fullweek":true,"qualifies_min10_weekday":true,"qualifies_min10_fullweek":true,"qualifies_hourly_weekday":true,"qualifies_hourly_fullweek":true,"qualifies_halfhour_weekday":true,"qualifies_halfhour_fullweek":false,"departures_MONDAY":70,"departures_TUESDAY":90,"departures_WEDNESDAY":85,"departures_THURSDAY":90,"departures_FRIDAY":90,"departures_SATURDAY":62,"departures_SUNDAY":47}},{"type":"Feature","geometry":{"type":"Point","coordinates":[3.7759,51.1431]},"properties":{"stop_id":"211872","stop_name":"Gent Zuidledeplein","qualifies_min1_weekday":false,"qualifies_min1_fullweek":false,"qualifies_min10_weekday":false,"qualifies_min10_fullweek":false,"qualifies_hourly_weekday":false,"qualifies_hourly_fullweek":false,"qualifies_halfhour_weekday":false,"qualifies_halfhour_fullweek":false,"departures_MONDAY":0,"departures_TUESDAY":0,"departures_WEDNESDAY":0,"departures_THURSDAY":0,"departures_FRIDAY":0,"departures_SATURDAY":0,"departures_SUNDAY":0}},{"type":"Feature","geometry":{"type":"Point","coordinates":[3.7689,51.0382]},"properties":{"stop_id":"211888","stop_name":"Gentbrugge Sporthal Driebeek","qualifies_min1_weekday":false,"qualifies_min1_fullweek":false,"qualifies_min10_weekday":false,"qualifies_min10_fullweek":false,"qualifies_hourly_weekday":false,"qualifies_hourly_fullweek":false,"qualifies_halfhour_weekday":false,"qualifies_halfhour_fullweek":false,"departures_MONDAY":0,"departures_TUESDAY":0,"departures_WEDNESDAY":0,"departures_THURSDAY":0,"departures_FRIDAY":0,"departures_SATURDAY":0,"departures_SUNDAY":0}},{"type":"Feature","geometry":{"type":"Point","coordinates":[3.7664,51.0443]},"properties":{"stop_id":"211890","stop_name":"Gentbrugge Robiniadreef","qualifies_min1_weekday":false,"qualifies_min1_fullweek":false,"qualifies_min10_weekday":false,"qualifies_min10_fullweek":false,"qualifies_hourly_weekday":false,"qualifies_hourly_fullweek":false,"qualifies_halfhour_weekday":false,"qualifies_halfhour_fullweek":false,"departures_MONDAY":0,"departures_TUESDAY":0,"departures_WEDNESDAY":0,"departures_THURSDAY":0,"departures_FRIDAY":0,"departures_SATURDAY":0,"departures_SUNDAY":0}},{"type":"Feature","geometry":{"type":"Point","coordinates":[3.5934,51.0438]},"properties":{"stop_id":"212007","stop_name":"Drongen Mirto","qualifies_min1_weekday":true,"qualifies_min1_fullweek":false,"qualifies_min10_weekday":false,"qualifies_min10_fullweek":false,"qualifies_hourly_weekday":false,"qualifies_hourly_fullweek":false,"qualifies_halfhour_weekday":false,"qualifies_halfhour_fullweek":false,"departures_MONDAY":4,"departures_TUESDAY":4,"departures_WEDNESDAY":4,"departures_THURSDAY":4,"departures_FRIDAY":4,"departures_SATURDAY":0,"departures_SUNDAY":0}},{"type":"Feature","geometry":{"type":"Point","coordinates":[3.7797,51.108]},"properties":{"stop_id":"212052","stop_name":"Oostakker Wittewalle","qualifies_min1_weekday":false,"qualifies_min1_fullweek":false,"qualifies_min10_weekday":false,"qualifies_min10_fullweek":false,"qualifies_hourly_weekday":false,"qualifies_hourly_fullweek":false,"qualifies_halfhour_weekday":false,"qualifies_halfhour_fullweek":false,"departures_MONDAY":0,"departures_TUESDAY":7,"departures_WEDNESDAY":8,"departures_THURSDAY":7,"departures_FRIDAY":7,"departures_SATURDAY":0,"departures_SUNDAY":0}},{"type":"Feature","geometry":{"type":"Point","coordinates":[3.7434,51.0066]},"properties":{"stop_id":"212057","stop_name":"Zwijnaarde Eilandje","qualifies_min1_weekday":false,"qualifies_min1_fullweek":false,"qualifies_min10_weekday":false,"qualifies_min10_fullweek":false,"qualifies_hourly_weekday":false,"qualifies_hourly_fullweek":false,"qualifies_halfhour_weekday":false,"qualifies_halfhour_fullweek":false,"departures_MONDAY":0,"departures_TUESDAY":0,"departures_WEDNESDAY":0,"departures_THURSDAY":0,"departures_FRIDAY":0,"departures_SATURDAY":0,"departures_SUNDAY":0}},{"type":"Feature","geometry":{"type":"Point","coordinates":[3.7216,51.0505]},"properties":{"stop_id":"212061","stop_name":"Gent Koophandelsplein (Zonnestraat)","qualifies_min1_weekday":true,"qualifies_min1_fullweek":true,"qualifies_min10_weekday":true,"qualifies_min10_fullweek":true,"qualifies_hourly_weekday":true,"qualifies_hourly_fullweek":true,"qualifies_halfhour_weekday":true,"qualifies_halfhour_fullweek":true,"departures_MONDAY":176,"departures_TUESDAY":206,"departures_WEDNESDAY":206,"departures_THURSDAY":206,"departures_FRIDAY":206,"departures_SATURDAY":190,"departures_SUNDAY":159}},{"type":"Feature","geometry":{"type":"Point","coordinates":[3.7082,51.0164]},"properties":{"stop_id":"212064","stop_name":"Zwijnaarde Maaltemeers","qualifies_min1_weekday":true,"qualifies_min1_fullweek":true,"qualifies_min10_weekday":true,"qualifies_min10_fullweek":true,"qualifies_hourly_weekday":true,"qualifies_hourly_fullweek":false,"qualifies_halfhour_weekday":true,"qualifies_halfhour_fullweek":false,"departures_MONDAY":97,"departures_TUESDAY":106,"departures_WEDNESDAY":109,"departures_THURSDAY":106,"departures_FRIDAY":106,"departures_SATURDAY":60,"departures_SUNDAY":38}},{"type":"Feature","geometry":{"type":"Point","coordinates":[3.715,51.0562]},"properties":{"stop_id":"212065","stop_name":"Gent Sint-Elisabethplein","qualifies_min1_weekday":true,"qualifies_min1_fullweek":true,"qualifies_min10_weekday":true,"qualifies_min10_fullweek":true,"qualifies_hourly_weekday":true,"qualifies_hourly_fullweek":true,"qualifies_halfhour_weekday":true,"qualifies_halfhour_fullweek":true,"departures_MONDAY":96,"departures_TUESDAY":117,"departures_WEDNESDAY":117,"departures_THURSDAY":117,"departures_FRIDAY":117,"departures_SATURDAY":90,"departures_SUNDAY":77}},{"type":"Feature","geometry":{"type":"Point","coordinates":[3.714,51.0582]},"properties":{"stop_id":"212066","stop_name":"Gent de Mirabellostraat","qualifies_min1_weekday":true,"qualifies_min1_fullweek":true,"qualifies_min10_weekday":true,"qualifies_min10_fullweek":true,"qualifies_hourly_weekday":true,"qualifies_hourly_fullweek":true,"qualifies_halfhour_weekday":true,"qualifies_halfhour_fullweek":true,"departures_MONDAY":96,"departures_TUESDAY":117,"departures_WEDNESDAY":117,"departures_THURSDAY":117,"departures_FRIDAY":117,"departures_SATURDAY":90,"departures_SUNDAY":77}},{"type":"Feature","geometry":{"type":"Point","coordinates":[3.6956,51.0711]},"properties":{"stop_id":"212069","stop_name":"Mariakerke Machinistenpark","qualifies_min1_weekday":true,"qualifies_min1_fullweek":true,"qualifies_min10_weekday":true,"qualifies_min10_fullweek":true,"qualifies_hourly_weekday":true,"qualifies_hourly_fullweek":true,"qualifies_halfhour_weekday":false,"qualifies_halfhour_fullweek":false,"departures_MONDAY":38,"departures_TUESDAY":55,"departures_WEDNESDAY":55,"departures_THURSDAY":55,"departures_FRIDAY":55,"departures_SATURDAY":31,"departures_SUNDAY":30}},{"type":"Feature","geometry":{"type":"Point","coordinates":[3.7023,51.0438]},"properties":{"stop_id":"212070","stop_name":"Gent Europabrug","qualifies_min1_weekday":true,"qualifies_min1_fullweek":false,"qualifies_min10_weekday":true,"qualifies_min10_fullweek":false,"qualifies_hourly_weekday":true,"qualifies_hourly_fullweek":false,"qualifies_halfhour_weekday":true,"qualifies_halfhour_fullweek":false,"departures_MONDAY":46,"departures_TUESDAY":48,"departures_WEDNESDAY":48,"departures_THURSDAY":48,"departures_FRIDAY":48,"departures_SATURDAY":0,"departures_SUNDAY":0}},{"type":"Feature","geometry":{"type":"Point","coordinates":[3.716,51.0919]},"properties":{"stop_id":"212072","stop_name":"Wondelgem Vledermuisstraat","qualifies_min1_weekday":true,"qualifies_min1_fullweek":true,"qualifies_min10_weekday":true,"qualifies_min10_fullweek":true,"qualifies_hourly_weekday":true,"qualifies_hourly_fullweek":true,"qualifies_halfhour_weekday":true,"qualifies_halfhour_fullweek":true,"departures_MONDAY":105,"departures_TUESDAY":132,"departures_WEDNESDAY":132,"departures_THURSDAY":132,"departures_FRIDAY":132,"departures_SATURDAY":117,"departures_SUNDAY":116}},{"type":"Feature","geometry":{"type":"Point","coordinates":[3.8456,51.0995]},"properties":{"stop_id":"212074","stop_name":"Lochristi Pauwstraat","qualifies_min1_weekday":true,"qualifies_min1_fullweek":true,"qualifies_min10_weekday":true,"qualifies_min10_fullweek":true,"qualifies_hourly_weekday":true,"qualifies_hourly_fullweek":true,"qualifies_halfhour_weekday":false,"qualifies_halfhour_fullweek":false,"departures_MONDAY":33,"departures_TUESDAY":35,"departures_WEDNESDAY":36,"departures_THURSDAY":35,"departures_FRIDAY":35,"departures_SATURDAY":34,"departures_SUNDAY":32}},{"type":"Feature","geometry":{"type":"Point","coordinates":[3.8508,51.1646]},"properties":{"stop_id":"212075","stop_name":"Wachtebeke Warande (Merelstraat)","qualifies_min1_weekday":true,"qualifies_min1_fullweek":true,"qualifies_min10_weekday":true,"qualifies_min10_fullweek":true,"qualifies_hourly_weekday":true,"qualifies_hourly_fullweek":true,"qualifies_halfhour_weekday":false,"qualifies_halfhour_fullweek":false,"departures_MONDAY":40,"departures_TUESDAY":40,"departures_WEDNESDAY":40,"departures_THURSDAY":40,"departures_FRIDAY":40,"departures_SATURDAY":34,"departures_SUNDAY":30}},{"type":"Feature","geometry":{"type":"Point","coordinates":[3.6368,51.0606]},"properties":{"stop_id":"212079","stop_name":"Drongen Luchterenhof","qualifies_min1_weekday":true,"qualifies_min1_fullweek":true,"qualifies_min10_weekday":true,"qualifies_min10_fullweek":true,"qualifies_hourly_weekday":true,"qualifies_hourly_fullweek":true,"qualifies_halfhour_weekday":false,"qualifies_halfhour_fullweek":false,"departures_MONDAY":31,"departures_TUESDAY":31,"departures_WEDNESDAY":31,"departures_THURSDAY":31,"departures_FRIDAY":31,"departures_SATURDAY":28,"departures_SUNDAY":28}},{"type":"Feature","geometry":{"type":"Point","coordinates":[3.6581,51.0085]},"properties":{"stop_id":"212081","stop_name":"De Pinte Keistraat","qualifies_min1_weekday":true,"qualifies_min1_fullweek":true,"qualifies_min10_weekday":true,"qualifies_min10_fullweek":true,"qualifies_hourly_weekday":false,"qualifies_hourly_fullweek":false,"qualifies_halfhour_weekday":false,"qualifies_halfhour_fullweek":false,"departures_MONDAY":20,"departures_TUESDAY":21,"departures_WEDNESDAY":21,"departures_THURSDAY":21,"departures_FRIDAY":21,"departures_SATURDAY":17,"departures_SUNDAY":14}},{"type":"Feature","geometry":{"type":"Point","coordinates":[3.7448,51.0591]},"properties":{"stop_id":"212090","stop_name":"Sint-Amandsberg Halvemaanstraat","qualifies_min1_weekday":true,"qualifies_min1_fullweek":true,"qualifies_min10_weekday":true,"qualifies_min10_fullweek":true,"qualifies_hourly_weekday":true,"qualifies_hourly_fullweek":true,"qualifies_halfhour_weekday":true,"qualifies_halfhour_fullweek":true,"departures_MONDAY":188,"departures_TUESDAY":207,"departures_WEDNESDAY":206,"departures_THURSDAY":207,"departures_FRIDAY":207,"departures_SATURDAY":181,"departures_SUNDAY":168}},{"type":"Feature","geometry":{"type":"Point","coordinates":[3.7415,51.0062]},"properties":{"stop_id":"212091","stop_name":"Zwijnaarde Suzanne Tassierstraat","qualifies_min1_weekday":false,"qualifies_min1_fullweek":false,"qualifies_min10_weekday":false,"qualifies_min10_fullweek":false,"qualifies_hourly_weekday":false,"qualifies_hourly_fullweek":false,"qualifies_halfhour_weekday":false,"qualifies_halfhour_fullweek":false,"departures_MONDAY":0,"departures_TUESDAY":0,"departures_WEDNESDAY":0,"departures_THURSDAY":0,"departures_FRIDAY":0,"departures_SATURDAY":0,"departures_SUNDAY":0}},{"type":"Feature","geometry":{"type":"Point","coordinates":[3.7414,51.0071]},"properties":{"stop_id":"212092","stop_name":"Zwijnaarde Eilandje","qualifies_min1_weekday":false,"qualifies_min1_fullweek":false,"qualifies_min10_weekday":false,"qualifies_min10_fullweek":false,"qualifies_hourly_weekday":false,"qualifies_hourly_fullweek":false,"qualifies_halfhour_weekday":false,"qualifies_halfhour_fullweek":false,"departures_MONDAY":0,"departures_TUESDAY":0,"departures_WEDNESDAY":0,"departures_THURSDAY":0,"departures_FRIDAY":0,"departures_SATURDAY":0,"departures_SUNDAY":0}},{"type":"Feature","geometry":{"type":"Point","coordinates":[3.7384,51.0375]},"properties":{"stop_id":"212095","stop_name":"Ledeberg P+R Ledeberg","qualifies_min1_weekday":true,"qualifies_min1_fullweek":true,"qualifies_min10_weekday":true,"qualifies_min10_fullweek":true,"qualifies_hourly_weekday":true,"qualifies_hourly_fullweek":true,"qualifies_halfhour_weekday":true,"qualifies_halfhour_fullweek":true,"departures_MONDAY":176,"departures_TUESDAY":205,"departures_WEDNESDAY":205,"departures_THURSDAY":205,"departures_FRIDAY":205,"departures_SATURDAY":187,"departures_SUNDAY":159}},{"type":"Feature","geometry":{"type":"Point","coordinates":[3.7353,51.0737]},"properties":{"stop_id":"212096","stop_name":"Gent P+R Muide","qualifies_min1_weekday":true,"qualifies_min1_fullweek":true,"qualifies_min10_weekday":true,"qualifies_min10_fullweek":true,"qualifies_hourly_weekday":true,"qualifies_hourly_fullweek":true,"qualifies_halfhour_weekday":true,"qualifies_halfhour_fullweek":true,"departures_MONDAY":96,"departures_TUESDAY":96,"departures_WEDNESDAY":96,"departures_THURSDAY":96,"departures_FRIDAY":96,"departures_SATURDAY":96,"departures_SUNDAY":96}},{"type":"Feature","geometry":{"type":"Point","coordinates":[3.7295,51.0675]},"properties":{"stop_id":"212105","stop_name":"Gent Neuseplein","qualifies_min1_weekday":true,"qualifies_min1_fullweek":true,"qualifies_min10_weekday":true,"qualifies_min10_fullweek":true,"qualifies_hourly_weekday":true,"qualifies_hourly_fullweek":true,"qualifies_halfhour_weekday":true,"qualifies_halfhour_fullweek":true,"departures_MONDAY":83,"departures_TUESDAY":103,"departures_WEDNESDAY":103,"departures_THURSDAY":103,"departures_FRIDAY":103,"departures_SATURDAY":71,"departures_SUNDAY":65}},{"type":"Feature","geometry":{"type":"Point","coordinates":[3.7214,51.0659]},"properties":{"stop_id":"212109","stop_name":"Gent Voortmanstraat","qualifies_min1_weekday":true,"qualifies_min1_fullweek":true,"qualifies_min10_weekday":true,"qualifies_min10_fullweek":true,"qualifies_hourly_weekday":true,"qualifies_hourly_fullweek":true,"qualifies_halfhour_weekday":true,"qualifies_halfhour_fullweek":true,"departures_MONDAY":83,"departures_TUESDAY":103,"departures_WEDNESDAY":103,"departures_THURSDAY":103,"departures_FRIDAY":103,"departures_SATURDAY":71,"departures_SUNDAY":65}},{"type":"Feature","geometry":{"type":"Point","coordinates":[3.7593,51.0432]},"properties":{"stop_id":"212131","stop_name":"Gentbrugge Jef Vandermeulenstraat","qualifies_min1_weekday":true,"qualifies_min1_fullweek":true,"qualifies_min10_weekday":true,"qualifies_min10_fullweek":true,"qualifies_hourly_weekday":true,"qualifies_hourly_fullweek":true,"qualifies_halfhour_weekday":true,"qualifies_halfhour_fullweek":true,"departures_MONDAY":87,"departures_TUESDAY":99,"departures_WEDNESDAY":99,"departures_THURSDAY":99,"departures_FRIDAY":99,"departures_SATURDAY":84,"departures_SUNDAY":65}},{"type":"Feature","geometry":{"type":"Point","coordinates":[3.7128,51.0605]},"properties":{"stop_id":"212132","stop_name":"Gent Rabot (Begijnhoflaan)","qualifies_min1_weekday":true,"qualifies_min1_fullweek":true,"qualifies_min10_weekday":true,"qualifies_min10_fullweek":true,"qualifies_hourly_weekday":true,"qualifies_hourly_fullweek":true,"qualifies_halfhour_weekday":true,"qualifies_halfhour_fullweek":true,"departures_MONDAY":83,"departures_TUESDAY":103,"departures_WEDNESDAY":103,"departures_THURSDAY":103,"departures_FRIDAY":103,"departures_SATURDAY":71,"departures_SUNDAY":65}},{"type":"Feature","geometry":{"type":"Point","coordinates":[3.7101,51.0526]},"properties":{"stop_id":"212133","stop_name":"Gent Theresianenstraat","qualifies_min1_weekday":true,"qualifies_min1_fullweek":true,"qualifies_min10_weekday":true,"qualifies_min10_fullweek":true,"qualifies_hourly_weekday":true,"qualifies_hourly_fullweek":true,"qualifies_halfhour_weekday":true,"qualifies_halfhour_fullweek":true,"departures_MONDAY":83,"departures_TUESDAY":103,"departures_WEDNESDAY":103,"departures_THURSDAY":103,"departures_FRIDAY":103,"departures_SATURDAY":71,"departures_SUNDAY":65}},{"type":"Feature","geometry":{"type":"Point","coordinates":[3.7527,51.0506]},"properties":{"stop_id":"212134","stop_name":"Sint-Amandsberg Aannemersstraat","qualifies_min1_weekday":true,"qualifies_min1_fullweek":true,"qualifies_min10_weekday":true,"qualifies_min10_fullweek":true,"qualifies_hourly_weekday":true,"qualifies_hourly_fullweek":true,"qualifies_halfhour_weekday":true,"qualifies_halfhour_fullweek":true,"departures_MONDAY":112,"departures_TUESDAY":128,"departures_WEDNESDAY":128,"departures_THURSDAY":128,"departures_FRIDAY":128,"departures_SATURDAY":105,"departures_SUNDAY":74}},{"type":"Feature","geometry":{"type":"Point","coordinates":[3.735,51.0568]},"properties":{"stop_id":"212139","stop_name":"Gent Jan van Gentstraat (Dampoortstraat)","qualifies_min1_weekday":true,"qualifies_min1_fullweek":true,"qualifies_min10_weekday":true,"qualifies_min10_fullweek":true,"qualifies_hourly_weekday":true,"qualifies_hourly_fullweek":true,"qualifies_halfhour_weekday":true,"qualifies_halfhour_fullweek":true,"departures_MONDAY":315,"departures_TUESDAY":340,"departures_WEDNESDAY":340,"departures_THURSDAY":340,"departures_FRIDAY":340,"departures_SATURDAY":305,"departures_SUNDAY":281}},{"type":"Feature","geometry":{"type":"Point","coordinates":[3.7319,51.0571]},"properties":{"stop_id":"212140","stop_name":"Gent Sint-Jorisbrug","qualifies_min1_weekday":true,"qualifies_min1_fullweek":true,"qualifies_min10_weekday":true,"qualifies_min10_fullweek":true,"qualifies_hourly_weekday":true,"qualifies_hourly_fullweek":true,"qualifies_halfhour_weekday":true,"qualifies_halfhour_fullweek":true,"departures_MONDAY":267,"departures_TUESDAY":292,"departures_WEDNESDAY":292,"departures_THURSDAY":292,"departures_FRIDAY":292,"departures_SATURDAY":257,"departures_SUNDAY":233}},{"type":"Feature","geometry":{"type":"Point","coordinates":[3.8245,51.0943]},"properties":{"stop_id":"212148","stop_name":"Lochristi Kasseitje","qualifies_min1_weekday":true,"qualifies_min1_fullweek":true,"qualifies_min10_weekday":true,"qualifies_min10_fullweek":true,"qualifies_hourly_weekday":true,"qualifies_hourly_fullweek":true,"qualifies_halfhour_weekday":true,"qualifies_halfhour_fullweek":true,"departures_MONDAY":68,"departures_TUESDAY":72,"departures_WEDNESDAY":73,"departures_THURSDAY":72,"departures_FRIDAY":72,"departures_SATURDAY":65,"departures_SUNDAY":58}},{"type":"Feature","geometry":{"type":"Point","coordinates":[3.6993,51.0623]},"properties":{"stop_id":"212149","stop_name":"Gent Notelaarstraat","qualifies_min1_weekday":true,"qualifies_min1_fullweek":true,"qualifies_min10_weekday":true,"qualifies_min10_fullweek":true,"qualifies_hourly_weekday":true,"qualifies_hourly_fullweek":true,"qualifies_halfhour_weekday":true,"qualifies_halfhour_fullweek":true,"departures_MONDAY":116,"departures_TUESDAY":129,"departures_WEDNESDAY":129,"departures_THURSDAY":129,"departures_FRIDAY":129,"departures_SATURDAY":115,"departures_SUNDAY":113}},{"type":"Feature","geometry":{"type":"Point","coordinates":[3.844,51.0997]},"properties":{"stop_id":"212152","stop_name":"Lochristi Dorp-Oost","qualifies_min1_weekday":true,"qualifies_min1_fullweek":true,"qualifies_min10_weekday":true,"qualifies_min10_fullweek":true,"qualifies_hourly_weekday":true,"qualifies_hourly_fullweek":false,"qualifies_halfhour_weekday":false,"qualifies_halfhour_fullweek":false,"departures_MONDAY":20,"departures_TUESDAY":20,"departures_WEDNESDAY":20,"departures_THURSDAY":20,"departures_FRIDAY":20,"departures_SATURDAY":17,"departures_SUNDAY":15}},{"type":"Feature","geometry":{"type":"Point","coordinates":[3.7185,51.01]},"properties":{"stop_id":"212155","stop_name":"Zwijnaarde Klaartestraat","qualifies_min1_weekday":false,"qualifies_min1_fullweek":false,"qualifies_min10_weekday":false,"qualifies_min10_fullweek":false,"qualifies_hourly_weekday":false,"qualifies_hourly_fullweek":false,"qualifies_halfhour_weekday":false,"qualifies_halfhour_fullweek":false,"departures_MONDAY":0,"departures_TUESDAY":0,"departures_WEDNESDAY":0,"departures_THURSDAY":0,"departures_FRIDAY":0,"departures_SATURDAY":0,"departures_SUNDAY":0}},{"type":"Feature","geometry":{"type":"Point","coordinates":[3.7159,51.0054]},"properties":{"stop_id":"212157","stop_name":"Zwijnaarde Molen","qualifies_min1_weekday":false,"qualifies_min1_fullweek":false,"qualifies_min10_weekday":false,"qualifies_min10_fullweek":false,"qualifies_hourly_weekday":false,"qualifies_hourly_fullweek":false,"qualifies_halfhour_weekday":false,"qualifies_halfhour_fullweek":false,"departures_MONDAY":0,"departures_TUESDAY":0,"departures_WEDNESDAY":0,"departures_THURSDAY":0,"departures_FRIDAY":0,"departures_SATURDAY":0,"departures_SUNDAY":0}},{"type":"Feature","geometry":{"type":"Point","coordinates":[3.7068,51.0315]},"properties":{"stop_id":"212159","stop_name":"Gent Tuinwijklaan","qualifies_min1_weekday":true,"qualifies_min1_fullweek":true,"qualifies_min10_weekday":true,"qualifies_min10_fullweek":true,"qualifies_hourly_weekday":true,"qualifies_hourly_fullweek":true,"qualifies_halfhour_weekday":true,"qualifies_halfhour_fullweek":true,"departures_MONDAY":248,"departures_TUESDAY":271,"departures_WEDNESDAY":274,"departures_THURSDAY":271,"departures_FRIDAY":271,"departures_SATURDAY":216,"departures_SUNDAY":175}},{"type":"Feature","geometry":{"type":"Point","coordinates":[3.7081,51.028]},"properties":{"stop_id":"212160","stop_name":"Gent Flamingostraat","qualifies_min1_weekday":true,"qualifies_min1_fullweek":true,"qualifies_min10_weekday":true,"qualifies_min10_fullweek":true,"qualifies_hourly_weekday":true,"qualifies_hourly_fullweek":true,"qualifies_halfhour_weekday":true,"qualifies_halfhour_fullweek":true,"departures_MONDAY":248,"departures_TUESDAY":271,"departures_WEDNESDAY":274,"departures_THURSDAY":271,"departures_FRIDAY":271,"departures_SATURDAY":216,"departures_SUNDAY":175}},{"type":"Feature","geometry":{"type":"Point","coordinates":[3.704,51.0588]},"properties":{"stop_id":"212171","stop_name":"Gent Seghersplein (Weversstraat)","qualifies_min1_weekday":true,"qualifies_min1_fullweek":true,"qualifies_min10_weekday":true,"qualifies_min10_fullweek":true,"qualifies_hourly_weekday":true,"qualifies_hourly_fullweek":true,"qualifies_halfhour_weekday":true,"qualifies_halfhour_fullweek":false,"departures_MONDAY":63,"departures_TUESDAY":63,"departures_WEDNESDAY":63,"departures_THURSDAY":63,"departures_FRIDAY":63,"departures_SATURDAY":57,"departures_SUNDAY":55}},{"type":"Feature","geometry":{"type":"Point","coordinates":[3.69,51.0553]},"properties":{"stop_id":"212174","stop_name":"Gent Crappéstraat","qualifies_min1_weekday":true,"qualifies_min1_fullweek":true,"qualifies_min10_weekday":true,"qualifies_min10_fullweek":true,"qualifies_hourly_weekday":true,"qualifies_hourly_fullweek":true,"qualifies_halfhour_weekday":false,"qualifies_halfhour_fullweek":false,"departures_MONDAY":63,"departures_TUESDAY":63,"departures_WEDNESDAY":63,"departures_THURSDAY":63,"departures_FRIDAY":63,"departures_SATURDAY":56,"departures_SUNDAY":54}},{"type":"Feature","geometry":{"type":"Point","coordinates":[3.7264,51.0254]},"properties":{"stop_id":"212179","stop_name":"Gent UZ","qualifies_min1_weekday":true,"qualifies_min1_fullweek":true,"qualifies_min10_weekday":true,"qualifies_min10_fullweek":true,"qualifies_hourly_weekday":true,"qualifies_hourly_fullweek":true,"qualifies_halfhour_weekday":true,"qualifies_halfhour_fullweek":true,"departures_MONDAY":170,"departures_TUESDAY":214,"departures_WEDNESDAY":214,"departures_THURSDAY":214,"departures_FRIDAY":214,"departures_SATURDAY":152,"departures_SUNDAY":134}},{"type":"Feature","geometry":{"type":"Point","coordinates":[3.6569,51.0632]},"properties":{"stop_id":"212188","stop_name":"Drongen Kerkhof","qualifies_min1_weekday":true,"qualifies_min1_fullweek":true,"qualifies_min10_weekday":true,"qualifies_min10_fullweek":true,"qualifies_hourly_weekday":true,"qualifies_hourly_fullweek":true,"qualifies_halfhour_weekday":false,"qualifies_halfhour_fullweek":false,"departures_MONDAY":34,"departures_TUESDAY":35,"departures_WEDNESDAY":35,"departures_THURSDAY":35,"departures_FRIDAY":35,"departures_SATURDAY":29,"departures_SUNDAY":18}},{"type":"Feature","geometry":{"type":"Point","coordinates":[3.6479,51.0681]},"properties":{"stop_id":"212189","stop_name":"Drongen Beekstraat","qualifies_min1_weekday":true,"qualifies_min1_fullweek":true,"qualifies_min10_weekday":true,"qualifies_min10_fullweek":true,"qualifies_hourly_weekday":true,"qualifies_hourly_fullweek":true,"qualifies_halfhour_weekday":false,"qualifies_halfhour_fullweek":false,"departures_MONDAY":34,"departures_TUESDAY":36,"departures_WEDNESDAY":36,"departures_THURSDAY":36,"departures_FRIDAY":36,"departures_SATURDAY":29,"departures_SUNDAY":18}},{"type":"Feature","geometry":{"type":"Point","coordinates":[3.7055,51.0814]},"properties":{"stop_id":"212210","stop_name":"Wondelgem Roodborstjesstraat","qualifies_min1_weekday":true,"qualifies_min1_fullweek":true,"qualifies_min10_weekday":true,"qualifies_min10_fullweek":true,"qualifies_hourly_weekday":true,"qualifies_hourly_fullweek":true,"qualifies_halfhour_weekday":true,"qualifies_halfhour_fullweek":false,"departures_MONDAY":76,"departures_TUESDAY":106,"departures_WEDNESDAY":106,"departures_THURSDAY":106,"departures_FRIDAY":106,"departures_SATURDAY":62,"departures_SUNDAY":60}},{"type":"Feature","geometry":{"type":"Point","coordinates":[3.7391,51.0001]},"properties":{"stop_id":"212216","stop_name":"Merelbeke Melsenbeekstraat","qualifies_min1_weekday":true,"qualifies_min1_fullweek":true,"qualifies_min10_weekday":true,"qualifies_min10_fullweek":true,"qualifies_hourly_weekday":true,"qualifies_hourly_fullweek":false,"qualifies_halfhour_weekday":false,"qualifies_halfhour_fullweek":false,"departures_MONDAY":32,"departures_TUESDAY":41,"departures_WEDNESDAY":43,"departures_THURSDAY":41,"departures_FRIDAY":41,"departures_SATURDAY":30,"departures_SUNDAY":13}},{"type":"Feature","geometry":{"type":"Point","coordinates":[3.7397,51.0536]},"properties":{"stop_id":"212223","stop_name":"Gent Dampoort (Gandastraat)","qualifies_min1_weekday":true,"qualifies_min1_fullweek":true,"qualifies_min10_weekday":true,"qualifies_min10_fullweek":true,"qualifies_hourly_weekday":true,"qualifies_hourly_fullweek":true,"qualifies_halfhour_weekday":true,"qualifies_halfhour_fullweek":true,"departures_MONDAY":244,"departures_TUESDAY":256,"departures_WEDNESDAY":256,"departures_THURSDAY":256,"departures_FRIDAY":256,"departures_SATURDAY":232,"departures_SUNDAY":192}},{"type":"Feature","geometry":{"type":"Point","coordinates":[3.6863,51.0479]},"properties":{"stop_id":"212240","stop_name":"Gent Blaarmeersen (Rugbylaan)","qualifies_min1_weekday":true,"qualifies_min1_fullweek":true,"qualifies_min10_weekday":true,"qualifies_min10_fullweek":true,"qualifies_hourly_weekday":true,"qualifies_hourly_fullweek":true,"qualifies_halfhour_weekday":true,"qualifies_halfhour_fullweek":true,"departures_MONDAY":131,"departures_TUESDAY":145,"departures_WEDNESDAY":145,"departures_THURSDAY":145,"departures_FRIDAY":145,"departures_SATURDAY":83,"departures_SUNDAY":65}},{"type":"Feature","geometry":{"type":"Point","coordinates":[3.7292,51.0796]},"properties":{"stop_id":"212246","stop_name":"Gent Rotterdamstraat","qualifies_min1_weekday":true,"qualifies_min1_fullweek":true,"qualifies_min10_weekday":true,"qualifies_min10_fullweek":true,"qualifies_hourly_weekday":true,"qualifies_hourly_fullweek":true,"qualifies_halfhour_weekday":false,"qualifies_halfhour_fullweek":false,"departures_MONDAY":51,"departures_TUESDAY":64,"departures_WEDNESDAY":64,"departures_THURSDAY":64,"departures_FRIDAY":64,"departures_SATURDAY":58,"departures_SUNDAY":50}},{"type":"Feature","geometry":{"type":"Point","coordinates":[3.7623,51.0404]},"properties":{"stop_id":"212250","stop_name":"Gentbrugge Meersemdries","qualifies_min1_weekday":true,"qualifies_min1_fullweek":true,"qualifies_min10_weekday":true,"qualifies_min10_fullweek":true,"qualifies_hourly_weekday":true,"qualifies_hourly_fullweek":true,"qualifies_halfhour_weekday":true,"qualifies_halfhour_fullweek":true,"departures_MONDAY":87,"departures_TUESDAY":99,"departures_WEDNESDAY":99,"departures_THURSDAY":99,"departures_FRIDAY":99,"departures_SATURDAY":84,"departures_SUNDAY":65}},{"type":"Feature","geometry":{"type":"Point","coordinates":[3.7695,51.0852]},"properties":{"stop_id":"212253","stop_name":"Oostakker Edugo (Krijtekerkweg)","qualifies_min1_weekday":true,"qualifies_min1_fullweek":true,"qualifies_min10_weekday":true,"qualifies_min10_fullweek":true,"qualifies_hourly_weekday":true,"qualifies_hourly_fullweek":true,"qualifies_halfhour_weekday":false,"qualifies_halfhour_fullweek":false,"departures_MONDAY":32,"departures_TUESDAY":41,"departures_WEDNESDAY":39,"departures_THURSDAY":41,"departures_FRIDAY":41,"departures_SATURDAY":28,"departures_SUNDAY":28}},{"type":"Feature","geometry":{"type":"Point","coordinates":[3.6884,51.0492]},"properties":{"stop_id":"212277","stop_name":"Gent P+R Watersportbaan","qualifies_min1_weekday":true,"qualifies_min1_fullweek":true,"qualifies_min10_weekday":true,"qualifies_min10_fullweek":true,"qualifies_hourly_weekday":true,"qualifies_hourly_fullweek":true,"qualifies_halfhour_weekday":true,"qualifies_halfhour_fullweek":true,"departures_MONDAY":131,"departures_TUESDAY":145,"departures_WEDNESDAY":145,"departures_THURSDAY":145,"departures_FRIDAY":145,"departures_SATURDAY":83,"departures_SUNDAY":65}},{"type":"Feature","geometry":{"type":"Point","coordinates":[3.6818,51.0199]},"properties":{"stop_id":"212316","stop_name":"Sint-Denijs-Westrem Rubenslaan","qualifies_min1_weekday":true,"qualifies_min1_fullweek":true,"qualifies_min10_weekday":true,"qualifies_min10_fullweek":true,"qualifies_hourly_weekday":true,"qualifies_hourly_fullweek":true,"qualifies_halfhour_weekday":true,"qualifies_halfhour_fullweek":false,"departures_MONDAY":66,"departures_TUESDAY":66,"departures_WEDNESDAY":66,"departures_THURSDAY":66,"departures_FRIDAY":66,"departures_SATURDAY":64,"departures_SUNDAY":58}},{"type":"Feature","geometry":{"type":"Point","coordinates":[3.7203,51.0026]},"properties":{"stop_id":"212333","stop_name":"Zwijnaarde Schayckstraat","qualifies_min1_weekday":true,"qualifies_min1_fullweek":true,"qualifies_min10_weekday":true,"qualifies_min10_fullweek":true,"qualifies_hourly_weekday":true,"qualifies_hourly_fullweek":false,"qualifies_halfhour_weekday":false,"qualifies_halfhour_fullweek":false,"departures_MONDAY":32,"departures_TUESDAY":41,"departures_WEDNESDAY":43,"departures_THURSDAY":41,"departures_FRIDAY":41,"departures_SATURDAY":30,"departures_SUNDAY":13}},{"type":"Feature","geometry":{"type":"Point","coordinates":[3.7202,51.0669]},"properties":{"stop_id":"212357","stop_name":"Gent Gagelstraat","qualifies_min1_weekday":true,"qualifies_min1_fullweek":true,"qualifies_min10_weekday":true,"qualifies_min10_fullweek":true,"qualifies_hourly_weekday":true,"qualifies_hourly_fullweek":true,"qualifies_halfhour_weekday":true,"qualifies_halfhour_fullweek":true,"departures_MONDAY":210,"departures_TUESDAY":253,"departures_WEDNESDAY":254,"departures_THURSDAY":253,"departures_FRIDAY":253,"departures_SATURDAY":210,"departures_SUNDAY":178}},{"type":"Feature","geometry":{"type":"Point","coordinates":[3.7263,51.0646]},"properties":{"stop_id":"212361","stop_name":"Gent Sanderusstraat","qualifies_min1_weekday":true,"qualifies_min1_fullweek":true,"qualifies_min10_weekday":true,"qualifies_min10_fullweek":true,"qualifies_hourly_weekday":true,"qualifies_hourly_fullweek":true,"qualifies_halfhour_weekday":true,"qualifies_halfhour_fullweek":true,"departures_MONDAY":308,"departures_TUESDAY":364,"departures_WEDNESDAY":365,"departures_THURSDAY":364,"departures_FRIDAY":364,"departures_SATURDAY":315,"departures_SUNDAY":276}},{"type":"Feature","geometry":{"type":"Point","coordinates":[3.7235,51.0323]},"properties":{"stop_id":"212375","stop_name":"Gent Zwijnaardsesteenweg (spoorwegbrug)","qualifies_min1_weekday":true,"qualifies_min1_fullweek":true,"qualifies_min10_weekday":true,"qualifies_min10_fullweek":true,"qualifies_hourly_weekday":true,"qualifies_hourly_fullweek":true,"qualifies_halfhour_weekday":true,"qualifies_halfhour_fullweek":true,"departures_MONDAY":139,"departures_TUESDAY":168,"departures_WEDNESDAY":168,"departures_THURSDAY":168,"departures_FRIDAY":168,"departures_SATURDAY":90,"departures_SUNDAY":62}},{"type":"Feature","geometry":{"type":"Point","coordinates":[3.686,50.9965]},"properties":{"stop_id":"212397","stop_name":"Zwijnaarde Klossestraat","qualifies_min1_weekday":true,"qualifies_min1_fullweek":true,"qualifies_min10_weekday":true,"qualifies_min10_fullweek":true,"qualifies_hourly_weekday":false,"qualifies_hourly_fullweek":false,"qualifies_halfhour_weekday":false,"qualifies_halfhour_fullweek":false,"departures_MONDAY":20,"departures_TUESDAY":21,"departures_WEDNESDAY":21,"departures_THURSDAY":21,"departures_FRIDAY":21,"departures_SATURDAY":17,"departures_SUNDAY":13}},{"type":"Feature","geometry":{"type":"Point","coordinates":[3.6944,51.0739]},"properties":{"stop_id":"212406","stop_name":"Mariakerke Molenwalstraat","qualifies_min1_weekday":true,"qualifies_min1_fullweek":true,"qualifies_min10_weekday":true,"qualifies_min10_fullweek":true,"qualifies_hourly_weekday":true,"qualifies_hourly_fullweek":true,"qualifies_halfhour_weekday":false,"qualifies_halfhour_fullweek":false,"departures_MONDAY":38,"departures_TUESDAY":54,"departures_WEDNESDAY":54,"departures_THURSDAY":54,"departures_FRIDAY":54,"departures_SATURDAY":31,"departures_SUNDAY":30}},{"type":"Feature","geometry":{"type":"Point","coordinates":[3.7335,51.11]},"properties":{"stop_id":"212408","stop_name":"Gent Wondelgemkaai","qualifies_min1_weekday":true,"qualifies_min1_fullweek":true,"qualifies_min10_weekday":true,"qualifies_min10_fullweek":true,"qualifies_hourly_weekday":true,"qualifies_hourly_fullweek":true,"qualifies_halfhour_weekday":false,"qualifies_halfhour_fullweek":false,"departures_MONDAY":34,"departures_TUESDAY":42,"departures_WEDNESDAY":42,"departures_THURSDAY":42,"departures_FRIDAY":42,"departures_SATURDAY":28,"departures_SUNDAY":16}},{"type":"Feature","geometry":{"type":"Point","coordinates":[3.7453,51.1142]},"properties":{"stop_id":"212410","stop_name":"Gent Herrystraat","qualifies_min1_weekday":false,"qualifies_min1_fullweek":false,"qualifies_min10_weekday":false,"qualifies_min10_fullweek":false,"qualifies_hourly_weekday":false,"qualifies_hourly_fullweek":false,"qualifies_halfhour_weekday":false,"qualifies_halfhour_fullweek":false,"departures_MONDAY":0,"departures_TUESDAY":0,"departures_WEDNESDAY":0,"departures_THURSDAY":0,"departures_FRIDAY":0,"departures_SATURDAY":0,"departures_SUNDAY":0}},{"type":"Feature","geometry":{"type":"Point","coordinates":[3.7569,51.1221]},"properties":{"stop_id":"212412","stop_name":"Gent Sadaci","qualifies_min1_weekday":false,"qualifies_min1_fullweek":false,"qualifies_min10_weekday":false,"qualifies_min10_fullweek":false,"qualifies_hourly_weekday":false,"qualifies_hourly_fullweek":false,"qualifies_halfhour_weekday":false,"qualifies_halfhour_fullweek":false,"departures_MONDAY":0,"departures_TUESDAY":0,"departures_WEDNESDAY":0,"departures_THURSDAY":0,"departures_FRIDAY":0,"departures_SATURDAY":0,"departures_SUNDAY":0}},{"type":"Feature","geometry":{"type":"Point","coordinates":[3.7707,51.1348]},"properties":{"stop_id":"212416","stop_name":"Gent Bruggeman","qualifies_min1_weekday":false,"qualifies_min1_fullweek":false,"qualifies_min10_weekday":false,"qualifies_min10_fullweek":false,"qualifies_hourly_weekday":false,"qualifies_hourly_fullweek":false,"qualifies_halfhour_weekday":false,"qualifies_halfhour_fullweek":false,"departures_MONDAY":0,"departures_TUESDAY":0,"departures_WEDNESDAY":0,"departures_THURSDAY":0,"departures_FRIDAY":0,"departures_SATURDAY":0,"departures_SUNDAY":0}},{"type":"Feature","geometry":{"type":"Point","coordinates":[3.7064,51.0864]},"properties":{"stop_id":"212417","stop_name":"Wondelgem Neptunus (Botestraat)","qualifies_min1_weekday":true,"qualifies_min1_fullweek":true,"qualifies_min10_weekday":true,"qualifies_min10_fullweek":true,"qualifies_hourly_weekday":true,"qualifies_hourly_fullweek":true,"qualifies_halfhour_weekday":true,"qualifies_halfhour_fullweek":false,"departures_MONDAY":75,"departures_TUESDAY":106,"departures_WEDNESDAY":106,"departures_THURSDAY":106,"departures_FRIDAY":106,"departures_SATURDAY":61,"departures_SUNDAY":60}},{"type":"Feature","geometry":{"type":"Point","coordinates":[3.7303,51.0759]},"properties":{"stop_id":"212426","stop_name":"Gent Liverpoolstraat","qualifies_min1_weekday":true,"qualifies_min1_fullweek":true,"qualifies_min10_weekday":true,"qualifies_min10_fullweek":true,"qualifies_hourly_weekday":true,"qualifies_hourly_fullweek":true,"qualifies_halfhour_weekday":false,"qualifies_halfhour_fullweek":false,"departures_MONDAY":51,"departures_TUESDAY":64,"departures_WEDNESDAY":64,"departures_THURSDAY":64,"departures_FRIDAY":64,"departures_SATURDAY":58,"departures_SUNDAY":50}},{"type":"Feature","geometry":{"type":"Point","coordinates":[3.7379,51.0713]},"properties":{"stop_id":"212432","stop_name":"Gent P+R Lübeck","qualifies_min1_weekday":true,"qualifies_min1_fullweek":true,"qualifies_min10_weekday":true,"qualifies_min10_fullweek":true,"qualifies_hourly_weekday":true,"qualifies_hourly_fullweek":true,"qualifies_halfhour_weekday":true,"qualifies_halfhour_fullweek":true,"departures_MONDAY":48,"departures_TUESDAY":48,"departures_WEDNESDAY":48,"departures_THURSDAY":48,"departures_FRIDAY":48,"departures_SATURDAY":48,"departures_SUNDAY":48}},{"type":"Feature","geometry":{"type":"Point","coordinates":[3.738,51.0693]},"properties":{"stop_id":"212433","stop_name":"Gent Scandinaviëstraat","qualifies_min1_weekday":true,"qualifies_min1_fullweek":true,"qualifies_min10_weekday":true,"qualifies_min10_fullweek":true,"qualifies_hourly_weekday":true,"qualifies_hourly_fullweek":true,"qualifies_halfhour_weekday":true,"qualifies_halfhour_fullweek":false,"departures_MONDAY":48,"departures_TUESDAY":48,"departures_WEDNESDAY":48,"departures_THURSDAY":48,"departures_FRIDAY":48,"departures_SATURDAY":48,"departures_SUNDAY":48}},{"type":"Feature","geometry":{"type":"Point","coordinates":[3.7388,51.0489]},"properties":{"stop_id":"212445","stop_name":"Gent Lousbergbrug","qualifies_min1_weekday":true,"qualifies_min1_fullweek":true,"qualifies_min10_weekday":true,"qualifies_min10_fullweek":false,"qualifies_hourly_weekday":false,"qualifies_hourly_fullweek":false,"qualifies_halfhour_weekday":false,"qualifies_halfhour_fullweek":false,"departures_MONDAY":25,"departures_TUESDAY":29,"departures_WEDNESDAY":29,"departures_THURSDAY":29,"departures_FRIDAY":29,"departures_SATURDAY":21,"departures_SUNDAY":9}},{"type":"Feature","geometry":{"type":"Point","coordinates":[3.7974,51.0375]},"properties":{"stop_id":"212461","stop_name":"Heusden Brugwegel","qualifies_min1_weekday":true,"qualifies_min1_fullweek":true,"qualifies_min10_weekday":true,"qualifies_min10_fullweek":true,"qualifies_hourly_weekday":true,"qualifies_hourly_fullweek":true,"qualifies_halfhour_weekday":false,"qualifies_halfhour_fullweek":false,"departures_MONDAY":33,"departures_TUESDAY":33,"departures_WEDNESDAY":33,"departures_THURSDAY":33,"departures_FRIDAY":33,"departures_SATURDAY":30,"departures_SUNDAY":17}},{"type":"Feature","geometry":{"type":"Point","coordinates":[3.7388,51.0366]},"properties":{"stop_id":"212482","stop_name":"Ledeberg P+R Ledeberg (Hundelgemsesteenweg)","qualifies_min1_weekday":true,"qualifies_min1_fullweek":true,"qualifies_min10_weekday":true,"qualifies_min10_fullweek":true,"qualifies_hourly_weekday":true,"qualifies_hourly_fullweek":true,"qualifies_halfhour_weekday":true,"qualifies_halfhour_fullweek":true,"departures_MONDAY":212,"departures_TUESDAY":250,"departures_WEDNESDAY":250,"departures_THURSDAY":250,"departures_FRIDAY":250,"departures_SATURDAY":150,"departures_SUNDAY":119}},{"type":"Feature","geometry":{"type":"Point","coordinates":[3.7686,51.0479]},"properties":{"stop_id":"212489","stop_name":"Gentbrugge Oudekouter","qualifies_min1_weekday":false,"qualifies_min1_fullweek":false,"qualifies_min10_weekday":false,"qualifies_min10_fullweek":false,"qualifies_hourly_weekday":false,"qualifies_hourly_fullweek":false,"qualifies_halfhour_weekday":false,"qualifies_halfhour_fullweek":false,"departures_MONDAY":0,"departures_TUESDAY":0,"departures_WEDNESDAY":0,"departures_THURSDAY":0,"departures_FRIDAY":0,"departures_SATURDAY":0,"departures_SUNDAY":0}},{"type":"Feature","geometry":{"type":"Point","coordinates":[3.7296,51.0641]},"properties":{"stop_id":"212501","stop_name":"Gent Heilig-Kerst","qualifies_min1_weekday":true,"qualifies_min1_fullweek":true,"qualifies_min10_weekday":true,"qualifies_min10_fullweek":true,"qualifies_hourly_weekday":true,"qualifies_hourly_fullweek":true,"qualifies_halfhour_weekday":true,"qualifies_halfhour_fullweek":true,"departures_MONDAY":48,"departures_TUESDAY":48,"departures_WEDNESDAY":48,"departures_THURSDAY":48,"departures_FRIDAY":48,"departures_SATURDAY":48,"departures_SUNDAY":48}},{"type":"Feature","geometry":{"type":"Point","coordinates":[3.7239,51.0879]},"properties":{"stop_id":"212504","stop_name":"Gent Driemasterstraat","qualifies_min1_weekday":true,"qualifies_min1_fullweek":true,"qualifies_min10_weekday":true,"qualifies_min10_fullweek":true,"qualifies_hourly_weekday":true,"qualifies_hourly_fullweek":true,"qualifies_halfhour_weekday":true,"qualifies_halfhour_fullweek":true,"departures_MONDAY":153,"departures_TUESDAY":182,"departures_WEDNESDAY":177,"departures_THURSDAY":182,"departures_FRIDAY":182,"departures_SATURDAY":146,"departures_SUNDAY":113}},{"type":"Feature","geometry":{"type":"Point","coordinates":[3.6493,51.0682]},"properties":{"stop_id":"212505","stop_name":"Drongen Bosstraat","qualifies_min1_weekday":false,"qualifies_min1_fullweek":false,"qualifies_min10_weekday":false,"qualifies_min10_fullweek":false,"qualifies_hourly_weekday":false,"qualifies_hourly_fullweek":false,"qualifies_halfhour_weekday":false,"qualifies_halfhour_fullweek":false,"departures_MONDAY":0,"departures_TUESDAY":0,"departures_WEDNESDAY":0,"departures_THURSDAY":0,"departures_FRIDAY":0,"departures_SATURDAY":0,"departures_SUNDAY":0}},{"type":"Feature","geometry":{"type":"Point","coordinates":[3.6753,51.0273]},"properties":{"stop_id":"212506","stop_name":"Sint-Denijs-Westrem Paardekop","qualifies_min1_weekday":true,"qualifies_min1_fullweek":false,"qualifies_min10_weekday":false,"qualifies_min10_fullweek":false,"qualifies_hourly_weekday":false,"qualifies_hourly_fullweek":false,"qualifies_halfhour_weekday":false,"qualifies_halfhour_fullweek":false,"departures_MONDAY":7,"departures_TUESDAY":7,"departures_WEDNESDAY":7,"departures_THURSDAY":7,"departures_FRIDAY":7,"departures_SATURDAY":0,"departures_SUNDAY":0}},{"type":"Feature","geometry":{"type":"Point","coordinates":[3.7964,51.0778]},"properties":{"stop_id":"212507","stop_name":"Sint-Amandsberg Pijkestraat","qualifies_min1_weekday":true,"qualifies_min1_fullweek":true,"qualifies_min10_weekday":true,"qualifies_min10_fullweek":true,"qualifies_hourly_weekday":true,"qualifies_hourly_fullweek":true,"qualifies_halfhour_weekday":false,"qualifies_halfhour_fullweek":false,"departures_MONDAY":31,"departures_TUESDAY":31,"departures_WEDNESDAY":31,"departures_THURSDAY":31,"departures_FRIDAY":31,"departures_SATURDAY":29,"departures_SUNDAY":28}},{"type":"Feature","geometry":{"type":"Point","coordinates":[3.715,51.0225]},"properties":{"stop_id":"212508","stop_name":"Gent Salamanderstraat","qualifies_min1_weekday":true,"qualifies_min1_fullweek":true,"qualifies_min10_weekday":true,"qualifies_min10_fullweek":true,"qualifies_hourly_weekday":true,"qualifies_hourly_fullweek":true,"qualifies_halfhour_weekday":true,"qualifies_halfhour_fullweek":true,"departures_MONDAY":188,"departures_TUESDAY":242,"departures_WEDNESDAY":242,"departures_THURSDAY":242,"departures_FRIDAY":242,"departures_SATURDAY":181,"departures_SUNDAY":122}},{"type":"Feature","geometry":{"type":"Point","coordinates":[3.7195,51.0893]},"properties":{"stop_id":"212509","stop_name":"Wondelgem Station","qualifies_min1_weekday":true,"qualifies_min1_fullweek":true,"qualifies_min10_weekday":true,"qualifies_min10_fullweek":true,"qualifies_hourly_weekday":true,"qualifies_hourly_fullweek":true,"qualifies_halfhour_weekday":true,"qualifies_halfhour_fullweek":false,"departures_MONDAY":89,"departures_TUESDAY":116,"departures_WEDNESDAY":116,"departures_THURSDAY":116,"departures_FRIDAY":116,"departures_SATURDAY":87,"departures_SUNDAY":79}},{"type":"Feature","geometry":{"type":"Point","coordinates":[3.7656,51.0994]},"properties":{"stop_id":"212513","stop_name":"Oostakker Dorp","qualifies_min1_weekday":true,"qualifies_min1_fullweek":true,"qualifies_min10_weekday":true,"qualifies_min10_fullweek":true,"qualifies_hourly_weekday":true,"qualifies_hourly_fullweek":true,"qualifies_halfhour_weekday":true,"qualifies_halfhour_fullweek":false,"departures_MONDAY":129,"departures_TUESDAY":138,"departures_WEDNESDAY":138,"departures_THURSDAY":138,"departures_FRIDAY":138,"departures_SATURDAY":119,"departures_SUNDAY":113}},{"type":"Feature","geometry":{"type":"Point","coordinates":[3.7815,51.1224]},"properties":{"stop_id":"212514","stop_name":"Desteldonk Kerk","qualifies_min1_weekday":false,"qualifies_min1_fullweek":false,"qualifies_min10_weekday":false,"qualifies_min10_fullweek":false,"qualifies_hourly_weekday":false,"qualifies_hourly_fullweek":false,"qualifies_halfhour_weekday":false,"qualifies_halfhour_fullweek":false,"departures_MONDAY":0,"departures_TUESDAY":4,"departures_WEDNESDAY":4,"departures_THURSDAY":4,"departures_FRIDAY":4,"departures_SATURDAY":0,"departures_SUNDAY":0}},{"type":"Feature","geometry":{"type":"Point","coordinates":[3.6278,51.0731]},"properties":{"stop_id":"212515","stop_name":"Drongen Heiebreestraat","qualifies_min1_weekday":false,"qualifies_min1_fullweek":false,"qualifies_min10_weekday":false,"qualifies_min10_fullweek":false,"qualifies_hourly_weekday":false,"qualifies_hourly_fullweek":false,"qualifies_halfhour_weekday":false,"qualifies_halfhour_fullweek":false,"departures_MONDAY":0,"departures_TUESDAY":0,"departures_WEDNESDAY":0,"departures_THURSDAY":0,"departures_FRIDAY":0,"departures_SATURDAY":0,"departures_SUNDAY":0}},{"type":"Feature","geometry":{"type":"Point","coordinates":[3.6495,51.0447]},"properties":{"stop_id":"212516","stop_name":"Drongen Lombaertdreef","qualifies_min1_weekday":false,"qualifies_min1_fullweek":false,"qualifies_min10_weekday":false,"qualifies_min10_fullweek":false,"qualifies_hourly_weekday":false,"qualifies_hourly_fullweek":false,"qualifies_halfhour_weekday":false,"qualifies_halfhour_fullweek":false,"departures_MONDAY":0,"departures_TUESDAY":0,"departures_WEDNESDAY":0,"departures_THURSDAY":0,"departures_FRIDAY":0,"departures_SATURDAY":0,"departures_SUNDAY":0}},{"type":"Feature","geometry":{"type":"Point","coordinates":[3.712,51.0209]},"properties":{"stop_id":"212517","stop_name":"Gent Berkhoutsheide","qualifies_min1_weekday":true,"qualifies_min1_fullweek":true,"qualifies_min10_weekday":true,"qualifies_min10_fullweek":true,"qualifies_hourly_weekday":true,"qualifies_hourly_fullweek":true,"qualifies_halfhour_weekday":true,"qualifies_halfhour_fullweek":true,"departures_MONDAY":93,"departures_TUESDAY":120,"departures_WEDNESDAY":120,"departures_THURSDAY":120,"departures_FRIDAY":120,"departures_SATURDAY":90,"departures_SUNDAY":62}},{"type":"Feature","geometry":{"type":"Point","coordinates":[3.7193,51.0188]},"properties":{"stop_id":"212518","stop_name":"Gent Haardstedestraat","qualifies_min1_weekday":true,"qualifies_min1_fullweek":true,"qualifies_min10_weekday":true,"qualifies_min10_fullweek":true,"qualifies_hourly_weekday":true,"qualifies_hourly_fullweek":true,"qualifies_halfhour_weekday":true,"qualifies_halfhour_fullweek":true,"departures_MONDAY":93,"departures_TUESDAY":120,"departures_WEDNESDAY":120,"departures_THURSDAY":120,"departures_FRIDAY":120,"departures_SATURDAY":90,"departures_SUNDAY":62}},{"type":"Feature","geometry":{"type":"Point","coordinates":[3.7155,51.0199]},"properties":{"stop_id":"212519","stop_name":"Gent Jaspisstraat","qualifies_min1_weekday":true,"qualifies_min1_fullweek":true,"qualifies_min10_weekday":true,"qualifies_min10_fullweek":true,"qualifies_hourly_weekday":true,"qualifies_hourly_fullweek":true,"qualifies_halfhour_weekday":true,"qualifies_halfhour_fullweek":true,"departures_MONDAY":93,"departures_TUESDAY":120,"departures_WEDNESDAY":120,"departures_THURSDAY":120,"departures_FRIDAY":120,"departures_SATURDAY":90,"departures_SUNDAY":62}},{"type":"Feature","geometry":{"type":"Point","coordinates":[3.7302,51.07]},"properties":{"stop_id":"212520","stop_name":"Gent Muidebrug","qualifies_min1_weekday":true,"qualifies_min1_fullweek":true,"qualifies_min10_weekday":true,"qualifies_min10_fullweek":true,"qualifies_hourly_weekday":true,"qualifies_hourly_fullweek":true,"qualifies_halfhour_weekday":true,"qualifies_halfhour_fullweek":true,"departures_MONDAY":53,"departures_TUESDAY":64,"departures_WEDNESDAY":64,"departures_THURSDAY":64,"departures_FRIDAY":64,"departures_SATURDAY":58,"departures_SUNDAY":49}},{"type":"Feature","geometry":{"type":"Point","coordinates":[3.6883,51.0813]},"properties":{"stop_id":"212521","stop_name":"Mariakerke Kollekasteel (Eeklostraat)","qualifies_min1_weekday":true,"qualifies_min1_fullweek":true,"qualifies_min10_weekday":true,"qualifies_min10_fullweek":true,"qualifies_hourly_weekday":true,"qualifies_hourly_fullweek":true,"qualifies_halfhour_weekday":false,"qualifies_halfhour_fullweek":false,"departures_MONDAY":38,"departures_TUESDAY":55,"departures_WEDNESDAY":55,"departures_THURSDAY":55,"departures_FRIDAY":55,"departures_SATURDAY":31,"departures_SUNDAY":30}},{"type":"Feature","geometry":{"type":"Point","coordinates":[3.7551,51.0525]},"properties":{"stop_id":"212524","stop_name":"Sint-Amandsberg Baeyensstraat","qualifies_min1_weekday":true,"qualifies_min1_fullweek":true,"qualifies_min10_weekday":true,"qualifies_min10_fullweek":false,"qualifies_hourly_weekday":false,"qualifies_hourly_fullweek":false,"qualifies_halfhour_weekday":false,"qualifies_halfhour_fullweek":false,"departures_MONDAY":25,"departures_TUESDAY":29,"departures_WEDNESDAY":29,"departures_THURSDAY":29,"departures_FRIDAY":29,"departures_SATURDAY":21,"departures_SUNDAY":9}},{"type":"Feature","geometry":{"type":"Point","coordinates":[3.7546,51.0589]},"properties":{"stop_id":"212525","stop_name":"Sint-Amandsberg Hartmannlaan","qualifies_min1_weekday":true,"qualifies_min1_fullweek":true,"qualifies_min10_weekday":true,"qualifies_min10_fullweek":true,"qualifies_hourly_weekday":false,"qualifies_hourly_fullweek":false,"qualifies_halfhour_weekday":false,"qualifies_halfhour_fullweek":false,"departures_MONDAY":50,"departures_TUESDAY":58,"departures_WEDNESDAY":58,"departures_THURSDAY":58,"departures_FRIDAY":58,"departures_SATURDAY":42,"departures_SUNDAY":18}},{"type":"Feature","geometry":{"type":"Point","coordinates":[3.7869,51.0763]},"properties":{"stop_id":"212526","stop_name":"Sint-Amandsberg Lippensstraat","qualifies_min1_weekday":true,"qualifies_min1_fullweek":true,"qualifies_min10_weekday":true,"qualifies_min10_fullweek":true,"qualifies_hourly_weekday":true,"qualifies_hourly_fullweek":true,"qualifies_halfhour_weekday":false,"qualifies_halfhour_fullweek":false,"departures_MONDAY":31,"departures_TUESDAY":31,"departures_WEDNESDAY":31,"departures_THURSDAY":31,"departures_FRIDAY":31,"departures_SATURDAY":29,"departures_SUNDAY":28}},{"type":"Feature","geometry":{"type":"Point","coordinates":[3.7976,51.0754]},"properties":{"stop_id":"212527","stop_name":"Sint-Amandsberg Vanillestraat","qualifies_min1_weekday":true,"qualifies_min1_fullweek":true,"qualifies_min10_weekday":true,"qualifies_min10_fullweek":true,"qualifies_hourly_weekday":true,"qualifies_hourly_fullweek":true,"qualifies_halfhour_weekday":false,"qualifies_halfhour_fullweek":false,"departures_MONDAY":31,"departures_TUESDAY":31,"departures_WEDNESDAY":31,"departures_THURSDAY":31,"departures_FRIDAY":31,"departures_SATURDAY":29,"departures_SUNDAY":28}},{"type":"Feature","geometry":{"type":"Point","coordinates":[3.7162,51.0899]},"properties":{"stop_id":"212528","stop_name":"Wondelgem Evergemsesteenweg","qualifies_min1_weekday":true,"qualifies_min1_fullweek":true,"qualifies_min10_weekday":true,"qualifies_min10_fullweek":true,"qualifies_hourly_weekday":true,"qualifies_hourly_fullweek":true,"qualifies_halfhour_weekday":true,"qualifies_halfhour_fullweek":true,"departures_MONDAY":210,"departures_TUESDAY":254,"departures_WEDNESDAY":255,"departures_THURSDAY":254,"departures_FRIDAY":254,"departures_SATURDAY":210,"departures_SUNDAY":178}},{"type":"Feature","geometry":{"type":"Point","coordinates":[3.7757,51.073]},"properties":{"stop_id":"212529","stop_name":"Sint-Amandsberg P+R Oostakker (Oudebareelstraat)","qualifies_min1_weekday":true,"qualifies_min1_fullweek":true,"qualifies_min10_weekday":true,"qualifies_min10_fullweek":true,"qualifies_hourly_weekday":true,"qualifies_hourly_fullweek":true,"qualifies_halfhour_weekday":false,"qualifies_halfhour_fullweek":false,"departures_MONDAY":31,"departures_TUESDAY":31,"departures_WEDNESDAY":31,"departures_THURSDAY":31,"departures_FRIDAY":31,"departures_SATURDAY":28,"departures_SUNDAY":28}},{"type":"Feature","geometry":{"type":"Point","coordinates":[3.6625,51.0543]},"properties":{"stop_id":"212531","stop_name":"Drongen Rotonde","qualifies_min1_weekday":true,"qualifies_min1_fullweek":true,"qualifies_min10_weekday":true,"qualifies_min10_fullweek":true,"qualifies_hourly_weekday":true,"qualifies_hourly_fullweek":true,"qualifies_halfhour_weekday":true,"qualifies_halfhour_fullweek":false,"departures_MONDAY":98,"departures_TUESDAY":102,"departures_WEDNESDAY":101,"departures_THURSDAY":102,"departures_FRIDAY":102,"departures_SATURDAY":85,"departures_SUNDAY":73}},{"type":"Feature","geometry":{"type":"Point","coordinates":[3.6243,51.0649]},"properties":{"stop_id":"212534","stop_name":"Drongen Luchterenstraat","qualifies_min1_weekday":true,"qualifies_min1_fullweek":true,"qualifies_min10_weekday":true,"qualifies_min10_fullweek":true,"qualifies_hourly_weekday":true,"qualifies_hourly_fullweek":true,"qualifies_halfhour_weekday":false,"qualifies_halfhour_fullweek":false,"departures_MONDAY":31,"departures_TUESDAY":31,"departures_WEDNESDAY":31,"departures_THURSDAY":31,"departures_FRIDAY":31,"departures_SATURDAY":28,"departures_SUNDAY":28}},{"type":"Feature","geometry":{"type":"Point","coordinates":[3.7884,51.1753]},"properties":{"stop_id":"212535","stop_name":"Ertvelde Puinenstraat","qualifies_min1_weekday":true,"qualifies_min1_fullweek":true,"qualifies_min10_weekday":true,"qualifies_min10_fullweek":true,"qualifies_hourly_weekday":false,"qualifies_hourly_fullweek":false,"qualifies_halfhour_weekday":false,"qualifies_halfhour_fullweek":false,"departures_MONDAY":34,"departures_TUESDAY":43,"departures_WEDNESDAY":44,"departures_THURSDAY":43,"departures_FRIDAY":43,"departures_SATURDAY":28,"departures_SUNDAY":16}},{"type":"Feature","geometry":{"type":"Point","coordinates":[3.778,51.0743]},"properties":{"stop_id":"212537","stop_name":"Sint-Amandsberg P+R Oostakker","qualifies_min1_weekday":true,"qualifies_min1_fullweek":true,"qualifies_min10_weekday":true,"qualifies_min10_fullweek":true,"qualifies_hourly_weekday":true,"qualifies_hourly_fullweek":true,"qualifies_halfhour_weekday":true,"qualifies_halfhour_fullweek":true,"departures_MONDAY":99,"departures_TUESDAY":103,"departures_WEDNESDAY":104,"departures_THURSDAY":103,"departures_FRIDAY":103,"departures_SATURDAY":93,"departures_SUNDAY":85}},{"type":"Feature","geometry":{"type":"Point","coordinates":[3.7696,51.0739]},"properties":{"stop_id":"212538","stop_name":"Oostakker Zangvogellaan","qualifies_min1_weekday":true,"qualifies_min1_fullweek":true,"qualifies_min10_weekday":true,"qualifies_min10_fullweek":true,"qualifies_hourly_weekday":true,"qualifies_hourly_fullweek":true,"qualifies_halfhour_weekday":false,"qualifies_halfhour_fullweek":false,"departures_MONDAY":31,"departures_TUESDAY":31,"departures_WEDNESDAY":31,"departures_THURSDAY":31,"departures_FRIDAY":31,"departures_SATURDAY":28,"departures_SUNDAY":28}},{"type":"Feature","geometry":{"type":"Point","coordinates":[3.7628,51.0186]},"properties":{"stop_id":"212539","stop_name":"Merelbeke Sint-Jozefstraat","qualifies_min1_weekday":true,"qualifies_min1_fullweek":true,"qualifies_min10_weekday":true,"qualifies_min10_fullweek":true,"qualifies_hourly_weekday":true,"qualifies_hourly_fullweek":true,"qualifies_halfhour_weekday":false,"qualifies_halfhour_fullweek":false,"departures_MONDAY":38,"departures_TUESDAY":53,"departures_WEDNESDAY":53,"departures_THURSDAY":53,"departures_FRIDAY":53,"departures_SATURDAY":31,"departures_SUNDAY":30}},{"type":"Feature","geometry":{"type":"Point","coordinates":[3.7186,51.0971]},"properties":{"stop_id":"212540","stop_name":"Wondelgem Spesbroekstraat","qualifies_min1_weekday":true,"qualifies_min1_fullweek":true,"qualifies_min10_weekday":true,"qualifies_min10_fullweek":true,"qualifies_hourly_weekday":true,"qualifies_hourly_fullweek":true,"qualifies_halfhour_weekday":true,"qualifies_halfhour_fullweek":true,"departures_MONDAY":72,"departures_TUESDAY":80,"departures_WEDNESDAY":81,"departures_THURSDAY":80,"departures_FRIDAY":80,"departures_SATURDAY":66,"departures_SUNDAY":46}},{"type":"Feature","geometry":{"type":"Point","coordinates":[3.696,51.0553]},"properties":{"stop_id":"212543","stop_name":"Gent Malem (Rooigemlaan)","qualifies_min1_weekday":true,"qualifies_min1_fullweek":true,"qualifies_min10_weekday":true,"qualifies_min10_fullweek":true,"qualifies_hourly_weekday":true,"qualifies_hourly_fullweek":true,"qualifies_halfhour_weekday":true,"qualifies_halfhour_fullweek":false,"departures_MONDAY":76,"departures_TUESDAY":107,"departures_WEDNESDAY":108,"departures_THURSDAY":107,"departures_FRIDAY":107,"departures_SATURDAY":62,"departures_SUNDAY":60}},{"type":"Feature","geometry":{"type":"Point","coordinates":[3.7519,51.0719]},"properties":{"stop_id":"212546","stop_name":"Gent La Sapinière","qualifies_min1_weekday":true,"qualifies_min1_fullweek":true,"qualifies_min10_weekday":true,"qualifies_min10_fullweek":true,"qualifies_hourly_weekday":true,"qualifies_hourly_fullweek":true,"qualifies_halfhour_weekday":false,"qualifies_halfhour_fullweek":false,"departures_MONDAY":66,"departures_TUESDAY":75,"departures_WEDNESDAY":73,"departures_THURSDAY":75,"departures_FRIDAY":75,"departures_SATURDAY":63,"departures_SUNDAY":57}},{"type":"Feature","geometry":{"type":"Point","coordinates":[3.761,51.0934]},"properties":{"stop_id":"212552","stop_name":"Oostakker Puigem","qualifies_min1_weekday":true,"qualifies_min1_fullweek":true,"qualifies_min10_weekday":true,"qualifies_min10_fullweek":true,"qualifies_hourly_weekday":true,"qualifies_hourly_fullweek":true,"qualifies_halfhour_weekday":false,"qualifies_halfhour_fullweek":false,"departures_MONDAY":66,"departures_TUESDAY":66,"departures_WEDNESDAY":66,"departures_THURSDAY":66,"departures_FRIDAY":66,"departures_SATURDAY":63,"departures_SUNDAY":57}},{"type":"Feature","geometry":{"type":"Point","coordinates":[3.6675,51.0752]},"properties":{"stop_id":"212553","stop_name":"Mariakerke Verschansingsstraat","qualifies_min1_weekday":false,"qualifies_min1_fullweek":false,"qualifies_min10_weekday":false,"qualifies_min10_fullweek":false,"qualifies_hourly_weekday":false,"qualifies_hourly_fullweek":false,"qualifies_halfhour_weekday":false,"qualifies_halfhour_fullweek":false,"departures_MONDAY":0,"departures_TUESDAY":2,"departures_WEDNESDAY":2,"departures_THURSDAY":2,"departures_FRIDAY":2,"departures_SATURDAY":0,"departures_SUNDAY":0}},{"type":"Feature","geometry":{"type":"Point","coordinates":[3.7689,51.0896]},"properties":{"stop_id":"212558","stop_name":"Oostakker Hellegat","qualifies_min1_weekday":false,"qualifies_min1_fullweek":false,"qualifies_min10_weekday":false,"qualifies_min10_fullweek":false,"qualifies_hourly_weekday":false,"qualifies_hourly_fullweek":false,"qualifies_halfhour_weekday":false,"qualifies_halfhour_fullweek":false,"departures_MONDAY":0,"departures_TUESDAY":8,"departures_WEDNESDAY":7,"departures_THURSDAY":8,"departures_FRIDAY":8,"departures_SATURDAY":0,"departures_SUNDAY":0}},{"type":"Feature","geometry":{"type":"Point","coordinates":[3.7677,51.0947]},"properties":{"stop_id":"212560","stop_name":"Oostakker Meerhoutstraat (Wolfputstraat)","qualifies_min1_weekday":true,"qualifies_min1_fullweek":true,"qualifies_min10_weekday":true,"qualifies_min10_fullweek":true,"qualifies_hourly_weekday":true,"qualifies_hourly_fullweek":true,"qualifies_halfhour_weekday":false,"qualifies_halfhour_fullweek":false,"departures_MONDAY":66,"departures_TUESDAY":66,"departures_WEDNESDAY":66,"departures_THURSDAY":66,"departures_FRIDAY":66,"departures_SATURDAY":63,"departures_SUNDAY":57}},{"type":"Feature","geometry":{"type":"Point","coordinates":[3.7782,51.1134]},"properties":{"stop_id":"212567","stop_name":"Gent Petroleumdok","qualifies_min1_weekday":false,"qualifies_min1_fullweek":false,"qualifies_min10_weekday":false,"qualifies_min10_fullweek":false,"qualifies_hourly_weekday":false,"qualifies_hourly_fullweek":false,"qualifies_halfhour_weekday":false,"qualifies_halfhour_fullweek":false,"departures_MONDAY":0,"departures_TUESDAY":0,"departures_WEDNESDAY":0,"departures_THURSDAY":0,"departures_FRIDAY":0,"departures_SATURDAY":0,"departures_SUNDAY":0}},{"type":"Feature","geometry":{"type":"Point","coordinates":[3.8498,51.1735]},"properties":{"stop_id":"212582","stop_name":"Wachtebeke Petunialaan","qualifies_min1_weekday":true,"qualifies_min1_fullweek":true,"qualifies_min10_weekday":true,"qualifies_min10_fullweek":true,"qualifies_hourly_weekday":true,"qualifies_hourly_fullweek":true,"qualifies_halfhour_weekday":false,"qualifies_halfhour_fullweek":false,"departures_MONDAY":37,"departures_TUESDAY":45,"departures_WEDNESDAY":44,"departures_THURSDAY":45,"departures_FRIDAY":45,"departures_SATURDAY":33,"departures_SUNDAY":21}},{"type":"Feature","geometry":{"type":"Point","coordinates":[3.6847,51.032]},"properties":{"stop_id":"212591","stop_name":"Sint-Denijs-Westrem Kromme Leie","qualifies_min1_weekday":true,"qualifies_min1_fullweek":false,"qualifies_min10_weekday":true,"qualifies_min10_fullweek":false,"qualifies_hourly_weekday":false,"qualifies_hourly_fullweek":false,"qualifies_halfhour_weekday":false,"qualifies_halfhour_fullweek":false,"departures_MONDAY":10,"departures_TUESDAY":10,"departures_WEDNESDAY":11,"departures_THURSDAY":10,"departures_FRIDAY":10,"departures_SATURDAY":0,"departures_SUNDAY":0}},{"type":"Feature","geometry":{"type":"Point","coordinates":[3.7065,51.0467]},"properties":{"stop_id":"212602","stop_name":"Gent Jubileumlaan (Verenigde-Natieslaan)","qualifies_min1_weekday":true,"qualifies_min1_fullweek":true,"qualifies_min10_weekday":true,"qualifies_min10_fullweek":true,"qualifies_hourly_weekday":true,"qualifies_hourly_fullweek":true,"qualifies_halfhour_weekday":true,"qualifies_halfhour_fullweek":true,"departures_MONDAY":196,"departures_TUESDAY":239,"departures_WEDNESDAY":240,"departures_THURSDAY":239,"departures_FRIDAY":239,"departures_SATURDAY":164,"departures_SUNDAY":142}},{"type":"Feature","geometry":{"type":"Point","coordinates":[3.6504,51.0683]},"properties":{"stop_id":"212605","stop_name":"Drongen Beekstraat","qualifies_min1_weekday":false,"qualifies_min1_fullweek":false,"qualifies_min10_weekday":false,"qualifies_min10_fullweek":false,"qualifies_hourly_weekday":false,"qualifies_hourly_fullweek":false,"qualifies_halfhour_weekday":false,"qualifies_halfhour_fullweek":false,"departures_MONDAY":0,"departures_TUESDAY":2,"departures_WEDNESDAY":2,"departures_THURSDAY":2,"departures_FRIDAY":2,"departures_SATURDAY":0,"departures_SUNDAY":0}},{"type":"Feature","geometry":{"type":"Point","coordinates":[3.7312,51.0729]},"properties":{"stop_id":"212610","stop_name":"Gent Pauwstraat","qualifies_min1_weekday":true,"qualifies_min1_fullweek":true,"qualifies_min10_weekday":true,"qualifies_min10_fullweek":true,"qualifies_hourly_weekday":true,"qualifies_hourly_fullweek":true,"qualifies_halfhour_weekday":false,"qualifies_halfhour_fullweek":false,"departures_MONDAY":51,"departures_TUESDAY":64,"departures_WEDNESDAY":64,"departures_THURSDAY":64,"departures_FRIDAY":64,"departures_SATURDAY":58,"departures_SUNDAY":50}},{"type":"Feature","geometry":{"type":"Point","coordinates":[3.7997,51.1103]},"properties":{"stop_id":"212615","stop_name":"Oostakker Nokerstraat","qualifies_min1_weekday":false,"qualifies_min1_fullweek":false,"qualifies_min10_weekday":false,"qualifies_min10_fullweek":false,"qualifies_hourly_weekday":false,"qualifies_hourly_fullweek":false,"qualifies_halfhour_weekday":false,"qualifies_halfhour_fullweek":false,"departures_MONDAY":0,"departures_TUESDAY":7,"departures_WEDNESDAY":8,"departures_THURSDAY":7,"departures_FRIDAY":7,"departures_SATURDAY":0,"departures_SUNDAY":0}},{"type":"Feature","geometry":{"type":"Point","coordinates":[3.7598,51.0274]},"properties":{"stop_id":"212620","stop_name":"Gentbrugge Werkhuizenstraat","qualifies_min1_weekday":false,"qualifies_min1_fullweek":false,"qualifies_min10_weekday":false,"qualifies_min10_fullweek":false,"qualifies_hourly_weekday":false,"qualifies_hourly_fullweek":false,"qualifies_halfhour_weekday":false,"qualifies_halfhour_fullweek":false,"departures_MONDAY":0,"departures_TUESDAY":3,"departures_WEDNESDAY":2,"departures_THURSDAY":3,"departures_FRIDAY":3,"departures_SATURDAY":0,"departures_SUNDAY":0}},{"type":"Feature","geometry":{"type":"Point","coordinates":[3.7696,51.0219]},"properties":{"stop_id":"212624","stop_name":"Melle Vogelstraat","qualifies_min1_weekday":true,"qualifies_min1_fullweek":true,"qualifies_min10_weekday":true,"qualifies_min10_fullweek":true,"qualifies_hourly_weekday":true,"qualifies_hourly_fullweek":true,"qualifies_halfhour_weekday":false,"qualifies_halfhour_fullweek":false,"departures_MONDAY":38,"departures_TUESDAY":59,"departures_WEDNESDAY":57,"departures_THURSDAY":59,"departures_FRIDAY":59,"departures_SATURDAY":31,"departures_SUNDAY":30}},{"type":"Feature","geometry":{"type":"Point","coordinates":[3.7228,51.0661]},"properties":{"stop_id":"212645","stop_name":"Gent Voortmanstraat","qualifies_min1_weekday":true,"qualifies_min1_fullweek":true,"qualifies_min10_weekday":true,"qualifies_min10_fullweek":true,"qualifies_hourly_weekday":true,"qualifies_hourly_fullweek":true,"qualifies_halfhour_weekday":true,"qualifies_halfhour_fullweek":true,"departures_MONDAY":210,"departures_TUESDAY":253,"departures_WEDNESDAY":254,"departures_THURSDAY":253,"departures_FRIDAY":253,"departures_SATURDAY":210,"departures_SUNDAY":178}},{"type":"Feature","geometry":{"type":"Point","coordinates":[3.7163,51.0824]},"properties":{"stop_id":"212652","stop_name":"Wondelgem Maarkpad","qualifies_min1_weekday":true,"qualifies_min1_fullweek":true,"qualifies_min10_weekday":true,"qualifies_min10_fullweek":true,"qualifies_hourly_weekday":true,"qualifies_hourly_fullweek":true,"qualifies_halfhour_weekday":true,"qualifies_halfhour_fullweek":true,"departures_MONDAY":210,"departures_TUESDAY":254,"departures_WEDNESDAY":255,"departures_THURSDAY":254,"departures_FRIDAY":254,"departures_SATURDAY":210,"departures_SUNDAY":178}},{"type":"Feature","geometry":{"type":"Point","coordinates":[3.8215,51.1468]},"properties":{"stop_id":"212704","stop_name":"Mendonk Kerk","qualifies_min1_weekday":false,"qualifies_min1_fullweek":false,"qualifies_min10_weekday":false,"qualifies_min10_fullweek":false,"qualifies_hourly_weekday":false,"qualifies_hourly_fullweek":false,"qualifies_halfhour_weekday":false,"qualifies_halfhour_fullweek":false,"departures_MONDAY":0,"departures_TUESDAY":0,"departures_WEDNESDAY":0,"departures_THURSDAY":0,"departures_FRIDAY":0,"departures_SATURDAY":0,"departures_SUNDAY":0}},{"type":"Feature","geometry":{"type":"Point","coordinates":[3.8612,51.1665]},"properties":{"stop_id":"212717","stop_name":"Wachtebeke Overledebrug","qualifies_min1_weekday":true,"qualifies_min1_fullweek":true,"qualifies_min10_weekday":true,"qualifies_min10_fullweek":true,"qualifies_hourly_weekday":true,"qualifies_hourly_fullweek":false,"qualifies_halfhour_weekday":false,"qualifies_halfhour_fullweek":false,"departures_MONDAY":19,"departures_TUESDAY":19,"departures_WEDNESDAY":19,"departures_THURSDAY":19,"departures_FRIDAY":19,"departures_SATURDAY":16,"departures_SUNDAY":16}},{"type":"Feature","geometry":{"type":"Point","coordinates":[3.7996,51.118]},"properties":{"stop_id":"212726","stop_name":"Desteldonk Oudemolenstraat","qualifies_min1_weekday":false,"qualifies_min1_fullweek":false,"qualifies_min10_weekday":false,"qualifies_min10_fullweek":false,"qualifies_hourly_weekday":false,"qualifies_hourly_fullweek":false,"qualifies_halfhour_weekday":false,"qualifies_halfhour_fullweek":false,"departures_MONDAY":0,"departures_TUESDAY":4,"departures_WEDNESDAY":4,"departures_THURSDAY":4,"departures_FRIDAY":4,"departures_SATURDAY":0,"departures_SUNDAY":0}},{"type":"Feature","geometry":{"type":"Point","coordinates":[3.6341,51.0389]},"properties":{"stop_id":"212757","stop_name":"Drongen Raapstraat","qualifies_min1_weekday":true,"qualifies_min1_fullweek":true,"qualifies_min10_weekday":true,"qualifies_min10_fullweek":true,"qualifies_hourly_weekday":true,"qualifies_hourly_fullweek":true,"qualifies_halfhour_weekday":false,"qualifies_halfhour_fullweek":false,"departures_MONDAY":30,"departures_TUESDAY":33,"departures_WEDNESDAY":33,"departures_THURSDAY":33,"departures_FRIDAY":33,"departures_SATURDAY":28,"departures_SUNDAY":27}},{"type":"Feature","geometry":{"type":"Point","coordinates":[3.7637,51.037]},"properties":{"stop_id":"212862","stop_name":"Gentbrugge Dienstencentrum","qualifies_min1_weekday":true,"qualifies_min1_fullweek":true,"qualifies_min10_weekday":true,"qualifies_min10_fullweek":true,"qualifies_hourly_weekday":true,"qualifies_hourly_fullweek":true,"qualifies_halfhour_weekday":false,"qualifies_halfhour_fullweek":false,"departures_MONDAY":38,"departures_TUESDAY":53,"departures_WEDNESDAY":53,"departures_THURSDAY":53,"departures_FRIDAY":53,"departures_SATURDAY":30,"departures_SUNDAY":30}},{"type":"Feature","geometry":{"type":"Point","coordinates":[3.7448,51.1377]},"properties":{"stop_id":"212871","stop_name":"Evergem Walgracht","qualifies_min1_weekday":true,"qualifies_min1_fullweek":true,"qualifies_min10_weekday":true,"qualifies_min10_fullweek":true,"qualifies_hourly_weekday":true,"qualifies_hourly_fullweek":true,"qualifies_halfhour_weekday":false,"qualifies_halfhour_fullweek":false,"departures_MONDAY":34,"departures_TUESDAY":42,"departures_WEDNESDAY":42,"departures_THURSDAY":42,"departures_FRIDAY":42,"departures_SATURDAY":28,"departures_SUNDAY":16}},{"type":"Feature","geometry":{"type":"Point","coordinates":[3.7082,51.035]},"properties":{"stop_id":"212922","stop_name":"Gent Sint-Pietersstation perron 22","qualifies_min1_weekday":false,"qualifies_min1_fullweek":false,"qualifies_min10_weekday":false,"qualifies_min10_fullweek":false,"qualifies_hourly_weekday":false,"qualifies_hourly_fullweek":false,"qualifies_halfhour_weekday":false,"qualifies_halfhour_fullweek":false,"departures_MONDAY":0,"departures_TUESDAY":3,"departures_WEDNESDAY":3,"departures_THURSDAY":3,"departures_FRIDAY":3,"departures_SATURDAY":0,"departures_SUNDAY":0}},{"type":"Feature","geometry":{"type":"Point","coordinates":[3.7082,51.0349]},"properties":{"stop_id":"212923","stop_name":"Gent Sint-Pietersstation perron 23","qualifies_min1_weekday":true,"qualifies_min1_fullweek":false,"qualifies_min10_weekday":false,"qualifies_min10_fullweek":false,"qualifies_hourly_weekday":false,"qualifies_hourly_fullweek":false,"qualifies_halfhour_weekday":false,"qualifies_halfhour_fullweek":false,"departures_MONDAY":4,"departures_TUESDAY":10,"departures_WEDNESDAY":9,"departures_THURSDAY":10,"departures_FRIDAY":10,"departures_SATURDAY":0,"departures_SUNDAY":0}},{"type":"Feature","geometry":{"type":"Point","coordinates":[3.7129,51.0369]},"properties":{"stop_id":"212924","stop_name":"Gent Sint-Pietersstation perron 24","qualifies_min1_weekday":true,"qualifies_min1_fullweek":true,"qualifies_min10_weekday":true,"qualifies_min10_fullweek":true,"qualifies_hourly_weekday":true,"qualifies_hourly_fullweek":false,"qualifies_halfhour_weekday":true,"qualifies_halfhour_fullweek":false,"departures_MONDAY":70,"departures_TUESDAY":73,"departures_WEDNESDAY":70,"departures_THURSDAY":73,"departures_FRIDAY":73,"departures_SATURDAY":28,"departures_SUNDAY":15}},{"type":"Feature","geometry":{"type":"Point","coordinates":[3.696,51.0478]},"properties":{"stop_id":"212927","stop_name":"Gent Vissersdijk","qualifies_min1_weekday":true,"qualifies_min1_fullweek":true,"qualifies_min10_weekday":true,"qualifies_min10_fullweek":true,"qualifies_hourly_weekday":true,"qualifies_hourly_fullweek":true,"qualifies_halfhour_weekday":true,"qualifies_halfhour_fullweek":true,"departures_MONDAY":131,"departures_TUESDAY":145,"departures_WEDNESDAY":145,"departures_THURSDAY":145,"departures_FRIDAY":145,"departures_SATURDAY":83,"departures_SUNDAY":65}},{"type":"Feature","geometry":{"type":"Point","coordinates":[3.6577,50.9955]},"properties":{"stop_id":"212956","stop_name":"De Pinte Begonialaan","qualifies_min1_weekday":true,"qualifies_min1_fullweek":true,"qualifies_min10_weekday":true,"qualifies_min10_fullweek":true,"qualifies_hourly_weekday":true,"qualifies_hourly_fullweek":false,"qualifies_halfhour_weekday":false,"qualifies_halfhour_fullweek":false,"departures_MONDAY":20,"departures_TUESDAY":21,"departures_WEDNESDAY":21,"departures_THURSDAY":21,"departures_FRIDAY":21,"departures_SATURDAY":17,"departures_SUNDAY":14}},{"type":"Feature","geometry":{"type":"Point","coordinates":[3.7402,51.1134]},"properties":{"stop_id":"213039","stop_name":"Evergem Gentweg","qualifies_min1_weekday":true,"qualifies_min1_fullweek":true,"qualifies_min10_weekday":true,"qualifies_min10_fullweek":true,"qualifies_hourly_weekday":true,"qualifies_hourly_fullweek":false,"qualifies_halfhour_weekday":false,"qualifies_halfhour_fullweek":false,"departures_MONDAY":32,"departures_TUESDAY":35,"departures_WEDNESDAY":33,"departures_THURSDAY":35,"departures_FRIDAY":35,"departures_SATURDAY":26,"departures_SUNDAY":16}},{"type":"Feature","geometry":{"type":"Point","coordinates":[3.722,51.0504]},"properties":{"stop_id":"213061","stop_name":"Gent Koophandelsplein (Zonnestraat)","qualifies_min1_weekday":true,"qualifies_min1_fullweek":true,"qualifies_min10_weekday":true,"qualifies_min10_fullweek":true,"qualifies_hourly_weekday":true,"qualifies_hourly_fullweek":true,"qualifies_halfhour_weekday":true,"qualifies_halfhour_fullweek":true,"departures_MONDAY":169,"departures_TUESDAY":198,"departures_WEDNESDAY":198,"departures_THURSDAY":198,"departures_FRIDAY":198,"departures_SATURDAY":180,"departures_SUNDAY":154}},{"type":"Feature","geometry":{"type":"Point","coordinates":[3.7086,51.0164]},"properties":{"stop_id":"213064","stop_name":"Zwijnaarde Maaltemeers","qualifies_min1_weekday":true,"qualifies_min1_fullweek":true,"qualifies_min10_weekday":true,"qualifies_min10_fullweek":true,"qualifies_hourly_weekday":true,"qualifies_hourly_fullweek":false,"qualifies_halfhour_weekday":true,"qualifies_halfhour_fullweek":false,"departures_MONDAY":98,"departures_TUESDAY":112,"departures_WEDNESDAY":113,"departures_THURSDAY":112,"departures_FRIDAY":112,"departures_SATURDAY":59,"departures_SUNDAY":38}},{"type":"Feature","geometry":{"type":"Point","coordinates":[3.7147,51.0563]},"properties":{"stop_id":"213065","stop_name":"Gent Sint-Elisabethplein","qualifies_min1_weekday":true,"qualifies_min1_fullweek":true,"qualifies_min10_weekday":true,"qualifies_min10_fullweek":true,"qualifies_hourly_weekday":true,"qualifies_hourly_fullweek":true,"qualifies_halfhour_weekday":true,"qualifies_halfhour_fullweek":true,"departures_MONDAY":97,"departures_TUESDAY":118,"departures_WEDNESDAY":118,"departures_THURSDAY":118,"departures_FRIDAY":118,"departures_SATURDAY":91,"departures_SUNDAY":77}},{"type":"Feature","geometry":{"type":"Point","coordinates":[3.7139,51.0585]},"properties":{"stop_id":"213066","stop_name":"Gent de Mirabellostraat","qualifies_min1_weekday":true,"qualifies_min1_fullweek":true,"qualifies_min10_weekday":true,"qualifies_min10_fullweek":true,"qualifies_hourly_weekday":true,"qualifies_hourly_fullweek":true,"qualifies_halfhour_weekday":true,"qualifies_halfhour_fullweek":true,"departures_MONDAY":97,"departures_TUESDAY":118,"departures_WEDNESDAY":118,"departures_THURSDAY":118,"departures_FRIDAY":118,"departures_SATURDAY":91,"departures_SUNDAY":77}},{"type":"Feature","geometry":{"type":"Point","coordinates":[3.6958,51.071]},"properties":{"stop_id":"213069","stop_name":"Mariakerke Machinistenpark","qualifies_min1_weekday":false,"qualifies_min1_fullweek":false,"qualifies_min10_weekday":false,"qualifies_min10_fullweek":false,"qualifies_hourly_weekday":false,"qualifies_hourly_fullweek":false,"qualifies_halfhour_weekday":false,"qualifies_halfhour_fullweek":false,"departures_MONDAY":0,"departures_TUESDAY":0,"departures_WEDNESDAY":0,"departures_THURSDAY":0,"departures_FRIDAY":0,"departures_SATURDAY":0,"departures_SUNDAY":0}},{"type":"Feature","geometry":{"type":"Point","coordinates":[3.7025,51.0437]},"properties":{"stop_id":"213070","stop_name":"Gent Europabrug","qualifies_min1_weekday":true,"qualifies_min1_fullweek":false,"qualifies_min10_weekday":true,"qualifies_min10_fullweek":false,"qualifies_hourly_weekday":true,"qualifies_hourly_fullweek":false,"qualifies_halfhour_weekday":true,"qualifies_halfhour_fullweek":false,"departures_MONDAY":45,"departures_TUESDAY":47,"departures_WEDNESDAY":47,"departures_THURSDAY":47,"departures_FRIDAY":47,"departures_SATURDAY":0,"departures_SUNDAY":0}},{"type":"Feature","geometry":{"type":"Point","coordinates":[3.7162,51.0915]},"properties":{"stop_id":"213072","stop_name":"Wondelgem Vledermuisstraat","qualifies_min1_weekday":true,"qualifies_min1_fullweek":true,"qualifies_min10_weekday":true,"qualifies_min10_fullweek":true,"qualifies_hourly_weekday":true,"qualifies_hourly_fullweek":true,"qualifies_halfhour_weekday":true,"qualifies_halfhour_fullweek":true,"departures_MONDAY":107,"departures_TUESDAY":132,"departures_WEDNESDAY":132,"departures_THURSDAY":132,"departures_FRIDAY":132,"departures_SATURDAY":117,"departures_SUNDAY":118}},{"type":"Feature","geometry":{"type":"Point","coordinates":[3.8456,51.0993]},"properties":{"stop_id":"213074","stop_name":"Lochristi Pauwstraat","qualifies_min1_weekday":true,"qualifies_min1_fullweek":true,"qualifies_min10_weekday":true,"qualifies_min10_fullweek":true,"qualifies_hourly_weekday":true,"qualifies_hourly_fullweek":true,"qualifies_halfhour_weekday":false,"qualifies_halfhour_fullweek":false,"departures_MONDAY":33,"departures_TUESDAY":39,"departures_WEDNESDAY":41,"departures_THURSDAY":39,"departures_FRIDAY":39,"departures_SATURDAY":32,"departures_SUNDAY":31}},{"type":"Feature","geometry":{"type":"Point","coordinates":[3.6366,51.0605]},"properties":{"stop_id":"213079","stop_name":"Drongen Luchterenhof","qualifies_min1_weekday":true,"qualifies_min1_fullweek":true,"qualifies_min10_weekday":true,"qualifies_min10_fullweek":true,"qualifies_hourly_weekday":true,"qualifies_hourly_fullweek":true,"qualifies_halfhour_weekday":false,"qualifies_halfhour_fullweek":false,"departures_MONDAY":32,"departures_TUESDAY":32,"departures_WEDNESDAY":32,"departures_THURSDAY":32,"departures_FRIDAY":32,"departures_SATURDAY":28,"departures_SUNDAY":27}},{"type":"Feature","geometry":{"type":"Point","coordinates":[3.6582,51.0084]},"properties":{"stop_id":"213081","stop_name":"De Pinte Keistraat","qualifies_min1_weekday":true,"qualifies_min1_fullweek":true,"qualifies_min10_weekday":true,"qualifies_min10_fullweek":true,"qualifies_hourly_weekday":false,"qualifies_hourly_fullweek":false,"qualifies_halfhour_weekday":false,"qualifies_halfhour_fullweek":false,"departures_MONDAY":20,"departures_TUESDAY":23,"departures_WEDNESDAY":23,"departures_THURSDAY":23,"departures_FRIDAY":23,"departures_SATURDAY":17,"departures_SUNDAY":16}},{"type":"Feature","geometry":{"type":"Point","coordinates":[3.7459,51.0594]},"properties":{"stop_id":"213090","stop_name":"Sint-Amandsberg Halvemaanstraat","qualifies_min1_weekday":true,"qualifies_min1_fullweek":true,"qualifies_min10_weekday":true,"qualifies_min10_fullweek":true,"qualifies_hourly_weekday":true,"qualifies_hourly_fullweek":true,"qualifies_halfhour_weekday":true,"qualifies_halfhour_fullweek":true,"departures_MONDAY":189,"departures_TUESDAY":210,"departures_WEDNESDAY":212,"departures_THURSDAY":210,"departures_FRIDAY":210,"departures_SATURDAY":179,"departures_SUNDAY":167}},{"type":"Feature","geometry":{"type":"Point","coordinates":[3.7387,51.0373]},"properties":{"stop_id":"213095","stop_name":"Ledeberg P+R Ledeberg","qualifies_min1_weekday":true,"qualifies_min1_fullweek":true,"qualifies_min10_weekday":true,"qualifies_min10_fullweek":true,"qualifies_hourly_weekday":true,"qualifies_hourly_fullweek":true,"qualifies_halfhour_weekday":true,"qualifies_halfhour_fullweek":true,"departures_MONDAY":169,"departures_TUESDAY":200,"departures_WEDNESDAY":199,"departures_THURSDAY":200,"departures_FRIDAY":200,"departures_SATURDAY":180,"departures_SUNDAY":155}},{"type":"Feature","geometry":{"type":"Point","coordinates":[3.7292,51.067]},"properties":{"stop_id":"213105","stop_name":"Gent Neuseplein","qualifies_min1_weekday":true,"qualifies_min1_fullweek":true,"qualifies_min10_weekday":true,"qualifies_min10_fullweek":true,"qualifies_hourly_weekday":true,"qualifies_hourly_fullweek":true,"qualifies_halfhour_weekday":true,"qualifies_halfhour_fullweek":true,"departures_MONDAY":83,"departures_TUESDAY":104,"departures_WEDNESDAY":104,"departures_THURSDAY":104,"departures_FRIDAY":104,"departures_SATURDAY":74,"departures_SUNDAY":66}},{"type":"Feature","geometry":{"type":"Point","coordinates":[3.7216,51.0659]},"properties":{"stop_id":"213109","stop_name":"Gent Voortmanstraat","qualifies_min1_weekday":true,"qualifies_min1_fullweek":true,"qualifies_min10_weekday":true,"qualifies_min10_fullweek":true,"qualifies_hourly_weekday":true,"qualifies_hourly_fullweek":true,"qualifies_halfhour_weekday":true,"qualifies_halfhour_fullweek":true,"departures_MONDAY":84,"departures_TUESDAY":105,"departures_WEDNESDAY":105,"departures_THURSDAY":105,"departures_FRIDAY":105,"departures_SATURDAY":75,"departures_SUNDAY":66}},{"type":"Feature","geometry":{"type":"Point","coordinates":[3.7359,51.0156]},"properties":{"stop_id":"213110","stop_name":"Gent Arteveldestadion perron 1","qualifies_min1_weekday":true,"qualifies_min1_fullweek":false,"qualifies_min10_weekday":true,"qualifies_min10_fullweek":false,"qualifies_hourly_weekday":true,"qualifies_hourly_fullweek":false,"qualifies_halfhour_weekday":true,"qualifies_halfhour_fullweek":false,"departures_MONDAY":91,"departures_TUESDAY":95,"departures_WEDNESDAY":95,"departures_THURSDAY":95,"departures_FRIDAY":95,"departures_SATURDAY":0,"departures_SUNDAY":0}},{"type":"Feature","geometry":{"type":"Point","coordinates":[3.7357,51.0155]},"properties":{"stop_id":"213111","stop_name":"Gent Arteveldestadion perron 2","qualifies_min1_weekday":false,"qualifies_min1_fullweek":false,"qualifies_min10_weekday":false,"qualifies_min10_fullweek":false,"qualifies_hourly_weekday":false,"qualifies_hourly_fullweek":false,"qualifies_halfhour_weekday":false,"qualifies_halfhour_fullweek":false,"departures_MONDAY":0,"departures_TUESDAY":0,"departures_WEDNESDAY":0,"departures_THURSDAY":0,"departures_FRIDAY":0,"departures_SATURDAY":0,"departures_SUNDAY":0}},{"type":"Feature","geometry":{"type":"Point","coordinates":[3.7356,51.0155]},"properties":{"stop_id":"213112","stop_name":"Gent Arteveldestadion perron 3","qualifies_min1_weekday":false,"qualifies_min1_fullweek":false,"qualifies_min10_weekday":false,"qualifies_min10_fullweek":false,"qualifies_hourly_weekday":false,"qualifies_hourly_fullweek":false,"qualifies_halfhour_weekday":false,"qualifies_halfhour_fullweek":false,"departures_MONDAY":0,"departures_TUESDAY":0,"departures_WEDNESDAY":0,"departures_THURSDAY":0,"departures_FRIDAY":0,"departures_SATURDAY":0,"departures_SUNDAY":0}},{"type":"Feature","geometry":{"type":"Point","coordinates":[3.7141,51.096]},"properties":{"stop_id":"213113","stop_name":"Wondelgem Kwikstaartlaan","qualifies_min1_weekday":true,"qualifies_min1_fullweek":true,"qualifies_min10_weekday":true,"qualifies_min10_fullweek":true,"qualifies_hourly_weekday":true,"qualifies_hourly_fullweek":true,"qualifies_halfhour_weekday":true,"qualifies_halfhour_fullweek":true,"departures_MONDAY":107,"departures_TUESDAY":132,"departures_WEDNESDAY":132,"departures_THURSDAY":132,"departures_FRIDAY":132,"departures_SATURDAY":117,"departures_SUNDAY":118}},{"type":"Feature","geometry":{"type":"Point","coordinates":[3.7113,51.0962]},"properties":{"stop_id":"213114","stop_name":"Wondelgem Karekietlaan","qualifies_min1_weekday":true,"qualifies_min1_fullweek":true,"qualifies_min10_weekday":true,"qualifies_min10_fullweek":true,"qualifies_hourly_weekday":true,"qualifies_hourly_fullweek":true,"qualifies_halfhour_weekday":true,"qualifies_halfhour_fullweek":true,"departures_MONDAY":107,"departures_TUESDAY":132,"departures_WEDNESDAY":132,"departures_THURSDAY":132,"departures_FRIDAY":132,"departures_SATURDAY":117,"departures_SUNDAY":118}},{"type":"Feature","geometry":{"type":"Point","coordinates":[3.7049,51.0859]},"properties":{"stop_id":"213115","stop_name":"Wondelgem Neptunus (Willy Maststraat)","qualifies_min1_weekday":true,"qualifies_min1_fullweek":true,"qualifies_min10_weekday":true,"qualifies_min10_fullweek":true,"qualifies_hourly_weekday":true,"qualifies_hourly_fullweek":true,"qualifies_halfhour_weekday":false,"qualifies_halfhour_fullweek":false,"departures_MONDAY":38,"departures_TUESDAY":53,"departures_WEDNESDAY":53,"departures_THURSDAY":53,"departures_FRIDAY":53,"departures_SATURDAY":31,"departures_SUNDAY":30}},{"type":"Feature","geometry":{"type":"Point","coordinates":[3.7103,51.083]},"properties":{"stop_id":"213116","stop_name":"Wondelgem Biesbilkstraat","qualifies_min1_weekday":true,"qualifies_min1_fullweek":true,"qualifies_min10_weekday":true,"qualifies_min10_fullweek":true,"qualifies_hourly_weekday":true,"qualifies_hourly_fullweek":true,"qualifies_halfhour_weekday":false,"qualifies_halfhour_fullweek":false,"departures_MONDAY":38,"departures_TUESDAY":53,"departures_WEDNESDAY":53,"departures_THURSDAY":53,"departures_FRIDAY":53,"departures_SATURDAY":31,"departures_SUNDAY":30}},{"type":"Feature","geometry":{"type":"Point","coordinates":[3.7583,51.0433]},"properties":{"stop_id":"213131","stop_name":"Gentbrugge Jef Vandermeulenstraat","qualifies_min1_weekday":true,"qualifies_min1_fullweek":true,"qualifies_min10_weekday":true,"qualifies_min10_fullweek":true,"qualifies_hourly_weekday":true,"qualifies_hourly_fullweek":true,"qualifies_halfhour_weekday":true,"qualifies_halfhour_fullweek":true,"departures_MONDAY":86,"departures_TUESDAY":97,"departures_WEDNESDAY":97,"departures_THURSDAY":97,"departures_FRIDAY":97,"departures_SATURDAY":83,"departures_SUNDAY":66}},{"type":"Feature","geometry":{"type":"Point","coordinates":[3.71,51.0534]},"properties":{"stop_id":"213133","stop_name":"Gent Theresianenstraat","qualifies_min1_weekday":true,"qualifies_min1_fullweek":true,"qualifies_min10_weekday":true,"qualifies_min10_fullweek":true,"qualifies_hourly_weekday":true,"qualifies_hourly_fullweek":true,"qualifies_halfhour_weekday":true,"qualifies_halfhour_fullweek":true,"departures_MONDAY":84,"departures_TUESDAY":105,"departures_WEDNESDAY":105,"departures_THURSDAY":105,"departures_FRIDAY":105,"departures_SATURDAY":75,"departures_SUNDAY":66}},{"type":"Feature","geometry":{"type":"Point","coordinates":[3.7526,51.0504]},"properties":{"stop_id":"213134","stop_name":"Sint-Amandsberg Aannemersstraat","qualifies_min1_weekday":true,"qualifies_min1_fullweek":true,"qualifies_min10_weekday":true,"qualifies_min10_fullweek":true,"qualifies_hourly_weekday":true,"qualifies_hourly_fullweek":true,"qualifies_halfhour_weekday":true,"qualifies_halfhour_fullweek":true,"departures_MONDAY":111,"departures_TUESDAY":126,"departures_WEDNESDAY":126,"departures_THURSDAY":126,"departures_FRIDAY":126,"departures_SATURDAY":104,"departures_SUNDAY":75}},{"type":"Feature","geometry":{"type":"Point","coordinates":[3.7355,51.0562]},"properties":{"stop_id":"213139","stop_name":"Gent Jan van Gentstraat (Hagelandkaai)","qualifies_min1_weekday":true,"qualifies_min1_fullweek":true,"qualifies_min10_weekday":true,"qualifies_min10_fullweek":true,"qualifies_hourly_weekday":true,"qualifies_hourly_fullweek":true,"qualifies_halfhour_weekday":true,"qualifies_halfhour_fullweek":true,"departures_MONDAY":313,"departures_TUESDAY":334,"departures_WEDNESDAY":334,"departures_THURSDAY":334,"departures_FRIDAY":334,"departures_SATURDAY":301,"departures_SUNDAY":278}},{"type":"Feature","geometry":{"type":"Point","coordinates":[3.7319,51.057]},"properties":{"stop_id":"213140","stop_name":"Gent Sint-Jorisbrug","qualifies_min1_weekday":true,"qualifies_min1_fullweek":true,"qualifies_min10_weekday":true,"qualifies_min10_fullweek":true,"qualifies_hourly_weekday":true,"qualifies_hourly_fullweek":true,"qualifies_halfhour_weekday":true,"qualifies_halfhour_fullweek":true,"departures_MONDAY":265,"departures_TUESDAY":286,"departures_WEDNESDAY":286,"departures_THURSDAY":286,"departures_FRIDAY":286,"departures_SATURDAY":253,"departures_SUNDAY":230}},{"type":"Feature","geometry":{"type":"Point","coordinates":[3.8258,51.0944]},"properties":{"stop_id":"213148","stop_name":"Lochristi Kasseitje","qualifies_min1_weekday":true,"qualifies_min1_fullweek":true,"qualifies_min10_weekday":true,"qualifies_min10_fullweek":true,"qualifies_hourly_weekday":true,"qualifies_hourly_fullweek":true,"qualifies_halfhour_weekday":true,"qualifies_halfhour_fullweek":false,"departures_MONDAY":69,"departures_TUESDAY":75,"departures_WEDNESDAY":78,"departures_THURSDAY":75,"departures_FRIDAY":75,"departures_SATURDAY":63,"departures_SUNDAY":58}},{"type":"Feature","geometry":{"type":"Point","coordinates":[3.6997,51.0619]},"properties":{"stop_id":"213149","stop_name":"Gent Notelaarstraat","qualifies_min1_weekday":true,"qualifies_min1_fullweek":true,"qualifies_min10_weekday":true,"qualifies_min10_fullweek":true,"qualifies_hourly_weekday":true,"qualifies_hourly_fullweek":true,"qualifies_halfhour_weekday":true,"qualifies_halfhour_fullweek":true,"departures_MONDAY":117,"departures_TUESDAY":127,"departures_WEDNESDAY":127,"departures_THURSDAY":127,"departures_FRIDAY":127,"departures_SATURDAY":115,"departures_SUNDAY":110}},{"type":"Feature","geometry":{"type":"Point","coordinates":[3.6966,51.0633]},"properties":{"stop_id":"213150","stop_name":"Gent Rooigem (Bevrijdingslaan)","qualifies_min1_weekday":true,"qualifies_min1_fullweek":true,"qualifies_min10_weekday":true,"qualifies_min10_fullweek":true,"qualifies_hourly_weekday":true,"qualifies_hourly_fullweek":true,"qualifies_halfhour_weekday":true,"qualifies_halfhour_fullweek":true,"departures_MONDAY":117,"departures_TUESDAY":127,"departures_WEDNESDAY":127,"departures_THURSDAY":127,"departures_FRIDAY":127,"departures_SATURDAY":115,"departures_SUNDAY":110}},{"type":"Feature","geometry":{"type":"Point","coordinates":[3.8441,51.0998]},"properties":{"stop_id":"213152","stop_name":"Lochristi Dorp-Oost","qualifies_min1_weekday":true,"qualifies_min1_fullweek":true,"qualifies_min10_weekday":true,"qualifies_min10_fullweek":true,"qualifies_hourly_weekday":false,"qualifies_hourly_fullweek":false,"qualifies_halfhour_weekday":false,"qualifies_halfhour_fullweek":false,"departures_MONDAY":20,"departures_TUESDAY":20,"departures_WEDNESDAY":20,"departures_THURSDAY":20,"departures_FRIDAY":20,"departures_SATURDAY":17,"departures_SUNDAY":16}},{"type":"Feature","geometry":{"type":"Point","coordinates":[3.7069,51.0315]},"properties":{"stop_id":"213159","stop_name":"Gent Tuinwijklaan","qualifies_min1_weekday":true,"qualifies_min1_fullweek":true,"qualifies_min10_weekday":true,"qualifies_min10_fullweek":true,"qualifies_hourly_weekday":true,"qualifies_hourly_fullweek":true,"qualifies_halfhour_weekday":true,"qualifies_halfhour_fullweek":true,"departures_MONDAY":246,"departures_TUESDAY":277,"departures_WEDNESDAY":278,"departures_THURSDAY":277,"departures_FRIDAY":277,"departures_SATURDAY":213,"departures_SUNDAY":175}},{"type":"Feature","geometry":{"type":"Point","coordinates":[3.7081,51.0281]},"properties":{"stop_id":"213160","stop_name":"Gent Flamingostraat","qualifies_min1_weekday":true,"qualifies_min1_fullweek":true,"qualifies_min10_weekday":true,"qualifies_min10_fullweek":true,"qualifies_hourly_weekday":true,"qualifies_hourly_fullweek":true,"qualifies_halfhour_weekday":true,"qualifies_halfhour_fullweek":true,"departures_MONDAY":246,"departures_TUESDAY":277,"departures_WEDNESDAY":278,"departures_THURSDAY":277,"departures_FRIDAY":277,"departures_SATURDAY":213,"departures_SUNDAY":175}},{"type":"Feature","geometry":{"type":"Point","coordinates":[3.6958,51.0713]},"properties":{"stop_id":"213169","stop_name":"Mariakerke Machinistenpark","qualifies_min1_weekday":true,"qualifies_min1_fullweek":true,"qualifies_min10_weekday":true,"qualifies_min10_fullweek":true,"qualifies_hourly_weekday":true,"qualifies_hourly_fullweek":false,"qualifies_halfhour_weekday":false,"qualifies_halfhour_fullweek":false,"departures_MONDAY":38,"departures_TUESDAY":54,"departures_WEDNESDAY":54,"departures_THURSDAY":54,"departures_FRIDAY":54,"departures_SATURDAY":31,"departures_SUNDAY":30}},{"type":"Feature","geometry":{"type":"Point","coordinates":[3.7047,51.0586]},"properties":{"stop_id":"213173","stop_name":"Gent Seghersplein (Weversstraat)","qualifies_min1_weekday":true,"qualifies_min1_fullweek":true,"qualifies_min10_weekday":true,"qualifies_min10_fullweek":true,"qualifies_hourly_weekday":true,"qualifies_hourly_fullweek":true,"qualifies_halfhour_weekday":false,"qualifies_halfhour_fullweek":false,"departures_MONDAY":63,"departures_TUESDAY":63,"departures_WEDNESDAY":63,"departures_THURSDAY":63,"departures_FRIDAY":63,"departures_SATURDAY":56,"departures_SUNDAY":54}},{"type":"Feature","geometry":{"type":"Point","coordinates":[3.689,51.0555]},"properties":{"stop_id":"213174","stop_name":"Gent Crappéstraat","qualifies_min1_weekday":true,"qualifies_min1_fullweek":true,"qualifies_min10_weekday":true,"qualifies_min10_fullweek":true,"qualifies_hourly_weekday":true,"qualifies_hourly_fullweek":true,"qualifies_halfhour_weekday":true,"qualifies_halfhour_fullweek":false,"departures_MONDAY":62,"departures_TUESDAY":62,"departures_WEDNESDAY":62,"departures_THURSDAY":62,"departures_FRIDAY":62,"departures_SATURDAY":56,"departures_SUNDAY":55}},{"type":"Feature","geometry":{"type":"Point","coordinates":[3.7249,51.0391]},"properties":{"stop_id":"213202","stop_name":"Gent Heuvelpoort (Charles de Kerchovelaan)","qualifies_min1_weekday":true,"qualifies_min1_fullweek":true,"qualifies_min10_weekday":true,"qualifies_min10_fullweek":true,"qualifies_hourly_weekday":true,"qualifies_hourly_fullweek":true,"qualifies_halfhour_weekday":true,"qualifies_halfhour_fullweek":true,"departures_MONDAY":95,"departures_TUESDAY":122,"departures_WEDNESDAY":122,"departures_THURSDAY":122,"departures_FRIDAY":122,"departures_SATURDAY":91,"departures_SUNDAY":60}},{"type":"Feature","geometry":{"type":"Point","coordinates":[3.7118,51.0986]},"properties":{"stop_id":"213203","stop_name":"Wondelgem Industrieweg","qualifies_min1_weekday":true,"qualifies_min1_fullweek":true,"qualifies_min10_weekday":true,"qualifies_min10_fullweek":true,"qualifies_hourly_weekday":true,"qualifies_hourly_fullweek":true,"qualifies_halfhour_weekday":true,"qualifies_halfhour_fullweek":true,"departures_MONDAY":107,"departures_TUESDAY":132,"departures_WEDNESDAY":132,"departures_THURSDAY":132,"departures_FRIDAY":132,"departures_SATURDAY":117,"departures_SUNDAY":118}},{"type":"Feature","geometry":{"type":"Point","coordinates":[3.7383,51.0003]},"properties":{"stop_id":"213216","stop_name":"Merelbeke Melsenbeekstraat","qualifies_min1_weekday":true,"qualifies_min1_fullweek":true,"qualifies_min10_weekday":true,"qualifies_min10_fullweek":true,"qualifies_hourly_weekday":true,"qualifies_hourly_fullweek":false,"qualifies_halfhour_weekday":false,"qualifies_halfhour_fullweek":false,"departures_MONDAY":31,"departures_TUESDAY":41,"departures_WEDNESDAY":42,"departures_THURSDAY":41,"departures_FRIDAY":41,"departures_SATURDAY":30,"departures_SUNDAY":14}},{"type":"Feature","geometry":{"type":"Point","coordinates":[3.7397,51.0542]},"properties":{"stop_id":"213223","stop_name":"Gent Dampoort (Gandastraat)","qualifies_min1_weekday":true,"qualifies_min1_fullweek":true,"qualifies_min10_weekday":true,"qualifies_min10_fullweek":true,"qualifies_hourly_weekday":true,"qualifies_hourly_fullweek":true,"qualifies_halfhour_weekday":true,"qualifies_halfhour_fullweek":true,"departures_MONDAY":245,"departures_TUESDAY":268,"departures_WEDNESDAY":269,"departures_THURSDAY":268,"departures_FRIDAY":268,"departures_SATURDAY":229,"departures_SUNDAY":191}},{"type":"Feature","geometry":{"type":"Point","coordinates":[3.7294,51.0796]},"properties":{"stop_id":"213246","stop_name":"Gent Rotterdamstraat","qualifies_min1_weekday":true,"qualifies_min1_fullweek":true,"qualifies_min10_weekday":true,"qualifies_min10_fullweek":true,"qualifies_hourly_weekday":true,"qualifies_hourly_fullweek":true,"qualifies_halfhour_weekday":true,"qualifies_halfhour_fullweek":true,"departures_MONDAY":52,"departures_TUESDAY":63,"departures_WEDNESDAY":63,"departures_THURSDAY":63,"departures_FRIDAY":63,"departures_SATURDAY":57,"departures_SUNDAY":49}},{"type":"Feature","geometry":{"type":"Point","coordinates":[3.7696,51.0852]},"properties":{"stop_id":"213253","stop_name":"Oostakker Edugo (Krijtekerkweg)","qualifies_min1_weekday":true,"qualifies_min1_fullweek":true,"qualifies_min10_weekday":true,"qualifies_min10_fullweek":true,"qualifies_hourly_weekday":true,"qualifies_hourly_fullweek":true,"qualifies_halfhour_weekday":false,"qualifies_halfhour_fullweek":false,"departures_MONDAY":31,"departures_TUESDAY":31,"departures_WEDNESDAY":31,"departures_THURSDAY":31,"departures_FRIDAY":31,"departures_SATURDAY":28,"departures_SUNDAY":28}},{"type":"Feature","geometry":{"type":"Point","coordinates":[3.7748,51.0254]},"properties":{"stop_id":"213264","stop_name":"Melle Leeuw (Heusdenbaan)","qualifies_min1_weekday":true,"qualifies_min1_fullweek":false,"qualifies_min10_weekday":false,"qualifies_min10_fullweek":false,"qualifies_hourly_weekday":false,"qualifies_hourly_fullweek":false,"qualifies_halfhour_weekday":false,"qualifies_halfhour_fullweek":false,"departures_MONDAY":7,"departures_TUESDAY":7,"departures_WEDNESDAY":7,"departures_THURSDAY":7,"departures_FRIDAY":7,"departures_SATURDAY":0,"departures_SUNDAY":0}},{"type":"Feature","geometry":{"type":"Point","coordinates":[3.6884,51.0491]},"properties":{"stop_id":"213277","stop_name":"Gent P+R Watersportbaan","qualifies_min1_weekday":true,"qualifies_min1_fullweek":true,"qualifies_min10_weekday":true,"qualifies_min10_fullweek":true,"qualifies_hourly_weekday":true,"qualifies_hourly_fullweek":true,"qualifies_halfhour_weekday":true,"qualifies_halfhour_fullweek":true,"departures_MONDAY":133,"departures_TUESDAY":146,"departures_WEDNESDAY":146,"departures_THURSDAY":146,"departures_FRIDAY":146,"departures_SATURDAY":84,"departures_SUNDAY":66}},{"type":"Feature","geometry":{"type":"Point","coordinates":[3.6817,51.0198]},"properties":{"stop_id":"213316","stop_name":"Sint-Denijs-Westrem Rubenslaan","qualifies_min1_weekday":true,"qualifies_min1_fullweek":true,"qualifies_min10_weekday":true,"qualifies_min10_fullweek":true,"qualifies_hourly_weekday":true,"qualifies_hourly_fullweek":true,"qualifies_halfhour_weekday":true,"qualifies_halfhour_fullweek":false,"departures_MONDAY":64,"departures_TUESDAY":67,"departures_WEDNESDAY":67,"departures_THURSDAY":67,"departures_FRIDAY":67,"departures_SATURDAY":63,"departures_SUNDAY":59}},{"type":"Feature","geometry":{"type":"Point","coordinates":[3.669,51.0197]},"properties":{"stop_id":"213319","stop_name":"Sint-Denijs-Westrem Dorp","qualifies_min1_weekday":true,"qualifies_min1_fullweek":true,"qualifies_min10_weekday":true,"qualifies_min10_fullweek":true,"qualifies_hourly_weekday":false,"qualifies_hourly_fullweek":false,"qualifies_halfhour_weekday":false,"qualifies_halfhour_fullweek":false,"departures_MONDAY":14,"departures_TUESDAY":13,"departures_WEDNESDAY":13,"departures_THURSDAY":13,"departures_FRIDAY":13,"departures_SATURDAY":19,"departures_SUNDAY":27}},{"type":"Feature","geometry":{"type":"Point","coordinates":[3.7193,51.0033]},"properties":{"stop_id":"213333","stop_name":"Zwijnaarde Schayckstraat","qualifies_min1_weekday":true,"qualifies_min1_fullweek":true,"qualifies_min10_weekday":true,"qualifies_min10_fullweek":true,"qualifies_hourly_weekday":true,"qualifies_hourly_fullweek":false,"qualifies_halfhour_weekday":false,"qualifies_halfhour_fullweek":false,"departures_MONDAY":31,"departures_TUESDAY":41,"departures_WEDNESDAY":42,"departures_THURSDAY":41,"departures_FRIDAY":41,"departures_SATURDAY":30,"departures_SUNDAY":14}},{"type":"Feature","geometry":{"type":"Point","coordinates":[3.7266,51.0646]},"properties":{"stop_id":"213361","stop_name":"Gent Sanderusstraat","qualifies_min1_weekday":true,"qualifies_min1_fullweek":true,"qualifies_min10_weekday":true,"qualifies_min10_fullweek":true,"qualifies_hourly_weekday":true,"qualifies_hourly_fullweek":true,"qualifies_halfhour_weekday":true,"qualifies_halfhour_fullweek":true,"departures_MONDAY":311,"departures_TUESDAY":363,"departures_WEDNESDAY":358,"departures_THURSDAY":363,"departures_FRIDAY":363,"departures_SATURDAY":312,"departures_SUNDAY":278}},{"type":"Feature","geometry":{"type":"Point","coordinates":[3.7234,51.0319]},"properties":{"stop_id":"213375","stop_name":"Gent Zwijnaardsesteenweg (spoorwegbrug)","qualifies_min1_weekday":true,"qualifies_min1_fullweek":true,"qualifies_min10_weekday":true,"qualifies_min10_fullweek":true,"qualifies_hourly_weekday":true,"qualifies_hourly_fullweek":true,"qualifies_halfhour_weekday":true,"qualifies_halfhour_fullweek":true,"departures_MONDAY":140,"departures_TUESDAY":169,"departures_WEDNESDAY":169,"departures_THURSDAY":169,"departures_FRIDAY":169,"departures_SATURDAY":91,"departures_SUNDAY":60}},{"type":"Feature","geometry":{"type":"Point","coordinates":[3.6943,51.0738]},"properties":{"stop_id":"213406","stop_name":"Mariakerke Molenwalstraat","qualifies_min1_weekday":true,"qualifies_min1_fullweek":true,"qualifies_min10_weekday":true,"qualifies_min10_fullweek":true,"qualifies_hourly_weekday":true,"qualifies_hourly_fullweek":true,"qualifies_halfhour_weekday":false,"qualifies_halfhour_fullweek":false,"departures_MONDAY":38,"departures_TUESDAY":55,"departures_WEDNESDAY":55,"departures_THURSDAY":55,"departures_FRIDAY":55,"departures_SATURDAY":31,"departures_SUNDAY":30}},{"type":"Feature","geometry":{"type":"Point","coordinates":[3.7317,51.1095]},"properties":{"stop_id":"213408","stop_name":"Gent Wondelgemkaai","qualifies_min1_weekday":true,"qualifies_min1_fullweek":true,"qualifies_min10_weekday":true,"qualifies_min10_fullweek":true,"qualifies_hourly_weekday":true,"qualifies_hourly_fullweek":false,"qualifies_halfhour_weekday":false,"qualifies_halfhour_fullweek":false,"departures_MONDAY":32,"departures_TUESDAY":35,"departures_WEDNESDAY":33,"departures_THURSDAY":35,"departures_FRIDAY":35,"departures_SATURDAY":26,"departures_SUNDAY":16}},{"type":"Feature","geometry":{"type":"Point","coordinates":[3.7053,51.0863]},"properties":{"stop_id":"213417","stop_name":"Wondelgem Neptunus (Botestraat)","qualifies_min1_weekday":true,"qualifies_min1_fullweek":true,"qualifies_min10_weekday":true,"qualifies_min10_fullweek":true,"qualifies_hourly_weekday":true,"qualifies_hourly_fullweek":true,"qualifies_halfhour_weekday":false,"qualifies_halfhour_fullweek":false,"departures_MONDAY":38,"departures_TUESDAY":53,"departures_WEDNESDAY":53,"departures_THURSDAY":53,"departures_FRIDAY":53,"departures_SATURDAY":31,"departures_SUNDAY":30}},{"type":"Feature","geometry":{"type":"Point","coordinates":[3.7303,51.0763]},"properties":{"stop_id":"213426","stop_name":"Gent Liverpoolstraat","qualifies_min1_weekday":true,"qualifies_min1_fullweek":true,"qualifies_min10_weekday":true,"qualifies_min10_fullweek":true,"qualifies_hourly_weekday":true,"qualifies_hourly_fullweek":true,"qualifies_halfhour_weekday":true,"qualifies_halfhour_fullweek":true,"departures_MONDAY":53,"departures_TUESDAY":64,"departures_WEDNESDAY":64,"departures_THURSDAY":64,"departures_FRIDAY":64,"departures_SATURDAY":58,"departures_SUNDAY":49}},{"type":"Feature","geometry":{"type":"Point","coordinates":[3.7376,51.0717]},"properties":{"stop_id":"213432","stop_name":"Gent P+R Lübeck","qualifies_min1_weekday":true,"qualifies_min1_fullweek":true,"qualifies_min10_weekday":true,"qualifies_min10_fullweek":true,"qualifies_hourly_weekday":true,"qualifies_hourly_fullweek":true,"qualifies_halfhour_weekday":true,"qualifies_halfhour_fullweek":false,"departures_MONDAY":48,"departures_TUESDAY":48,"departures_WEDNESDAY":48,"departures_THURSDAY":48,"departures_FRIDAY":48,"departures_SATURDAY":48,"departures_SUNDAY":48}},{"type":"Feature","geometry":{"type":"Point","coordinates":[3.7973,51.0372]},"properties":{"stop_id":"213461","stop_name":"Heusden Brugwegel","qualifies_min1_weekday":true,"qualifies_min1_fullweek":true,"qualifies_min10_weekday":true,"qualifies_min10_fullweek":true,"qualifies_hourly_weekday":true,"qualifies_hourly_fullweek":true,"qualifies_halfhour_weekday":false,"qualifies_halfhour_fullweek":false,"departures_MONDAY":33,"departures_TUESDAY":33,"departures_WEDNESDAY":33,"departures_THURSDAY":33,"departures_FRIDAY":33,"departures_SATURDAY":29,"departures_SUNDAY":17}},{"type":"Feature","geometry":{"type":"Point","coordinates":[3.739,51.0366]},"properties":{"stop_id":"213482","stop_name":"Ledeberg P+R Ledeberg (Hundelgemsesteenweg)","qualifies_min1_weekday":true,"qualifies_min1_fullweek":true,"qualifies_min10_weekday":true,"qualifies_min10_fullweek":true,"qualifies_hourly_weekday":true,"qualifies_hourly_fullweek":true,"qualifies_halfhour_weekday":true,"qualifies_halfhour_fullweek":false,"departures_MONDAY":208,"departures_TUESDAY":251,"departures_WEDNESDAY":250,"departures_THURSDAY":251,"departures_FRIDAY":251,"departures_SATURDAY":149,"departures_SUNDAY":119}},{"type":"Feature","geometry":{"type":"Point","coordinates":[3.7243,51.088]},"properties":{"stop_id":"213504","stop_name":"Gent Driemasterstraat","qualifies_min1_weekday":true,"qualifies_min1_fullweek":true,"qualifies_min10_weekday":true,"qualifies_min10_fullweek":true,"qualifies_hourly_weekday":true,"qualifies_hourly_fullweek":true,"qualifies_halfhour_weekday":true,"qualifies_halfhour_fullweek":true,"departures_MONDAY":158,"departures_TUESDAY":185,"departures_WEDNESDAY":186,"departures_THURSDAY":185,"departures_FRIDAY":185,"departures_SATURDAY":151,"departures_SUNDAY":111}},{"type":"Feature","geometry":{"type":"Point","coordinates":[3.6492,51.0684]},"properties":{"stop_id":"213505","stop_name":"Drongen Bosstraat","qualifies_min1_weekday":false,"qualifies_min1_fullweek":false,"qualifies_min10_weekday":false,"qualifies_min10_fullweek":false,"qualifies_hourly_weekday":false,"qualifies_hourly_fullweek":false,"qualifies_halfhour_weekday":false,"qualifies_halfhour_fullweek":false,"departures_MONDAY":0,"departures_TUESDAY":0,"departures_WEDNESDAY":0,"departures_THURSDAY":0,"departures_FRIDAY":0,"departures_SATURDAY":0,"departures_SUNDAY":0}},{"type":"Feature","geometry":{"type":"Point","coordinates":[3.6753,51.0274]},"properties":{"stop_id":"213506","stop_name":"Sint-Denijs-Westrem Paardekop","qualifies_min1_weekday":true,"qualifies_min1_fullweek":false,"qualifies_min10_weekday":true,"qualifies_min10_fullweek":false,"qualifies_hourly_weekday":false,"qualifies_hourly_fullweek":false,"qualifies_halfhour_weekday":false,"qualifies_halfhour_fullweek":false,"departures_MONDAY":10,"departures_TUESDAY":10,"departures_WEDNESDAY":11,"departures_THURSDAY":10,"departures_FRIDAY":10,"departures_SATURDAY":0,"departures_SUNDAY":0}},{"type":"Feature","geometry":{"type":"Point","coordinates":[3.7196,51.0896]},"properties":{"stop_id":"213509","stop_name":"Wondelgem Station","qualifies_min1_weekday":true,"qualifies_min1_fullweek":true,"qualifies_min10_weekday":true,"qualifies_min10_fullweek":true,"qualifies_hourly_weekday":true,"qualifies_hourly_fullweek":true,"qualifies_halfhour_weekday":true,"qualifies_halfhour_fullweek":true,"departures_MONDAY":89,"departures_TUESDAY":117,"departures_WEDNESDAY":117,"departures_THURSDAY":117,"departures_FRIDAY":117,"departures_SATURDAY":89,"departures_SUNDAY":80}},{"type":"Feature","geometry":{"type":"Point","coordinates":[3.7313,51.073]},"properties":{"stop_id":"213510","stop_name":"Gent Pauwstraat","qualifies_min1_weekday":true,"qualifies_min1_fullweek":true,"qualifies_min10_weekday":true,"qualifies_min10_fullweek":true,"qualifies_hourly_weekday":true,"qualifies_hourly_fullweek":true,"qualifies_halfhour_weekday":true,"qualifies_halfhour_fullweek":true,"departures_MONDAY":53,"departures_TUESDAY":64,"departures_WEDNESDAY":64,"departures_THURSDAY":64,"departures_FRIDAY":64,"departures_SATURDAY":58,"departures_SUNDAY":49}},{"type":"Feature","geometry":{"type":"Point","coordinates":[3.7647,51.0996]},"properties":{"stop_id":"213513","stop_name":"Oostakker Dorp","qualifies_min1_weekday":true,"qualifies_min1_fullweek":true,"qualifies_min10_weekday":true,"qualifies_min10_fullweek":true,"qualifies_hourly_weekday":true,"qualifies_hourly_fullweek":true,"qualifies_halfhour_weekday":true,"qualifies_halfhour_fullweek":false,"departures_MONDAY":95,"departures_TUESDAY":105,"departures_WEDNESDAY":104,"departures_THURSDAY":105,"departures_FRIDAY":105,"departures_SATURDAY":88,"departures_SUNDAY":84}},{"type":"Feature","geometry":{"type":"Point","coordinates":[3.6277,51.0731]},"properties":{"stop_id":"213515","stop_name":"Drongen Heiebreestraat","qualifies_min1_weekday":false,"qualifies_min1_fullweek":false,"qualifies_min10_weekday":false,"qualifies_min10_fullweek":false,"qualifies_hourly_weekday":false,"qualifies_hourly_fullweek":false,"qualifies_halfhour_weekday":false,"qualifies_halfhour_fullweek":false,"departures_MONDAY":0,"departures_TUESDAY":0,"departures_WEDNESDAY":0,"departures_THURSDAY":0,"departures_FRIDAY":0,"departures_SATURDAY":0,"departures_SUNDAY":0}},{"type":"Feature","geometry":{"type":"Point","coordinates":[3.6884,51.0814]},"properties":{"stop_id":"213521","stop_name":"Mariakerke Kollekasteel (Eeklostraat)","qualifies_min1_weekday":true,"qualifies_min1_fullweek":true,"qualifies_min10_weekday":true,"qualifies_min10_fullweek":true,"qualifies_hourly_weekday":true,"qualifies_hourly_fullweek":true,"qualifies_halfhour_weekday":false,"qualifies_halfhour_fullweek":false,"departures_MONDAY":38,"departures_TUESDAY":54,"departures_WEDNESDAY":54,"departures_THURSDAY":54,"departures_FRIDAY":54,"departures_SATURDAY":31,"departures_SUNDAY":30}},{"type":"Feature","geometry":{"type":"Point","coordinates":[3.787,51.0764]},"properties":{"stop_id":"213526","stop_name":"Sint-Amandsberg Lippensstraat","qualifies_min1_weekday":true,"qualifies_min1_fullweek":true,"qualifies_min10_weekday":true,"qualifies_min10_fullweek":true,"qualifies_hourly_weekday":true,"qualifies_hourly_fullweek":true,"qualifies_halfhour_weekday":false,"qualifies_halfhour_fullweek":false,"departures_MONDAY":31,"departures_TUESDAY":31,"departures_WEDNESDAY":31,"departures_THURSDAY":31,"departures_FRIDAY":31,"departures_SATURDAY":28,"departures_SUNDAY":27}},{"type":"Feature","geometry":{"type":"Point","coordinates":[3.7976,51.0748]},"properties":{"stop_id":"213527","stop_name":"Sint-Amandsberg Vanillestraat","qualifies_min1_weekday":true,"qualifies_min1_fullweek":true,"qualifies_min10_weekday":true,"qualifies_min10_fullweek":true,"qualifies_hourly_weekday":true,"qualifies_hourly_fullweek":true,"qualifies_halfhour_weekday":false,"qualifies_halfhour_fullweek":false,"departures_MONDAY":31,"departures_TUESDAY":31,"departures_WEDNESDAY":31,"departures_THURSDAY":31,"departures_FRIDAY":31,"departures_SATURDAY":28,"departures_SUNDAY":27}},{"type":"Feature","geometry":{"type":"Point","coordinates":[3.7754,51.0731]},"properties":{"stop_id":"213529","stop_name":"Sint-Amandsberg P+R Oostakker (Oudebareelstraat)","qualifies_min1_weekday":true,"qualifies_min1_fullweek":true,"qualifies_min10_weekday":true,"qualifies_min10_fullweek":true,"qualifies_hourly_weekday":true,"qualifies_hourly_fullweek":true,"qualifies_halfhour_weekday":false,"qualifies_halfhour_fullweek":false,"departures_MONDAY":32,"departures_TUESDAY":32,"departures_WEDNESDAY":32,"departures_THURSDAY":32,"departures_FRIDAY":32,"departures_SATURDAY":28,"departures_SUNDAY":28}},{"type":"Feature","geometry":{"type":"Point","coordinates":[3.7885,51.1754]},"properties":{"stop_id":"213535","stop_name":"Ertvelde Puinenstraat","qualifies_min1_weekday":true,"qualifies_min1_fullweek":true,"qualifies_min10_weekday":true,"qualifies_min10_fullweek":true,"qualifies_hourly_weekday":true,"qualifies_hourly_fullweek":false,"qualifies_halfhour_weekday":false,"qualifies_halfhour_fullweek":false,"departures_MONDAY":32,"departures_TUESDAY":37,"departures_WEDNESDAY":35,"departures_THURSDAY":37,"departures_FRIDAY":37,"departures_SATURDAY":26,"departures_SUNDAY":16}},{"type":"Feature","geometry":{"type":"Point","coordinates":[3.7694,51.0738]},"properties":{"stop_id":"213538","stop_name":"Oostakker Zangvogellaan","qualifies_min1_weekday":true,"qualifies_min1_fullweek":true,"qualifies_min10_weekday":true,"qualifies_min10_fullweek":true,"qualifies_hourly_weekday":true,"qualifies_hourly_fullweek":true,"qualifies_halfhour_weekday":false,"qualifies_halfhour_fullweek":false,"departures_MONDAY":32,"departures_TUESDAY":32,"departures_WEDNESDAY":32,"departures_THURSDAY":32,"departures_FRIDAY":32,"departures_SATURDAY":28,"departures_SUNDAY":28}},{"type":"Feature","geometry":{"type":"Point","coordinates":[3.6353,51.0485]},"properties":{"stop_id":"213539","stop_name":"Drongen Bollewerkstraat","qualifies_min1_weekday":false,"qualifies_min1_fullweek":false,"qualifies_min10_weekday":false,"qualifies_min10_fullweek":false,"qualifies_hourly_weekday":false,"qualifies_hourly_fullweek":false,"qualifies_halfhour_weekday":false,"qualifies_halfhour_fullweek":false,"departures_MONDAY":0,"departures_TUESDAY":0,"departures_WEDNESDAY":0,"departures_THURSDAY":0,"departures_FRIDAY":0,"departures_SATURDAY":0,"departures_SUNDAY":0}},{"type":"Feature","geometry":{"type":"Point","coordinates":[3.7191,51.0973]},"properties":{"stop_id":"213540","stop_name":"Wondelgem Spesbroekstraat","qualifies_min1_weekday":true,"qualifies_min1_fullweek":true,"qualifies_min10_weekday":true,"qualifies_min10_fullweek":true,"qualifies_hourly_weekday":true,"qualifies_hourly_fullweek":true,"qualifies_halfhour_weekday":true,"qualifies_halfhour_fullweek":true,"departures_MONDAY":70,"departures_TUESDAY":83,"departures_WEDNESDAY":80,"departures_THURSDAY":83,"departures_FRIDAY":83,"departures_SATURDAY":62,"departures_SUNDAY":47}},{"type":"Feature","geometry":{"type":"Point","coordinates":[3.6945,51.0566]},"properties":{"stop_id":"213543","stop_name":"Gent Malem (Rooigemlaan)","qualifies_min1_weekday":true,"qualifies_min1_fullweek":true,"qualifies_min10_weekday":true,"qualifies_min10_fullweek":true,"qualifies_hourly_weekday":true,"qualifies_hourly_fullweek":true,"qualifies_halfhour_weekday":true,"qualifies_halfhour_fullweek":false,"departures_MONDAY":75,"departures_TUESDAY":107,"departures_WEDNESDAY":107,"departures_THURSDAY":107,"departures_FRIDAY":107,"departures_SATURDAY":61,"departures_SUNDAY":60}},{"type":"Feature","geometry":{"type":"Point","coordinates":[3.7522,51.0728]},"properties":{"stop_id":"213546","stop_name":"Gent La Sapinière","qualifies_min1_weekday":true,"qualifies_min1_fullweek":true,"qualifies_min10_weekday":true,"qualifies_min10_fullweek":true,"qualifies_hourly_weekday":true,"qualifies_hourly_fullweek":true,"qualifies_halfhour_weekday":true,"qualifies_halfhour_fullweek":false,"departures_MONDAY":65,"departures_TUESDAY":75,"departures_WEDNESDAY":74,"departures_THURSDAY":75,"departures_FRIDAY":75,"departures_SATURDAY":61,"departures_SUNDAY":56}},{"type":"Feature","geometry":{"type":"Point","coordinates":[3.6986,51.0674]},"properties":{"stop_id":"213551","stop_name":"Gent Westerbegraafplaats","qualifies_min1_weekday":true,"qualifies_min1_fullweek":true,"qualifies_min10_weekday":true,"qualifies_min10_fullweek":true,"qualifies_hourly_weekday":true,"qualifies_hourly_fullweek":true,"qualifies_halfhour_weekday":false,"qualifies_halfhour_fullweek":false,"departures_MONDAY":71,"departures_TUESDAY":89,"departures_WEDNESDAY":90,"departures_THURSDAY":89,"departures_FRIDAY":89,"departures_SATURDAY":49,"departures_SUNDAY":46}},{"type":"Feature","geometry":{"type":"Point","coordinates":[3.7612,51.0934]},"properties":{"stop_id":"213552","stop_name":"Oostakker Puigem","qualifies_min1_weekday":true,"qualifies_min1_fullweek":true,"qualifies_min10_weekday":true,"qualifies_min10_fullweek":true,"qualifies_hourly_weekday":true,"qualifies_hourly_fullweek":true,"qualifies_halfhour_weekday":true,"qualifies_halfhour_fullweek":false,"departures_MONDAY":64,"departures_TUESDAY":64,"departures_WEDNESDAY":64,"departures_THURSDAY":64,"departures_FRIDAY":64,"departures_SATURDAY":60,"departures_SUNDAY":56}},{"type":"Feature","geometry":{"type":"Point","coordinates":[3.6675,51.0753]},"properties":{"stop_id":"213553","stop_name":"Mariakerke Verschansingsstraat","qualifies_min1_weekday":false,"qualifies_min1_fullweek":false,"qualifies_min10_weekday":false,"qualifies_min10_fullweek":false,"qualifies_hourly_weekday":false,"qualifies_hourly_fullweek":false,"qualifies_halfhour_weekday":false,"qualifies_halfhour_fullweek":false,"departures_MONDAY":0,"departures_TUESDAY":1,"departures_WEDNESDAY":1,"departures_THURSDAY":1,"departures_FRIDAY":1,"departures_SATURDAY":0,"departures_SUNDAY":0}},{"type":"Feature","geometry":{"type":"Point","coordinates":[3.769,51.0898]},"properties":{"stop_id":"213558","stop_name":"Oostakker Hellegat","qualifies_min1_weekday":false,"qualifies_min1_fullweek":false,"qualifies_min10_weekday":false,"qualifies_min10_fullweek":false,"qualifies_hourly_weekday":false,"qualifies_hourly_fullweek":false,"qualifies_halfhour_weekday":false,"qualifies_halfhour_fullweek":false,"departures_MONDAY":0,"departures_TUESDAY":9,"departures_WEDNESDAY":8,"departures_THURSDAY":9,"departures_FRIDAY":9,"departures_SATURDAY":0,"departures_SUNDAY":0}},{"type":"Feature","geometry":{"type":"Point","coordinates":[3.7679,51.0946]},"properties":{"stop_id":"213560","stop_name":"Oostakker Meerhoutstraat (Wolfputstraat)","qualifies_min1_weekday":true,"qualifies_min1_fullweek":true,"qualifies_min10_weekday":true,"qualifies_min10_fullweek":true,"qualifies_hourly_weekday":true,"qualifies_hourly_fullweek":true,"qualifies_halfhour_weekday":true,"qualifies_halfhour_fullweek":false,"departures_MONDAY":64,"departures_TUESDAY":64,"departures_WEDNESDAY":64,"departures_THURSDAY":64,"departures_FRIDAY":64,"departures_SATURDAY":60,"departures_SUNDAY":56}},{"type":"Feature","geometry":{"type":"Point","coordinates":[3.85,51.1736]},"properties":{"stop_id":"213582","stop_name":"Wachtebeke Petunialaan","qualifies_min1_weekday":true,"qualifies_min1_fullweek":true,"qualifies_min10_weekday":true,"qualifies_min10_fullweek":true,"qualifies_hourly_weekday":true,"qualifies_hourly_fullweek":false,"qualifies_halfhour_weekday":false,"qualifies_halfhour_fullweek":false,"departures_MONDAY":35,"departures_TUESDAY":43,"departures_WEDNESDAY":42,"departures_THURSDAY":43,"departures_FRIDAY":43,"departures_SATURDAY":31,"departures_SUNDAY":21}},{"type":"Feature","geometry":{"type":"Point","coordinates":[3.6858,51.0323]},"properties":{"stop_id":"213591","stop_name":"Sint-Denijs-Westrem Kromme Leie","qualifies_min1_weekday":true,"qualifies_min1_fullweek":false,"qualifies_min10_weekday":false,"qualifies_min10_fullweek":false,"qualifies_hourly_weekday":false,"qualifies_hourly_fullweek":false,"qualifies_halfhour_weekday":false,"qualifies_halfhour_fullweek":false,"departures_MONDAY":7,"departures_TUESDAY":7,"departures_WEDNESDAY":7,"departures_THURSDAY":7,"departures_FRIDAY":7,"departures_SATURDAY":0,"departures_SUNDAY":0}},{"type":"Feature","geometry":{"type":"Point","coordinates":[3.7063,51.0464]},"properties":{"stop_id":"213602","stop_name":"Gent Jubileumlaan (Verenigde-Natieslaan)","qualifies_min1_weekday":true,"qualifies_min1_fullweek":true,"qualifies_min10_weekday":true,"qualifies_min10_fullweek":true,"qualifies_hourly_weekday":true,"qualifies_hourly_fullweek":true,"qualifies_halfhour_weekday":true,"qualifies_halfhour_fullweek":true,"departures_MONDAY":192,"departures_TUESDAY":237,"departures_WEDNESDAY":238,"departures_THURSDAY":237,"departures_FRIDAY":237,"departures_SATURDAY":161,"departures_SUNDAY":141}},{"type":"Feature","geometry":{"type":"Point","coordinates":[3.7602,51.0273]},"properties":{"stop_id":"213620","stop_name":"Gentbrugge Werkhuizenstraat","qualifies_min1_weekday":false,"qualifies_min1_fullweek":false,"qualifies_min10_weekday":false,"qualifies_min10_fullweek":false,"qualifies_hourly_weekday":false,"qualifies_hourly_fullweek":false,"qualifies_halfhour_weekday":false,"qualifies_halfhour_fullweek":false,"departures_MONDAY":0,"departures_TUESDAY":1,"departures_WEDNESDAY":1,"departures_THURSDAY":1,"departures_FRIDAY":1,"departures_SATURDAY":0,"departures_SUNDAY":0}},{"type":"Feature","geometry":{"type":"Point","coordinates":[3.7698,51.0218]},"properties":{"stop_id":"213624","stop_name":"Melle Vogelstraat","qualifies_min1_weekday":true,"qualifies_min1_fullweek":true,"qualifies_min10_weekday":true,"qualifies_min10_fullweek":true,"qualifies_hourly_weekday":true,"qualifies_hourly_fullweek":true,"qualifies_halfhour_weekday":false,"qualifies_halfhour_fullweek":false,"departures_MONDAY":38,"departures_TUESDAY":57,"departures_WEDNESDAY":56,"departures_THURSDAY":57,"departures_FRIDAY":57,"departures_SATURDAY":31,"departures_SUNDAY":30}},{"type":"Feature","geometry":{"type":"Point","coordinates":[3.7165,51.0827]},"properties":{"stop_id":"213652","stop_name":"Wondelgem Maarkpad","qualifies_min1_weekday":true,"qualifies_min1_fullweek":true,"qualifies_min10_weekday":true,"qualifies_min10_fullweek":true,"qualifies_hourly_weekday":true,"qualifies_hourly_fullweek":true,"qualifies_halfhour_weekday":true,"qualifies_halfhour_fullweek":true,"departures_MONDAY":209,"departures_TUESDAY":251,"departures_WEDNESDAY":246,"departures_THURSDAY":251,"departures_FRIDAY":251,"departures_SATURDAY":205,"departures_SUNDAY":181}},{"type":"Feature","geometry":{"type":"Point","coordinates":[3.861,51.1663]},"properties":{"stop_id":"213717","stop_name":"Wachtebeke Overledebrug","qualifies_min1_weekday":true,"qualifies_min1_fullweek":true,"qualifies_min10_weekday":true,"qualifies_min10_fullweek":true,"qualifies_hourly_weekday":true,"qualifies_hourly_fullweek":true,"qualifies_halfhour_weekday":false,"qualifies_halfhour_fullweek":false,"departures_MONDAY":21,"departures_TUESDAY":21,"departures_WEDNESDAY":21,"departures_THURSDAY":21,"departures_FRIDAY":21,"departures_SATURDAY":18,"departures_SUNDAY":15}},{"type":"Feature","geometry":{"type":"Point","coordinates":[3.6331,51.039]},"properties":{"stop_id":"213757","stop_name":"Drongen Raapstraat","qualifies_min1_weekday":true,"qualifies_min1_fullweek":true,"qualifies_min10_weekday":true,"qualifies_min10_fullweek":true,"qualifies_hourly_weekday":true,"qualifies_hourly_fullweek":true,"qualifies_halfhour_weekday":false,"qualifies_halfhour_fullweek":false,"departures_MONDAY":31,"departures_TUESDAY":34,"departures_WEDNESDAY":33,"departures_THURSDAY":34,"departures_FRIDAY":34,"departures_SATURDAY":28,"departures_SUNDAY":27}},{"type":"Feature","geometry":{"type":"Point","coordinates":[3.745,51.1377]},"properties":{"stop_id":"213871","stop_name":"Evergem Walgracht","qualifies_min1_weekday":true,"qualifies_min1_fullweek":true,"qualifies_min10_weekday":true,"qualifies_min10_fullweek":true,"qualifies_hourly_weekday":true,"qualifies_hourly_fullweek":false,"qualifies_halfhour_weekday":false,"qualifies_halfhour_fullweek":false,"departures_MONDAY":32,"departures_TUESDAY":35,"departures_WEDNESDAY":33,"departures_THURSDAY":35,"departures_FRIDAY":35,"departures_SATURDAY":26,"departures_SUNDAY":16}},{"type":"Feature","geometry":{"type":"Point","coordinates":[3.695,51.0479]},"properties":{"stop_id":"213925","stop_name":"Gent Vissersdijk","qualifies_min1_weekday":true,"qualifies_min1_fullweek":true,"qualifies_min10_weekday":true,"qualifies_min10_fullweek":true,"qualifies_hourly_weekday":true,"qualifies_hourly_fullweek":true,"qualifies_halfhour_weekday":true,"qualifies_halfhour_fullweek":true,"departures_MONDAY":133,"departures_TUESDAY":146,"departures_WEDNESDAY":146,"departures_THURSDAY":146,"departures_FRIDAY":146,"departures_SATURDAY":84,"departures_SUNDAY":66}},{"type":"Feature","geometry":{"type":"Point","coordinates":[3.6578,50.9954]},"properties":{"stop_id":"213956","stop_name":"De Pinte Begonialaan","qualifies_min1_weekday":true,"qualifies_min1_fullweek":true,"qualifies_min10_weekday":true,"qualifies_min10_fullweek":true,"qualifies_hourly_weekday":true,"qualifies_hourly_fullweek":true,"qualifies_halfhour_weekday":false,"qualifies_halfhour_fullweek":false,"departures_MONDAY":21,"departures_TUESDAY":24,"departures_WEDNESDAY":24,"departures_THURSDAY":24,"departures_FRIDAY":24,"departures_SATURDAY":18,"departures_SUNDAY":16}},{"type":"Feature","geometry":{"type":"Point","coordinates":[3.6776,51.0777]},"properties":{"stop_id":"213996","stop_name":"Mariakerke Bibliotheek","qualifies_min1_weekday":false,"qualifies_min1_fullweek":false,"qualifies_min10_weekday":false,"qualifies_min10_fullweek":false,"qualifies_hourly_weekday":false,"qualifies_hourly_fullweek":false,"qualifies_halfhour_weekday":false,"qualifies_halfhour_fullweek":false,"departures_MONDAY":0,"departures_TUESDAY":0,"departures_WEDNESDAY":0,"departures_THURSDAY":0,"departures_FRIDAY":0,"departures_SATURDAY":0,"departures_SUNDAY":0}},{"type":"Feature","geometry":{"type":"Point","coordinates":[3.6712,51.0795]},"properties":{"stop_id":"213997","stop_name":"Mariakerke WZC Zuiderlicht","qualifies_min1_weekday":false,"qualifies_min1_fullweek":false,"qualifies_min10_weekday":false,"qualifies_min10_fullweek":false,"qualifies_hourly_weekday":false,"qualifies_hourly_fullweek":false,"qualifies_halfhour_weekday":false,"qualifies_halfhour_fullweek":false,"departures_MONDAY":0,"departures_TUESDAY":0,"departures_WEDNESDAY":0,"departures_THURSDAY":0,"departures_FRIDAY":0,"departures_SATURDAY":0,"departures_SUNDAY":0}},{"type":"Feature","geometry":{"type":"Point","coordinates":[3.8382,51.1813]},"properties":{"stop_id":"214003","stop_name":"Wachtebeke Kloosterbos","qualifies_min1_weekday":true,"qualifies_min1_fullweek":true,"qualifies_min10_weekday":true,"qualifies_min10_fullweek":false,"qualifies_hourly_weekday":true,"qualifies_hourly_fullweek":false,"qualifies_halfhour_weekday":false,"qualifies_halfhour_fullweek":false,"departures_MONDAY":16,"departures_TUESDAY":24,"departures_WEDNESDAY":23,"departures_THURSDAY":24,"departures_FRIDAY":24,"departures_SATURDAY":15,"departures_SUNDAY":6}},{"type":"Feature","geometry":{"type":"Point","coordinates":[3.8378,51.1817]},"properties":{"stop_id":"215003","stop_name":"Wachtebeke Kloosterbos","qualifies_min1_weekday":true,"qualifies_min1_fullweek":true,"qualifies_min10_weekday":true,"qualifies_min10_fullweek":false,"qualifies_hourly_weekday":false,"qualifies_hourly_fullweek":false,"qualifies_halfhour_weekday":false,"qualifies_halfhour_fullweek":false,"departures_MONDAY":16,"departures_TUESDAY":24,"departures_WEDNESDAY":23,"departures_THURSDAY":24,"departures_FRIDAY":24,"departures_SATURDAY":15,"departures_SUNDAY":6}},{"type":"Feature","geometry":{"type":"Point","coordinates":[3.6675,51.0828]},"properties":{"stop_id":"215950","stop_name":"Mariakerke Uranusstraat","qualifies_min1_weekday":false,"qualifies_min1_fullweek":false,"qualifies_min10_weekday":false,"qualifies_min10_fullweek":false,"qualifies_hourly_weekday":false,"qualifies_hourly_fullweek":false,"qualifies_halfhour_weekday":false,"qualifies_halfhour_fullweek":false,"departures_MONDAY":0,"departures_TUESDAY":0,"departures_WEDNESDAY":0,"departures_THURSDAY":0,"departures_FRIDAY":0,"departures_SATURDAY":0,"departures_SUNDAY":0}},{"type":"Feature","geometry":{"type":"Point","coordinates":[3.7039,50.998]},"properties":{"stop_id":"219329","stop_name":"Zwijnaarde Krekelstraat","qualifies_min1_weekday":false,"qualifies_min1_fullweek":false,"qualifies_min10_weekday":false,"qualifies_min10_fullweek":false,"qualifies_hourly_weekday":false,"qualifies_hourly_fullweek":false,"qualifies_halfhour_weekday":false,"qualifies_halfhour_fullweek":false,"departures_MONDAY":0,"departures_TUESDAY":0,"departures_WEDNESDAY":0,"departures_THURSDAY":0,"departures_FRIDAY":0,"departures_SATURDAY":0,"departures_SUNDAY":0}},{"type":"Feature","geometry":{"type":"Point","coordinates":[3.7074,51.072]},"properties":{"stop_id":"220013","stop_name":"Gent Van Beverenplein (F. Ferrerlaan)","qualifies_min1_weekday":true,"qualifies_min1_fullweek":true,"qualifies_min10_weekday":true,"qualifies_min10_fullweek":true,"qualifies_hourly_weekday":true,"qualifies_hourly_fullweek":true,"qualifies_halfhour_weekday":true,"qualifies_halfhour_fullweek":true,"departures_MONDAY":96,"departures_TUESDAY":117,"departures_WEDNESDAY":117,"departures_THURSDAY":117,"departures_FRIDAY":117,"departures_SATURDAY":90,"departures_SUNDAY":77}},{"type":"Feature","geometry":{"type":"Point","coordinates":[3.7937,51.1286]},"properties":{"stop_id":"220023","stop_name":"Gent Evenstuk","qualifies_min1_weekday":false,"qualifies_min1_fullweek":false,"qualifies_min10_weekday":false,"qualifies_min10_fullweek":false,"qualifies_hourly_weekday":false,"qualifies_hourly_fullweek":false,"qualifies_halfhour_weekday":false,"qualifies_halfhour_fullweek":false,"departures_MONDAY":0,"departures_TUESDAY":0,"departures_WEDNESDAY":0,"departures_THURSDAY":0,"departures_FRIDAY":0,"departures_SATURDAY":0,"departures_SUNDAY":0}},{"type":"Feature","geometry":{"type":"Point","coordinates":[3.7317,51.0533]},"properties":{"stop_id":"220270","stop_name":"Gent Reep","qualifies_min1_weekday":true,"qualifies_min1_fullweek":true,"qualifies_min10_weekday":true,"qualifies_min10_fullweek":false,"qualifies_hourly_weekday":false,"qualifies_hourly_fullweek":false,"qualifies_halfhour_weekday":false,"qualifies_halfhour_fullweek":false,"departures_MONDAY":25,"departures_TUESDAY":29,"departures_WEDNESDAY":29,"departures_THURSDAY":29,"departures_FRIDAY":29,"departures_SATURDAY":21,"departures_SUNDAY":9}},{"type":"Feature","geometry":{"type":"Point","coordinates":[3.7094,51.0101]},"properties":{"stop_id":"220928","stop_name":"Zwijnaarde Technologiepark (Campus)","qualifies_min1_weekday":true,"qualifies_min1_fullweek":false,"qualifies_min10_weekday":true,"qualifies_min10_fullweek":false,"qualifies_hourly_weekday":true,"qualifies_hourly_fullweek":false,"qualifies_halfhour_weekday":false,"qualifies_halfhour_fullweek":false,"departures_MONDAY":47,"departures_TUESDAY":48,"departures_WEDNESDAY":48,"departures_THURSDAY":48,"departures_FRIDAY":48,"departures_SATURDAY":0,"departures_SUNDAY":0}},{"type":"Feature","geometry":{"type":"Point","coordinates":[3.7111,51.0118]},"properties":{"stop_id":"220929","stop_name":"Zwijnaarde Technologiepark (parkeergebouw)","qualifies_min1_weekday":true,"qualifies_min1_fullweek":false,"qualifies_min10_weekday":true,"qualifies_min10_fullweek":false,"qualifies_hourly_weekday":true,"qualifies_hourly_fullweek":false,"qualifies_halfhour_weekday":false,"qualifies_halfhour_fullweek":false,"departures_MONDAY":94,"departures_TUESDAY":97,"departures_WEDNESDAY":98,"departures_THURSDAY":97,"departures_FRIDAY":97,"departures_SATURDAY":0,"departures_SUNDAY":0}},{"type":"Feature","geometry":{"type":"Point","coordinates":[3.7087,51.0722]},"properties":{"stop_id":"221013","stop_name":"Gent Van Beverenplein (F. Ferrerlaan)","qualifies_min1_weekday":true,"qualifies_min1_fullweek":true,"qualifies_min10_weekday":true,"qualifies_min10_fullweek":true,"qualifies_hourly_weekday":true,"qualifies_hourly_fullweek":true,"qualifies_halfhour_weekday":true,"qualifies_halfhour_fullweek":true,"departures_MONDAY":97,"departures_TUESDAY":118,"departures_WEDNESDAY":118,"departures_THURSDAY":118,"departures_FRIDAY":118,"departures_SATURDAY":91,"departures_SUNDAY":77}},{"type":"Feature","geometry":{"type":"Point","coordinates":[3.7093,51.0103]},"properties":{"stop_id":"221928","stop_name":"Zwijnaarde Technologiepark (Campus)","qualifies_min1_weekday":true,"qualifies_min1_fullweek":false,"qualifies_min10_weekday":true,"qualifies_min10_fullweek":false,"qualifies_hourly_weekday":true,"qualifies_hourly_fullweek":false,"qualifies_halfhour_weekday":false,"qualifies_halfhour_fullweek":false,"departures_MONDAY":47,"departures_TUESDAY":49,"departures_WEDNESDAY":50,"departures_THURSDAY":49,"departures_FRIDAY":49,"departures_SATURDAY":0,"departures_SUNDAY":0}},{"type":"Feature","geometry":{"type":"Point","coordinates":[3.666,51.0382]},"properties":{"stop_id":"235007","stop_name":"Assels Dijkweg","qualifies_min1_weekday":false,"qualifies_min1_fullweek":false,"qualifies_min10_weekday":false,"qualifies_min10_fullweek":false,"qualifies_hourly_weekday":false,"qualifies_hourly_fullweek":false,"qualifies_halfhour_weekday":false,"qualifies_halfhour_fullweek":false,"departures_MONDAY":0,"departures_TUESDAY":0,"departures_WEDNESDAY":0,"departures_THURSDAY":0,"departures_FRIDAY":0,"departures_SATURDAY":0,"departures_SUNDAY":0}},{"type":"Feature","geometry":{"type":"Point","coordinates":[3.6654,51.0437]},"properties":{"stop_id":"235008","stop_name":"Assels Ganzerikstraat","qualifies_min1_weekday":false,"qualifies_min1_fullweek":false,"qualifies_min10_weekday":false,"qualifies_min10_fullweek":false,"qualifies_hourly_weekday":false,"qualifies_hourly_fullweek":false,"qualifies_halfhour_weekday":false,"qualifies_halfhour_fullweek":false,"departures_MONDAY":0,"departures_TUESDAY":0,"departures_WEDNESDAY":0,"departures_THURSDAY":0,"departures_FRIDAY":0,"departures_SATURDAY":0,"departures_SUNDAY":0}},{"type":"Feature","geometry":{"type":"Point","coordinates":[3.7771,51.1674]},"properties":{"stop_id":"235053","stop_name":"Desteldonk Hoge Avrijestraat","qualifies_min1_weekday":false,"qualifies_min1_fullweek":false,"qualifies_min10_weekday":false,"qualifies_min10_fullweek":false,"qualifies_hourly_weekday":false,"qualifies_hourly_fullweek":false,"qualifies_halfhour_weekday":false,"qualifies_halfhour_fullweek":false,"departures_MONDAY":0,"departures_TUESDAY":0,"departures_WEDNESDAY":0,"departures_THURSDAY":0,"departures_FRIDAY":0,"departures_SATURDAY":0,"departures_SUNDAY":0}},{"type":"Feature","geometry":{"type":"Point","coordinates":[3.6363,51.0688]},"properties":{"stop_id":"235059","stop_name":"Drongen Avennesdreef","qualifies_min1_weekday":false,"qualifies_min1_fullweek":false,"qualifies_min10_weekday":false,"qualifies_min10_fullweek":false,"qualifies_hourly_weekday":false,"qualifies_hourly_fullweek":false,"qualifies_halfhour_weekday":false,"qualifies_halfhour_fullweek":false,"departures_MONDAY":0,"departures_TUESDAY":0,"departures_WEDNESDAY":0,"departures_THURSDAY":0,"departures_FRIDAY":0,"departures_SATURDAY":0,"departures_SUNDAY":0}},{"type":"Feature","geometry":{"type":"Point","coordinates":[3.6414,51.0661]},"properties":{"stop_id":"235060","stop_name":"Drongen Heiebree","qualifies_min1_weekday":false,"qualifies_min1_fullweek":false,"qualifies_min10_weekday":false,"qualifies_min10_fullweek":false,"qualifies_hourly_weekday":false,"qualifies_hourly_fullweek":false,"qualifies_halfhour_weekday":false,"qualifies_halfhour_fullweek":false,"departures_MONDAY":0,"departures_TUESDAY":0,"departures_WEDNESDAY":0,"departures_THURSDAY":0,"departures_FRIDAY":0,"departures_SATURDAY":0,"departures_SUNDAY":0}},{"type":"Feature","geometry":{"type":"Point","coordinates":[3.6343,51.0319]},"properties":{"stop_id":"235061","stop_name":"Drongen Karel De Bondtlaan","qualifies_min1_weekday":false,"qualifies_min1_fullweek":false,"qualifies_min10_weekday":false,"qualifies_min10_fullweek":false,"qualifies_hourly_weekday":false,"qualifies_hourly_fullweek":false,"qualifies_halfhour_weekday":false,"qualifies_halfhour_fullweek":false,"departures_MONDAY":0,"departures_TUESDAY":0,"departures_WEDNESDAY":0,"departures_THURSDAY":0,"departures_FRIDAY":0,"departures_SATURDAY":0,"departures_SUNDAY":0}},{"type":"Feature","geometry":{"type":"Point","coordinates":[3.6286,51.0582]},"properties":{"stop_id":"235062","stop_name":"Drongen Kattegaver","qualifies_min1_weekday":false,"qualifies_min1_fullweek":false,"qualifies_min10_weekday":false,"qualifies_min10_fullweek":false,"qualifies_hourly_weekday":false,"qualifies_hourly_fullweek":false,"qualifies_halfhour_weekday":false,"qualifies_halfhour_fullweek":false,"departures_MONDAY":0,"departures_TUESDAY":0,"departures_WEDNESDAY":0,"departures_THURSDAY":0,"departures_FRIDAY":0,"departures_SATURDAY":0,"departures_SUNDAY":0}},{"type":"Feature","geometry":{"type":"Point","coordinates":[3.6472,51.0573]},"properties":{"stop_id":"235063","stop_name":"Drongen Luchterenkerkweg","qualifies_min1_weekday":false,"qualifies_min1_fullweek":false,"qualifies_min10_weekday":false,"qualifies_min10_fullweek":false,"qualifies_hourly_weekday":false,"qualifies_hourly_fullweek":false,"qualifies_halfhour_weekday":false,"qualifies_halfhour_fullweek":false,"departures_MONDAY":0,"departures_TUESDAY":0,"departures_WEDNESDAY":0,"departures_THURSDAY":0,"departures_FRIDAY":0,"departures_SATURDAY":0,"departures_SUNDAY":0}},{"type":"Feature","geometry":{"type":"Point","coordinates":[3.6552,51.0554]},"properties":{"stop_id":"235064","stop_name":"Drongen Mijlsteen","qualifies_min1_weekday":false,"qualifies_min1_fullweek":false,"qualifies_min10_weekday":false,"qualifies_min10_fullweek":false,"qualifies_hourly_weekday":false,"qualifies_hourly_fullweek":false,"qualifies_halfhour_weekday":false,"qualifies_halfhour_fullweek":false,"departures_MONDAY":0,"departures_TUESDAY":0,"departures_WEDNESDAY":0,"departures_THURSDAY":0,"departures_FRIDAY":0,"departures_SATURDAY":0,"departures_SUNDAY":0}},{"type":"Feature","geometry":{"type":"Point","coordinates":[3.6598,51.0582]},"properties":{"stop_id":"235065","stop_name":"Drongen Pachtgoeddreef","qualifies_min1_weekday":false,"qualifies_min1_fullweek":false,"qualifies_min10_weekday":false,"qualifies_min10_fullweek":false,"qualifies_hourly_weekday":false,"qualifies_hourly_fullweek":false,"qualifies_halfhour_weekday":false,"qualifies_halfhour_fullweek":false,"departures_MONDAY":0,"departures_TUESDAY":0,"departures_WEDNESDAY":0,"departures_THURSDAY":0,"departures_FRIDAY":0,"departures_SATURDAY":0,"departures_SUNDAY":0}},{"type":"Feature","geometry":{"type":"Point","coordinates":[3.6462,51.0499]},"properties":{"stop_id":"235066","stop_name":"Drongen Prinsesselaan","qualifies_min1_weekday":false,"qualifies_min1_fullweek":false,"qualifies_min10_weekday":false,"qualifies_min10_fullweek":false,"qualifies_hourly_weekday":false,"qualifies_hourly_fullweek":false,"qualifies_halfhour_weekday":false,"qualifies_halfhour_fullweek":false,"departures_MONDAY":0,"departures_TUESDAY":0,"departures_WEDNESDAY":0,"departures_THURSDAY":0,"departures_FRIDAY":0,"departures_SATURDAY":0,"departures_SUNDAY":0}},{"type":"Feature","geometry":{"type":"Point","coordinates":[3.6543,51.0608]},"properties":{"stop_id":"235067","stop_name":"Drongen Rodehoedestraat","qualifies_min1_weekday":false,"qualifies_min1_fullweek":false,"qualifies_min10_weekday":false,"qualifies_min10_fullweek":false,"qualifies_hourly_weekday":false,"qualifies_hourly_fullweek":false,"qualifies_halfhour_weekday":false,"qualifies_halfhour_fullweek":false,"departures_MONDAY":0,"departures_TUESDAY":0,"departures_WEDNESDAY":0,"departures_THURSDAY":0,"departures_FRIDAY":0,"departures_SATURDAY":0,"departures_SUNDAY":0}},{"type":"Feature","geometry":{"type":"Point","coordinates":[3.6071,51.0442]},"properties":{"stop_id":"235068","stop_name":"Drongen Roomanstraat","qualifies_min1_weekday":false,"qualifies_min1_fullweek":false,"qualifies_min10_weekday":false,"qualifies_min10_fullweek":false,"qualifies_hourly_weekday":false,"qualifies_hourly_fullweek":false,"qualifies_halfhour_weekday":false,"qualifies_halfhour_fullweek":false,"departures_MONDAY":0,"departures_TUESDAY":0,"departures_WEDNESDAY":0,"departures_THURSDAY":0,"departures_FRIDAY":0,"departures_SATURDAY":0,"departures_SUNDAY":0}},{"type":"Feature","geometry":{"type":"Point","coordinates":[3.647,51.0411]},"properties":{"stop_id":"235069","stop_name":"Drongen Vaarcentrum","qualifies_min1_weekday":false,"qualifies_min1_fullweek":false,"qualifies_min10_weekday":false,"qualifies_min10_fullweek":false,"qualifies_hourly_weekday":false,"qualifies_hourly_fullweek":false,"qualifies_halfhour_weekday":false,"qualifies_halfhour_fullweek":false,"departures_MONDAY":0,"departures_TUESDAY":0,"departures_WEDNESDAY":0,"departures_THURSDAY":0,"departures_FRIDAY":0,"departures_SATURDAY":0,"departures_SUNDAY":0}},{"type":"Feature","geometry":{"type":"Point","coordinates":[3.637,51.0436]},"properties":{"stop_id":"235070","stop_name":"Drongen voetbalplein","qualifies_min1_weekday":false,"qualifies_min1_fullweek":false,"qualifies_min10_weekday":false,"qualifies_min10_fullweek":false,"qualifies_hourly_weekday":false,"qualifies_hourly_fullweek":false,"qualifies_halfhour_weekday":false,"qualifies_halfhour_fullweek":false,"departures_MONDAY":0,"departures_TUESDAY":0,"departures_WEDNESDAY":0,"departures_THURSDAY":0,"departures_FRIDAY":0,"departures_SATURDAY":0,"departures_SUNDAY":0}},{"type":"Feature","geometry":{"type":"Point","coordinates":[3.7014,51.0262]},"properties":{"stop_id":"235087","stop_name":"Gent AZ Maria Middelares hoofdingang","qualifies_min1_weekday":false,"qualifies_min1_fullweek":false,"qualifies_min10_weekday":false,"qualifies_min10_fullweek":false,"qualifies_hourly_weekday":false,"qualifies_hourly_fullweek":false,"qualifies_halfhour_weekday":false,"qualifies_halfhour_fullweek":false,"departures_MONDAY":0,"departures_TUESDAY":0,"departures_WEDNESDAY":0,"departures_THURSDAY":0,"departures_FRIDAY":0,"departures_SATURDAY":0,"departures_SUNDAY":0}},{"type":"Feature","geometry":{"type":"Point","coordinates":[3.7195,51.083]},"properties":{"stop_id":"235088","stop_name":"Gent Boegbeeldstraat","qualifies_min1_weekday":false,"qualifies_min1_fullweek":false,"qualifies_min10_weekday":false,"qualifies_min10_fullweek":false,"qualifies_hourly_weekday":false,"qualifies_hourly_fullweek":false,"qualifies_halfhour_weekday":false,"qualifies_halfhour_fullweek":false,"departures_MONDAY":0,"departures_TUESDAY":0,"departures_WEDNESDAY":0,"departures_THURSDAY":0,"departures_FRIDAY":0,"departures_SATURDAY":0,"departures_SUNDAY":0}},{"type":"Feature","geometry":{"type":"Point","coordinates":[3.7388,51.023]},"properties":{"stop_id":"235089","stop_name":"Gent Campus Proeftuin","qualifies_min1_weekday":false,"qualifies_min1_fullweek":false,"qualifies_min10_weekday":false,"qualifies_min10_fullweek":false,"qualifies_hourly_weekday":false,"qualifies_hourly_fullweek":false,"qualifies_halfhour_weekday":false,"qualifies_halfhour_fullweek":false,"departures_MONDAY":0,"departures_TUESDAY":0,"departures_WEDNESDAY":0,"departures_THURSDAY":0,"departures_FRIDAY":0,"departures_SATURDAY":0,"departures_SUNDAY":0}},{"type":"Feature","geometry":{"type":"Point","coordinates":[3.7837,51.1685]},"properties":{"stop_id":"235092","stop_name":"Gent Christoffel Columbuslaan","qualifies_min1_weekday":false,"qualifies_min1_fullweek":false,"qualifies_min10_weekday":false,"qualifies_min10_fullweek":false,"qualifies_hourly_weekday":false,"qualifies_hourly_fullweek":false,"qualifies_halfhour_weekday":false,"qualifies_halfhour_fullweek":false,"departures_MONDAY":0,"departures_TUESDAY":0,"departures_WEDNESDAY":0,"departures_THURSDAY":0,"departures_FRIDAY":0,"departures_SATURDAY":0,"departures_SUNDAY":0}},{"type":"Feature","geometry":{"type":"Point","coordinates":[3.6901,51.0616]},"properties":{"stop_id":"235093","stop_name":"Gent FC Rooigem","qualifies_min1_weekday":false,"qualifies_min1_fullweek":false,"qualifies_min10_weekday":false,"qualifies_min10_fullweek":false,"qualifies_hourly_weekday":false,"qualifies_hourly_fullweek":false,"qualifies_halfhour_weekday":false,"qualifies_halfhour_fullweek":false,"departures_MONDAY":0,"departures_TUESDAY":0,"departures_WEDNESDAY":0,"departures_THURSDAY":0,"departures_FRIDAY":0,"departures_SATURDAY":0,"departures_SUNDAY":0}},{"type":"Feature","geometry":{"type":"Point","coordinates":[3.7402,51.0309]},"properties":{"stop_id":"235094","stop_name":"Gent Jeugdcomplex KAA Gent","qualifies_min1_weekday":false,"qualifies_min1_fullweek":false,"qualifies_min10_weekday":false,"qualifies_min10_fullweek":false,"qualifies_hourly_weekday":false,"qualifies_hourly_fullweek":false,"qualifies_halfhour_weekday":false,"qualifies_halfhour_fullweek":false,"departures_MONDAY":0,"departures_TUESDAY":0,"departures_WEDNESDAY":0,"departures_THURSDAY":0,"departures_FRIDAY":0,"departures_SATURDAY":0,"departures_SUNDAY":0}},{"type":"Feature","geometry":{"type":"Point","coordinates":[3.7683,51.1488]},"properties":{"stop_id":"235095","stop_name":"Gent Marco Polostraat","qualifies_min1_weekday":false,"qualifies_min1_fullweek":false,"qualifies_min10_weekday":false,"qualifies_min10_fullweek":false,"qualifies_hourly_weekday":false,"qualifies_hourly_fullweek":false,"qualifies_halfhour_weekday":false,"qualifies_halfhour_fullweek":false,"departures_MONDAY":0,"departures_TUESDAY":0,"departures_WEDNESDAY":0,"departures_THURSDAY":0,"departures_FRIDAY":0,"departures_SATURDAY":0,"departures_SUNDAY":0}},{"type":"Feature","geometry":{"type":"Point","coordinates":[3.7333,51.0264]},"properties":{"stop_id":"235096","stop_name":"Gent Melkerijstraat","qualifies_min1_weekday":false,"qualifies_min1_fullweek":false,"qualifies_min10_weekday":false,"qualifies_min10_fullweek":false,"qualifies_hourly_weekday":false,"qualifies_hourly_fullweek":false,"qualifies_halfhour_weekday":false,"qualifies_halfhour_fullweek":false,"departures_MONDAY":0,"departures_TUESDAY":0,"departures_WEDNESDAY":0,"departures_THURSDAY":0,"departures_FRIDAY":0,"departures_SATURDAY":0,"departures_SUNDAY":0}},{"type":"Feature","geometry":{"type":"Point","coordinates":[3.7808,51.1399]},"properties":{"stop_id":"235097","stop_name":"Gent Moervaartkaai","qualifies_min1_weekday":false,"qualifies_min1_fullweek":false,"qualifies_min10_weekday":false,"qualifies_min10_fullweek":false,"qualifies_hourly_weekday":false,"qualifies_hourly_fullweek":false,"qualifies_halfhour_weekday":false,"qualifies_halfhour_fullweek":false,"departures_MONDAY":0,"departures_TUESDAY":0,"departures_WEDNESDAY":0,"departures_THURSDAY":0,"departures_FRIDAY":0,"departures_SATURDAY":0,"departures_SUNDAY":0}},{"type":"Feature","geometry":{"type":"Point","coordinates":[3.6971,51.045]},"properties":{"stop_id":"235098","stop_name":"Gent Nekkersberglaan","qualifies_min1_weekday":false,"qualifies_min1_fullweek":false,"qualifies_min10_weekday":false,"qualifies_min10_fullweek":false,"qualifies_hourly_weekday":false,"qualifies_hourly_fullweek":false,"qualifies_halfhour_weekday":false,"qualifies_halfhour_fullweek":false,"departures_MONDAY":0,"departures_TUESDAY":0,"departures_WEDNESDAY":0,"departures_THURSDAY":0,"departures_FRIDAY":0,"departures_SATURDAY":0,"departures_SUNDAY":0}},{"type":"Feature","geometry":{"type":"Point","coordinates":[3.7908,51.1364]},"properties":{"stop_id":"235099","stop_name":"Gent Rodenhuizekaai","qualifies_min1_weekday":false,"qualifies_min1_fullweek":false,"qualifies_min10_weekday":false,"qualifies_min10_fullweek":false,"qualifies_hourly_weekday":false,"qualifies_hourly_fullweek":false,"qualifies_halfhour_weekday":false,"qualifies_halfhour_fullweek":false,"departures_MONDAY":0,"departures_TUESDAY":0,"departures_WEDNESDAY":0,"departures_THURSDAY":0,"departures_FRIDAY":0,"departures_SATURDAY":0,"departures_SUNDAY":0}},{"type":"Feature","geometry":{"type":"Point","coordinates":[3.7361,51.0134]},"properties":{"stop_id":"235100","stop_name":"Gent Sluisweg","qualifies_min1_weekday":false,"qualifies_min1_fullweek":false,"qualifies_min10_weekday":false,"qualifies_min10_fullweek":false,"qualifies_hourly_weekday":false,"qualifies_hourly_fullweek":false,"qualifies_halfhour_weekday":false,"qualifies_halfhour_fullweek":false,"departures_MONDAY":0,"departures_TUESDAY":0,"departures_WEDNESDAY":0,"departures_THURSDAY":0,"departures_FRIDAY":0,"departures_SATURDAY":0,"departures_SUNDAY":0}},{"type":"Feature","geometry":{"type":"Point","coordinates":[3.7173,51.0754]},"properties":{"stop_id":"235101","stop_name":"Gent Tapuitstraat","qualifies_min1_weekday":false,"qualifies_min1_fullweek":false,"qualifies_min10_weekday":false,"qualifies_min10_fullweek":false,"qualifies_hourly_weekday":false,"qualifies_hourly_fullweek":false,"qualifies_halfhour_weekday":false,"qualifies_halfhour_fullweek":false,"departures_MONDAY":0,"departures_TUESDAY":0,"departures_WEDNESDAY":0,"departures_THURSDAY":0,"departures_FRIDAY":0,"departures_SATURDAY":0,"departures_SUNDAY":0}},{"type":"Feature","geometry":{"type":"Point","coordinates":[3.7488,51.081]},"properties":{"stop_id":"235103","stop_name":"Gent Veeweg","qualifies_min1_weekday":false,"qualifies_min1_fullweek":false,"qualifies_min10_weekday":false,"qualifies_min10_fullweek":false,"qualifies_hourly_weekday":false,"qualifies_hourly_fullweek":false,"qualifies_halfhour_weekday":false,"qualifies_halfhour_fullweek":false,"departures_MONDAY":0,"departures_TUESDAY":0,"departures_WEDNESDAY":0,"departures_THURSDAY":0,"departures_FRIDAY":0,"departures_SATURDAY":0,"departures_SUNDAY":0}},{"type":"Feature","geometry":{"type":"Point","coordinates":[3.7226,51.093]},"properties":{"stop_id":"235104","stop_name":"Gent Watlingtonstraat","qualifies_min1_weekday":false,"qualifies_min1_fullweek":false,"qualifies_min10_weekday":false,"qualifies_min10_fullweek":false,"qualifies_hourly_weekday":false,"qualifies_hourly_fullweek":false,"qualifies_halfhour_weekday":false,"qualifies_halfhour_fullweek":false,"departures_MONDAY":0,"departures_TUESDAY":0,"departures_WEDNESDAY":0,"departures_THURSDAY":0,"departures_FRIDAY":0,"departures_SATURDAY":0,"departures_SUNDAY":0}},{"type":"Feature","geometry":{"type":"Point","coordinates":[3.7449,51.077]},"properties":{"stop_id":"235105","stop_name":"Gent Zuiddok","qualifies_min1_weekday":false,"qualifies_min1_fullweek":false,"qualifies_min10_weekday":false,"qualifies_min10_fullweek":false,"qualifies_hourly_weekday":false,"qualifies_hourly_fullweek":false,"qualifies_halfhour_weekday":false,"qualifies_halfhour_fullweek":false,"departures_MONDAY":0,"departures_TUESDAY":0,"departures_WEDNESDAY":0,"departures_THURSDAY":0,"departures_FRIDAY":0,"departures_SATURDAY":0,"departures_SUNDAY":0}},{"type":"Feature","geometry":{"type":"Point","coordinates":[3.7791,51.039]},"properties":{"stop_id":"235106","stop_name":"Gentbrugge Grootmeersweg","qualifies_min1_weekday":false,"qualifies_min1_fullweek":false,"qualifies_min10_weekday":false,"qualifies_min10_fullweek":false,"qualifies_hourly_weekday":false,"qualifies_hourly_fullweek":false,"qualifies_halfhour_weekday":false,"qualifies_halfhour_fullweek":false,"departures_MONDAY":0,"departures_TUESDAY":0,"departures_WEDNESDAY":0,"departures_THURSDAY":0,"departures_FRIDAY":0,"departures_SATURDAY":0,"departures_SUNDAY":0}},{"type":"Feature","geometry":{"type":"Point","coordinates":[3.7504,51.0444]},"properties":{"stop_id":"235107","stop_name":"Gentbrugge Maagd van Gentstraat","qualifies_min1_weekday":false,"qualifies_min1_fullweek":false,"qualifies_min10_weekday":false,"qualifies_min10_fullweek":false,"qualifies_hourly_weekday":false,"qualifies_hourly_fullweek":false,"qualifies_halfhour_weekday":false,"qualifies_halfhour_fullweek":false,"departures_MONDAY":0,"departures_TUESDAY":0,"departures_WEDNESDAY":0,"departures_THURSDAY":0,"departures_FRIDAY":0,"departures_SATURDAY":0,"departures_SUNDAY":0}},{"type":"Feature","geometry":{"type":"Point","coordinates":[3.7513,51.0292]},"properties":{"stop_id":"235108","stop_name":"Gentbrugge Moscou","qualifies_min1_weekday":false,"qualifies_min1_fullweek":false,"qualifies_min10_weekday":false,"qualifies_min10_fullweek":false,"qualifies_hourly_weekday":false,"qualifies_hourly_fullweek":false,"qualifies_halfhour_weekday":false,"qualifies_halfhour_fullweek":false,"departures_MONDAY":0,"departures_TUESDAY":0,"departures_WEDNESDAY":0,"departures_THURSDAY":0,"departures_FRIDAY":0,"departures_SATURDAY":0,"departures_SUNDAY":0}},{"type":"Feature","geometry":{"type":"Point","coordinates":[3.7768,51.0442]},"properties":{"stop_id":"235109","stop_name":"Gentbrugge Oude Scheldeweg","qualifies_min1_weekday":false,"qualifies_min1_fullweek":false,"qualifies_min10_weekday":false,"qualifies_min10_fullweek":false,"qualifies_hourly_weekday":false,"qualifies_hourly_fullweek":false,"qualifies_halfhour_weekday":false,"qualifies_halfhour_fullweek":false,"departures_MONDAY":0,"departures_TUESDAY":0,"departures_WEDNESDAY":0,"departures_THURSDAY":0,"departures_FRIDAY":0,"departures_SATURDAY":0,"departures_SUNDAY":0}},{"type":"Feature","geometry":{"type":"Point","coordinates":[3.7011,51.0754]},"properties":{"stop_id":"235213","stop_name":"Mariakerke Hogekouterstraat","qualifies_min1_weekday":false,"qualifies_min1_fullweek":false,"qualifies_min10_weekday":false,"qualifies_min10_fullweek":false,"qualifies_hourly_weekday":false,"qualifies_hourly_fullweek":false,"qualifies_halfhour_weekday":false,"qualifies_halfhour_fullweek":false,"departures_MONDAY":0,"departures_TUESDAY":0,"departures_WEDNESDAY":0,"departures_THURSDAY":0,"departures_FRIDAY":0,"departures_SATURDAY":0,"departures_SUNDAY":0}},{"type":"Feature","geometry":{"type":"Point","coordinates":[3.6747,51.0822]},"properties":{"stop_id":"235214","stop_name":"Mariakerke Hooiland","qualifies_min1_weekday":false,"qualifies_min1_fullweek":false,"qualifies_min10_weekday":false,"qualifies_min10_fullweek":false,"qualifies_hourly_weekday":false,"qualifies_hourly_fullweek":false,"qualifies_halfhour_weekday":false,"qualifies_halfhour_fullweek":false,"departures_MONDAY":0,"departures_TUESDAY":0,"departures_WEDNESDAY":0,"departures_THURSDAY":0,"departures_FRIDAY":0,"departures_SATURDAY":0,"departures_SUNDAY":0}},{"type":"Feature","geometry":{"type":"Point","coordinates":[3.6889,51.0852]},"properties":{"stop_id":"235215","stop_name":"Mariakerke Oud-Mooreghemstraat","qualifies_min1_weekday":false,"qualifies_min1_fullweek":false,"qualifies_min10_weekday":false,"qualifies_min10_fullweek":false,"qualifies_hourly_weekday":false,"qualifies_hourly_fullweek":false,"qualifies_halfhour_weekday":false,"qualifies_halfhour_fullweek":false,"departures_MONDAY":0,"departures_TUESDAY":0,"departures_WEDNESDAY":0,"departures_THURSDAY":0,"departures_FRIDAY":0,"departures_SATURDAY":0,"departures_SUNDAY":0}},{"type":"Feature","geometry":{"type":"Point","coordinates":[3.6811,51.0854]},"properties":{"stop_id":"235216","stop_name":"Mariakerke Pinksterbloemstraat","qualifies_min1_weekday":false,"qualifies_min1_fullweek":false,"qualifies_min10_weekday":false,"qualifies_min10_fullweek":false,"qualifies_hourly_weekday":false,"qualifies_hourly_fullweek":false,"qualifies_halfhour_weekday":false,"qualifies_halfhour_fullweek":false,"departures_MONDAY":0,"departures_TUESDAY":0,"departures_WEDNESDAY":0,"departures_THURSDAY":0,"departures_FRIDAY":0,"departures_SATURDAY":0,"departures_SUNDAY":0}},{"type":"Feature","geometry":{"type":"Point","coordinates":[3.6674,51.0678]},"properties":{"stop_id":"235217","stop_name":"Mariakerke Rodeberg","qualifies_min1_weekday":false,"qualifies_min1_fullweek":false,"qualifies_min10_weekday":false,"qualifies_min10_fullweek":false,"qualifies_hourly_weekday":false,"qualifies_hourly_fullweek":false,"qualifies_halfhour_weekday":false,"qualifies_halfhour_fullweek":false,"departures_MONDAY":0,"departures_TUESDAY":0,"departures_WEDNESDAY":0,"departures_THURSDAY":0,"departures_FRIDAY":0,"departures_SATURDAY":0,"departures_SUNDAY":0}},{"type":"Feature","geometry":{"type":"Point","coordinates":[3.6741,51.0701]},"properties":{"stop_id":"235218","stop_name":"Mariakerke Volkshaardstraat","qualifies_min1_weekday":false,"qualifies_min1_fullweek":false,"qualifies_min10_weekday":false,"qualifies_min10_fullweek":false,"qualifies_hourly_weekday":false,"qualifies_hourly_fullweek":false,"qualifies_halfhour_weekday":false,"qualifies_halfhour_fullweek":false,"departures_MONDAY":0,"departures_TUESDAY":0,"departures_WEDNESDAY":0,"departures_THURSDAY":0,"departures_FRIDAY":0,"departures_SATURDAY":0,"departures_SUNDAY":0}},{"type":"Feature","geometry":{"type":"Point","coordinates":[3.7679,51.0814]},"properties":{"stop_id":"235276","stop_name":"Oostakker Groenstraat","qualifies_min1_weekday":false,"qualifies_min1_fullweek":false,"qualifies_min10_weekday":false,"qualifies_min10_fullweek":false,"qualifies_hourly_weekday":false,"qualifies_hourly_fullweek":false,"qualifies_halfhour_weekday":false,"qualifies_halfhour_fullweek":false,"departures_MONDAY":0,"departures_TUESDAY":0,"departures_WEDNESDAY":0,"departures_THURSDAY":0,"departures_FRIDAY":0,"departures_SATURDAY":0,"departures_SUNDAY":0}},{"type":"Feature","geometry":{"type":"Point","coordinates":[3.773,51.0776]},"properties":{"stop_id":"235277","stop_name":"Oostakker Hollenaarstraat","qualifies_min1_weekday":false,"qualifies_min1_fullweek":false,"qualifies_min10_weekday":false,"qualifies_min10_fullweek":false,"qualifies_hourly_weekday":false,"qualifies_hourly_fullweek":false,"qualifies_halfhour_weekday":false,"qualifies_halfhour_fullweek":false,"departures_MONDAY":0,"departures_TUESDAY":0,"departures_WEDNESDAY":0,"departures_THURSDAY":0,"departures_FRIDAY":0,"departures_SATURDAY":0,"departures_SUNDAY":0}},{"type":"Feature","geometry":{"type":"Point","coordinates":[3.7605,51.0961]},"properties":{"stop_id":"235278","stop_name":"Oostakker Kleemstraat","qualifies_min1_weekday":false,"qualifies_min1_fullweek":false,"qualifies_min10_weekday":false,"qualifies_min10_fullweek":false,"qualifies_hourly_weekday":false,"qualifies_hourly_fullweek":false,"qualifies_halfhour_weekday":false,"qualifies_halfhour_fullweek":false,"departures_MONDAY":0,"departures_TUESDAY":0,"departures_WEDNESDAY":0,"departures_THURSDAY":0,"departures_FRIDAY":0,"departures_SATURDAY":0,"departures_SUNDAY":0}},{"type":"Feature","geometry":{"type":"Point","coordinates":[3.7831,51.0959]},"properties":{"stop_id":"235279","stop_name":"Oostakker Langenaarstraat","qualifies_min1_weekday":false,"qualifies_min1_fullweek":false,"qualifies_min10_weekday":false,"qualifies_min10_fullweek":false,"qualifies_hourly_weekday":false,"qualifies_hourly_fullweek":false,"qualifies_halfhour_weekday":false,"qualifies_halfhour_fullweek":false,"departures_MONDAY":0,"departures_TUESDAY":0,"departures_WEDNESDAY":0,"departures_THURSDAY":0,"departures_FRIDAY":0,"departures_SATURDAY":0,"departures_SUNDAY":0}},{"type":"Feature","geometry":{"type":"Point","coordinates":[3.782,51.1021]},"properties":{"stop_id":"235280","stop_name":"Oostakker Moststraat","qualifies_min1_weekday":false,"qualifies_min1_fullweek":false,"qualifies_min10_weekday":false,"qualifies_min10_fullweek":false,"qualifies_hourly_weekday":false,"qualifies_hourly_fullweek":false,"qualifies_halfhour_weekday":false,"qualifies_halfhour_fullweek":false,"departures_MONDAY":0,"departures_TUESDAY":0,"departures_WEDNESDAY":0,"departures_THURSDAY":0,"departures_FRIDAY":0,"departures_SATURDAY":0,"departures_SUNDAY":0}},{"type":"Feature","geometry":{"type":"Point","coordinates":[3.7886,51.0862]},"properties":{"stop_id":"235281","stop_name":"Oostakker Volvo Trucks","qualifies_min1_weekday":false,"qualifies_min1_fullweek":false,"qualifies_min10_weekday":false,"qualifies_min10_fullweek":false,"qualifies_hourly_weekday":false,"qualifies_hourly_fullweek":false,"qualifies_halfhour_weekday":false,"qualifies_halfhour_fullweek":false,"departures_MONDAY":0,"departures_TUESDAY":0,"departures_WEDNESDAY":0,"departures_THURSDAY":0,"departures_FRIDAY":0,"departures_SATURDAY":0,"departures_SUNDAY":0}},{"type":"Feature","geometry":{"type":"Point","coordinates":[3.781,51.0741]},"properties":{"stop_id":"235296","stop_name":"Sint-Amandsberg Beelbroekstraat","qualifies_min1_weekday":false,"qualifies_min1_fullweek":false,"qualifies_min10_weekday":false,"qualifies_min10_fullweek":false,"qualifies_hourly_weekday":false,"qualifies_hourly_fullweek":false,"qualifies_halfhour_weekday":false,"qualifies_halfhour_fullweek":false,"departures_MONDAY":0,"departures_TUESDAY":0,"departures_WEDNESDAY":0,"departures_THURSDAY":0,"departures_FRIDAY":0,"departures_SATURDAY":0,"departures_SUNDAY":0}},{"type":"Feature","geometry":{"type":"Point","coordinates":[3.7829,51.0707]},"properties":{"stop_id":"235297","stop_name":"Sint-Amandsberg Camille D'Havéstraat","qualifies_min1_weekday":false,"qualifies_min1_fullweek":false,"qualifies_min10_weekday":false,"qualifies_min10_fullweek":false,"qualifies_hourly_weekday":false,"qualifies_hourly_fullweek":false,"qualifies_halfhour_weekday":false,"qualifies_halfhour_fullweek":false,"departures_MONDAY":0,"departures_TUESDAY":0,"departures_WEDNESDAY":0,"departures_THURSDAY":0,"departures_FRIDAY":0,"departures_SATURDAY":0,"departures_SUNDAY":0}},{"type":"Feature","geometry":{"type":"Point","coordinates":[3.8019,51.072]},"properties":{"stop_id":"235298","stop_name":"Sint-Amandsberg Hof Van Oombergen","qualifies_min1_weekday":false,"qualifies_min1_fullweek":false,"qualifies_min10_weekday":false,"qualifies_min10_fullweek":false,"qualifies_hourly_weekday":false,"qualifies_hourly_fullweek":false,"qualifies_halfhour_weekday":false,"qualifies_halfhour_fullweek":false,"departures_MONDAY":0,"departures_TUESDAY":0,"departures_WEDNESDAY":0,"departures_THURSDAY":0,"departures_FRIDAY":0,"departures_SATURDAY":0,"departures_SUNDAY":0}},{"type":"Feature","geometry":{"type":"Point","coordinates":[3.7857,51.067]},"properties":{"stop_id":"235299","stop_name":"Sint-Amandsberg Ketshage","qualifies_min1_weekday":false,"qualifies_min1_fullweek":false,"qualifies_min10_weekday":false,"qualifies_min10_fullweek":false,"qualifies_hourly_weekday":false,"qualifies_hourly_fullweek":false,"qualifies_halfhour_weekday":false,"qualifies_halfhour_fullweek":false,"departures_MONDAY":0,"departures_TUESDAY":0,"departures_WEDNESDAY":0,"departures_THURSDAY":0,"departures_FRIDAY":0,"departures_SATURDAY":0,"departures_SUNDAY":0}},{"type":"Feature","geometry":{"type":"Point","coordinates":[3.791,51.0702]},"properties":{"stop_id":"235300","stop_name":"Sint-Amandsberg Luc van Parysstraat","qualifies_min1_weekday":false,"qualifies_min1_fullweek":false,"qualifies_min10_weekday":false,"qualifies_min10_fullweek":false,"qualifies_hourly_weekday":false,"qualifies_hourly_fullweek":false,"qualifies_halfhour_weekday":false,"qualifies_halfhour_fullweek":false,"departures_MONDAY":0,"departures_TUESDAY":0,"departures_WEDNESDAY":0,"departures_THURSDAY":0,"departures_FRIDAY":0,"departures_SATURDAY":0,"departures_SUNDAY":0}},{"type":"Feature","geometry":{"type":"Point","coordinates":[3.7602,51.0484]},"properties":{"stop_id":"235301","stop_name":"Sint-Amandsberg Nijverheidskaai","qualifies_min1_weekday":false,"qualifies_min1_fullweek":false,"qualifies_min10_weekday":false,"qualifies_min10_fullweek":false,"qualifies_hourly_weekday":false,"qualifies_hourly_fullweek":false,"qualifies_halfhour_weekday":false,"qualifies_halfhour_fullweek":false,"departures_MONDAY":0,"departures_TUESDAY":0,"departures_WEDNESDAY":0,"departures_THURSDAY":0,"departures_FRIDAY":0,"departures_SATURDAY":0,"departures_SUNDAY":0}},{"type":"Feature","geometry":{"type":"Point","coordinates":[3.7603,51.0746]},"properties":{"stop_id":"235302","stop_name":"Sint-Amandsberg Ombeekstraat","qualifies_min1_weekday":false,"qualifies_min1_fullweek":false,"qualifies_min10_weekday":false,"qualifies_min10_fullweek":false,"qualifies_hourly_weekday":false,"qualifies_hourly_fullweek":false,"qualifies_halfhour_weekday":false,"qualifies_halfhour_fullweek":false,"departures_MONDAY":0,"departures_TUESDAY":0,"departures_WEDNESDAY":0,"departures_THURSDAY":0,"departures_FRIDAY":0,"departures_SATURDAY":0,"departures_SUNDAY":0}},{"type":"Feature","geometry":{"type":"Point","coordinates":[3.7785,51.0654]},"properties":{"stop_id":"235303","stop_name":"Sint-Amandsberg Westveldstraat","qualifies_min1_weekday":false,"qualifies_min1_fullweek":false,"qualifies_min10_weekday":false,"qualifies_min10_fullweek":false,"qualifies_hourly_weekday":false,"qualifies_hourly_fullweek":false,"qualifies_halfhour_weekday":false,"qualifies_halfhour_fullweek":false,"departures_MONDAY":0,"departures_TUESDAY":0,"departures_WEDNESDAY":0,"departures_THURSDAY":0,"departures_FRIDAY":0,"departures_SATURDAY":0,"departures_SUNDAY":0}},{"type":"Feature","geometry":{"type":"Point","coordinates":[3.6854,51.0292]},"properties":{"stop_id":"235304","stop_name":"Sint-Denijs-Westrem Buchtenstraat","qualifies_min1_weekday":false,"qualifies_min1_fullweek":false,"qualifies_min10_weekday":false,"qualifies_min10_fullweek":false,"qualifies_hourly_weekday":false,"qualifies_hourly_fullweek":false,"qualifies_halfhour_weekday":false,"qualifies_halfhour_fullweek":false,"departures_MONDAY":0,"departures_TUESDAY":0,"departures_WEDNESDAY":0,"departures_THURSDAY":0,"departures_FRIDAY":0,"departures_SATURDAY":0,"departures_SUNDAY":0}},{"type":"Feature","geometry":{"type":"Point","coordinates":[3.6722,51.0137]},"properties":{"stop_id":"235305","stop_name":"Sint-Denijs-Westrem James Ensorlaan","qualifies_min1_weekday":false,"qualifies_min1_fullweek":false,"qualifies_min10_weekday":false,"qualifies_min10_fullweek":false,"qualifies_hourly_weekday":false,"qualifies_hourly_fullweek":false,"qualifies_halfhour_weekday":false,"qualifies_halfhour_fullweek":false,"departures_MONDAY":0,"departures_TUESDAY":0,"departures_WEDNESDAY":0,"departures_THURSDAY":0,"departures_FRIDAY":0,"departures_SATURDAY":0,"departures_SUNDAY":0}},{"type":"Feature","geometry":{"type":"Point","coordinates":[3.6646,51.022]},"properties":{"stop_id":"235306","stop_name":"Sint-Denijs-Westrem Maurice Dewulflaan","qualifies_min1_weekday":false,"qualifies_min1_fullweek":false,"qualifies_min10_weekday":false,"qualifies_min10_fullweek":false,"qualifies_hourly_weekday":false,"qualifies_hourly_fullweek":false,"qualifies_halfhour_weekday":false,"qualifies_halfhour_fullweek":false,"departures_MONDAY":0,"departures_TUESDAY":0,"departures_WEDNESDAY":0,"departures_THURSDAY":0,"departures_FRIDAY":0,"departures_SATURDAY":0,"departures_SUNDAY":0}},{"type":"Feature","geometry":{"type":"Point","coordinates":[3.8253,51.1616]},"properties":{"stop_id":"235308","stop_name":"Sint-Kruis-Winkel Hullebusstraat","qualifies_min1_weekday":false,"qualifies_min1_fullweek":false,"qualifies_min10_weekday":false,"qualifies_min10_fullweek":false,"qualifies_hourly_weekday":false,"qualifies_hourly_fullweek":false,"qualifies_halfhour_weekday":false,"qualifies_halfhour_fullweek":false,"departures_MONDAY":0,"departures_TUESDAY":0,"departures_WEDNESDAY":0,"departures_THURSDAY":0,"departures_FRIDAY":0,"departures_SATURDAY":0,"departures_SUNDAY":0}},{"type":"Feature","geometry":{"type":"Point","coordinates":[3.8164,51.1515]},"properties":{"stop_id":"235309","stop_name":"Sint-Kruis-Winkel Rapenburgstraat","qualifies_min1_weekday":false,"qualifies_min1_fullweek":false,"qualifies_min10_weekday":false,"qualifies_min10_fullweek":false,"qualifies_hourly_weekday":false,"qualifies_hourly_fullweek":false,"qualifies_halfhour_weekday":false,"qualifies_halfhour_fullweek":false,"departures_MONDAY":0,"departures_TUESDAY":0,"departures_WEDNESDAY":0,"departures_THURSDAY":0,"departures_FRIDAY":0,"departures_SATURDAY":0,"departures_SUNDAY":0}},{"type":"Feature","geometry":{"type":"Point","coordinates":[3.8093,51.1571]},"properties":{"stop_id":"235310","stop_name":"Sint-Kruis-Winkel Wouterij","qualifies_min1_weekday":false,"qualifies_min1_fullweek":false,"qualifies_min10_weekday":false,"qualifies_min10_fullweek":false,"qualifies_hourly_weekday":false,"qualifies_hourly_fullweek":false,"qualifies_halfhour_weekday":false,"qualifies_halfhour_fullweek":false,"departures_MONDAY":0,"departures_TUESDAY":0,"departures_WEDNESDAY":0,"departures_THURSDAY":0,"departures_FRIDAY":0,"departures_SATURDAY":0,"departures_SUNDAY":0}},{"type":"Feature","geometry":{"type":"Point","coordinates":[3.7025,51.0921]},"properties":{"stop_id":"235358","stop_name":"Wondelgem Françoise Jeanne Ridderboschstraat","qualifies_min1_weekday":false,"qualifies_min1_fullweek":false,"qualifies_min10_weekday":false,"qualifies_min10_fullweek":false,"qualifies_hourly_weekday":false,"qualifies_hourly_fullweek":false,"qualifies_halfhour_weekday":false,"qualifies_halfhour_fullweek":false,"departures_MONDAY":0,"departures_TUESDAY":0,"departures_WEDNESDAY":0,"departures_THURSDAY":0,"departures_FRIDAY":0,"departures_SATURDAY":0,"departures_SUNDAY":0}},{"type":"Feature","geometry":{"type":"Point","coordinates":[3.6905,51.091]},"properties":{"stop_id":"235359","stop_name":"Wondelgem industriezone","qualifies_min1_weekday":false,"qualifies_min1_fullweek":false,"qualifies_min10_weekday":false,"qualifies_min10_fullweek":false,"qualifies_hourly_weekday":false,"qualifies_hourly_fullweek":false,"qualifies_halfhour_weekday":false,"qualifies_halfhour_fullweek":false,"departures_MONDAY":0,"departures_TUESDAY":0,"departures_WEDNESDAY":0,"departures_THURSDAY":0,"departures_FRIDAY":0,"departures_SATURDAY":0,"departures_SUNDAY":0}},{"type":"Feature","geometry":{"type":"Point","coordinates":[3.6965,51.0894]},"properties":{"stop_id":"235360","stop_name":"Wondelgem Katwilgenstraat","qualifies_min1_weekday":false,"qualifies_min1_fullweek":false,"qualifies_min10_weekday":false,"qualifies_min10_fullweek":false,"qualifies_hourly_weekday":false,"qualifies_hourly_fullweek":false,"qualifies_halfhour_weekday":false,"qualifies_halfhour_fullweek":false,"departures_MONDAY":0,"departures_TUESDAY":0,"departures_WEDNESDAY":0,"departures_THURSDAY":0,"departures_FRIDAY":0,"departures_SATURDAY":0,"departures_SUNDAY":0}},{"type":"Feature","geometry":{"type":"Point","coordinates":[3.7164,50.9978]},"properties":{"stop_id":"235406","stop_name":"Zwijnaarde Begraafplaats","qualifies_min1_weekday":false,"qualifies_min1_fullweek":false,"qualifies_min10_weekday":false,"qualifies_min10_fullweek":false,"qualifies_hourly_weekday":false,"qualifies_hourly_fullweek":false,"qualifies_halfhour_weekday":false,"qualifies_halfhour_fullweek":false,"departures_MONDAY":0,"departures_TUESDAY":0,"departures_WEDNESDAY":0,"departures_THURSDAY":0,"departures_FRIDAY":0,"departures_SATURDAY":0,"departures_SUNDAY":0}},{"type":"Feature","geometry":{"type":"Point","coordinates":[3.7152,51.0163]},"properties":{"stop_id":"235407","stop_name":"Zwijnaarde Ebergiste de Deynestraat","qualifies_min1_weekday":false,"qualifies_min1_fullweek":false,"qualifies_min10_weekday":false,"qualifies_min10_fullweek":false,"qualifies_hourly_weekday":false,"qualifies_hourly_fullweek":false,"qualifies_halfhour_weekday":false,"qualifies_halfhour_fullweek":false,"departures_MONDAY":0,"departures_TUESDAY":0,"departures_WEDNESDAY":0,"departures_THURSDAY":0,"departures_FRIDAY":0,"departures_SATURDAY":0,"departures_SUNDAY":0}},{"type":"Feature","geometry":{"type":"Point","coordinates":[3.7042,51.0065]},"properties":{"stop_id":"235408","stop_name":"Zwijnaarde Eedstraat","qualifies_min1_weekday":false,"qualifies_min1_fullweek":false,"qualifies_min10_weekday":false,"qualifies_min10_fullweek":false,"qualifies_hourly_weekday":false,"qualifies_hourly_fullweek":false,"qualifies_halfhour_weekday":false,"qualifies_halfhour_fullweek":false,"departures_MONDAY":0,"departures_TUESDAY":0,"departures_WEDNESDAY":0,"departures_THURSDAY":0,"departures_FRIDAY":0,"departures_SATURDAY":0,"departures_SUNDAY":0}},{"type":"Feature","geometry":{"type":"Point","coordinates":[3.7031,50.9998]},"properties":{"stop_id":"235409","stop_name":"Zwijnaarde Gebuurtestraat","qualifies_min1_weekday":false,"qualifies_min1_fullweek":false,"qualifies_min10_weekday":false,"qualifies_min10_fullweek":false,"qualifies_hourly_weekday":false,"qualifies_hourly_fullweek":false,"qualifies_halfhour_weekday":false,"qualifies_halfhour_fullweek":false,"departures_MONDAY":0,"departures_TUESDAY":0,"departures_WEDNESDAY":0,"departures_THURSDAY":0,"departures_FRIDAY":0,"departures_SATURDAY":0,"departures_SUNDAY":0}},{"type":"Feature","geometry":{"type":"Point","coordinates":[3.7246,51.0041]},"properties":{"stop_id":"235411","stop_name":"Zwijnaarde Nieuwescheldestraat","qualifies_min1_weekday":false,"qualifies_min1_fullweek":false,"qualifies_min10_weekday":false,"qualifies_min10_fullweek":false,"qualifies_hourly_weekday":false,"qualifies_hourly_fullweek":false,"qualifies_halfhour_weekday":false,"qualifies_halfhour_fullweek":false,"departures_MONDAY":0,"departures_TUESDAY":0,"departures_WEDNESDAY":0,"departures_THURSDAY":0,"departures_FRIDAY":0,"departures_SATURDAY":0,"departures_SUNDAY":0}},{"type":"Feature","geometry":{"type":"Point","coordinates":[3.7371,51.0046]},"properties":{"stop_id":"235414","stop_name":"Zwijnaarde Cecile Vereeckenstraat","qualifies_min1_weekday":false,"qualifies_min1_fullweek":false,"qualifies_min10_weekday":false,"qualifies_min10_fullweek":false,"qualifies_hourly_weekday":false,"qualifies_hourly_fullweek":false,"qualifies_halfhour_weekday":false,"qualifies_halfhour_fullweek":false,"departures_MONDAY":0,"departures_TUESDAY":0,"departures_WEDNESDAY":0,"departures_THURSDAY":0,"departures_FRIDAY":0,"departures_SATURDAY":0,"departures_SUNDAY":0}},{"type":"Feature","geometry":{"type":"Point","coordinates":[3.7686,51.132]},"properties":{"stop_id":"235416","stop_name":"Gent Kooistraat","qualifies_min1_weekday":false,"qualifies_min1_fullweek":false,"qualifies_min10_weekday":false,"qualifies_min10_fullweek":false,"qualifies_hourly_weekday":false,"qualifies_hourly_fullweek":false,"qualifies_halfhour_weekday":false,"qualifies_halfhour_fullweek":false,"departures_MONDAY":0,"departures_TUESDAY":0,"departures_WEDNESDAY":0,"departures_THURSDAY":0,"departures_FRIDAY":0,"departures_SATURDAY":0,"departures_SUNDAY":0}},{"type":"Feature","geometry":{"type":"Point","coordinates":[3.6536,51.0694]},"properties":{"stop_id":"235421","stop_name":"Drongen Vinderhoutse Bossen","qualifies_min1_weekday":false,"qualifies_min1_fullweek":false,"qualifies_min10_weekday":false,"qualifies_min10_fullweek":false,"qualifies_hourly_weekday":false,"qualifies_hourly_fullweek":false,"qualifies_halfhour_weekday":false,"qualifies_halfhour_fullweek":false,"departures_MONDAY":0,"departures_TUESDAY":0,"departures_WEDNESDAY":0,"departures_THURSDAY":0,"departures_FRIDAY":0,"departures_SATURDAY":0,"departures_SUNDAY":0}},{"type":"Feature","geometry":{"type":"Point","coordinates":[3.7021,51.049]},"properties":{"stop_id":"235439","stop_name":"Gent AZ Jan Palfijn","qualifies_min1_weekday":false,"qualifies_min1_fullweek":false,"qualifies_min10_weekday":false,"qualifies_min10_fullweek":false,"qualifies_hourly_weekday":false,"qualifies_hourly_fullweek":false,"qualifies_halfhour_weekday":false,"qualifies_halfhour_fullweek":false,"departures_MONDAY":0,"departures_TUESDAY":0,"departures_WEDNESDAY":0,"departures_THURSDAY":0,"departures_FRIDAY":0,"departures_SATURDAY":0,"departures_SUNDAY":0}},{"type":"Feature","geometry":{"type":"Point","coordinates":[3.6622,51.0541]},"properties":{"stop_id":"235440","stop_name":"Drongen Rotonde","qualifies_min1_weekday":false,"qualifies_min1_fullweek":false,"qualifies_min10_weekday":false,"qualifies_min10_fullweek":false,"qualifies_hourly_weekday":false,"qualifies_hourly_fullweek":false,"qualifies_halfhour_weekday":false,"qualifies_halfhour_fullweek":false,"departures_MONDAY":0,"departures_TUESDAY":0,"departures_WEDNESDAY":0,"departures_THURSDAY":0,"departures_FRIDAY":0,"departures_SATURDAY":0,"departures_SUNDAY":0}},{"type":"Feature","geometry":{"type":"Point","coordinates":[3.6629,51.0543]},"properties":{"stop_id":"235441","stop_name":"Drongen Rotonde","qualifies_min1_weekday":false,"qualifies_min1_fullweek":false,"qualifies_min10_weekday":false,"qualifies_min10_fullweek":false,"qualifies_hourly_weekday":false,"qualifies_hourly_fullweek":false,"qualifies_halfhour_weekday":false,"qualifies_halfhour_fullweek":false,"departures_MONDAY":0,"departures_TUESDAY":0,"departures_WEDNESDAY":0,"departures_THURSDAY":0,"departures_FRIDAY":0,"departures_SATURDAY":0,"departures_SUNDAY":0}},{"type":"Feature","geometry":{"type":"Point","coordinates":[3.729,51.0238]},"properties":{"stop_id":"235442","stop_name":"Gent UZ ingang 12","qualifies_min1_weekday":false,"qualifies_min1_fullweek":false,"qualifies_min10_weekday":false,"qualifies_min10_fullweek":false,"qualifies_hourly_weekday":false,"qualifies_hourly_fullweek":false,"qualifies_halfhour_weekday":false,"qualifies_halfhour_fullweek":false,"departures_MONDAY":0,"departures_TUESDAY":0,"departures_WEDNESDAY":0,"departures_THURSDAY":0,"departures_FRIDAY":0,"departures_SATURDAY":0,"departures_SUNDAY":0}},{"type":"Feature","geometry":{"type":"Point","coordinates":[3.7352,51.0396]},"properties":{"stop_id":"250096","stop_name":"Gent Sint-Lievenspoort","qualifies_min1_weekday":false,"qualifies_min1_fullweek":false,"qualifies_min10_weekday":false,"qualifies_min10_fullweek":false,"qualifies_hourly_weekday":false,"qualifies_hourly_fullweek":false,"qualifies_halfhour_weekday":false,"qualifies_halfhour_fullweek":false,"departures_MONDAY":0,"departures_TUESDAY":0,"departures_WEDNESDAY":0,"departures_THURSDAY":0,"departures_FRIDAY":0,"departures_SATURDAY":0,"departures_SUNDAY":0}},{"type":"Feature","geometry":{"type":"Point","coordinates":[3.6304,51.0459]},"properties":{"stop_id":"250184","stop_name":"Varendriesstraat","qualifies_min1_weekday":false,"qualifies_min1_fullweek":false,"qualifies_min10_weekday":false,"qualifies_min10_fullweek":false,"qualifies_hourly_weekday":false,"qualifies_hourly_fullweek":false,"qualifies_halfhour_weekday":false,"qualifies_halfhour_fullweek":false,"departures_MONDAY":0,"departures_TUESDAY":0,"departures_WEDNESDAY":0,"departures_THURSDAY":0,"departures_FRIDAY":0,"departures_SATURDAY":0,"departures_SUNDAY":0}},{"type":"Feature","geometry":{"type":"Point","coordinates":[3.6954,51.069]},"properties":{"stop_id":"250511","stop_name":"Gent Staakskensstraat","qualifies_min1_weekday":false,"qualifies_min1_fullweek":false,"qualifies_min10_weekday":false,"qualifies_min10_fullweek":false,"qualifies_hourly_weekday":false,"qualifies_hourly_fullweek":false,"qualifies_halfhour_weekday":false,"qualifies_halfhour_fullweek":false,"departures_MONDAY":0,"departures_TUESDAY":0,"departures_WEDNESDAY":0,"departures_THURSDAY":0,"departures_FRIDAY":0,"departures_SATURDAY":0,"departures_SUNDAY":0}},{"type":"Feature","geometry":{"type":"Point","coordinates":[3.7595,51.0366]},"properties":{"stop_id":"250546","stop_name":"Gentbrugge Jozef Wautersstraat","qualifies_min1_weekday":false,"qualifies_min1_fullweek":false,"qualifies_min10_weekday":false,"qualifies_min10_fullweek":false,"qualifies_hourly_weekday":false,"qualifies_hourly_fullweek":false,"qualifies_halfhour_weekday":false,"qualifies_halfhour_fullweek":false,"departures_MONDAY":0,"departures_TUESDAY":0,"departures_WEDNESDAY":0,"departures_THURSDAY":0,"departures_FRIDAY":0,"departures_SATURDAY":0,"departures_SUNDAY":0}},{"type":"Feature","geometry":{"type":"Point","coordinates":[3.7317,51.0388]},"properties":{"stop_id":"251273","stop_name":"Gent Terplatenbrug","qualifies_min1_weekday":false,"qualifies_min1_fullweek":false,"qualifies_min10_weekday":false,"qualifies_min10_fullweek":false,"qualifies_hourly_weekday":false,"qualifies_hourly_fullweek":false,"qualifies_halfhour_weekday":false,"qualifies_halfhour_fullweek":false,"departures_MONDAY":0,"departures_TUESDAY":0,"departures_WEDNESDAY":0,"departures_THURSDAY":0,"departures_FRIDAY":0,"departures_SATURDAY":0,"departures_SUNDAY":0}},{"type":"Feature","geometry":{"type":"Point","coordinates":[3.7238,51.0322]},"properties":{"stop_id":"251375","stop_name":"Gent Bruggravenlaan","qualifies_min1_weekday":false,"qualifies_min1_fullweek":false,"qualifies_min10_weekday":false,"qualifies_min10_fullweek":false,"qualifies_hourly_weekday":false,"qualifies_hourly_fullweek":false,"qualifies_halfhour_weekday":false,"qualifies_halfhour_fullweek":false,"departures_MONDAY":0,"departures_TUESDAY":0,"departures_WEDNESDAY":0,"departures_THURSDAY":0,"departures_FRIDAY":0,"departures_SATURDAY":0,"departures_SUNDAY":0}},{"type":"Feature","geometry":{"type":"Point","coordinates":[3.6957,51.0692]},"properties":{"stop_id":"251511","stop_name":"Gent Staakskensstraat","qualifies_min1_weekday":false,"qualifies_min1_fullweek":false,"qualifies_min10_weekday":false,"qualifies_min10_fullweek":false,"qualifies_hourly_weekday":false,"qualifies_hourly_fullweek":false,"qualifies_halfhour_weekday":false,"qualifies_halfhour_fullweek":false,"departures_MONDAY":0,"departures_TUESDAY":0,"departures_WEDNESDAY":0,"departures_THURSDAY":0,"departures_FRIDAY":0,"departures_SATURDAY":0,"departures_SUNDAY":0}},{"type":"Feature","geometry":{"type":"Point","coordinates":[3.7571,51.0383]},"properties":{"stop_id":"251887","stop_name":"Gentbrugge Station","qualifies_min1_weekday":false,"qualifies_min1_fullweek":false,"qualifies_min10_weekday":false,"qualifies_min10_fullweek":false,"qualifies_hourly_weekday":false,"qualifies_hourly_fullweek":false,"qualifies_halfhour_weekday":false,"qualifies_halfhour_fullweek":false,"departures_MONDAY":0,"departures_TUESDAY":0,"departures_WEDNESDAY":0,"departures_THURSDAY":0,"departures_FRIDAY":0,"departures_SATURDAY":0,"departures_SUNDAY":0}},{"type":"Feature","geometry":{"type":"Point","coordinates":[3.7124,51.1022]},"properties":{"stop_id":"252015","stop_name":"Wondelgem Waalbrugstraat","qualifies_min1_weekday":false,"qualifies_min1_fullweek":false,"qualifies_min10_weekday":false,"qualifies_min10_fullweek":false,"qualifies_hourly_weekday":false,"qualifies_hourly_fullweek":false,"qualifies_halfhour_weekday":false,"qualifies_halfhour_fullweek":false,"departures_MONDAY":0,"departures_TUESDAY":0,"departures_WEDNESDAY":0,"departures_THURSDAY":0,"departures_FRIDAY":0,"departures_SATURDAY":0,"departures_SUNDAY":0}},{"type":"Feature","geometry":{"type":"Point","coordinates":[3.8156,51.1568]},"properties":{"stop_id":"252574","stop_name":"Sint-Kruis-Winkel De Baetsplaats","qualifies_min1_weekday":false,"qualifies_min1_fullweek":false,"qualifies_min10_weekday":false,"qualifies_min10_fullweek":false,"qualifies_hourly_weekday":false,"qualifies_hourly_fullweek":false,"qualifies_halfhour_weekday":false,"qualifies_halfhour_fullweek":false,"departures_MONDAY":0,"departures_TUESDAY":0,"departures_WEDNESDAY":0,"departures_THURSDAY":0,"departures_FRIDAY":0,"departures_SATURDAY":0,"departures_SUNDAY":0}},{"type":"Feature","geometry":{"type":"Point","coordinates":[3.8366,51.1574]},"properties":{"stop_id":"252576","stop_name":"Sint-Kruis-Winkel Kapelledreef","qualifies_min1_weekday":false,"qualifies_min1_fullweek":false,"qualifies_min10_weekday":false,"qualifies_min10_fullweek":false,"qualifies_hourly_weekday":false,"qualifies_hourly_fullweek":false,"qualifies_halfhour_weekday":false,"qualifies_halfhour_fullweek":false,"departures_MONDAY":0,"departures_TUESDAY":0,"departures_WEDNESDAY":0,"departures_THURSDAY":0,"departures_FRIDAY":0,"departures_SATURDAY":0,"departures_SUNDAY":0}},{"type":"Feature","geometry":{"type":"Point","coordinates":[3.739,51.0363]},"properties":{"stop_id":"253482","stop_name":"Ledeberg P+R Ledeberg (Pieter Lachaertstraat)","qualifies_min1_weekday":false,"qualifies_min1_fullweek":false,"qualifies_min10_weekday":false,"qualifies_min10_fullweek":false,"qualifies_hourly_weekday":false,"qualifies_hourly_fullweek":false,"qualifies_halfhour_weekday":false,"qualifies_halfhour_fullweek":false,"departures_MONDAY":0,"departures_TUESDAY":0,"departures_WEDNESDAY":0,"departures_THURSDAY":0,"departures_FRIDAY":0,"departures_SATURDAY":0,"departures_SUNDAY":0}},{"type":"Feature","geometry":{"type":"Point","coordinates":[3.7496,51.0685]},"properties":{"stop_id":"253543","stop_name":"Sint-Amandsberg Visitatiestraat","qualifies_min1_weekday":false,"qualifies_min1_fullweek":false,"qualifies_min10_weekday":false,"qualifies_min10_fullweek":false,"qualifies_hourly_weekday":false,"qualifies_hourly_fullweek":false,"qualifies_halfhour_weekday":false,"qualifies_halfhour_fullweek":false,"departures_MONDAY":0,"departures_TUESDAY":0,"departures_WEDNESDAY":0,"departures_THURSDAY":0,"departures_FRIDAY":0,"departures_SATURDAY":0,"departures_SUNDAY":0}},{"type":"Feature","geometry":{"type":"Point","coordinates":[3.8155,51.1568]},"properties":{"stop_id":"253574","stop_name":"Sint-Kruis-Winkel De Baetsplaats","qualifies_min1_weekday":false,"qualifies_min1_fullweek":false,"qualifies_min10_weekday":false,"qualifies_min10_fullweek":false,"qualifies_hourly_weekday":false,"qualifies_hourly_fullweek":false,"qualifies_halfhour_weekday":false,"qualifies_halfhour_fullweek":false,"departures_MONDAY":0,"departures_TUESDAY":0,"departures_WEDNESDAY":0,"departures_THURSDAY":0,"departures_FRIDAY":0,"departures_SATURDAY":0,"departures_SUNDAY":0}},{"type":"Feature","geometry":{"type":"Point","coordinates":[3.8369,51.1574]},"properties":{"stop_id":"253576","stop_name":"Sint-Kruis-Winkel Kapelledreef","qualifies_min1_weekday":false,"qualifies_min1_fullweek":false,"qualifies_min10_weekday":false,"qualifies_min10_fullweek":false,"qualifies_hourly_weekday":false,"qualifies_hourly_fullweek":false,"qualifies_halfhour_weekday":false,"qualifies_halfhour_fullweek":false,"departures_MONDAY":0,"departures_TUESDAY":0,"departures_WEDNESDAY":0,"departures_THURSDAY":0,"departures_FRIDAY":0,"departures_SATURDAY":0,"departures_SUNDAY":0}},{"type":"Feature","geometry":{"type":"Point","coordinates":[3.6566,51.0518]},"properties":{"stop_id":"260181","stop_name":"Drongen Klaverdries","qualifies_min1_weekday":false,"qualifies_min1_fullweek":false,"qualifies_min10_weekday":false,"qualifies_min10_fullweek":false,"qualifies_hourly_weekday":false,"qualifies_hourly_fullweek":false,"qualifies_halfhour_weekday":false,"qualifies_halfhour_fullweek":false,"departures_MONDAY":0,"departures_TUESDAY":0,"departures_WEDNESDAY":0,"departures_THURSDAY":0,"departures_FRIDAY":0,"departures_SATURDAY":0,"departures_SUNDAY":0}},{"type":"Feature","geometry":{"type":"Point","coordinates":[3.68,51.08]},"properties":{"stop_id":"260413","stop_name":"Mariakerke Dienstencentrum","qualifies_min1_weekday":false,"qualifies_min1_fullweek":false,"qualifies_min10_weekday":false,"qualifies_min10_fullweek":false,"qualifies_hourly_weekday":false,"qualifies_hourly_fullweek":false,"qualifies_halfhour_weekday":false,"qualifies_halfhour_fullweek":false,"departures_MONDAY":0,"departures_TUESDAY":0,"departures_WEDNESDAY":0,"departures_THURSDAY":0,"departures_FRIDAY":0,"departures_SATURDAY":0,"departures_SUNDAY":0}},{"type":"Feature","geometry":{"type":"Point","coordinates":[3.7238,51.062]},"properties":{"stop_id":"261006","stop_name":"Gent Fratersplein","qualifies_min1_weekday":false,"qualifies_min1_fullweek":false,"qualifies_min10_weekday":false,"qualifies_min10_fullweek":false,"qualifies_hourly_weekday":false,"qualifies_hourly_fullweek":false,"qualifies_halfhour_weekday":false,"qualifies_halfhour_fullweek":false,"departures_MONDAY":0,"departures_TUESDAY":0,"departures_WEDNESDAY":0,"departures_THURSDAY":0,"departures_FRIDAY":0,"departures_SATURDAY":0,"departures_SUNDAY":0}},{"type":"Feature","geometry":{"type":"Point","coordinates":[3.7527,51.0444]},"properties":{"stop_id":"261132","stop_name":"Gentbrugge Vredestraat","qualifies_min1_weekday":false,"qualifies_min1_fullweek":false,"qualifies_min10_weekday":false,"qualifies_min10_fullweek":false,"qualifies_hourly_weekday":false,"qualifies_hourly_fullweek":false,"qualifies_halfhour_weekday":false,"qualifies_halfhour_fullweek":false,"departures_MONDAY":0,"departures_TUESDAY":0,"departures_WEDNESDAY":0,"departures_THURSDAY":0,"departures_FRIDAY":0,"departures_SATURDAY":0,"departures_SUNDAY":0}},{"type":"Feature","geometry":{"type":"Point","coordinates":[3.6559,51.0522]},"properties":{"stop_id":"261181","stop_name":"Drongen Klaverdries","qualifies_min1_weekday":false,"qualifies_min1_fullweek":false,"qualifies_min10_weekday":false,"qualifies_min10_fullweek":false,"qualifies_hourly_weekday":false,"qualifies_hourly_fullweek":false,"qualifies_halfhour_weekday":false,"qualifies_halfhour_fullweek":false,"departures_MONDAY":0,"departures_TUESDAY":0,"departures_WEDNESDAY":0,"departures_THURSDAY":0,"departures_FRIDAY":0,"departures_SATURDAY":0,"departures_SUNDAY":0}},{"type":"Feature","geometry":{"type":"Point","coordinates":[3.7596,51.0365]},"properties":{"stop_id":"261213","stop_name":"Gentbrugge Jozef Wautersstraat","qualifies_min1_weekday":false,"qualifies_min1_fullweek":false,"qualifies_min10_weekday":false,"qualifies_min10_fullweek":false,"qualifies_hourly_weekday":false,"qualifies_hourly_fullweek":false,"qualifies_halfhour_weekday":false,"qualifies_halfhour_fullweek":false,"departures_MONDAY":0,"departures_TUESDAY":0,"departures_WEDNESDAY":0,"departures_THURSDAY":0,"departures_FRIDAY":0,"departures_SATURDAY":0,"departures_SUNDAY":0}},{"type":"Feature","geometry":{"type":"Point","coordinates":[3.6572,51.0081]},"properties":{"stop_id":"263081","stop_name":"De Pinte Keistraat","qualifies_min1_weekday":false,"qualifies_min1_fullweek":false,"qualifies_min10_weekday":false,"qualifies_min10_fullweek":false,"qualifies_hourly_weekday":false,"qualifies_hourly_fullweek":false,"qualifies_halfhour_weekday":false,"qualifies_halfhour_fullweek":false,"departures_MONDAY":0,"departures_TUESDAY":0,"departures_WEDNESDAY":0,"departures_THURSDAY":0,"departures_FRIDAY":0,"departures_SATURDAY":0,"departures_SUNDAY":0}},{"type":"Feature","geometry":{"type":"Point","coordinates":[3.7219,51.059]},"properties":{"stop_id":"270085","stop_name":"Gent Lange Steenstraat (Vrouwebroersstraat)","qualifies_min1_weekday":false,"qualifies_min1_fullweek":false,"qualifies_min10_weekday":false,"qualifies_min10_fullweek":false,"qualifies_hourly_weekday":false,"qualifies_hourly_fullweek":false,"qualifies_halfhour_weekday":false,"qualifies_halfhour_fullweek":false,"departures_MONDAY":0,"departures_TUESDAY":0,"departures_WEDNESDAY":0,"departures_THURSDAY":0,"departures_FRIDAY":0,"departures_SATURDAY":0,"departures_SUNDAY":0}},{"type":"Feature","geometry":{"type":"Point","coordinates":[3.8547,51.1302]},"properties":{"stop_id":"270199","stop_name":"Zaffelare Molenstraat","qualifies_min1_weekday":false,"qualifies_min1_fullweek":false,"qualifies_min10_weekday":false,"qualifies_min10_fullweek":false,"qualifies_hourly_weekday":false,"qualifies_hourly_fullweek":false,"qualifies_halfhour_weekday":false,"qualifies_halfhour_fullweek":false,"departures_MONDAY":0,"departures_TUESDAY":0,"departures_WEDNESDAY":0,"departures_THURSDAY":0,"departures_FRIDAY":0,"departures_SATURDAY":0,"departures_SUNDAY":0}},{"type":"Feature","geometry":{"type":"Point","coordinates":[3.773,51.0777]},"properties":{"stop_id":"270230","stop_name":"Oostakker Hollenaarstraat","qualifies_min1_weekday":false,"qualifies_min1_fullweek":false,"qualifies_min10_weekday":false,"qualifies_min10_fullweek":false,"qualifies_hourly_weekday":false,"qualifies_hourly_fullweek":false,"qualifies_halfhour_weekday":false,"qualifies_halfhour_fullweek":false,"departures_MONDAY":0,"departures_TUESDAY":0,"departures_WEDNESDAY":0,"departures_THURSDAY":0,"departures_FRIDAY":0,"departures_SATURDAY":0,"departures_SUNDAY":0}},{"type":"Feature","geometry":{"type":"Point","coordinates":[3.7556,51.0452]},"properties":{"stop_id":"271132","stop_name":"Gentbrugge Tweekapellenstraat","qualifies_min1_weekday":false,"qualifies_min1_fullweek":false,"qualifies_min10_weekday":false,"qualifies_min10_fullweek":false,"qualifies_hourly_weekday":false,"qualifies_hourly_fullweek":false,"qualifies_halfhour_weekday":false,"qualifies_halfhour_fullweek":false,"departures_MONDAY":0,"departures_TUESDAY":0,"departures_WEDNESDAY":0,"departures_THURSDAY":0,"departures_FRIDAY":0,"departures_SATURDAY":0,"departures_SUNDAY":0}},{"type":"Feature","geometry":{"type":"Point","coordinates":[3.7084,51.0674]},"properties":{"stop_id":"271388","stop_name":"Gent Wondelgembrug (Roggestraat)","qualifies_min1_weekday":false,"qualifies_min1_fullweek":false,"qualifies_min10_weekday":false,"qualifies_min10_fullweek":false,"qualifies_hourly_weekday":false,"qualifies_hourly_fullweek":false,"qualifies_halfhour_weekday":false,"qualifies_halfhour_fullweek":false,"departures_MONDAY":0,"departures_TUESDAY":0,"departures_WEDNESDAY":0,"departures_THURSDAY":0,"departures_FRIDAY":0,"departures_SATURDAY":0,"departures_SUNDAY":0}},{"type":"Feature","geometry":{"type":"Point","coordinates":[3.7619,51.0371]},"properties":{"stop_id":"271474","stop_name":"Gentbrugge Stelplaats E17 (afstaphalte)","qualifies_min1_weekday":false,"qualifies_min1_fullweek":false,"qualifies_min10_weekday":false,"qualifies_min10_fullweek":false,"qualifies_hourly_weekday":false,"qualifies_hourly_fullweek":false,"qualifies_halfhour_weekday":false,"qualifies_halfhour_fullweek":false,"departures_MONDAY":0,"departures_TUESDAY":0,"departures_WEDNESDAY":0,"departures_THURSDAY":0,"departures_FRIDAY":0,"departures_SATURDAY":0,"departures_SUNDAY":0}}]}