{"type":"FeatureCollection","licence":"Data © OpenStreetMap contributors, ODbL 1.0. http://osm.org/copyright","features":[{"type":"Feature","properties":{"place_id":101749274,"osm_type":"relation","osm_id":897671,"place_rank":14,"category":"boundary","type":"administrative","importance":0.6930824855023677,"addresstype":"city","name":"Gent","display_name":"Gent, Oost-Vlaanderen, Vlaanderen, België / Belgique / Belgien"},"bbox":[3.5797616,50.9795422,3.8493413,51.1888910],"geometry":{"type":"Polygon","coordinates":[[[3.5797616,51.0302742],[3.5799191,51.0302173],[3.5817274,51.0294996],[3.5823931,51.0292307],[3.5829765,51.0289879],[3.5845608,51.0283358],[3.5870461,51.0273154],[3.5873885,51.0271501],[3.5876306,51.0270225],[3.5878868,51.0268665],[3.5881822,51.0266838],[3.5893186,51.0259711],[3.589645,51.0257721],[3.5900285,51.02553],[3.5913668,51.0244294],[3.5921317,51.0248421],[3.5922478,51.0249112],[3.592304,51.0249269],[3.5923612,51.0249188],[3.5926503,51.0248295],[3.5929715,51.0247272],[3.5930986,51.0246924],[3.593212,51.024679],[3.5933703,51.0246805],[3.5941078,51.0247316],[3.5942245,51.0247385],[3.5942919,51.0247316],[3.5943572,51.0247124],[3.5944677,51.0246548],[3.5945534,51.0245943],[3.5946161,51.024544],[3.5946664,51.0244771],[3.594729,51.0243393],[3.594768,51.0242739],[3.5948315,51.0242083],[3.5949392,51.0241284],[3.5951953,51.0239827],[3.595738,51.0237155],[3.5963066,51.023453],[3.597224,51.0230239],[3.5975463,51.0228613],[3.5978743,51.0226848],[3.598485,51.0223432],[3.5987524,51.022181],[3.5991461,51.0224314],[3.59952,51.0226693],[3.5999603,51.0229553],[3.6008266,51.0235104],[3.6012427,51.0237991],[3.6014611,51.0239843],[3.6016436,51.024158],[3.6022363,51.0248281],[3.6024563,51.0250962],[3.6025598,51.0252562],[3.6026131,51.025382],[3.602681,51.0256515],[3.6028601,51.0264745],[3.6029746,51.0270071],[3.6030839,51.0274243],[3.603539,51.0286153],[3.6036395,51.028588],[3.6041799,51.028497],[3.6045209,51.0284752],[3.6058539,51.0284323],[3.6062594,51.0284193],[3.6062192,51.0288283],[3.6062522,51.0290499],[3.6063411,51.0292789],[3.606619,51.029696],[3.6072229,51.0303713],[3.6080646,51.0312923],[3.6087297,51.0319468],[3.6094943,51.032437],[3.610674,51.033088],[3.6117989,51.033596],[3.6136294,51.0343985],[3.6143858,51.0346973],[3.6152119,51.0349547],[3.6162187,51.0351584],[3.6182845,51.0353784],[3.6191746,51.0353866],[3.6195981,51.0353473],[3.6199628,51.0352259],[3.6201667,51.0350167],[3.6202304,51.0346781],[3.6201472,51.0343955],[3.6202257,51.0341544],[3.6205422,51.0339102],[3.6212309,51.0337201],[3.6237366,51.0332608],[3.6247822,51.0330413],[3.6256093,51.0328136],[3.626582,51.0324875],[3.6272592,51.0321249],[3.627375,51.0319318],[3.6273908,51.0316385],[3.6275526,51.0313838],[3.6278943,51.0310985],[3.6287969,51.0305714],[3.6299041,51.0301071],[3.6304653,51.0299151],[3.6308977,51.0299815],[3.6312462,51.0302105],[3.6316408,51.0303868],[3.6321365,51.0304426],[3.6327626,51.0303617],[3.633343,51.0301743],[3.6338866,51.0299331],[3.6354022,51.0289756],[3.635614,51.0287089],[3.6357886,51.0282362],[3.636059,51.027792],[3.6367731,51.0272748],[3.638413,51.0260472],[3.639255,51.0252307],[3.6396244,51.0247445],[3.639911,51.0243504],[3.6401043,51.0240114],[3.6402722,51.023494],[3.6402542,51.02299],[3.640033,51.0226663],[3.6399302,51.0224536],[3.6399824,51.0222521],[3.640162,51.0220635],[3.6405944,51.0219126],[3.6410839,51.0218675],[3.642252,51.022094],[3.6435291,51.0224302],[3.6440268,51.0226945],[3.6441432,51.0227563],[3.6444706,51.0231196],[3.6446627,51.023582],[3.6446306,51.0239823],[3.6444685,51.0245041],[3.6444675,51.0246861],[3.6445278,51.0248882],[3.6445779,51.0249517],[3.6447257,51.0251391],[3.6449641,51.0253594],[3.6462114,51.0244205],[3.6462969,51.0243594],[3.6464532,51.0242518],[3.6475011,51.0235817],[3.6481214,51.023184],[3.6485171,51.0229316],[3.6485949,51.0228478],[3.6486707,51.0227802],[3.6493643,51.0223202],[3.6501216,51.0217846],[3.6506532,51.0213609],[3.6510609,51.0210133],[3.6513273,51.0207565],[3.651488,51.0205887],[3.651684,51.0203914],[3.6518594,51.0201909],[3.652065,51.0199443],[3.6521649,51.0197363],[3.6522704,51.0196533],[3.6525396,51.0193736],[3.652693,51.0192356],[3.6527767,51.019174],[3.6528851,51.0191224],[3.6533351,51.0189702],[3.6534532,51.0189264],[3.6541222,51.0192513],[3.6550956,51.0185543],[3.6544706,51.0180989],[3.654348,51.0180093],[3.6541559,51.0178733],[3.6538064,51.0176056],[3.6533781,51.0172792],[3.652843,51.0169131],[3.65238,51.0165876],[3.6518635,51.0162565],[3.6512588,51.0158797],[3.6509297,51.0156556],[3.6507638,51.0155101],[3.6506691,51.0153862],[3.6505496,51.0151812],[3.6504681,51.0149665],[3.6504609,51.0147872],[3.6504409,51.0146241],[3.6505284,51.0143715],[3.6504966,51.014306],[3.6504315,51.0140634],[3.6502462,51.0135491],[3.6501678,51.0133635],[3.6501235,51.0132518],[3.6499645,51.0129371],[3.6498054,51.0126596],[3.6497159,51.0125546],[3.6497726,51.0124381],[3.6501121,51.0118127],[3.6505251,51.0110339],[3.6509201,51.0102984],[3.6510617,51.0100354],[3.6512918,51.0096079],[3.6513469,51.0095054],[3.6516618,51.008923],[3.651936,51.0084111],[3.6522436,51.0078223],[3.6525229,51.007319],[3.6527442,51.0068985],[3.6528474,51.0067],[3.6528716,51.0066661],[3.6529512,51.0066035],[3.6535773,51.006896],[3.6544555,51.0073003],[3.6553106,51.0076949],[3.6555022,51.0077653],[3.6557218,51.0078191],[3.6568843,51.0080047],[3.6572723,51.0080594],[3.6575834,51.0081074],[3.6578807,51.0081846],[3.6589677,51.0091849],[3.6591016,51.0093169],[3.6599779,51.0101616],[3.6602068,51.0104102],[3.6602945,51.01053],[3.6603849,51.0106609],[3.6604261,51.0107254],[3.6608527,51.0113322],[3.6610079,51.0115552],[3.6611628,51.0117776],[3.6612586,51.0119153],[3.661392,51.0121033],[3.6616829,51.0125113],[3.6621118,51.0131284],[3.662528,51.013731],[3.6628001,51.0141499],[3.6629249,51.0143512],[3.6630207,51.0143305],[3.6634835,51.0142543],[3.6637979,51.0141813],[3.6639002,51.0141727],[3.6639754,51.0139854],[3.6639851,51.0139645],[3.6641354,51.0136402],[3.6641522,51.0136039],[3.6641689,51.0135678],[3.6642502,51.013416],[3.6643233,51.0132794],[3.6644239,51.0131044],[3.6644819,51.0130207],[3.664573,51.0128893],[3.6646248,51.0128146],[3.664658,51.0127715],[3.6647725,51.0126227],[3.6648142,51.0125684],[3.6649077,51.0124469],[3.6649591,51.0123797],[3.6650138,51.012308],[3.6650959,51.0122007],[3.6651654,51.0121098],[3.6651994,51.0120653],[3.6652401,51.0120156],[3.6653164,51.0119225],[3.665455,51.0117872],[3.6655908,51.0116795],[3.6656453,51.0116362],[3.6659742,51.0114347],[3.666055,51.0113852],[3.6660595,51.0113826],[3.6662439,51.0112759],[3.6664694,51.0111455],[3.666759,51.010979],[3.6668992,51.0108984],[3.6671794,51.0107372],[3.6674595,51.0105671],[3.6676444,51.0104436],[3.66784,51.0102894],[3.6678725,51.0102638],[3.6681586,51.0100249],[3.6685987,51.009635],[3.668649,51.0095941],[3.6688002,51.0095414],[3.6689419,51.0094863],[3.6692048,51.0093589],[3.6696025,51.0091662],[3.6701488,51.0089015],[3.6703438,51.008807],[3.6705674,51.0086789],[3.6707393,51.00858],[3.6713824,51.0082435],[3.6721846,51.0078485],[3.6725161,51.0076853],[3.6726483,51.007626],[3.672782,51.0075366],[3.6728984,51.0074526],[3.6729533,51.0073969],[3.6731543,51.007301],[3.673202,51.0072783],[3.6735257,51.007101],[3.6739904,51.0068425],[3.6740809,51.0067979],[3.6743511,51.0066647],[3.6745228,51.0065717],[3.6746953,51.0064607],[3.674859,51.0063351],[3.6750526,51.0061553],[3.6751803,51.0059907],[3.6752737,51.0058449],[3.6753461,51.005682],[3.6754317,51.0054726],[3.6755081,51.005233],[3.6755711,51.0049381],[3.6756349,51.0045179],[3.6756809,51.0042349],[3.6757095,51.0041435],[3.6757419,51.0040398],[3.6758535,51.0038395],[3.6759858,51.0036523],[3.6765855,51.0030522],[3.6781522,51.0014758],[3.6782424,51.0013822],[3.6796705,50.9999511],[3.6800991,50.9994965],[3.6807484,50.9987586],[3.6810131,50.9984816],[3.6811886,50.9983451],[3.6813319,50.9982529],[3.6815299,50.9981531],[3.6817975,50.9980456],[3.6822875,50.9979133],[3.6827294,50.997796],[3.6834608,50.9976134],[3.6842296,50.9974151],[3.6846268,50.997304],[3.6849958,50.9972028],[3.685487,50.9970462],[3.686566,50.9967191],[3.6868113,50.9966749],[3.6873953,50.9965498],[3.6880183,50.996407],[3.6885032,50.9962925],[3.688999,50.9961577],[3.6896486,50.9959736],[3.6911563,50.9955463],[3.6925668,50.9951466],[3.6928216,50.9951121],[3.6931863,50.9951413],[3.6939092,50.995241],[3.6939859,50.9951703],[3.6940308,50.995114],[3.6945828,50.994693],[3.6953022,50.9941479],[3.695429,50.9940546],[3.6963821,50.9933304],[3.6969774,50.9928823],[3.697572,50.9924377],[3.6978249,50.9922559],[3.698081,50.9920708],[3.6984412,50.9918147],[3.6986602,50.9916413],[3.6989013,50.9914302],[3.6991385,50.9912144],[3.6992798,50.9910809],[3.6994134,50.9909465],[3.6995568,50.9907773],[3.6998662,50.9903799],[3.6999501,50.9902599],[3.7000432,50.9900264],[3.7001433,50.9898158],[3.7002611,50.9896534],[3.7004637,50.9894861],[3.7008429,50.9891006],[3.7012707,50.9887344],[3.7017678,50.9883795],[3.7034215,50.9876405],[3.7043058,50.9871679],[3.7044295,50.9870962],[3.7046661,50.9867467],[3.7046509,50.9865689],[3.7047118,50.9864581],[3.7047905,50.9862777],[3.704828,50.9861739],[3.7048278,50.9861032],[3.7048224,50.9859325],[3.7048454,50.9857398],[3.7048638,50.985597],[3.7048651,50.9855041],[3.7048562,50.9854275],[3.7048322,50.9853525],[3.7048026,50.9852904],[3.7047561,50.9852084],[3.7046411,50.9850553],[3.7045319,50.9849309],[3.7043345,50.9847057],[3.7041583,50.9845361],[3.7039004,50.9843276],[3.7037168,50.9841874],[3.7031733,50.9838071],[3.7028366,50.9835161],[3.7025263,50.9832321],[3.7022073,50.9829191],[3.7022839,50.9828814],[3.7029889,50.9824737],[3.7035406,50.9828049],[3.7043553,50.9824636],[3.7048903,50.9820846],[3.705007,50.982022],[3.7054877,50.9816532],[3.7055969,50.9815811],[3.7063002,50.9820019],[3.7071194,50.9812905],[3.7073277,50.9810627],[3.7075712,50.9809272],[3.7076578,50.9810434],[3.7079045,50.9812291],[3.7081147,50.9813297],[3.7087874,50.9815257],[3.7094104,50.9815789],[3.7097794,50.9815339],[3.7100061,50.9814339],[3.7101556,50.9813206],[3.7102756,50.9811531],[3.7102749,50.980954],[3.7101586,50.9807096],[3.7101254,50.9804034],[3.7101745,50.980262],[3.71034,50.9801365],[3.7107469,50.9798337],[3.7110963,50.9795422],[3.7124948,50.9807569],[3.7141099,50.9820619],[3.7157362,50.9835602],[3.7173716,50.985166],[3.7221158,50.9905305],[3.7231037,50.9917826],[3.7234148,50.9918783],[3.7237557,50.9921102],[3.7241979,50.9926902],[3.7243466,50.9932755],[3.724355,50.9933091],[3.72436,50.9933281],[3.724388,50.9934961],[3.7243927,50.9935243],[3.7244006,50.9935716],[3.7244559,50.9941168],[3.7243358,50.9950907],[3.7238648,50.9961817],[3.7237678,50.9970287],[3.7237754,50.9984714],[3.7240938,50.9993368],[3.7244784,50.9998601],[3.7251333,51.0005379],[3.7261805,51.0013068],[3.7268578,51.0017636],[3.727498,51.0021255],[3.7279475,51.002342],[3.7283817,51.002523],[3.7289231,51.002707],[3.7290551,51.0027397],[3.7296176,51.0028788],[3.7303274,51.0030022],[3.7311655,51.0030729],[3.7323329,51.0030686],[3.7334448,51.0029233],[3.7341084,51.0027824],[3.7352781,51.0024798],[3.7361737,51.002238],[3.7372561,51.0019831],[3.738165,51.0018136],[3.7389174,51.001724],[3.7403333,51.0016106],[3.7417267,51.0015023],[3.7429398,51.0015212],[3.7439164,51.0016726],[3.7444978,51.0019568],[3.745253,51.0024646],[3.7458057,51.0030051],[3.7461148,51.0036167],[3.7461496,51.0040682],[3.7461659,51.0042798],[3.7456997,51.0059943],[3.7457128,51.0062744],[3.7457523,51.006621],[3.7460169,51.0069817],[3.7464773,51.0073376],[3.7474693,51.007727],[3.7483788,51.0078809],[3.7492117,51.007846],[3.7494323,51.008192],[3.7427864,51.0100865],[3.7413026,51.0106963],[3.7399324,51.0111126],[3.7380117,51.0116087],[3.7386658,51.0119444],[3.7406766,51.0129762],[3.7412088,51.0133062],[3.7415962,51.0136089],[3.7418394,51.0138721],[3.7424025,51.0148497],[3.7426013,51.0153829],[3.7425669,51.0156155],[3.7424978,51.0160994],[3.7424635,51.0165376],[3.742549,51.0169143],[3.7427982,51.0173252],[3.7439127,51.0189828],[3.7440862,51.019283],[3.7442249,51.0196321],[3.7449159,51.0217236],[3.7455897,51.0230006],[3.7457199,51.023399],[3.745919,51.0243084],[3.7459016,51.024995],[3.7458323,51.0255239],[3.7454569,51.0265787],[3.7453391,51.0268629],[3.745634,51.0269035],[3.7461834,51.0269916],[3.7461671,51.0270325],[3.7473508,51.0272475],[3.7475391,51.027005],[3.7483008,51.0258753],[3.7485821,51.0255296],[3.7487432,51.025336],[3.748837,51.0252388],[3.7489216,51.0251728],[3.7499817,51.0244889],[3.7514192,51.0235812],[3.7515875,51.023465],[3.7517584,51.0233228],[3.7519077,51.0231789],[3.7520423,51.0230323],[3.752158,51.0228803],[3.7522495,51.022743],[3.7523358,51.0225942],[3.7525682,51.0220281],[3.752895,51.0221428],[3.7543289,51.0233136],[3.7557328,51.0244989],[3.7558258,51.0244517],[3.7561374,51.0241281],[3.7564396,51.0238013],[3.7578832,51.02241],[3.7589846,51.0213592],[3.7593573,51.0209946],[3.7610238,51.0193748],[3.7611293,51.0192702],[3.761529,51.0190011],[3.7624028,51.0192709],[3.7626087,51.0189212],[3.7627242,51.0187423],[3.7628907,51.0185276],[3.763329,51.018712],[3.7648122,51.019475],[3.7650934,51.0196457],[3.7663587,51.0203804],[3.7662116,51.0206754],[3.7655443,51.021743],[3.7659985,51.0218462],[3.7664598,51.0219238],[3.7666429,51.021936],[3.7668306,51.0219365],[3.767186,51.0218939],[3.7674229,51.0218567],[3.7673574,51.0220404],[3.7671424,51.0227177],[3.7670541,51.0229965],[3.7672183,51.0232115],[3.7674743,51.0233017],[3.7675244,51.0236161],[3.7675247,51.023834],[3.7671909,51.0243776],[3.767115,51.0246155],[3.767097,51.024829],[3.767149,51.025234],[3.768573,51.025325],[3.771169,51.0257938],[3.7712646,51.0258111],[3.7714813,51.0258503],[3.771513,51.025856],[3.7715768,51.0258819],[3.7717822,51.0259651],[3.7737093,51.026706],[3.7734807,51.0268163],[3.7732509,51.0269261],[3.7727851,51.0271411],[3.7733528,51.0273777],[3.7733717,51.0274227],[3.7775786,51.0292197],[3.7776357,51.0292441],[3.7783609,51.0295507],[3.7783805,51.0295587],[3.7785416,51.0296211],[3.7786087,51.0296401],[3.7788721,51.0296832],[3.7788977,51.0296872],[3.7818014,51.0301853],[3.7818605,51.0301046],[3.7821913,51.0297262],[3.7822384,51.029698],[3.7822867,51.0296857],[3.7823945,51.0296871],[3.782442,51.0296821],[3.7827141,51.0296062],[3.7827548,51.0295806],[3.7828151,51.0294989],[3.7828453,51.029491],[3.7844807,51.0297553],[3.7847451,51.0297989],[3.7853076,51.0297834],[3.7867036,51.0297478],[3.7867255,51.0298143],[3.7867848,51.0300316],[3.7868502,51.0302863],[3.7869593,51.0309421],[3.78887,51.030899],[3.789141,51.032051],[3.789211,51.033294],[3.78943,51.03403],[3.789735,51.034786],[3.790548,51.035854],[3.791706,51.036792],[3.792296,51.037445],[3.792716,51.038059],[3.793132,51.039012],[3.793294,51.039768],[3.79334,51.040634],[3.793214,51.041603],[3.792944,51.042751],[3.792535,51.04354],[3.7918577,51.0444452],[3.790743,51.045513],[3.790274,51.045906],[3.789845,51.0462031],[3.789526,51.046424],[3.788491,51.047012],[3.787401,51.047508],[3.786054,51.047935],[3.78362,51.048587],[3.781818,51.048976],[3.778871,51.049552],[3.777098,51.049831],[3.7753174,51.0499583],[3.772357,51.05017],[3.769019,51.050083],[3.7681267,51.0500065],[3.7668001,51.049785],[3.7666878,51.0501187],[3.7662023,51.0514465],[3.7657488,51.0513619],[3.7652444,51.0512663],[3.7647762,51.0511571],[3.7642858,51.0510427],[3.7637244,51.0509235],[3.7632539,51.0508934],[3.7624975,51.0508501],[3.7599235,51.0512504],[3.7597012,51.0512635],[3.7594649,51.0512642],[3.7594217,51.0512802],[3.7593798,51.0514191],[3.759368,51.051458],[3.7593572,51.051494],[3.7592738,51.0514826],[3.7591868,51.0514772],[3.7590133,51.0514662],[3.7588448,51.051481],[3.7583844,51.0514067],[3.7583481,51.0514743],[3.7579056,51.0514255],[3.7577682,51.0516976],[3.757612,51.0517546],[3.7569321,51.0517685],[3.7562821,51.0518334],[3.7560909,51.0518547],[3.7561668,51.0518912],[3.7562677,51.051944],[3.7568694,51.0522226],[3.7569261,51.0522505],[3.757143,51.0523573],[3.7575934,51.0525821],[3.7577941,51.052688],[3.7579863,51.0527894],[3.7580326,51.0528139],[3.7583598,51.0529957],[3.758876,51.0532824],[3.7596971,51.0537244],[3.7597428,51.0537489],[3.7598589,51.0538115],[3.7599231,51.0538461],[3.7599604,51.0538665],[3.7611052,51.0544482],[3.7615535,51.0546617],[3.7615274,51.0552763],[3.7613668,51.0553382],[3.7610499,51.0553468],[3.7593188,51.0571959],[3.7592769,51.0572633],[3.7592872,51.0573081],[3.7606572,51.0584786],[3.7612132,51.0589288],[3.7614184,51.0590874],[3.7618659,51.05937],[3.7624666,51.059795],[3.7627024,51.0599671],[3.7628854,51.0600982],[3.7633055,51.0604104],[3.7636168,51.0606085],[3.7638677,51.0607662],[3.7645687,51.0612074],[3.7648423,51.0615432],[3.7653335,51.062023],[3.765801,51.062526],[3.7664339,51.062117],[3.7674537,51.0625778],[3.7677994,51.0624128],[3.7693133,51.062362],[3.7700868,51.0613465],[3.7716273,51.0614053],[3.7718952,51.0614368],[3.7719128,51.0612406],[3.7731086,51.0612792],[3.77305,51.0618827],[3.7738396,51.0620803],[3.7751802,51.0624099],[3.7753523,51.0624457],[3.7761725,51.0626325],[3.7764202,51.0626845],[3.7767665,51.0627631],[3.7769394,51.0629152],[3.7770434,51.0629921],[3.7771624,51.0630459],[3.7773017,51.0631102],[3.7774744,51.063165],[3.7776133,51.0631753],[3.777745,51.063155],[3.7780951,51.0630838],[3.7786166,51.0630051],[3.7790439,51.0629999],[3.7799339,51.0630361],[3.7801337,51.0631894],[3.7801698,51.0632962],[3.7802682,51.0634499],[3.7803745,51.0635129],[3.7805998,51.0636145],[3.7807836,51.0637152],[3.7810158,51.0638621],[3.7812104,51.0640104],[3.7813359,51.0641202],[3.7814984,51.0643074],[3.7816298,51.0644763],[3.7819179,51.0647868],[3.7819741,51.0649162],[3.7820655,51.0650967],[3.7822738,51.0654068],[3.7823049,51.0654488],[3.7823756,51.0656075],[3.7823756,51.0657101],[3.7823809,51.0657776],[3.78242,51.065827],[3.7825292,51.0658591],[3.7828553,51.0659091],[3.7830417,51.065939],[3.7838269,51.0660179],[3.784136,51.0660543],[3.7845736,51.0660743],[3.785057,51.0661076],[3.7852077,51.0661207],[3.7854407,51.0661352],[3.7858393,51.0661598],[3.7864242,51.0662628],[3.7871118,51.0664069],[3.7878793,51.0665813],[3.7883447,51.0667533],[3.7885542,51.0668383],[3.7888599,51.0669708],[3.7890482,51.0670723],[3.7893398,51.0672034],[3.7896867,51.0673258],[3.7898863,51.0673966],[3.7901322,51.067461],[3.7911964,51.0676593],[3.7914065,51.0676863],[3.792042,51.0677169],[3.7922881,51.067729],[3.7926749,51.0677679],[3.7928786,51.0677999],[3.7932219,51.0678381],[3.7934183,51.0678751],[3.793759,51.0679723],[3.7944995,51.0681858],[3.79458,51.0682083],[3.7947954,51.0682686],[3.7952567,51.0683596],[3.7956108,51.0684456],[3.7959196,51.0685244],[3.7996333,51.0696551],[3.7997737,51.0697249],[3.7998548,51.069751],[3.8000478,51.0698381],[3.8003366,51.0699472],[3.8007892,51.0701244],[3.8009455,51.0701944],[3.8012764,51.0703171],[3.8014602,51.0703807],[3.8016703,51.0704297],[3.8018061,51.0704678],[3.802024,51.0705484],[3.8028808,51.0707491],[3.8033176,51.0708534],[3.8035479,51.0709124],[3.8035517,51.0710546],[3.8035528,51.0710946],[3.8039504,51.0712251],[3.8045026,51.0713861],[3.8047744,51.0714847],[3.8051366,51.071611],[3.8055696,51.0717706],[3.8057574,51.0718511],[3.8060909,51.0719871],[3.8062831,51.072069],[3.8064488,51.072144],[3.8065283,51.0721607],[3.8065666,51.0722167],[3.8067463,51.0722894],[3.8071525,51.0724875],[3.8078899,51.0728329],[3.8083878,51.0730667],[3.8085131,51.073121],[3.808584,51.0731596],[3.8087882,51.0732574],[3.8088464,51.0732783],[3.8091923,51.0734583],[3.8098219,51.073767],[3.810089,51.0738938],[3.8103424,51.074018],[3.8107657,51.0742159],[3.8108335,51.0742482],[3.810877,51.0742683],[3.8108663,51.0742827],[3.8108594,51.0742918],[3.8108124,51.0743544],[3.810805,51.0743643],[3.8106007,51.0746365],[3.8105945,51.0746447],[3.8099042,51.0755761],[3.8098944,51.0755894],[3.8098905,51.0755946],[3.8096822,51.0758757],[3.8092402,51.0764599],[3.8088112,51.0770268],[3.8087723,51.0770707],[3.8086967,51.077068],[3.8083348,51.0770223],[3.808111,51.0769837],[3.8080925,51.0769806],[3.8080851,51.0769863],[3.8079149,51.0770549],[3.8076618,51.077157],[3.807623,51.0771753],[3.8075954,51.0772099],[3.8074287,51.0774189],[3.8073283,51.0775455],[3.8070029,51.0779557],[3.8068692,51.0781245],[3.8068254,51.0781797],[3.8067534,51.0782601],[3.8066412,51.0783538],[3.8066126,51.0783739],[3.80659,51.0783897],[3.8065282,51.0784239],[3.8065072,51.0784331],[3.8064967,51.0784377],[3.8064042,51.0784801],[3.8062933,51.0785248],[3.8060547,51.0786337],[3.8058491,51.0787475],[3.8058176,51.0787728],[3.8057435,51.0788142],[3.8054004,51.0790063],[3.8049823,51.0792405],[3.8047782,51.0793855],[3.8046871,51.0794639],[3.8044918,51.0796673],[3.8043666,51.0797995],[3.8040054,51.0801559],[3.8034187,51.0807221],[3.8033782,51.0807613],[3.8033281,51.0808099],[3.8032405,51.0808998],[3.8035224,51.0810407],[3.8035054,51.0810567],[3.8035003,51.0810616],[3.803189,51.0813631],[3.803157,51.0813948],[3.8028034,51.0817439],[3.8027719,51.0817754],[3.8027496,51.081797],[3.8027663,51.0818031],[3.8029151,51.0818572],[3.8029086,51.0818639],[3.8024857,51.0823017],[3.802428,51.0823593],[3.802306,51.0824849],[3.8022504,51.0825421],[3.8018542,51.0829499],[3.8010723,51.0837415],[3.8008753,51.0839363],[3.800844,51.0839281],[3.8007856,51.0839082],[3.8007243,51.0839883],[3.8006007,51.0841474],[3.8002569,51.0845899],[3.8000509,51.084855],[3.8000426,51.0848657],[3.7999153,51.0850296],[3.799865,51.0850942],[3.7997993,51.0851794],[3.7997885,51.0851932],[3.7996834,51.0853286],[3.7996608,51.085357],[3.7996594,51.0853588],[3.7996004,51.0854334],[3.7995618,51.0854823],[3.7998222,51.0855956],[3.7997647,51.0856626],[3.7995468,51.0859146],[3.7983886,51.0873439],[3.7979347,51.0879032],[3.7974839,51.088501],[3.7974223,51.0885827],[3.7979193,51.0887261],[3.7979316,51.0887296],[3.7979125,51.0887642],[3.797888,51.0888081],[3.797079,51.0899089],[3.796209,51.0910459],[3.7957596,51.0916487],[3.7957504,51.091661],[3.7955448,51.0915628],[3.7954221,51.0916182],[3.7953499,51.0916702],[3.7952365,51.0917869],[3.7951082,51.0919452],[3.794956,51.0921425],[3.7947863,51.0923947],[3.7947369,51.0924681],[3.7947173,51.0924918],[3.7945634,51.0927484],[3.7949978,51.0928882],[3.7958715,51.093179],[3.7965958,51.0933763],[3.7972872,51.0935857],[3.79814,51.0939918],[3.7986714,51.0942847],[3.7986515,51.0943066],[3.7985595,51.0944086],[3.7984396,51.0945415],[3.7981871,51.0948213],[3.7980157,51.0950113],[3.7975495,51.0948872],[3.7975315,51.0948824],[3.7968506,51.0956849],[3.7968042,51.0957396],[3.7968022,51.0957419],[3.797637,51.09574],[3.7974005,51.0963037],[3.7973845,51.0963419],[3.7973752,51.0963641],[3.7973497,51.0964189],[3.7973344,51.0964518],[3.7972812,51.0965661],[3.7972577,51.0966168],[3.7969611,51.0973267],[3.7969347,51.0974118],[3.7968955,51.0975381],[3.7968645,51.0975827],[3.7968233,51.097642],[3.7968205,51.0976461],[3.7959819,51.0975077],[3.7953493,51.0990888],[3.7953422,51.0991053],[3.7953368,51.0991183],[3.7952728,51.099097],[3.7951932,51.0990542],[3.7949092,51.0988654],[3.7946514,51.0987046],[3.7942377,51.0984466],[3.7941723,51.098415],[3.7940913,51.0983759],[3.7939378,51.0983252],[3.7937491,51.0982822],[3.7935763,51.0982314],[3.7934252,51.0981715],[3.7931057,51.0980743],[3.7927561,51.0980305],[3.7924221,51.0980061],[3.7919391,51.0980315],[3.7915334,51.0980482],[3.7905557,51.0980566],[3.7903972,51.0980459],[3.7902471,51.0980252],[3.7899776,51.0979511],[3.7898624,51.0979141],[3.7897179,51.0978678],[3.7896263,51.0978345],[3.7896231,51.0978334],[3.7896109,51.0978648],[3.7896074,51.0978739],[3.7895782,51.0979507],[3.7892447,51.0987517],[3.7891915,51.0989208],[3.7891872,51.0989403],[3.7891825,51.0989618],[3.7891698,51.0989873],[3.7891169,51.0990944],[3.7891335,51.0990996],[3.7893406,51.0991641],[3.7893318,51.0991739],[3.7892781,51.0992327],[3.7891197,51.0994063],[3.789062,51.0994695],[3.7889,51.0996471],[3.7887512,51.0998101],[3.7885753,51.0997359],[3.7884959,51.0997023],[3.7884765,51.0996941],[3.7882082,51.1001169],[3.7880939,51.1002971],[3.7880646,51.1003433],[3.7880542,51.1003596],[3.7880246,51.1004028],[3.7875523,51.1010901],[3.7873304,51.1014131],[3.7873107,51.1014411],[3.7872661,51.1015042],[3.7872557,51.101519],[3.7872288,51.1015582],[3.7875435,51.1015449],[3.7875137,51.1015853],[3.7874563,51.1016639],[3.787449,51.1016739],[3.7874474,51.1016761],[3.7874198,51.1017214],[3.7869795,51.1024433],[3.7871267,51.1024745],[3.7877292,51.1026021],[3.787722,51.1026354],[3.7875933,51.1032312],[3.7874412,51.1039354],[3.7867957,51.1037462],[3.7867417,51.1038077],[3.7866046,51.1039555],[3.7866378,51.1040156],[3.787036,51.1042461],[3.7872833,51.1043992],[3.7875686,51.1046256],[3.7878048,51.1048433],[3.7878805,51.1049675],[3.7879089,51.1050141],[3.7881713,51.1054439],[3.7882978,51.1056099],[3.7883154,51.1056348],[3.7883543,51.1056894],[3.7883634,51.1057161],[3.7883799,51.1057644],[3.7885592,51.1059479],[3.7885771,51.1059663],[3.7888389,51.1062341],[3.789558,51.1070436],[3.7896555,51.1071533],[3.7897772,51.1072903],[3.789823,51.1073541],[3.7898515,51.1073906],[3.7898588,51.1074143],[3.7898661,51.1074382],[3.7897482,51.1075585],[3.7895848,51.1077004],[3.7891848,51.1080252],[3.7891397,51.1080618],[3.7891797,51.1082514],[3.7891903,51.1083014],[3.7892559,51.1083127],[3.7895355,51.1082913],[3.7897718,51.1082759],[3.7898085,51.1082687],[3.7900688,51.1082601],[3.790426,51.1082802],[3.7908755,51.1082774],[3.7910903,51.1082922],[3.7915103,51.1083324],[3.7920995,51.1084176],[3.7941586,51.1087134],[3.7949893,51.1088351],[3.7952686,51.1088783],[3.7955333,51.1089384],[3.7957918,51.1090089],[3.7963136,51.1092032],[3.7965047,51.1092778],[3.7972108,51.1095535],[3.7979814,51.1098676],[3.7981563,51.1099377],[3.7982321,51.109963],[3.7983374,51.1100009],[3.7985392,51.1100579],[3.7987388,51.1101053],[3.7989129,51.1101402],[3.7990863,51.1101634],[3.7993937,51.11019],[3.7995945,51.1102002],[3.7998598,51.1102005],[3.800136,51.1102018],[3.8005764,51.1102025],[3.8005957,51.1102705],[3.8006406,51.1104236],[3.8006693,51.1105408],[3.8006797,51.110583],[3.8006803,51.110585],[3.8007055,51.1106633],[3.8008241,51.1107662],[3.8013395,51.1111236],[3.8013668,51.1111425],[3.801902,51.1115137],[3.8019575,51.1115513],[3.8024003,51.1118516],[3.8026474,51.1120029],[3.8029734,51.1122026],[3.8030886,51.1122731],[3.8031029,51.1122805],[3.8031756,51.1123178],[3.8032809,51.1123739],[3.8042818,51.1129069],[3.8044936,51.1130196],[3.8052702,51.1133698],[3.8053929,51.1134252],[3.8055138,51.1134629],[3.8056152,51.113483],[3.8058123,51.1135168],[3.8058646,51.1135256],[3.8064301,51.1136353],[3.8064933,51.1136477],[3.8067061,51.1136894],[3.806739,51.1136958],[3.8073174,51.113809],[3.8074005,51.1138253],[3.8084071,51.1140992],[3.808665,51.1141848],[3.8088423,51.1142659],[3.8088383,51.1142697],[3.8087528,51.1143507],[3.8087659,51.1143846],[3.8087699,51.1143951],[3.8087806,51.1144227],[3.8086497,51.1145359],[3.8084129,51.1147628],[3.8081427,51.1149767],[3.8080083,51.1150866],[3.8078481,51.1152162],[3.8077286,51.1152908],[3.8075525,51.1153762],[3.807401,51.1154519],[3.8069994,51.1156813],[3.806874,51.1158138],[3.8067987,51.1159307],[3.8068858,51.1159942],[3.8074065,51.1161694],[3.8078292,51.1163598],[3.8081578,51.1165229],[3.8082434,51.1165672],[3.8083024,51.1166106],[3.8083757,51.1166645],[3.8084241,51.1167442],[3.8085231,51.1169648],[3.8085511,51.1170216],[3.8086175,51.1171625],[3.8086931,51.1172827],[3.8087211,51.11732],[3.8089015,51.117492],[3.8089307,51.1175114],[3.8089744,51.1175339],[3.8091189,51.1176082],[3.8095577,51.11783],[3.8096461,51.1178769],[3.80975,51.1179172],[3.809785,51.1179307],[3.8098146,51.1179391],[3.8101203,51.1180259],[3.8105003,51.1181365],[3.810994,51.1182766],[3.8113387,51.1185188],[3.8118169,51.1188835],[3.8124483,51.1193577],[3.8124619,51.1193684],[3.812731,51.119579],[3.8127575,51.1195998],[3.8128258,51.1196532],[3.8128873,51.1197012],[3.8129821,51.1197751],[3.8129893,51.1197807],[3.8135919,51.1202507],[3.8136234,51.1202753],[3.813667,51.1203023],[3.8138701,51.1203793],[3.8142675,51.1205041],[3.8142871,51.1205102],[3.8143282,51.1205231],[3.8144036,51.1205465],[3.8144176,51.1205509],[3.8147071,51.1206407],[3.8147986,51.1206691],[3.814867,51.1206879],[3.8149888,51.1207213],[3.8150322,51.1207332],[3.8150676,51.1207361],[3.8151549,51.1207433],[3.8152966,51.1207368],[3.8154065,51.1207184],[3.8155324,51.1206973],[3.8155572,51.1206931],[3.8158712,51.1207314],[3.816061,51.1207771],[3.8162187,51.120815],[3.8163521,51.1208422],[3.8164936,51.1208561],[3.8165676,51.1208559],[3.8165942,51.1208558],[3.8167076,51.120848],[3.8167202,51.1208471],[3.8168329,51.1208242],[3.8169114,51.1207914],[3.8170872,51.12083],[3.8176074,51.1209445],[3.8178859,51.1210057],[3.8179255,51.1210162],[3.8179063,51.12104],[3.8179023,51.121045],[3.817693,51.1212684],[3.8176829,51.1212792],[3.8178449,51.1213814],[3.8179172,51.1214272],[3.8175352,51.1217062],[3.8176091,51.1217344],[3.8194544,51.1225625],[3.81803,51.1237244],[3.8177148,51.1239773],[3.8181977,51.1241681],[3.8204701,51.1248586],[3.8213119,51.125118],[3.8212929,51.1251351],[3.8212505,51.1251717],[3.8211862,51.1252271],[3.8210914,51.1253233],[3.8208966,51.1254806],[3.8206441,51.1256546],[3.820642,51.1256561],[3.820502,51.1257506],[3.8203945,51.1257962],[3.820378,51.1258032],[3.8199886,51.1260183],[3.8195568,51.1261996],[3.8192971,51.1263179],[3.8192659,51.126336],[3.8190146,51.1264848],[3.8189698,51.1265219],[3.8189556,51.1265336],[3.818937,51.1265576],[3.8186287,51.1269572],[3.8184775,51.1271523],[3.8183373,51.1272898],[3.8182541,51.1273707],[3.8182315,51.1273926],[3.8181599,51.1274408],[3.8180124,51.1275381],[3.8179945,51.1275499],[3.8179808,51.127559],[3.8179467,51.1275801],[3.8175674,51.1278147],[3.8171503,51.128077],[3.8171422,51.1280823],[3.8170612,51.1281352],[3.8169915,51.1281681],[3.8167029,51.1282888],[3.8166937,51.1282926],[3.8166768,51.1282997],[3.8166156,51.1283258],[3.8166235,51.1283281],[3.8166275,51.1283293],[3.8166675,51.1283412],[3.8169809,51.1284341],[3.8173559,51.1286211],[3.8181694,51.1290824],[3.8192385,51.1297184],[3.8200243,51.1301881],[3.8213399,51.1309874],[3.8223721,51.1316464],[3.8228836,51.1319759],[3.8234042,51.1323026],[3.8236684,51.132404],[3.8236037,51.1324753],[3.823574,51.1325078],[3.8232055,51.1329116],[3.8226643,51.1334716],[3.822484,51.1336101],[3.8221386,51.1338754],[3.8219954,51.1340046],[3.8214646,51.1345027],[3.8214398,51.1345259],[3.8211663,51.1347885],[3.8210442,51.1348869],[3.820903,51.1350007],[3.8208834,51.1350166],[3.8208135,51.1351055],[3.820464,51.1355499],[3.8204147,51.1355986],[3.8203906,51.1356311],[3.8202812,51.135779],[3.8201162,51.1360021],[3.820068,51.1360674],[3.8215449,51.1365883],[3.822225,51.1368069],[3.8222003,51.1368658],[3.821398,51.1387749],[3.8213917,51.1387868],[3.8213848,51.1387998],[3.8203176,51.1408122],[3.8199868,51.1414359],[3.8199184,51.141565],[3.8199131,51.141575],[3.8199248,51.1415752],[3.8200157,51.1415768],[3.8200737,51.1415662],[3.8201689,51.1415429],[3.8202607,51.1415233],[3.8203567,51.1415146],[3.8204399,51.1415156],[3.8205014,51.1415223],[3.8205078,51.1415229],[3.8207835,51.1415713],[3.8208477,51.1415807],[3.8209888,51.1415954],[3.8211797,51.1416188],[3.8212519,51.1416326],[3.8215367,51.1416874],[3.8216994,51.1417197],[3.8218608,51.1417548],[3.8220204,51.1417973],[3.8221054,51.1418261],[3.822125,51.1418346],[3.8222517,51.1418893],[3.8223674,51.1419476],[3.8224244,51.1419824],[3.8224372,51.1419927],[3.822441,51.1419958],[3.8224694,51.1420267],[3.8224978,51.1420452],[3.8226158,51.1420929],[3.8226923,51.1421238],[3.8227625,51.1421474],[3.8228106,51.1421597],[3.8228517,51.1421671],[3.8228672,51.1421699],[3.8231233,51.1422035],[3.8233243,51.1422329],[3.8234456,51.1422551],[3.8235952,51.1422825],[3.8236372,51.1422902],[3.8237651,51.1423183],[3.8238859,51.1423508],[3.823965,51.1423769],[3.8240993,51.1424283],[3.8241106,51.1424333],[3.8242308,51.1424871],[3.8242607,51.1425037],[3.8244449,51.1426055],[3.8245858,51.1426947],[3.8247622,51.1428112],[3.8247704,51.1428166],[3.8248117,51.1428438],[3.8249287,51.1429281],[3.8249725,51.142965],[3.8250011,51.1429966],[3.8250323,51.1430452],[3.8250419,51.1430602],[3.8250936,51.1431409],[3.8251017,51.1431536],[3.8251326,51.1431943],[3.8251719,51.1432306],[3.8252093,51.1432584],[3.8252249,51.1432701],[3.8252685,51.1432967],[3.8253717,51.1433515],[3.8254503,51.1434003],[3.8257287,51.1435956],[3.82584,51.1436664],[3.8260496,51.1437785],[3.8261559,51.1438354],[3.8265342,51.1440439],[3.8267613,51.1441576],[3.8271877,51.1443655],[3.8272348,51.1443885],[3.8273613,51.1444576],[3.8275084,51.1445381],[3.8277489,51.1446697],[3.8281329,51.1448556],[3.8283666,51.1449747],[3.8285487,51.1450767],[3.8287617,51.1452057],[3.8288466,51.145254],[3.828991,51.1453319],[3.8291944,51.145431],[3.8293817,51.1455097],[3.8294536,51.145536],[3.8299348,51.1456732],[3.8300372,51.1457047],[3.8301558,51.1457411],[3.8302483,51.1457723],[3.83049,51.1458636],[3.8310264,51.1460735],[3.8311074,51.146098],[3.8312827,51.146138],[3.831425,51.1461617],[3.8315386,51.1461766],[3.8318414,51.1462054],[3.8322372,51.1462263],[3.8324664,51.1462385],[3.8324974,51.146241],[3.8325174,51.1462427],[3.832556,51.1462492],[3.8325917,51.146259],[3.8326203,51.1462699],[3.8326307,51.1462753],[3.832741,51.1463319],[3.8327884,51.1463486],[3.8335113,51.1465597],[3.8345701,51.1468634],[3.8351221,51.1469292],[3.8356533,51.1468568],[3.8358904,51.1468605],[3.8361031,51.1469129],[3.8364135,51.1470605],[3.8369995,51.147439],[3.838282,51.1476702],[3.8388574,51.1475463],[3.839541,51.1473589],[3.8403271,51.1473358],[3.8407973,51.1471856],[3.8415219,51.1467787],[3.8417868,51.146673],[3.8419759,51.1466498],[3.8425362,51.1466722],[3.8427063,51.1466466],[3.8433537,51.1465068],[3.8436277,51.1465185],[3.8439844,51.1466189],[3.8451067,51.1469736],[3.8467463,51.1471358],[3.8470898,51.1472588],[3.8474359,51.1474673],[3.8476404,51.1475678],[3.8481873,51.1475193],[3.8486644,51.1475726],[3.8492977,51.1475836],[3.8493413,51.1476107],[3.8492912,51.1476686],[3.8492887,51.1476716],[3.8491955,51.1477788],[3.8487314,51.1483303],[3.8481585,51.1490112],[3.8481262,51.1490496],[3.8481104,51.1490684],[3.8480374,51.1491586],[3.8480307,51.1491667],[3.8480232,51.1491763],[3.8479976,51.1492096],[3.8479954,51.1492125],[3.8479929,51.1492155],[3.847972,51.1492409],[3.8478113,51.1494361],[3.8476993,51.1495854],[3.8476533,51.1496466],[3.8476244,51.1496813],[3.8464603,51.1510727],[3.8464486,51.1512323],[3.8464429,51.1513002],[3.8465112,51.1513181],[3.8473267,51.1515314],[3.8473147,51.1515565],[3.8472973,51.1515925],[3.847085,51.1520534],[3.8470779,51.1520687],[3.8469708,51.1523012],[3.8469679,51.1523075],[3.8466516,51.1529939],[3.8465651,51.1531815],[3.8463962,51.1535482],[3.8461876,51.1540009],[3.8460643,51.1542803],[3.8460617,51.1542862],[3.8459443,51.1542462],[3.845223,51.1540006],[3.8449333,51.1539392],[3.8446987,51.1538724],[3.8445925,51.1538422],[3.8445693,51.1538687],[3.8432429,51.1553868],[3.8431647,51.1554763],[3.8430634,51.155593],[3.8431837,51.1556294],[3.8433909,51.1556912],[3.8445774,51.1563615],[3.8444439,51.1564701],[3.8444399,51.1564733],[3.8444275,51.1564835],[3.8444201,51.1564896],[3.8444173,51.1564919],[3.8443605,51.1565385],[3.8443555,51.1565426],[3.8443504,51.1565467],[3.8443396,51.1565556],[3.8432275,51.1574712],[3.8426038,51.1580155],[3.8425945,51.1580311],[3.8425713,51.15807],[3.8415645,51.1591185],[3.8415769,51.1591236],[3.8415821,51.1591257],[3.8415648,51.1591476],[3.8412125,51.1596039],[3.8403742,51.159256],[3.8403549,51.159248],[3.8403242,51.159276],[3.8402394,51.1593534],[3.8401726,51.1594143],[3.8401152,51.1594763],[3.8400563,51.1595381],[3.8399974,51.1595997],[3.8399451,51.1596637],[3.8398942,51.1597281],[3.8396009,51.1601618],[3.8394111,51.1604256],[3.839404,51.1604342],[3.8390762,51.1608316],[3.8390674,51.1608423],[3.8389383,51.1609988],[3.8386541,51.161437],[3.8385791,51.1614668],[3.8385582,51.161475],[3.8385182,51.1614909],[3.8381075,51.1616538],[3.8380846,51.1616629],[3.8377407,51.1618005],[3.8375284,51.1618854],[3.8369149,51.1621307],[3.8360253,51.1624865],[3.8360115,51.162492],[3.8359547,51.1625144],[3.8358998,51.1625362],[3.835216,51.1628064],[3.834321,51.1631778],[3.8337587,51.1634063],[3.8335362,51.1636802],[3.8334422,51.1637931],[3.8331296,51.1641683],[3.8328266,51.1645281],[3.8325332,51.1648258],[3.8324262,51.1649605],[3.8324023,51.1649906],[3.8323119,51.1649594],[3.8322776,51.1649464],[3.8322437,51.1649321],[3.8322102,51.1649716],[3.8317656,51.1654958],[3.8312622,51.1661001],[3.8307117,51.1667608],[3.8306654,51.1668185],[3.8297192,51.167952],[3.8296517,51.1680192],[3.829018,51.1687947],[3.8290163,51.1687969],[3.8294582,51.1689511],[3.8292994,51.1691423],[3.8300833,51.1693671],[3.8299931,51.1694775],[3.8295481,51.1700307],[3.8294398,51.1701654],[3.8293465,51.1702815],[3.8293365,51.1702938],[3.8297602,51.1703768],[3.8304641,51.1705375],[3.8304798,51.1705431],[3.8304812,51.1705588],[3.8304889,51.1706465],[3.8305091,51.1708368],[3.8304995,51.1708794],[3.8304328,51.1709207],[3.8303104,51.1709883],[3.8300096,51.1711435],[3.830027,51.1711545],[3.8300598,51.1711752],[3.8304651,51.1714307],[3.8305691,51.1715232],[3.8306663,51.1716198],[3.8307382,51.1716885],[3.8308231,51.1717625],[3.8309245,51.1718417],[3.8310339,51.1719566],[3.8311466,51.1720957],[3.8314317,51.1724339],[3.8317497,51.1728221],[3.8325518,51.1729159],[3.8321816,51.1737933],[3.8319968,51.1741955],[3.8319728,51.1742863],[3.8319755,51.174485],[3.8319876,51.1748661],[3.8320132,51.1749412],[3.8320375,51.1749772],[3.8320669,51.175004],[3.8320913,51.1750189],[3.8321327,51.1750255],[3.8321885,51.1750245],[3.8322654,51.1750129],[3.8324126,51.1749748],[3.8324175,51.1750165],[3.8325864,51.1764449],[3.8326341,51.1767305],[3.8349441,51.17636],[3.8350995,51.1768204],[3.8340537,51.177097],[3.8340666,51.1771293],[3.8340784,51.1771703],[3.8341427,51.177361],[3.8342492,51.1776561],[3.834243,51.1776582],[3.8344936,51.178476],[3.8343278,51.1784751],[3.8344184,51.1789295],[3.8344923,51.1793],[3.8345514,51.1794449],[3.8364026,51.1822631],[3.8356888,51.1826043],[3.8356573,51.1826212],[3.8352816,51.182511],[3.8343114,51.1822236],[3.8340526,51.182147],[3.8335318,51.1819913],[3.8335386,51.1821438],[3.833552,51.1824451],[3.8335353,51.1828997],[3.8335214,51.1833532],[3.8335093,51.1836857],[3.8327957,51.184026],[3.8308037,51.1849759],[3.8304282,51.1851423],[3.8302889,51.1851935],[3.8298753,51.1853926],[3.8294214,51.185611],[3.8281748,51.1862121],[3.8279527,51.1863179],[3.8261779,51.1860399],[3.825918,51.1859992],[3.8198583,51.1850483],[3.8198102,51.1850408],[3.8116514,51.1837635],[3.8098703,51.1834843],[3.809813,51.1834753],[3.8064914,51.1829544],[3.8055239,51.1828027],[3.8036109,51.1825021],[3.8034633,51.182515],[3.8036801,51.1828934],[3.8037238,51.1834137],[3.8036882,51.1849219],[3.803667,51.1858179],[3.8027118,51.1861755],[3.8028007,51.1862781],[3.80201,51.1865757],[3.8013294,51.1868318],[3.8012291,51.1867341],[3.8009612,51.1868319],[3.8007283,51.1869193],[3.8005326,51.1869988],[3.800257,51.1871273],[3.8000359,51.1872431],[3.7998431,51.1873775],[3.7996492,51.1875466],[3.7995298,51.1876587],[3.799412,51.1877724],[3.7993329,51.1878519],[3.7992423,51.187951],[3.7991687,51.1880417],[3.7990871,51.1881426],[3.7990179,51.1882415],[3.7989644,51.1883283],[3.7988914,51.1884464],[3.7988114,51.1885957],[3.7987831,51.1886607],[3.7987247,51.1888325],[3.7987054,51.188891],[3.7983459,51.1884151],[3.7982869,51.1883916],[3.7970853,51.1871106],[3.7967312,51.1871778],[3.7935566,51.1832581],[3.7920714,51.1836567],[3.7915697,51.1830395],[3.7920919,51.182861],[3.7915979,51.1822417],[3.7916096,51.1822223],[3.7924167,51.1818615],[3.7914844,51.1807678],[3.7914392,51.180747],[3.7914312,51.1806747],[3.7908532,51.1805006],[3.7902293,51.1803336],[3.7901897,51.1803859],[3.790068,51.180359],[3.790416,51.1798293],[3.7913873,51.1784302],[3.7916814,51.177997],[3.7916868,51.1779595],[3.7916364,51.1778372],[3.7916417,51.177775],[3.7919354,51.1775009],[3.7923704,51.177088],[3.7924236,51.1770259],[3.792429,51.1769755],[3.7923981,51.1768788],[3.7926775,51.176759],[3.7918764,51.1760346],[3.7916207,51.1758091],[3.7907982,51.1752981],[3.7905174,51.1750149],[3.7900566,51.1743127],[3.7900495,51.173933],[3.7899295,51.1735036],[3.7899126,51.1731551],[3.7900499,51.1727572],[3.7901283,51.1726155],[3.790369,51.1722888],[3.7905963,51.171986],[3.7898849,51.1716683],[3.78897,51.171262],[3.7888227,51.1711797],[3.7886618,51.1711268],[3.7884915,51.171104],[3.7878464,51.1710755],[3.7867548,51.1708392],[3.7863092,51.1707572],[3.7857469,51.1705947],[3.7854337,51.170555],[3.7844839,51.1702332],[3.7842174,51.1700958],[3.783933,51.1699013],[3.7837815,51.169741],[3.7835053,51.1692516],[3.7834543,51.1691936],[3.7832484,51.1690465],[3.783119,51.1689749],[3.7829876,51.1689278],[3.7828042,51.1688905],[3.7815405,51.1685982],[3.7803859,51.1683459],[3.7802107,51.1683066],[3.7795007,51.1681439],[3.778924,51.168092],[3.7778002,51.1680827],[3.776966,51.1681264],[3.7767622,51.1681702],[3.7729777,51.1682412],[3.7725913,51.1682122],[3.7722147,51.1681426],[3.771894,51.168041],[3.7713414,51.1677716],[3.7708479,51.1674907],[3.7706072,51.1673942],[3.7697482,51.1671611],[3.7684499,51.1667596],[3.7664046,51.1661348],[3.765751,51.1661952],[3.7653424,51.1662095],[3.7651817,51.1662028],[3.7650604,51.1661902],[3.7649551,51.1661628],[3.7648887,51.166138],[3.7648015,51.1660867],[3.7646716,51.1659582],[3.7645669,51.1658496],[3.764443,51.1655214],[3.7636113,51.1648627],[3.7635176,51.1647408],[3.7635255,51.1646701],[3.7637485,51.1641335],[3.7650713,51.1642604],[3.7650048,51.1638176],[3.7638258,51.1637283],[3.7642054,51.1629334],[3.7642913,51.1627552],[3.7643886,51.1625001],[3.7643811,51.1622716],[3.7642577,51.1613616],[3.764196,51.1608771],[3.7640727,51.1603456],[3.7640706,51.1602331],[3.7633471,51.1603128],[3.7628268,51.1603893],[3.7625465,51.1604256],[3.7626672,51.1595977],[3.7631313,51.158859],[3.7631735,51.1579542],[3.7622624,51.1577934],[3.761006,51.1544645],[3.7602237,51.1539446],[3.7601602,51.1538294],[3.7601057,51.1538891],[3.7591599,51.1536921],[3.7604523,51.1519304],[3.7600681,51.1517768],[3.7598747,51.1517553],[3.7594646,51.151601],[3.7591981,51.1514801],[3.758782,51.1512578],[3.7582275,51.1509122],[3.7586202,51.1507014],[3.7583791,51.1505559],[3.7596545,51.1499855],[3.7595015,51.1499223],[3.7591041,51.1497594],[3.7584127,51.1499272],[3.7578389,51.1491429],[3.7591159,51.1486677],[3.7585118,51.1483221],[3.7577252,51.1478576],[3.7583517,51.1475332],[3.7577088,51.147206],[3.7574912,51.1471285],[3.7578206,51.1468238],[3.7565234,51.1464578],[3.7568264,51.1461306],[3.7570602,51.1461949],[3.757391,51.1457917],[3.7564706,51.1455307],[3.7567544,51.1451326],[3.757241,51.1444525],[3.7555303,51.143972],[3.7557328,51.1437884],[3.755796,51.1437827],[3.7559231,51.1437776],[3.7560307,51.1437781],[3.7560944,51.1437825],[3.7561712,51.1437947],[3.7563623,51.1438468],[3.7565085,51.1438912],[3.7567992,51.1439726],[3.7571157,51.1440654],[3.7574367,51.1441542],[3.757683,51.1442231],[3.7578707,51.144278],[3.7581931,51.1443756],[3.7587927,51.1445847],[3.7590576,51.1446823],[3.7593178,51.1447715],[3.7598021,51.1449658],[3.7599334,51.1450123],[3.7600068,51.145038],[3.7601169,51.1450886],[3.7602191,51.1451306],[3.7605526,51.1452756],[3.760796,51.1453762],[3.7608994,51.1454192],[3.761378,51.1456271],[3.7616349,51.1457361],[3.7618685,51.1458361],[3.7622306,51.1459956],[3.7623062,51.1460256],[3.7623728,51.1460447],[3.7623929,51.1460474],[3.7624325,51.1460469],[3.762466,51.1460402],[3.7624969,51.1460276],[3.7625269,51.1460068],[3.7625941,51.1459395],[3.7626901,51.1458672],[3.7627879,51.1458013],[3.762863,51.1457592],[3.7629314,51.1457328],[3.7629742,51.1457147],[3.7630406,51.1456955],[3.7632501,51.1456603],[3.7633099,51.145645],[3.7634561,51.1456005],[3.7634915,51.1455923],[3.7636001,51.1455673],[3.7636429,51.14556],[3.7636878,51.1455527],[3.763807,51.145539],[3.7638388,51.1455381],[3.763895,51.1455365],[3.7640636,51.1455463],[3.7641522,51.1455558],[3.7643221,51.1455739],[3.7648022,51.1456322],[3.7649827,51.1456516],[3.7651519,51.1456736],[3.7653685,51.1456974],[3.7654328,51.1457074],[3.7655042,51.1457184],[3.7657065,51.1457608],[3.765773,51.1457795],[3.7658302,51.145799],[3.7658763,51.1458175],[3.7658913,51.1458245],[3.7659772,51.1458705],[3.7660734,51.1459366],[3.7661671,51.1459965],[3.7662115,51.14602],[3.766262,51.1460398],[3.7663629,51.1460688],[3.7665752,51.1461223],[3.766718,51.1461555],[3.766945,51.1462053],[3.7670228,51.1462653],[3.7670754,51.1462869],[3.7671129,51.1462901],[3.767239,51.146277],[3.7674899,51.146336],[3.7678474,51.1463906],[3.7680209,51.1464151],[3.7681415,51.146432],[3.7687142,51.1465156],[3.7689728,51.1465513],[3.7691238,51.1465734],[3.7693,51.1465991],[3.7696126,51.1466408],[3.7696597,51.1466453],[3.7697033,51.1466472],[3.7697398,51.1466435],[3.7697801,51.1466354],[3.7701084,51.1465345],[3.7703689,51.1464603],[3.7704206,51.1464486],[3.7704989,51.1464398],[3.7705492,51.1464411],[3.770707,51.1464579],[3.7713478,51.1465292],[3.7714878,51.1465401],[3.7716618,51.1465487],[3.7717913,51.1465597],[3.7723907,51.1465963],[3.7726421,51.1466141],[3.7727377,51.1466181],[3.7727992,51.1466157],[3.7728656,51.1466052],[3.7729776,51.1465749],[3.7731061,51.1466078],[3.7732472,51.1466371],[3.7733291,51.1466586],[3.773397,51.1466826],[3.7734838,51.1467183],[3.7735391,51.1467482],[3.7735911,51.1467844],[3.773627,51.1468132],[3.7736775,51.1468608],[3.7737199,51.1469009],[3.7737531,51.1469261],[3.7738075,51.1469595],[3.7738738,51.146988],[3.7739154,51.147],[3.773972,51.1470109],[3.7743597,51.1470508],[3.7744636,51.1470647],[3.7746825,51.1471015],[3.7747639,51.1471209],[3.7748279,51.1471402],[3.774897,51.1471699],[3.7749656,51.1472111],[3.775088,51.1472927],[3.7751542,51.147331],[3.7752323,51.147368],[3.7753201,51.147398],[3.7754102,51.1474184],[3.7755532,51.1474418],[3.7758231,51.147482],[3.7760095,51.1475049],[3.7762911,51.1475346],[3.7764155,51.1475425],[3.7767259,51.1475657],[3.7768533,51.1475737],[3.7769418,51.1475797],[3.7769754,51.1475512],[3.7769875,51.1474427],[3.7768203,51.1471858],[3.7764039,51.1465361],[3.7760481,51.1459831],[3.7758709,51.1457073],[3.775556,51.1452149],[3.7754833,51.1451023],[3.7732825,51.1416101],[3.7718792,51.1394218],[3.771188,51.138347],[3.769308,51.13533],[3.768147,51.133682],[3.7679723,51.1335326],[3.7676886,51.1332905],[3.7663448,51.1321436],[3.7652971,51.1312802],[3.7652448,51.1312271],[3.7644699,51.130599],[3.763838,51.1300632],[3.7632282,51.1295466],[3.7613046,51.1279701],[3.7605187,51.1273017],[3.7589014,51.1259972],[3.7581316,51.1253609],[3.7576407,51.124956],[3.7570826,51.1244939],[3.7562406,51.123802],[3.7556049,51.1232793],[3.7550762,51.1228416],[3.7536197,51.1216377],[3.7532573,51.1213386],[3.7530322,51.1211642],[3.7523335,51.1206269],[3.7519756,51.1203515],[3.7517903,51.1202086],[3.7516232,51.1201003],[3.7508078,51.1195746],[3.7504433,51.1193438],[3.7502066,51.1191952],[3.7499062,51.119006],[3.7494405,51.1187083],[3.7491901,51.1185474],[3.7489473,51.1184127],[3.7484364,51.118128],[3.7474036,51.1175537],[3.746909,51.1172785],[3.7468423,51.1172414],[3.746814,51.1172253],[3.746788,51.1172099],[3.7466678,51.1171387],[3.7464291,51.1169974],[3.7455208,51.1164581],[3.7448409,51.1160554],[3.7441505,51.1156451],[3.7438079,51.1154393],[3.7434927,51.1152491],[3.7428068,51.11478],[3.7415182,51.1141842],[3.7402855,51.1136154],[3.7400823,51.1135204],[3.7398892,51.1135242],[3.7396594,51.1134457],[3.7388793,51.1130784],[3.7380894,51.1127067],[3.7367235,51.1120811],[3.7349425,51.1112644],[3.7337795,51.1106945],[3.7336269,51.1108346],[3.7335505,51.1108636],[3.7334003,51.1109971],[3.7333319,51.1111032],[3.7332365,51.1111339],[3.7331408,51.1111162],[3.7330268,51.1110859],[3.7326968,51.1108822],[3.7326154,51.1108623],[3.7325004,51.1108746],[3.7324246,51.1109752],[3.7322829,51.1110158],[3.7319726,51.1109529],[3.7316434,51.1108073],[3.7316038,51.1107836],[3.7313788,51.1106509],[3.7310111,51.1104334],[3.7306691,51.1101976],[3.7304098,51.1100855],[3.7301783,51.1101223],[3.7298304,51.1102125],[3.7295466,51.1102376],[3.7293635,51.1101892],[3.7292697,51.1101509],[3.7291657,51.1101029],[3.729084,51.1100546],[3.7285077,51.110175],[3.7279906,51.1099158],[3.7274077,51.1098444],[3.7271058,51.1095228],[3.7268034,51.1093262],[3.7266766,51.1092946],[3.7265351,51.1092984],[3.7261565,51.1094377],[3.7259772,51.1094146],[3.7258968,51.1093952],[3.7256873,51.1092183],[3.7254518,51.1089767],[3.7251076,51.1088839],[3.7250193,51.1088008],[3.7238454,51.107696],[3.7222409,51.1063747],[3.7203217,51.1048636],[3.718723,51.105072],[3.715697,51.105041],[3.712923,51.104701],[3.7104621,51.1040124],[3.707506,51.10292],[3.702858,51.100627],[3.696965,51.097583],[3.692712,51.095581],[3.6876,51.093788],[3.6852863,51.0932027],[3.682139,51.092414],[3.6733773,51.0904306],[3.6708283,51.0898611],[3.6696535,51.0897431],[3.6671162,51.0891838],[3.6664724,51.0889008],[3.6633296,51.0882059],[3.662594,51.0881157],[3.6620951,51.088018],[3.6592031,51.0872038],[3.6601719,51.086751],[3.6611268,51.0862868],[3.6618108,51.0859558],[3.6625431,51.0854992],[3.6670115,51.0832576],[3.666784,51.0830777],[3.6658563,51.0824045],[3.663308,51.081192],[3.662476,51.080875],[3.662367,51.080528],[3.661938,51.079948],[3.66143,51.079574],[3.6611958,51.0794466],[3.660807,51.079235],[3.660111,51.078754],[3.6588885,51.0781491],[3.654258,51.082443],[3.652204,51.081161],[3.65155,51.080345],[3.650771,51.080303],[3.650035,51.079925],[3.649314,51.079814],[3.6487192,51.0795503],[3.648653,51.079521],[3.648066,51.079315],[3.647805,51.079002],[3.647521,51.07888],[3.646876,51.078769],[3.645771,51.078941],[3.645199,51.079082],[3.64438,51.079174],[3.642294,51.078788],[3.640944,51.078781],[3.640538,51.081882],[3.640529,51.082481],[3.6404514,51.0828103],[3.6407125,51.0828655],[3.64086,51.083312],[3.639294,51.083747],[3.638663,51.08403],[3.637537,51.084251],[3.636796,51.084247],[3.635867,51.08406],[3.634939,51.083793],[3.634337,51.08337],[3.633808,51.083114],[3.632711,51.082736],[3.6311987,51.0819227],[3.6307508,51.0817613],[3.630121,51.081676],[3.629765,51.081306],[3.629212,51.080116],[3.62831,51.079353],[3.626569,51.078178],[3.627956,51.077495],[3.626689,51.076683],[3.625472,51.075534],[3.624307,51.074676],[3.623136,51.074142],[3.622464,51.074531],[3.622078,51.074855],[3.62167,51.075305],[3.621568,51.075725],[3.6204486,51.0764762],[3.6193942,51.0772553],[3.6188691,51.0776177],[3.6183152,51.0780137],[3.6181516,51.0780929],[3.6181342,51.0780236],[3.6181168,51.0779278],[3.6180788,51.0778584],[3.6179097,51.0777101],[3.6176658,51.0775633],[3.6175569,51.0774997],[3.6173944,51.0774345],[3.6172106,51.0773783],[3.6170053,51.0773321],[3.6167718,51.0772449],[3.6167195,51.0771977],[3.616686,51.077132],[3.6166401,51.0771004],[3.6165795,51.0770822],[3.6164741,51.0770745],[3.6163633,51.0770719],[3.6162245,51.0770851],[3.6160856,51.0771067],[3.6158585,51.0771215],[3.6156206,51.0771313],[3.6155107,51.0771391],[3.6153981,51.0771535],[3.6152989,51.0771454],[3.6151868,51.077116],[3.6150788,51.0770823],[3.6150116,51.077043],[3.6149551,51.0769868],[3.6149258,51.0769211],[3.6148804,51.0768571],[3.6148237,51.0768186],[3.6147295,51.0767851],[3.614416,51.0767521],[3.6140784,51.0767359],[3.6138376,51.0767414],[3.6135618,51.0767519],[3.6133932,51.0767226],[3.6132475,51.0766639],[3.6131474,51.0766153],[3.6131277,51.0765554],[3.6131103,51.0765001],[3.6130055,51.0763395],[3.6128081,51.0760667],[3.6124764,51.0755951],[3.6121372,51.0751246],[3.6120972,51.0750619],[3.612001,51.0749706],[3.6119597,51.0749367],[3.6119142,51.074893],[3.6117777,51.0747702],[3.6116031,51.0746204],[3.611276,51.0744116],[3.6110077,51.0742764],[3.6105468,51.0740519],[3.610366,51.0739011],[3.6099573,51.0735787],[3.6098267,51.0734633],[3.6097703,51.0734134],[3.6095263,51.0732334],[3.6094991,51.0732133],[3.6087482,51.072742],[3.6085828,51.0727474],[3.6081701,51.0722328],[3.6080329,51.0719705],[3.6076188,51.0716902],[3.6073226,51.071502],[3.6070968,51.0713466],[3.6070089,51.0712193],[3.6068346,51.0709216],[3.6064506,51.0702652],[3.6062587,51.070056],[3.6061359,51.0699211],[3.6060852,51.0698626],[3.6060741,51.069838],[3.6060979,51.0698191],[3.6064084,51.0696603],[3.6065003,51.069623],[3.606493,51.0696164],[3.60643,51.0695574],[3.606389,51.0695232],[3.6062896,51.0694594],[3.6061726,51.0694183],[3.6059619,51.0693542],[3.6058519,51.0693054],[3.6056287,51.0691688],[3.6056089,51.0691336],[3.6056317,51.0690865],[3.6057113,51.0689965],[3.6057019,51.0689667],[3.605422,51.0688584],[3.6051798,51.0687737],[3.6051152,51.0688307],[3.6049075,51.0690164],[3.6048561,51.0690335],[3.6048038,51.0690296],[3.6046959,51.0689756],[3.6042989,51.0687441],[3.6036659,51.06838],[3.6035029,51.0683021],[3.6032207,51.0680834],[3.6028415,51.0679037],[3.6026224,51.0677947],[3.6024857,51.0676789],[3.6024068,51.0675946],[3.602349,51.0674884],[3.6022844,51.0672908],[3.6022497,51.0670889],[3.6022552,51.0667364],[3.602239,51.0662765],[3.6022168,51.0661259],[3.6021804,51.066053],[3.6020829,51.065996],[3.6019515,51.0659382],[3.6017709,51.0659177],[3.6015951,51.0659192],[3.601454,51.0658899],[3.6013666,51.0658444],[3.6013208,51.0656152],[3.6030339,51.0650576],[3.6027134,51.0647769],[3.6034687,51.0644602],[3.6042195,51.0653469],[3.6041261,51.0655378],[3.6041639,51.0655581],[3.6046854,51.06575],[3.6052768,51.065418],[3.6055689,51.0656484],[3.6055765,51.0656957],[3.606146,51.0660467],[3.6086598,51.0648628],[3.6088327,51.0648503],[3.6096615,51.0644316],[3.6106707,51.0639172],[3.6107939,51.0639045],[3.6117049,51.0635936],[3.6117551,51.0635804],[3.6117508,51.0635623],[3.611748,51.0635505],[3.6117409,51.0635205],[3.611861,51.0632315],[3.612121,51.0625674],[3.6121564,51.0624307],[3.6120652,51.0619221],[3.6119916,51.0614787],[3.6120452,51.0611989],[3.6124811,51.0608887],[3.6125868,51.0607425],[3.6126675,51.060592],[3.6126621,51.0604875],[3.6126031,51.0603796],[3.6120345,51.0593951],[3.6115969,51.0587289],[3.6109326,51.0576469],[3.6108715,51.0576041],[3.6107443,51.0576276],[3.6094542,51.0581307],[3.608907,51.0577329],[3.6088566,51.0575998],[3.6084906,51.0570982],[3.6083878,51.0570274],[3.607326,51.0564802],[3.6084149,51.0560423],[3.609507,51.0556196],[3.6098832,51.055455],[3.6096007,51.0552066],[3.6095928,51.054841],[3.6093145,51.0549721],[3.6082056,51.0543574],[3.6081085,51.0543947],[3.6080353,51.0544146],[3.6079319,51.0544328],[3.6078628,51.0543865],[3.6077897,51.0543327],[3.6076858,51.0542472],[3.6075644,51.0541391],[3.6073518,51.0539337],[3.6072129,51.0538139],[3.6070255,51.0536763],[3.6066825,51.053461],[3.606546,51.0533665],[3.6064686,51.053308],[3.6063816,51.0532251],[3.6062524,51.053071],[3.6059899,51.0527178],[3.6057794,51.0524331],[3.6055684,51.0521405],[3.6051983,51.0515827],[3.6051781,51.0515318],[3.6051848,51.0514588],[3.6051458,51.0513464],[3.6050711,51.0511624],[3.6049989,51.051053],[3.6048996,51.0509212],[3.6046998,51.0507305],[3.6043708,51.0504569],[3.6040651,51.050209],[3.6037987,51.0499975],[3.6034905,51.0497387],[3.6030188,51.0493416],[3.6029331,51.0492673],[3.6023622,51.0487699],[3.60233,51.0487193],[3.6019304,51.0483585],[3.6018745,51.0482841],[3.6018384,51.0481955],[3.6017813,51.0482],[3.6014069,51.04837],[3.6011315,51.0484955],[3.6006646,51.048722],[3.6003101,51.0489986],[3.6004406,51.0491063],[3.5999436,51.049393],[3.5977932,51.0497228],[3.5974267,51.0495498],[3.5970864,51.0493187],[3.5970348,51.0493307],[3.5967867,51.0492214],[3.5965267,51.04907],[3.5962679,51.0489146],[3.5958985,51.0484524],[3.5956857,51.0482795],[3.5952354,51.0482032],[3.5952387,51.0481887],[3.5952719,51.0480448],[3.5953951,51.0475211],[3.5954147,51.0474295],[3.5953842,51.047323],[3.5953226,51.0472547],[3.5951741,51.0471841],[3.5950691,51.0471249],[3.594979,51.046974],[3.594882,51.0468853],[3.5943384,51.0463883],[3.5942479,51.0463394],[3.5938895,51.0460943],[3.5932718,51.0456893],[3.5929508,51.0454587],[3.5921749,51.0456278],[3.5918411,51.0453544],[3.5914035,51.0450361],[3.590204,51.04416],[3.5902432,51.0441078],[3.5904194,51.0438734],[3.5906499,51.0436168],[3.5908939,51.0433422],[3.5910371,51.0431588],[3.5911237,51.0429887],[3.5912107,51.0427693],[3.5913116,51.0424328],[3.591407,51.0421145],[3.5915341,51.0416684],[3.5916665,51.0411528],[3.5916721,51.0411312],[3.5916978,51.0409308],[3.5916978,51.0408322],[3.5915751,51.0408228],[3.5913958,51.0407768],[3.5911008,51.0406688],[3.5894187,51.0400207],[3.5868481,51.0389975],[3.5866416,51.0389094],[3.5864707,51.0388077],[3.5861522,51.0385628],[3.5860207,51.0384503],[3.5859273,51.0383418],[3.5857104,51.0380405],[3.5852928,51.037392],[3.5852498,51.0372801],[3.5851977,51.0372141],[3.5851159,51.0371045],[3.5841559,51.035984],[3.5838271,51.0355705],[3.5835192,51.0351583],[3.5825761,51.0337943],[3.5809979,51.0318305],[3.5803871,51.0310419],[3.5800822,51.0306574],[3.5797616,51.0302742]]]}},{"type":"Feature","properties":{"place_id":101592137,"osm_type":"relation","osm_id":2524008,"place_rank":12,"category":"boundary","type":"administrative","importance":0.474661807552517,"addresstype":"county","name":"Gent","display_name":"Gent, Oost-Vlaanderen, Vlaanderen, België / Belgique / Belgien"},"bbox":[3.3313115,50.8947485,3.9232771,51.2230186],"geometry":{"type":"Polygon","coordinates":[[[3.3313115,51.0988832],[3.3333703,51.0978454],[3.3344236,51.0972791],[3.3353312,51.0967768],[3.3355884,51.0966472],[3.3358714,51.0965493],[3.3360159,51.096501],[3.3361617,51.0964553],[3.337065,51.0961723],[3.337935,51.0959012],[3.3388076,51.0956314],[3.3391806,51.0955141],[3.3398327,51.0953072],[3.3405921,51.0950307],[3.3419709,51.0944801],[3.3455159,51.0930755],[3.3464078,51.0927115],[3.3471809,51.092295],[3.3477308,51.0919968],[3.348015,51.0918375],[3.3503798,51.0905555],[3.3505692,51.090452],[3.3506859,51.090393],[3.3508924,51.09031],[3.3520357,51.0898667],[3.3537456,51.0892141],[3.3570755,51.0879053],[3.3580942,51.0875107],[3.3596743,51.0869041],[3.361045,51.086591],[3.3639856,51.0857787],[3.3646285,51.0855802],[3.3652496,51.085393],[3.365493,51.085342],[3.3727524,51.0845144],[3.3774864,51.0813925],[3.37807,51.081001],[3.3906758,51.0726747],[3.3908191,51.0726394],[3.3919638,51.0725906],[3.3917874,51.0724502],[3.3917318,51.0723752],[3.3917847,51.0723276],[3.391533,51.071922],[3.391206,51.071266],[3.3907823,51.0702336],[3.3916877,51.0701529],[3.39171,51.0701367],[3.3916481,51.0698245],[3.3918538,51.0696201],[3.3927436,51.0695408],[3.3930185,51.0695038],[3.3938593,51.0694772],[3.3937508,51.0687689],[3.3936982,51.0686538],[3.393752,51.068491],[3.393724,51.0682161],[3.3938232,51.0679683],[3.3958808,51.0681761],[3.3970715,51.0682883],[3.3971658,51.06759],[3.3989492,51.0677166],[3.399089,51.0673298],[3.3992845,51.0671852],[3.39965,51.0670316],[3.3999417,51.0670396],[3.4003167,51.0672258],[3.4007996,51.0673526],[3.4011258,51.0673813],[3.4020549,51.067348],[3.4020984,51.067478],[3.402704,51.0672671],[3.4028327,51.0673143],[3.4029204,51.0677751],[3.4029615,51.0678503],[3.4036374,51.0675975],[3.4043169,51.0672706],[3.4046722,51.0676654],[3.4048248,51.0672402],[3.4060917,51.0664538],[3.4081591,51.0650621],[3.4082544,51.0649898],[3.4125423,51.0643545],[3.416056,51.0638387],[3.4162357,51.0637973],[3.4166964,51.063603],[3.4164737,51.0619205],[3.4178521,51.0618006],[3.417717,51.0616535],[3.4180935,51.0615235],[3.4196529,51.0625154],[3.419812,51.0623664],[3.4198838,51.0623327],[3.420023,51.062212],[3.4201089,51.0621681],[3.4208706,51.0619423],[3.4211483,51.0618419],[3.420962,51.0616174],[3.420766,51.0614146],[3.42018,51.0610188],[3.4198125,51.0610905],[3.4204531,51.0598042],[3.4189586,51.059636],[3.419382,51.0590242],[3.4199612,51.058197],[3.4201591,51.0579063],[3.419921,51.0575477],[3.4197722,51.0573164],[3.4195359,51.0570688],[3.4194026,51.056944],[3.4193909,51.0569298],[3.4193269,51.0568496],[3.4193002,51.0568063],[3.4192757,51.056767],[3.4192625,51.0567189],[3.4192683,51.0566545],[3.4192845,51.0566],[3.4192335,51.0562368],[3.4192492,51.0561793],[3.4193429,51.0560441],[3.419446,51.0558831],[3.4195738,51.0556611],[3.4196475,51.0555498],[3.4197625,51.0555749],[3.419841,51.055621],[3.4198701,51.0556297],[3.4198866,51.0556318],[3.4199067,51.0556299],[3.4199177,51.0556263],[3.4199345,51.0556181],[3.4199479,51.0556027],[3.4199523,51.0555814],[3.4199412,51.0555479],[3.4199184,51.0555294],[3.4198433,51.0554935],[3.4198353,51.0554832],[3.4198292,51.0554588],[3.419839,51.0554366],[3.4198668,51.0554052],[3.4199208,51.0553578],[3.4200073,51.0553039],[3.4202017,51.0552486],[3.4203985,51.0551989],[3.4204435,51.055192],[3.4205055,51.0551854],[3.4206359,51.0551818],[3.4207402,51.0551747],[3.4208483,51.05516],[3.4208914,51.0551494],[3.4209195,51.0551384],[3.420942,51.0551198],[3.4209452,51.0551066],[3.4209425,51.0550891],[3.420919,51.0550403],[3.4209189,51.0550209],[3.4209236,51.0550146],[3.4209341,51.0550057],[3.4209464,51.0549994],[3.420969,51.0549944],[3.420999,51.0549901],[3.4212667,51.05499],[3.4213392,51.0549837],[3.4214151,51.0549662],[3.4216766,51.0548912],[3.4219421,51.0548356],[3.4221017,51.0548845],[3.4221249,51.0548937],[3.4221857,51.0549032],[3.4222285,51.0549015],[3.4222529,51.0548954],[3.4223606,51.0548383],[3.4223991,51.0548234],[3.4224259,51.0548175],[3.4224709,51.0548179],[3.422662,51.0548562],[3.4227463,51.0548668],[3.4227864,51.0548659],[3.4228176,51.0548592],[3.4228481,51.0548476],[3.4228923,51.0548238],[3.4231137,51.0547088],[3.4231424,51.0546908],[3.4231661,51.0546824],[3.4231842,51.0546794],[3.4232076,51.0546793],[3.423237,51.0546868],[3.4233516,51.0547403],[3.423399,51.054747],[3.4234817,51.0547492],[3.4235397,51.0547458],[3.4235995,51.0547346],[3.4236735,51.0547074],[3.423757,51.054671],[3.4237919,51.0546583],[3.4238532,51.0546434],[3.4239183,51.0546352],[3.4239649,51.0546343],[3.424161,51.0546569],[3.4243373,51.0546703],[3.4245077,51.0546712],[3.4246203,51.0546623],[3.4247256,51.0546434],[3.4247531,51.054635],[3.424794,51.0546084],[3.4248047,51.0545911],[3.4248403,51.0545186],[3.4248671,51.054479],[3.4249424,51.0544325],[3.4249804,51.0544191],[3.4251018,51.0543998],[3.4251648,51.0543972],[3.4253706,51.0544186],[3.4254351,51.0544225],[3.4255792,51.0544141],[3.4257158,51.0543913],[3.425942,51.0543694],[3.4262152,51.0543121],[3.4265106,51.054272],[3.4267017,51.0542333],[3.426799,51.0541987],[3.4269403,51.0541336],[3.4272596,51.054076],[3.4276807,51.0539648],[3.4281154,51.0539413],[3.4285229,51.0538973],[3.4285927,51.0539091],[3.4286002,51.054012],[3.4283861,51.0542446],[3.4282359,51.0544706],[3.4282457,51.0545156],[3.428303,51.0545346],[3.4287858,51.0544706],[3.4293046,51.0544124],[3.429561,51.0544874],[3.4301913,51.054597],[3.4303076,51.0548558],[3.4303898,51.0550725],[3.4304354,51.0551496],[3.4304646,51.0551749],[3.4305108,51.055188],[3.4305527,51.0551818],[3.4307599,51.0550472],[3.4311783,51.0549317],[3.4315766,51.0547743],[3.431696,51.0547513],[3.4318247,51.054753],[3.4327385,51.0547891],[3.4329472,51.0547766],[3.4330519,51.0547361],[3.4331851,51.0546541],[3.4334059,51.0545448],[3.433753,51.0544032],[3.4340611,51.0543211],[3.4342244,51.0542832],[3.4348571,51.0542685],[3.4350072,51.0542328],[3.4350461,51.0541662],[3.435023,51.054084],[3.4350032,51.0539749],[3.4350488,51.0538855],[3.4352861,51.0537279],[3.4356695,51.0532738],[3.4359078,51.052955],[3.4362756,51.0525237],[3.4364837,51.0523496],[3.4365267,51.0522113],[3.4365182,51.0520447],[3.4365551,51.051836],[3.4366688,51.0516532],[3.4369451,51.0514121],[3.437136,51.0511873],[3.437224,51.0510934],[3.4373957,51.051031],[3.4376421,51.0509862],[3.4377381,51.0509255],[3.4378034,51.050854],[3.4378302,51.0507865],[3.4378459,51.0506507],[3.4378678,51.0506044],[3.4379375,51.0505876],[3.4380448,51.0506264],[3.438136,51.0506871],[3.4382393,51.0507062],[3.4383546,51.0506973],[3.4385088,51.0506567],[3.4386235,51.0505968],[3.4387341,51.0504712],[3.4388414,51.0504223],[3.438951,51.0503982],[3.4391203,51.0504207],[3.4395383,51.0505391],[3.4396879,51.050544],[3.4399062,51.0505083],[3.4401156,51.0505288],[3.4402736,51.0505483],[3.4403542,51.0505218],[3.4403905,51.050447],[3.4403981,51.0503046],[3.4404534,51.0501762],[3.4406143,51.0500025],[3.4407377,51.0498994],[3.4409469,51.0498136],[3.4411642,51.0498002],[3.4413522,51.0498155],[3.4414995,51.0498305],[3.4416255,51.049812],[3.441997,51.049707],[3.4420627,51.0496433],[3.442054,51.049514],[3.4420815,51.0494562],[3.4421378,51.049382],[3.4422831,51.049274],[3.4424002,51.0492186],[3.4427816,51.049296],[3.4431523,51.0493043],[3.4433824,51.0492724],[3.4435106,51.0491172],[3.4435809,51.048979],[3.443597,51.0488458],[3.4435272,51.0487792],[3.4434199,51.0486755],[3.4433234,51.048522],[3.4432007,51.0482958],[3.4431168,51.0482978],[3.4430391,51.0483298],[3.4429663,51.048351],[3.4422285,51.048223],[3.4421033,51.0481381],[3.4421191,51.0480651],[3.4421968,51.0480145],[3.4423794,51.0479717],[3.4428057,51.0479858],[3.4428822,51.0479672],[3.4429345,51.0479268],[3.4430293,51.0477719],[3.4431222,51.0476941],[3.4432429,51.0476722],[3.4434065,51.0477565],[3.4435031,51.0477683],[3.4436137,51.0477581],[3.4438035,51.0476924],[3.4440368,51.0476519],[3.4444543,51.0476255],[3.4447718,51.0475727],[3.4448388,51.0475912],[3.4449166,51.0476705],[3.4450024,51.047716],[3.4450919,51.0477204],[3.4451795,51.0476705],[3.4451859,51.0475929],[3.4450695,51.0474749],[3.4450453,51.0474108],[3.4450641,51.0473585],[3.4451671,51.0473117],[3.4454906,51.0472911],[3.4455657,51.0473079],[3.4456766,51.0474443],[3.4458151,51.0475019],[3.4459037,51.0474766],[3.4460049,51.0473601],[3.4459723,51.0471161],[3.4459975,51.0469572],[3.4458437,51.0465995],[3.4456623,51.0464648],[3.4455872,51.0463215],[3.4456006,51.04619],[3.4457593,51.0460065],[3.4454638,51.0459454],[3.4453868,51.0458999],[3.4451178,51.0455576],[3.4448289,51.0447891],[3.4445383,51.0439885],[3.4442729,51.0434412],[3.4439403,51.043512],[3.4438786,51.0435104],[3.4435047,51.0433314],[3.4423163,51.0427721],[3.4422451,51.0427481],[3.4421453,51.0427478],[3.4420587,51.04277],[3.4417985,51.0428645],[3.4416362,51.0428725],[3.4415209,51.0428383],[3.4413506,51.0427102],[3.4411081,51.0425644],[3.4410368,51.0425306],[3.4409094,51.042496],[3.4407257,51.0424766],[3.4403743,51.042477],[3.4402482,51.0424496],[3.4401153,51.0423926],[3.4397815,51.042238],[3.4396206,51.0421503],[3.4394882,51.0421043],[3.4394208,51.0420752],[3.4392657,51.0418873],[3.4390117,51.0417674],[3.4389111,51.0417],[3.4388161,51.0416136],[3.4387435,51.041544],[3.4387055,51.0414584],[3.4386832,51.0413366],[3.4387635,51.0411829],[3.4387784,51.0411224],[3.4387596,51.0410558],[3.4387287,51.0409976],[3.4386711,51.0409419],[3.4386188,51.0409192],[3.4384002,51.0408888],[3.4383801,51.0408509],[3.4384117,51.0407768],[3.438482,51.040624],[3.4385397,51.0404259],[3.438545,51.0402462],[3.4385357,51.0401569],[3.438598,51.040036],[3.438722,51.0397066],[3.4387073,51.0395843],[3.4386644,51.0395341],[3.4386161,51.0395168],[3.4384605,51.0395059],[3.4382153,51.039537],[3.4380542,51.0395447],[3.4379053,51.0395236],[3.4377497,51.0394747],[3.4376599,51.0394286],[3.4373139,51.039236],[3.4371999,51.0391568],[3.4370497,51.0390109],[3.4369252,51.0389328],[3.4368988,51.0389428],[3.4367706,51.03886],[3.4364167,51.0389383],[3.4360707,51.0390109],[3.4356551,51.0390614],[3.4352767,51.0391846],[3.4350432,51.0393075],[3.4350541,51.0393313],[3.4348959,51.0394072],[3.4346411,51.0394679],[3.4345043,51.0394915],[3.4344774,51.0394713],[3.43422,51.0394629],[3.4338684,51.039514],[3.4336969,51.0395725],[3.4334126,51.0397428],[3.4331425,51.0398727],[3.432034,51.0402269],[3.4318404,51.0403269],[3.4313634,51.0405136],[3.4312293,51.0405591],[3.4311182,51.0405663],[3.4311676,51.0403668],[3.431353,51.0400951],[3.4313473,51.0400515],[3.4312481,51.0400515],[3.430886,51.0401008],[3.4306515,51.0400816],[3.4302315,51.040011],[3.4297846,51.040002],[3.4291015,51.0400404],[3.428821,51.0400408],[3.4285149,51.0401088],[3.4283346,51.0402017],[3.4281099,51.0402447],[3.4278148,51.040264],[3.4276432,51.0402167],[3.4275138,51.0401973],[3.4272623,51.0402387],[3.4271389,51.0402741],[3.4268787,51.0404208],[3.4268162,51.0404357],[3.4265059,51.0403533],[3.4262063,51.0402258],[3.4260984,51.0401373],[3.4259158,51.0400835],[3.4256519,51.0400393],[3.4252748,51.0399722],[3.4251487,51.0399317],[3.4249785,51.0398515],[3.4243206,51.0396461],[3.4239122,51.0394342],[3.4237459,51.0393566],[3.4235726,51.0392635],[3.4233409,51.0390328],[3.4232095,51.0388979],[3.4231134,51.0387336],[3.4230774,51.0386668],[3.4230117,51.0386128],[3.4229547,51.0385829],[3.4228729,51.0385635],[3.4227823,51.0385627],[3.4227428,51.0385474],[3.4227419,51.0385319],[3.4227408,51.0385129],[3.4228025,51.0384172],[3.4228709,51.0382945],[3.4229252,51.0381971],[3.423093,51.0380129],[3.4241295,51.0369448],[3.4251836,51.0356998],[3.4257132,51.0351091],[3.4257854,51.035042],[3.4258142,51.0350195],[3.4258441,51.034999],[3.4258947,51.034971],[3.4259339,51.0349546],[3.4259933,51.0349363],[3.4260942,51.0349216],[3.4267128,51.0348538],[3.4268922,51.0348154],[3.4270021,51.0347749],[3.4274018,51.0345632],[3.4276713,51.0344224],[3.4278461,51.034365],[3.4285575,51.0342943],[3.4287791,51.0342284],[3.4289939,51.0341517],[3.4290808,51.0341407],[3.4292015,51.0341424],[3.4294572,51.0341655],[3.4295154,51.0341609],[3.4295596,51.0341458],[3.429634,51.0340931],[3.430037,51.032928],[3.43029,51.032642],[3.430901,51.032505],[3.431456,51.032306],[3.431786,51.031948],[3.4321882,51.0308683],[3.4323157,51.0305744],[3.4325892,51.029966],[3.4326348,51.0298653],[3.4325976,51.0297864],[3.4325523,51.0296861],[3.4324633,51.0294828],[3.4324443,51.0294368],[3.4323968,51.0293495],[3.4323753,51.0293183],[3.4322991,51.0292316],[3.4320956,51.0290349],[3.4319596,51.0289082],[3.4316856,51.0286589],[3.4314786,51.0285006],[3.4313079,51.0283797],[3.4308844,51.0280993],[3.4310052,51.0279682],[3.4310451,51.0279143],[3.431175,51.0277123],[3.4312853,51.0275453],[3.4313688,51.0274294],[3.4314064,51.0273886],[3.4314573,51.0273461],[3.4315074,51.0273189],[3.4315643,51.0272959],[3.4316372,51.0272749],[3.4319216,51.0272141],[3.4321199,51.0271666],[3.4322509,51.0271325],[3.4323763,51.0270924],[3.4325262,51.0270363],[3.4327266,51.0269505],[3.4330384,51.0268113],[3.4335152,51.0265899],[3.4336232,51.0265334],[3.4336812,51.0264973],[3.4337219,51.0264694],[3.4337611,51.0264391],[3.4338233,51.0263836],[3.4341489,51.0260306],[3.4344843,51.025679],[3.4345324,51.0256281],[3.4345854,51.0255781],[3.4346351,51.0255332],[3.4347248,51.0254636],[3.4348261,51.025406],[3.4349154,51.0253649],[3.4351205,51.0252683],[3.4352078,51.0252318],[3.4352419,51.0252183],[3.4352881,51.0252027],[3.4353379,51.0251962],[3.4353909,51.0252013],[3.4354905,51.0252216],[3.4363097,51.0254244],[3.4364514,51.0254498],[3.4365255,51.0254579],[3.4367378,51.0254818],[3.436816,51.0253482],[3.4368413,51.0252452],[3.4368489,51.0251979],[3.4368843,51.0250371],[3.4369183,51.0249271],[3.4369588,51.0248156],[3.4371405,51.0244163],[3.4372222,51.0242321],[3.4373179,51.0240211],[3.4375093,51.0236015],[3.4375774,51.0234427],[3.437739,51.0229855],[3.4378383,51.0227117],[3.4379328,51.0224399],[3.4379991,51.0222856],[3.4380763,51.0221601],[3.4385282,51.0216487],[3.4389273,51.0212623],[3.4390541,51.0211469],[3.4391878,51.0210323],[3.4393396,51.0209119],[3.4395034,51.0207937],[3.4396305,51.0207223],[3.4396728,51.0206937],[3.4401072,51.020338],[3.4403964,51.0200991],[3.4404708,51.0200377],[3.4405529,51.019977],[3.4411288,51.0195522],[3.4415535,51.0192463],[3.441652,51.0191842],[3.4417483,51.0191381],[3.4418207,51.0191097],[3.4419064,51.0190761],[3.4420026,51.0190467],[3.4421092,51.0190001],[3.4421976,51.0189473],[3.4422616,51.0188984],[3.442317,51.0188475],[3.4429412,51.0182083],[3.4435469,51.0175866],[3.4439999,51.0171366],[3.4441951,51.0169557],[3.4442967,51.016862],[3.4443198,51.0168414],[3.4444573,51.0167339],[3.4445129,51.0166905],[3.4446234,51.016604],[3.4448,51.0164658],[3.4449304,51.0163648],[3.4450614,51.016263],[3.4451909,51.0161621],[3.4452756,51.0160915],[3.4453128,51.0160665],[3.4453367,51.016052],[3.4454192,51.0160181],[3.4455688,51.0159642],[3.4456209,51.0159504],[3.4457227,51.0159293],[3.4458349,51.0159138],[3.446176,51.0158847],[3.4463207,51.0158721],[3.4465443,51.0158481],[3.4466886,51.015823],[3.4468553,51.015779],[3.4469425,51.0157459],[3.4470168,51.0157169],[3.447217,51.0156283],[3.4472025,51.0155668],[3.4471999,51.0155102],[3.4471995,51.0154498],[3.4472118,51.0152481],[3.4472143,51.0151802],[3.4472374,51.0149443],[3.4473043,51.0144859],[3.4473819,51.0139893],[3.447423,51.0135589],[3.4474263,51.0133226],[3.4473762,51.0127215],[3.4473147,51.0120191],[3.4472674,51.0111892],[3.4472438,51.0106265],[3.4474221,51.0100054],[3.4474783,51.0099198],[3.4475402,51.0098254],[3.4478052,51.0097893],[3.4480699,51.0097497],[3.4482563,51.0097189],[3.4484219,51.0096801],[3.4485406,51.0096554],[3.4486071,51.009648],[3.4486784,51.0096489],[3.4487716,51.0096577],[3.4488655,51.0096706],[3.4490029,51.009687],[3.4491012,51.0097069],[3.4491961,51.0097512],[3.4492463,51.0097801],[3.4493121,51.0098164],[3.4493728,51.0098432],[3.4494281,51.0098668],[3.4495072,51.0098925],[3.4495756,51.00991],[3.4496718,51.0099258],[3.4497496,51.0099324],[3.4498267,51.0099379],[3.4498951,51.009941],[3.4502041,51.0089694],[3.4503742,51.0089799],[3.4505539,51.0089736],[3.4507363,51.008947],[3.4508547,51.0089282],[3.4509883,51.0089037],[3.4510944,51.0085521],[3.451255,51.0080582],[3.4513935,51.0075916],[3.4514776,51.0074302],[3.4515316,51.0072163],[3.4515775,51.0070343],[3.451625,51.0067722],[3.4522806,51.006798],[3.4525571,51.0053824],[3.4524409,51.0052136],[3.4523245,51.0050382],[3.4522784,51.0049529],[3.4522465,51.0048933],[3.4522437,51.0047925],[3.4522768,51.0042971],[3.4523054,51.0038676],[3.4521678,51.0038688],[3.4519515,51.0038339],[3.4508676,51.0032852],[3.4500926,51.0026337],[3.4500468,51.0026187],[3.4500096,51.0026064],[3.4492823,51.0018035],[3.448884,51.0013412],[3.4488786,51.0012849],[3.4488253,51.0011927],[3.4485091,51.0009933],[3.4479738,51.0006571],[3.4473802,51.0002839],[3.4471231,51.0004572],[3.4469118,51.0003143],[3.4453837,50.9992833],[3.4454574,50.9992418],[3.4451272,50.9990422],[3.4447829,50.9988303],[3.4453127,50.9985279],[3.44564,50.9983226],[3.4459189,50.9981568],[3.4463064,50.997817],[3.4465463,50.9976143],[3.447114,50.9970326],[3.4472206,50.9969106],[3.4481908,50.9962123],[3.4484677,50.9961039],[3.4488148,50.9959681],[3.4490926,50.9957918],[3.449353,50.9956245],[3.4496113,50.9954577],[3.4497235,50.9953845],[3.4499169,50.9952597],[3.4502227,50.9950603],[3.4504389,50.9949548],[3.4507917,50.9947811],[3.4507477,50.9947207],[3.4507018,50.9946754],[3.4506542,50.9946311],[3.4505447,50.9945634],[3.4503897,50.9944859],[3.4501985,50.9944008],[3.449983,50.9943095],[3.4495676,50.9941362],[3.4490935,50.9939425],[3.4490532,50.9939283],[3.4490241,50.9939217],[3.4490076,50.9939265],[3.4489726,50.9939441],[3.4488358,50.9939821],[3.4487037,50.9940189],[3.4486667,50.9940377],[3.4485664,50.9941003],[3.4485166,50.9941441],[3.4484806,50.9941845],[3.4483875,50.9943044],[3.448344,50.9943448],[3.4482967,50.9943462],[3.4482265,50.9943363],[3.4481437,50.994316],[3.4479733,50.9942706],[3.4478359,50.994225],[3.4477711,50.9941824],[3.447691,50.9940533],[3.4476709,50.9940037],[3.447696,50.9939535],[3.4477168,50.9939033],[3.4476947,50.993797],[3.4476293,50.9937629],[3.4474667,50.9937097],[3.4473148,50.9936477],[3.4468149,50.9934559],[3.446727,50.993442],[3.4465189,50.9933575],[3.4463251,50.9932693],[3.4459499,50.9930925],[3.4457816,50.9930108],[3.4457159,50.9929834],[3.4456126,50.9929741],[3.4453038,50.9928663],[3.4449682,50.9927794],[3.4447306,50.9927083],[3.444402,50.9926044],[3.4440774,50.9925065],[3.4438042,50.9924197],[3.4435463,50.9923557],[3.4434008,50.992311],[3.4433807,50.9922729],[3.4434148,50.9921822],[3.4434072,50.9921606],[3.4429106,50.9920441],[3.4428258,50.9920276],[3.4427102,50.9920122],[3.4426119,50.9920224],[3.4424647,50.9920584],[3.4423668,50.9920549],[3.4422609,50.9920251],[3.4421271,50.9919738],[3.4420305,50.9919464],[3.4419208,50.9919342],[3.4416359,50.9919223],[3.4414425,50.9919082],[3.4412353,50.9918884],[3.44111,50.9919045],[3.4408344,50.9919257],[3.4406599,50.9919365],[3.4404755,50.9919428],[3.4400638,50.9919078],[3.4398358,50.9918805],[3.4396588,50.9918415],[3.4395669,50.9918086],[3.4395361,50.9917906],[3.4395247,50.991763],[3.439577,50.9916528],[3.4395904,50.9915385],[3.4395917,50.9913384],[3.4396052,50.9912578],[3.4395897,50.9910493],[3.4396473,50.99089],[3.4395986,50.9907972],[3.4395441,50.9907108],[3.4395166,50.9906943],[3.4394881,50.9906806],[3.4394523,50.9906684],[3.4392286,50.9906133],[3.4390791,50.9905728],[3.4389497,50.9905468],[3.4388312,50.9905388],[3.4386868,50.9905371],[3.4384478,50.9905588],[3.4381843,50.9905865],[3.4378985,50.9905946],[3.437792,50.9905814],[3.4375016,50.990512],[3.4373655,50.9904748],[3.4373461,50.9904586],[3.4372669,50.9903938],[3.4371546,50.9902408],[3.4370688,50.9901522],[3.4369669,50.9900495],[3.4369223,50.9899967],[3.4368923,50.9899617],[3.4368284,50.9899036],[3.4367587,50.9898492],[3.4366804,50.9898192],[3.4366051,50.9898108],[3.4363019,50.9897709],[3.4360858,50.9897425],[3.4359537,50.9897208],[3.4358217,50.9896885],[3.4356906,50.9896551],[3.4354889,50.9895942],[3.4353602,50.9895449],[3.4352099,50.9894938],[3.4350312,50.98941],[3.4349343,50.9893767],[3.4347948,50.9893159],[3.4346288,50.9892378],[3.4344196,50.9891378],[3.4342925,50.9890771],[3.4341832,50.9890168],[3.4341074,50.9889936],[3.4336564,50.9889377],[3.4334922,50.9889247],[3.4334443,50.9882472],[3.4334314,50.988066],[3.4334371,50.9880058],[3.4334488,50.9879948],[3.4334458,50.987895],[3.4334445,50.9877129],[3.4334415,50.9876333],[3.4334404,50.9875947],[3.4334307,50.9875054],[3.4334022,50.9874446],[3.4333824,50.9874147],[3.4332715,50.9872996],[3.4331947,50.9872078],[3.43315,50.9871157],[3.4331176,50.9870124],[3.4330622,50.9868433],[3.4330489,50.9867702],[3.4331682,50.9866072],[3.4332738,50.9864904],[3.4335397,50.9862013],[3.4336017,50.9861375],[3.4336711,50.9860741],[3.4337675,50.9859951],[3.4338188,50.9859433],[3.4339484,50.9858043],[3.4339834,50.9857336],[3.4340004,50.9857064],[3.4340218,50.9856638],[3.4340362,50.9856276],[3.4340466,50.9855744],[3.434049,50.985531],[3.4340473,50.9854727],[3.4340359,50.9853771],[3.4340178,50.9852844],[3.4340057,50.9852262],[3.4339628,50.9850618],[3.433939,50.9849427],[3.4339574,50.9848259],[3.4339263,50.9847445],[3.4338961,50.9846924],[3.4338113,50.9845512],[3.4337586,50.9844908],[3.4337097,50.9844442],[3.4336285,50.9843872],[3.4335376,50.9843325],[3.4334508,50.9842812],[3.4334177,50.984265],[3.4333808,50.9842466],[3.4333248,50.984201],[3.4332043,50.9841614],[3.4330291,50.9841116],[3.4325333,50.9839729],[3.432044,50.9838294],[3.4317128,50.9837342],[3.4315659,50.9836871],[3.431482,50.9836483],[3.4314348,50.9836084],[3.4313852,50.9835322],[3.4313282,50.9834541],[3.4312852,50.9834018],[3.4312626,50.9833741],[3.4312477,50.9833554],[3.43109,50.983154],[3.4308565,50.9827837],[3.4307384,50.9826155],[3.4306779,50.9825306],[3.4306422,50.9825008],[3.4305495,50.98244],[3.4305443,50.9824366],[3.4306342,50.9823632],[3.4306876,50.9823143],[3.4305376,50.9822656],[3.430502,50.9822508],[3.4303875,50.9822036],[3.4302817,50.9821655],[3.4301501,50.9821266],[3.4300268,50.9820962],[3.4298634,50.9820557],[3.4297046,50.9820186],[3.4295541,50.9819831],[3.4294961,50.9819636],[3.4295011,50.981935],[3.4295253,50.9818803],[3.4295459,50.9818339],[3.4295647,50.9817927],[3.4295567,50.9817573],[3.4295014,50.9817216],[3.4294061,50.9817099],[3.4273236,50.9814632],[3.4264861,50.9814629],[3.4264856,50.9814645],[3.4264674,50.9814644],[3.4264381,50.9814475],[3.4264858,50.9813617],[3.4267795,50.9810366],[3.426125,50.9809184],[3.4264322,50.9805933],[3.4265336,50.9804097],[3.4262994,50.9803333],[3.4262725,50.9802962],[3.4264255,50.9800167],[3.4265837,50.9798748],[3.4269458,50.9796333],[3.4263925,50.9794531],[3.4258059,50.9780071],[3.425824,50.9779638],[3.4258288,50.9779515],[3.4262445,50.9769759],[3.4264127,50.9765779],[3.4264516,50.9764367],[3.426497,50.976299],[3.4267158,50.9758411],[3.4271792,50.975622],[3.4281554,50.9751168],[3.4293424,50.973725],[3.430387,50.972503],[3.431043,50.971958],[3.4313969,50.9716577],[3.4313205,50.9716197],[3.4316986,50.9713025],[3.4323578,50.9707465],[3.4324598,50.9707136],[3.4325469,50.9706857],[3.4332927,50.9701124],[3.4333268,50.9701283],[3.434139,50.969774],[3.4349768,50.9702295],[3.4354294,50.9698058],[3.4363376,50.9702127],[3.4372255,50.9706086],[3.4396236,50.9685819],[3.4418283,50.9695659],[3.4419206,50.9694873],[3.4430666,50.968019],[3.4433542,50.9676533],[3.4436332,50.9672826],[3.4441843,50.9665426],[3.4440151,50.9664845],[3.4437783,50.966521],[3.4436023,50.9664418],[3.4436213,50.9663547],[3.4433251,50.9662438],[3.4432489,50.9660208],[3.4430734,50.9659809],[3.4430082,50.9660963],[3.4430404,50.966185],[3.4429363,50.96623],[3.442192,50.965919],[3.442348,50.96574],[3.442122,50.965633],[3.44207,50.965404],[3.441483,50.965316],[3.441298,50.965049],[3.441033,50.965011],[3.440849,50.964721],[3.439848,50.96445],[3.439585,50.964317],[3.439037,50.964168],[3.438562,50.964191],[3.438374,50.964069],[3.438072,50.963981],[3.437525,50.963832],[3.437016,50.963638],[3.436637,50.9636],[3.436201,50.963535],[3.435859,50.963569],[3.435767,50.963401],[3.435426,50.963398],[3.435176,50.96355],[3.434706,50.963333],[3.434306,50.963378],[3.433871,50.963279],[3.43342,50.963069],[3.432871,50.962947],[3.432491,50.962993],[3.432284,50.962905],[3.431791,50.962879],[3.43149,50.962707],[3.430737,50.96239],[3.430116,50.962108],[3.429358,50.962009],[3.429003,50.961753],[3.428799,50.961475],[3.428534,50.961425],[3.428213,50.961376],[3.427971,50.961135],[3.427181,50.960758],[3.427205,50.960456],[3.4270028,50.9605002],[3.4264318,50.9603502],[3.426228,50.96031],[3.42611,50.9602882],[3.425366,50.9602112],[3.4251266,50.9602504],[3.4244849,50.9604688],[3.4241377,50.9605888],[3.4238753,50.9606479],[3.423429,50.9606846],[3.4230445,50.9607239],[3.4227972,50.9606464],[3.4225088,50.9605778],[3.4223981,50.960536],[3.4222949,50.9604562],[3.4220633,50.9604083],[3.4214044,50.9601774],[3.4212277,50.9600975],[3.4205561,50.9599455],[3.4202057,50.9598518],[3.419903,50.9598091],[3.4197072,50.9597698],[3.419596,50.9597358],[3.4194276,50.9596959],[3.4193055,50.95966],[3.4192013,50.9596252],[3.4189614,50.9595598],[3.4186986,50.9594659],[3.41861,50.9594507],[3.4185098,50.9594548],[3.4181731,50.9594525],[3.4179727,50.9594244],[3.4175266,50.9594185],[3.4173331,50.9593806],[3.4170163,50.9592862],[3.4164946,50.9591308],[3.4155801,50.9588595],[3.4149409,50.9587059],[3.4145788,50.9586421],[3.4143864,50.958586],[3.4133838,50.9582835],[3.4135287,50.9579697],[3.413681,50.9576442],[3.4138177,50.9573281],[3.4139662,50.9569791],[3.4140724,50.956111],[3.4141047,50.9553699],[3.4140927,50.9550105],[3.4140927,50.9548343],[3.4141213,50.9546265],[3.4141798,50.9544664],[3.4142394,50.9543906],[3.4145087,50.9541216],[3.414615,50.9540152],[3.4150686,50.9536624],[3.4159014,50.9539503],[3.4167122,50.953347],[3.4167755,50.9533003],[3.416815,50.9533117],[3.4168609,50.9533285],[3.4174839,50.9528482],[3.4178846,50.9525381],[3.4181676,50.9522483],[3.4181093,50.9522272],[3.4182577,50.9519734],[3.4189468,50.9512878],[3.4199366,50.9506394],[3.420023,50.9505531],[3.4205286,50.9501991],[3.4205689,50.9501475],[3.4206816,50.9498319],[3.4211683,50.9493314],[3.4213816,50.949121],[3.4217062,50.9488317],[3.4255725,50.9505177],[3.4292333,50.9485331],[3.4297259,50.9482663],[3.4297612,50.948256],[3.4298225,50.948238],[3.4304789,50.9478684],[3.4317633,50.9471393],[3.4321144,50.9474244],[3.4321298,50.9474798],[3.4321466,50.9475401],[3.4333915,50.9486664],[3.4338887,50.9489528],[3.4342065,50.9491235],[3.4352091,50.949547],[3.435449,50.9496037],[3.4358598,50.9496149],[3.4361706,50.9496019],[3.4363865,50.9498552],[3.4364115,50.9498841],[3.4366176,50.9499663],[3.4371295,50.9500153],[3.4373997,50.9500297],[3.4375692,50.9499928],[3.4377886,50.9498632],[3.4379856,50.9497558],[3.4381467,50.949889],[3.4389541,50.9502607],[3.4395066,50.9505404],[3.4399554,50.9507204],[3.4407464,50.9509633],[3.4416629,50.9512375],[3.4417561,50.9512618],[3.4418388,50.9512833],[3.4420232,50.9513599],[3.4424577,50.9514292],[3.4426528,50.9514719],[3.4429921,50.9515741],[3.4433281,50.9516789],[3.4439967,50.9518936],[3.444196,50.9519907],[3.4445498,50.9516016],[3.4445927,50.9515769],[3.4446328,50.9515683],[3.4466907,50.9510891],[3.4474888,50.9509041],[3.4481627,50.9507466],[3.4482623,50.9506948],[3.4483581,50.9506439],[3.4493171,50.9501805],[3.4496842,50.9500028],[3.4498663,50.9499139],[3.4500477,50.9498235],[3.4507694,50.9494833],[3.4506337,50.9488253],[3.4505955,50.9485086],[3.4518825,50.9480474],[3.4526455,50.9477746],[3.452991,50.9482641],[3.4533039,50.9486951],[3.4539878,50.9494226],[3.4542857,50.9493825],[3.4542635,50.9489336],[3.4546019,50.9482949],[3.4549088,50.9478477],[3.454957,50.9477844],[3.4557117,50.9467926],[3.4557635,50.9467239],[3.4562359,50.9462927],[3.4564466,50.9461368],[3.4570967,50.9458102],[3.4576848,50.9455296],[3.4586319,50.945042],[3.4592785,50.9447179],[3.4594935,50.9446276],[3.4599573,50.9445703],[3.4601402,50.944562],[3.4603426,50.9445285],[3.4604247,50.9445052],[3.4606346,50.9443933],[3.4607412,50.9441938],[3.46103,50.9439783],[3.4612582,50.9437425],[3.4614292,50.9435135],[3.4614553,50.9434375],[3.4614583,50.9432781],[3.4614218,50.9430889],[3.4612532,50.9427634],[3.4612982,50.9425327],[3.4612432,50.9423832],[3.4611822,50.9423251],[3.4610281,50.9421864],[3.4609723,50.9421474],[3.4605673,50.9419776],[3.4596455,50.9417275],[3.459135,50.9416024],[3.4590361,50.9415716],[3.4585583,50.9414972],[3.4583323,50.9414655],[3.457625,50.9413643],[3.4572984,50.9413176],[3.4569168,50.9412432],[3.4563898,50.9411401],[3.4562973,50.9411227],[3.4560931,50.9410844],[3.455274,50.9409762],[3.4546758,50.9409237],[3.4543647,50.940917],[3.45413,50.9409441],[3.4539798,50.9409779],[3.4537679,50.9410505],[3.4536257,50.9411122],[3.4531765,50.9413125],[3.4527016,50.9415233],[3.4518179,50.9419179],[3.4517596,50.9419607],[3.451478,50.9421614],[3.451185,50.9423827],[3.4507987,50.9426806],[3.4507082,50.9429515],[3.450179,50.9434162],[3.4497808,50.9435502],[3.449173,50.9436912],[3.4486637,50.9438096],[3.4479476,50.9439285],[3.4476384,50.9439579],[3.446539,50.943973],[3.4455922,50.9439376],[3.4454396,50.9439329],[3.444867,50.9438637],[3.4446,50.9438012],[3.4441864,50.9436887],[3.4438229,50.9435891],[3.4428823,50.9432157],[3.4418923,50.9428223],[3.4409596,50.9424791],[3.4407149,50.9423975],[3.439976,50.9422135],[3.4396937,50.942158],[3.4392592,50.9420566],[3.439284,50.9420308],[3.4386682,50.9418515],[3.4384183,50.9417464],[3.4381641,50.9416213],[3.437965,50.94149],[3.4377517,50.9412437],[3.4376585,50.941111],[3.4376782,50.9408648],[3.4377129,50.9404814],[3.437752,50.940288],[3.4378985,50.939809],[3.4380274,50.9395987],[3.4384679,50.9391248],[3.4386944,50.938901],[3.4389487,50.9386759],[3.4391281,50.9385299],[3.4393041,50.9384114],[3.4396286,50.9382212],[3.4402565,50.9379285],[3.4410596,50.9375595],[3.441429,50.937427],[3.4423549,50.9371277],[3.4429848,50.9369525],[3.443685,50.9368167],[3.4450513,50.9366499],[3.4456998,50.9372662],[3.4474776,50.9377314],[3.4478332,50.9377755],[3.4494453,50.937814],[3.4495378,50.9377961],[3.4496481,50.9377717],[3.449876,50.9377484],[3.4502307,50.9377412],[3.45034,50.9377412],[3.450812,50.9377609],[3.4513713,50.9377851],[3.4515028,50.937791],[3.4519417,50.9377674],[3.4521056,50.9377475],[3.4524295,50.9376825],[3.453074,50.937541],[3.453698,50.937641],[3.454245,50.937778],[3.4543519,50.9377847],[3.4545585,50.9377843],[3.4547174,50.9377708],[3.4547912,50.9377589],[3.4550548,50.9376775],[3.4552116,50.9376119],[3.4554637,50.9374885],[3.4557593,50.9373165],[3.4558935,50.9371965],[3.4559948,50.9370926],[3.4560572,50.9370034],[3.4561303,50.9368583],[3.4561611,50.9367253],[3.4561598,50.9365314],[3.4561257,50.9362032],[3.4560849,50.9351306],[3.456033,50.9349159],[3.4558214,50.9343972],[3.4555998,50.9338957],[3.4555099,50.9333935],[3.4555113,50.933299],[3.4555677,50.9330463],[3.455687,50.9327369],[3.4556776,50.9325933],[3.4556132,50.9323999],[3.4553786,50.9320608],[3.4551801,50.9317868],[3.4550473,50.9316374],[3.4549186,50.9315283],[3.4546624,50.9313229],[3.4544292,50.9312024],[3.4536217,50.9309231],[3.4532094,50.9307242],[3.4531228,50.9306679],[3.4530611,50.9305242],[3.4530662,50.93028],[3.4533637,50.9298154],[3.453434,50.9295893],[3.4534943,50.9293129],[3.4536605,50.9292114],[3.4535399,50.9290357],[3.4530638,50.9288311],[3.4525226,50.9287795],[3.4516355,50.9286426],[3.4505869,50.9285972],[3.4490056,50.9287212],[3.448665,50.9287846],[3.4482622,50.928769],[3.4475827,50.9288066],[3.4467714,50.9288607],[3.4463274,50.9288937],[3.4457521,50.9289495],[3.4446832,50.9290538],[3.4435098,50.9292478],[3.4433757,50.9293457],[3.441828,50.929496],[3.441592,50.9295479],[3.441305,50.9296324],[3.4410435,50.929722],[3.4407442,50.929851],[3.4405178,50.9299511],[3.439993,50.93024],[3.4398083,50.9303602],[3.4397357,50.9304241],[3.4388628,50.9311926],[3.4387234,50.9313157],[3.4387059,50.931432],[3.43871,50.931554],[3.439141,50.932151],[3.439075,50.932582],[3.43869,50.932903],[3.437188,50.933082],[3.43502,50.933376],[3.4337116,50.933503],[3.4336913,50.933505],[3.4336933,50.9334077],[3.4333623,50.9333895],[3.4330773,50.9333688],[3.4323391,50.9332785],[3.4317054,50.9331892],[3.4315116,50.9331579],[3.4312179,50.9330981],[3.4306721,50.932969],[3.4302684,50.9328638],[3.4299995,50.9327818],[3.4298419,50.9327222],[3.429627,50.9326329],[3.4292766,50.9324893],[3.429105,50.9324116],[3.4287482,50.9322315],[3.4285959,50.9321454],[3.428413,50.9319898],[3.4282346,50.9318571],[3.4280093,50.9317168],[3.427835,50.9316306],[3.4274521,50.9313509],[3.4269347,50.9310121],[3.4265636,50.9308792],[3.4262042,50.9307575],[3.4259978,50.930727],[3.4254357,50.9305005],[3.4250897,50.9302977],[3.4249489,50.9302621],[3.4246885,50.930085],[3.4245224,50.9299545],[3.4245077,50.9298962],[3.4243534,50.9296924],[3.4242864,50.9296324],[3.4242645,50.9295923],[3.4242368,50.9295116],[3.4241763,50.9289575],[3.4241275,50.9284905],[3.4241518,50.9282191],[3.424185,50.9280028],[3.424118,50.9273251],[3.4240637,50.9268807],[3.4240597,50.9268345],[3.4240758,50.926788],[3.4243105,50.9263958],[3.4243021,50.9263855],[3.4244346,50.9262934],[3.4247893,50.9260323],[3.4251503,50.9257644],[3.4256758,50.9253645],[3.4261869,50.925034],[3.4267094,50.9247472],[3.4267568,50.9247153],[3.4269663,50.9245253],[3.4271426,50.9243571],[3.4271642,50.9243313],[3.4272013,50.9242748],[3.4273082,50.9241072],[3.4273424,50.924062],[3.4276726,50.9235873],[3.4280877,50.9228176],[3.4284229,50.9223783],[3.428806,50.9221],[3.4290697,50.9217854],[3.4302021,50.9207847],[3.430892,50.9201863],[3.4310166,50.9200981],[3.43175,50.919918],[3.4321458,50.9198312],[3.432818,50.9195717],[3.433139,50.9193956],[3.4332544,50.9193254],[3.4333469,50.9192586],[3.4334123,50.9192022],[3.4335031,50.9191208],[3.4337382,50.9188941],[3.4338992,50.9186189],[3.433941,50.9185184],[3.4339588,50.9183685],[3.4339256,50.9182513],[3.4338755,50.9181626],[3.4337137,50.9179634],[3.4337264,50.9179547],[3.4337041,50.9179316],[3.4336909,50.91794],[3.4335514,50.9178027],[3.4333755,50.9176391],[3.4332597,50.9175334],[3.4327899,50.9171894],[3.4324697,50.917021],[3.4321679,50.9168974],[3.4317974,50.9168223],[3.4313801,50.9169267],[3.431064,50.917072],[3.4306725,50.9172867],[3.4303726,50.9173117],[3.4299786,50.9171749],[3.429644,50.916931],[3.42888,50.916252],[3.4286611,50.9161604],[3.42786,50.916004],[3.4275882,50.9159458],[3.4272319,50.9157516],[3.4271349,50.9156126],[3.4271151,50.9154702],[3.4272099,50.9152371],[3.4273867,50.9150909],[3.4276597,50.9149533],[3.4282112,50.9148005],[3.4285376,50.9147338],[3.428684,50.914585],[3.4288105,50.9145119],[3.4290449,50.9141581],[3.4289831,50.9140107],[3.4286494,50.9137044],[3.4282242,50.9135598],[3.4277436,50.9135017],[3.4272848,50.9135685],[3.4269452,50.9136491],[3.4265791,50.9136686],[3.4261909,50.9135907],[3.4256086,50.9133738],[3.4254278,50.9132598],[3.4253793,50.9131124],[3.4254939,50.9129066],[3.4255733,50.9128092],[3.4257145,50.9127452],[3.4258998,50.9127425],[3.4265791,50.9128231],[3.427126,50.9128231],[3.427649,50.9127581],[3.4277259,50.9125923],[3.4274039,50.9121362],[3.4272589,50.9120592],[3.4270466,50.9118998],[3.4265526,50.9117248],[3.4257454,50.9114548],[3.424841,50.9112594],[3.4238111,50.911057],[3.4226853,50.910914],[3.4221459,50.910854],[3.4211877,50.910862],[3.4203639,50.9108874],[3.4196306,50.9109383],[3.4196112,50.9108481],[3.4196025,50.91073],[3.419493,50.9102299],[3.4194734,50.9101508],[3.4193875,50.9097298],[3.4192688,50.9094448],[3.4191824,50.9092954],[3.4190574,50.9091379],[3.4189851,50.9090614],[3.4188045,50.9088867],[3.4185723,50.9086671],[3.4183672,50.9084924],[3.4183163,50.9084539],[3.4182173,50.9083587],[3.4180843,50.9080819],[3.4180431,50.9079355],[3.4178692,50.9077568],[3.4177192,50.9076176],[3.4174963,50.9073213],[3.4172314,50.9070245],[3.4172275,50.9069844],[3.4172524,50.9069214],[3.4173186,50.9068119],[3.4171785,50.9067456],[3.4172486,50.9066317],[3.4172412,50.9066015],[3.4165674,50.9059965],[3.4164996,50.9059018],[3.4163984,50.9056858],[3.4163772,50.9053922],[3.4163601,50.9053244],[3.4163125,50.9052065],[3.4160915,50.904869],[3.4159897,50.9047774],[3.4157263,50.904636],[3.4155116,50.9045625],[3.4154317,50.9045435],[3.4153941,50.9045229],[3.4153715,50.9044937],[3.4153554,50.9044683],[3.4153547,50.904419],[3.4164203,50.9041034],[3.416634,50.9040296],[3.4167406,50.9039994],[3.416654,50.9034643],[3.4166687,50.9034507],[3.4166547,50.9033734],[3.4166175,50.9030253],[3.4175222,50.9027455],[3.4178487,50.9026442],[3.4183802,50.9024797],[3.4189683,50.9022975],[3.4191656,50.9022087],[3.419265,50.9021424],[3.4193841,50.9020391],[3.4194688,50.9019093],[3.419496,50.9017647],[3.4195041,50.9016656],[3.4195019,50.9014845],[3.4195047,50.9013215],[3.419561,50.9011635],[3.4198635,50.9008501],[3.4202269,50.9005547],[3.4209344,50.8999545],[3.4214806,50.8996256],[3.4226464,50.8990367],[3.4231562,50.8987668],[3.4233952,50.8986407],[3.4236309,50.8985356],[3.4238516,50.8984713],[3.4240734,50.8984268],[3.4250517,50.8982929],[3.4261893,50.8981502],[3.4276854,50.8979821],[3.4284385,50.8978885],[3.4289347,50.8977584],[3.4292757,50.8977158],[3.4294423,50.8976797],[3.4296061,50.8976418],[3.429693,50.8976185],[3.429956,50.897524],[3.4301105,50.8974602],[3.4307891,50.8971223],[3.4314094,50.896818],[3.4314235,50.8967734],[3.4315501,50.8968513],[3.4320664,50.8970941],[3.4326351,50.8973402],[3.4326467,50.8973665],[3.4328082,50.897453],[3.4331112,50.897635],[3.4333692,50.8977698],[3.4338127,50.897926],[3.4342037,50.8980618],[3.434613,50.8981943],[3.4347005,50.8982176],[3.4348369,50.8982405],[3.4351391,50.8982791],[3.4354193,50.8983098],[3.4355654,50.8983318],[3.4372119,50.8985847],[3.4378613,50.8987468],[3.4381302,50.8988139],[3.4383198,50.8988381],[3.43934,50.8989915],[3.4401003,50.8992078],[3.4413137,50.8995683],[3.4416171,50.8996813],[3.4420713,50.8998505],[3.4420936,50.8998352],[3.4424876,50.8999469],[3.4426866,50.8999941],[3.4426436,50.900023],[3.4433905,50.9002071],[3.4442789,50.9004261],[3.445104,50.9006295],[3.4456818,50.9012013],[3.4460155,50.9015821],[3.4464961,50.9022999],[3.4466582,50.9023455],[3.4469847,50.902814],[3.4470105,50.9028076],[3.4477575,50.9036524],[3.4478091,50.9037052],[3.4478207,50.9037184],[3.4480993,50.9040388],[3.4482091,50.9041644],[3.4486705,50.9046948],[3.4492081,50.9053133],[3.4492697,50.9053663],[3.4503567,50.9061841],[3.4507772,50.9064146],[3.4510998,50.9064939],[3.4517639,50.9066314],[3.4532091,50.9076348],[3.4568076,50.9062522],[3.4600599,50.9076075],[3.4610628,50.907005],[3.4625082,50.9057332],[3.4616806,50.9053629],[3.4616673,50.905327],[3.4617312,50.9052925],[3.4618116,50.905323],[3.4623722,50.9053078],[3.462995,50.904769],[3.463763,50.904308],[3.464527,50.903976],[3.4647265,50.9041007],[3.4648135,50.9041551],[3.465605,50.903133],[3.465767,50.902633],[3.4665418,50.9019807],[3.467437,50.9029417],[3.468097,50.9038098],[3.468506,50.9046758],[3.469036,50.9052018],[3.470056,50.9053548],[3.47132,50.9053669],[3.4728817,50.9053678],[3.4730623,50.9053603],[3.4732418,50.9053146],[3.4733044,50.9053295],[3.4733501,50.9053538],[3.4734025,50.9054012],[3.4735541,50.9057108],[3.4736399,50.9057874],[3.4737602,50.9058853],[3.4738711,50.9059782],[3.4739936,50.9060809],[3.4740656,50.9061351],[3.4740945,50.9061568],[3.4742404,50.9062562],[3.474385,50.9063431],[3.474555,50.9064498],[3.4748176,50.9066915],[3.4751009,50.9068105],[3.475367,50.9070488],[3.4754545,50.9070448],[3.4756126,50.9071321],[3.4756564,50.9071589],[3.4757641,50.9072278],[3.4758386,50.907277],[3.4759361,50.9073851],[3.4760102,50.9074854],[3.4760737,50.9075691],[3.476239,50.9076612],[3.4763392,50.9077299],[3.4764623,50.9078378],[3.4764825,50.9078669],[3.4765505,50.9079553],[3.4765728,50.9080234],[3.4765936,50.9080538],[3.4766224,50.908077],[3.4766666,50.9080949],[3.477718,50.9097488],[3.478144,50.9097678],[3.478801,50.9096458],[3.479529,50.9102298],[3.479499,50.9103368],[3.480366,50.9110958],[3.4807695,50.9113807],[3.481939,50.9121868],[3.484248,50.9134458],[3.485925,50.9150058],[3.489048,50.9183548],[3.489216,50.9184808],[3.489526,50.9186258],[3.492767,50.9231998],[3.494942,50.9255188],[3.4970027,50.9269854],[3.4980833,50.9275192],[3.499979,50.9284297],[3.501134,50.9290708],[3.503305,50.9315848],[3.504571,50.9338238],[3.506322,50.9345218],[3.506583,50.9342508],[3.509118,50.9355668],[3.511903,50.9387328],[3.511416,50.9388748],[3.512369,50.9396528],[3.515655,50.9427728],[3.517664,50.9450158],[3.517378,50.9451038],[3.519459,50.9465378],[3.51969,50.9463248],[3.526636,50.9477208],[3.528966,50.948268],[3.531504,50.947925],[3.53267,50.947933],[3.534433,50.948001],[3.536363,50.948265],[3.5368183,50.9482889],[3.536985,50.94852],[3.537149,50.948879],[3.537631,50.948955],[3.537561,50.949729],[3.539519,50.951648],[3.540348,50.951419],[3.5414263,50.9530743],[3.5416998,50.9529907],[3.5418331,50.9528001],[3.5417152,50.9527473],[3.5415987,50.9518232],[3.541399,50.950462],[3.5403888,50.9489529],[3.5402837,50.9487804],[3.540187,50.9486206],[3.5401143,50.9485033],[3.5400057,50.9483265],[3.5398736,50.948113],[3.5396788,50.9478247],[3.539646,50.9477979],[3.5396522,50.9477833],[3.5396348,50.9477566],[3.5395709,50.9476576],[3.5395078,50.9475617],[3.5393045,50.9472486],[3.5392386,50.9471516],[3.5391249,50.9469806],[3.5389857,50.9467731],[3.5389178,50.946668],[3.538867,50.9465476],[3.5388207,50.9464383],[3.5387808,50.9463453],[3.5387412,50.9462529],[3.5386988,50.9461527],[3.5386413,50.946029],[3.5385494,50.9458282],[3.5390166,50.9457603],[3.5392691,50.9457305],[3.5396006,50.9456919],[3.5398855,50.945659],[3.5400985,50.9456338],[3.5403804,50.9456022],[3.5406259,50.9455703],[3.5407549,50.945553],[3.5410388,50.9455104],[3.5412152,50.945481],[3.5414274,50.9454394],[3.5416496,50.9453957],[3.5419201,50.9453437],[3.5420433,50.9453251],[3.5422854,50.9452884],[3.5426085,50.9452386],[3.5426825,50.9451897],[3.5428403,50.9450164],[3.5429621,50.9448843],[3.5430834,50.9447494],[3.543196,50.9446238],[3.543386,50.9444125],[3.5434712,50.9443164],[3.5436781,50.944088],[3.5438132,50.9439376],[3.5441335,50.9435847],[3.5443512,50.9433436],[3.5446033,50.9430636],[3.5448738,50.9427638],[3.5451256,50.9424848],[3.5451986,50.9424211],[3.5452381,50.9423849],[3.5454825,50.9421022],[3.5456404,50.9419173],[3.5457201,50.9418259],[3.5459318,50.9415809],[3.5460056,50.9416137],[3.5469241,50.9405283],[3.5492178,50.940884],[3.5494508,50.9406928],[3.5496553,50.9405367],[3.5498843,50.9403632],[3.5501506,50.9401607],[3.5504545,50.9399474],[3.5511414,50.9394783],[3.5512926,50.939377],[3.551421,50.9392876],[3.5514757,50.9392409],[3.5515412,50.939184],[3.5515773,50.9391539],[3.5516003,50.9391314],[3.5516126,50.9391156],[3.5517553,50.9388903],[3.5519244,50.9386249],[3.5519866,50.9385273],[3.5521044,50.9383431],[3.5521651,50.9382493],[3.5522811,50.9380781],[3.5525038,50.9381361],[3.5527912,50.9382103],[3.5530632,50.9382813],[3.5534014,50.9383696],[3.553573,50.9384173],[3.5536331,50.938433],[3.5537249,50.9384394],[3.5539201,50.9383627],[3.554059,50.938307],[3.5541588,50.9382637],[3.5542757,50.9382125],[3.5544404,50.9381411],[3.5544948,50.9381192],[3.5546152,50.9380731],[3.5547082,50.9380363],[3.5547812,50.9380078],[3.5548908,50.9379683],[3.5550685,50.9379089],[3.555269,50.9378461],[3.5558481,50.9376771],[3.5559758,50.937639],[3.5560594,50.9376162],[3.5562159,50.9375774],[3.5565319,50.9375007],[3.5567371,50.9374573],[3.5567999,50.9374448],[3.556893,50.9374266],[3.5569971,50.9374061],[3.557114,50.9373831],[3.5572089,50.9373652],[3.5573604,50.9373378],[3.5575181,50.9373093],[3.5576793,50.937278],[3.5578792,50.9372325],[3.5579996,50.9372013],[3.5581106,50.937173],[3.5581737,50.9371567],[3.5582586,50.9371337],[3.5583194,50.9371312],[3.558428,50.9370907],[3.5585143,50.9370568],[3.5586433,50.937006],[3.5587254,50.9369734],[3.5588368,50.9369295],[3.5589074,50.9369025],[3.5589752,50.9368775],[3.5590309,50.9368584],[3.559107,50.9368332],[3.5592399,50.9367898],[3.5593257,50.9367636],[3.5594232,50.9367341],[3.5595745,50.9366887],[3.5596692,50.9366606],[3.5597602,50.9366366],[3.559931,50.9365936],[3.5600386,50.9365681],[3.5601663,50.9365379],[3.5603445,50.9365042],[3.5604984,50.9364746],[3.5606659,50.9364466],[3.5608089,50.9364227],[3.5611093,50.9363929],[3.5611584,50.9363873],[3.5613347,50.9363641],[3.5615343,50.936334],[3.5615698,50.936328],[3.5618207,50.9362704],[3.561916,50.9362258],[3.5620918,50.9361493],[3.5621584,50.9361206],[3.5622042,50.9360918],[3.5622571,50.9360584],[3.5623289,50.9360067],[3.562476,50.9359012],[3.5625979,50.9358303],[3.5627255,50.9357762],[3.5629483,50.9357127],[3.5631361,50.935655],[3.5633307,50.935622],[3.5634861,50.9356024],[3.5636341,50.935585],[3.5639391,50.9355508],[3.5641931,50.9355225],[3.5677214,50.9351707],[3.5682122,50.9351603],[3.5683738,50.9351771],[3.5685026,50.9352132],[3.5686295,50.9352481],[3.568845,50.9353219],[3.5690063,50.935384],[3.569492,50.9355645],[3.5698002,50.9356807],[3.5702254,50.9358377],[3.5703161,50.9358754],[3.5718131,50.9347018],[3.5718515,50.9347094],[3.5734793,50.9336427],[3.5740887,50.933677],[3.5741605,50.9336804],[3.5743693,50.9336877],[3.574899,50.9337062],[3.5749523,50.9335068],[3.57522,50.9335126],[3.5757922,50.9335258],[3.5763736,50.9335474],[3.5766716,50.9335593],[3.5767361,50.9335674],[3.5769932,50.9335748],[3.577242,50.9335807],[3.5775152,50.9335882],[3.5784805,50.9336094],[3.5788694,50.9336283],[3.578948,50.9336426],[3.5790306,50.9336794],[3.5792795,50.9338064],[3.5793684,50.9338974],[3.5794178,50.9339825],[3.5795002,50.9342079],[3.5795527,50.9343518],[3.5795727,50.9344079],[3.579616,50.9345769],[3.5796298,50.9346498],[3.5796586,50.9347285],[3.5796847,50.9347501],[3.5797476,50.9347701],[3.5798945,50.9348033],[3.5804046,50.9349099],[3.5806382,50.9349631],[3.5808621,50.9350229],[3.5812122,50.9351323],[3.581725,50.9344124],[3.5829336,50.9348498],[3.5833957,50.9340644],[3.5834942,50.9338721],[3.5838164,50.9333194],[3.5840813,50.9328435],[3.5843165,50.9324193],[3.584635,50.9318544],[3.5855335,50.9320119],[3.585654,50.9320156],[3.5858029,50.9320098],[3.5859233,50.9320025],[3.5861167,50.9319743],[3.5866361,50.9319192],[3.5870526,50.9318729],[3.5880473,50.9317756],[3.5881393,50.9317676],[3.5883033,50.9323054],[3.5884491,50.9325606],[3.5886508,50.9328409],[3.5894534,50.9337801],[3.589972,50.934543],[3.5909687,50.9355624],[3.59277,50.937248],[3.5937354,50.9380815],[3.5945232,50.9387243],[3.595866,50.9393012],[3.59718,50.939914],[3.5978196,50.9401776],[3.598031,50.940067],[3.6044307,50.9373693],[3.6065248,50.9365227],[3.6106428,50.9352468],[3.6136651,50.9341933],[3.6152422,50.9333751],[3.616901,50.932716],[3.6190295,50.9317794],[3.6197281,50.9314645],[3.6205691,50.9309747],[3.6211928,50.9307748],[3.6223191,50.9304048],[3.6233538,50.929877],[3.6250708,50.9292929],[3.6263017,50.9286546],[3.6265562,50.9283956],[3.6272604,50.9279688],[3.6283163,50.9271183],[3.628676,50.9268784],[3.6311377,50.925733],[3.6316885,50.9253987],[3.6319049,50.9252448],[3.6323118,50.924877],[3.6320303,50.9244158],[3.631505,50.9235695],[3.6295075,50.9239099],[3.6284901,50.9240555],[3.6266604,50.9242198],[3.6262897,50.9242379],[3.6260354,50.9241311],[3.6260428,50.923983],[3.6256143,50.9235681],[3.6251834,50.9230961],[3.6248085,50.9218384],[3.6247593,50.9214216],[3.6244422,50.9208273],[3.624351,50.9207834],[3.6239806,50.9201215],[3.6248591,50.9198543],[3.6265397,50.9195693],[3.6275181,50.9193916],[3.6294794,50.918849],[3.6316328,50.9183225],[3.6367688,50.9172004],[3.6392641,50.9168294],[3.640337,50.9165189],[3.6418233,50.9161831],[3.6413938,50.9154281],[3.6413442,50.9152222],[3.6415322,50.9139922],[3.6414836,50.9137751],[3.6413947,50.9136771],[3.6411282,50.9134344],[3.6409547,50.9131817],[3.6409551,50.9129904],[3.6414401,50.9121717],[3.6415054,50.9118394],[3.642749,50.9108081],[3.6437502,50.9099811],[3.6438172,50.9099474],[3.6441967,50.9096174],[3.6445352,50.9094319],[3.6451171,50.9091201],[3.6459904,50.9092908],[3.6459857,50.9092013],[3.6465009,50.9090493],[3.6465381,50.9092517],[3.6476217,50.9089263],[3.6475226,50.9088326],[3.6483899,50.9085179],[3.6489243,50.9089963],[3.6499527,50.9081578],[3.6500313,50.9080101],[3.6517033,50.9089053],[3.6521012,50.9085772],[3.6525629,50.9088304],[3.6537883,50.9085958],[3.6542275,50.9085339],[3.6543164,50.9089196],[3.6551361,50.9088106],[3.6553259,50.9091406],[3.6560118,50.9090542],[3.6583523,50.9091458],[3.6586975,50.9091045],[3.6612526,50.9093387],[3.6613092,50.9098493],[3.662028,50.9098305],[3.6620146,50.9104613],[3.663425,50.9104851],[3.6630412,50.9108269],[3.6652762,50.9116248],[3.6651279,50.9118067],[3.6678189,50.912697],[3.6677384,50.9127613],[3.669858,50.9133805],[3.6703187,50.9130116],[3.6705831,50.9126547],[3.6724001,50.9133491],[3.6717639,50.9137685],[3.6722295,50.9139959],[3.672258,50.9140804],[3.6730855,50.9145041],[3.67548,50.913944],[3.677444,50.913459],[3.677658,50.913406],[3.679659,50.912826],[3.681436,50.911956],[3.682902,50.910976],[3.684146,50.909797],[3.6850038,50.9086489],[3.685566,50.907844],[3.6865029,50.9080034],[3.687014,50.9080583],[3.6875324,50.9079681],[3.6879718,50.907696],[3.6883773,50.9071718],[3.6884734,50.9068205],[3.68864,50.9060153],[3.6890072,50.9049886],[3.689343,50.9050396],[3.6894157,50.9050507],[3.6904309,50.9052049],[3.6911295,50.9054426],[3.6914146,50.9054531],[3.6926014,50.905992],[3.6928386,50.906145],[3.6934648,50.9064652],[3.693235,50.906726],[3.6943804,50.9071896],[3.6942953,50.9072526],[3.6939105,50.907353],[3.6932388,50.9079482],[3.6927342,50.9086242],[3.6926907,50.9086852],[3.6928473,50.9086926],[3.6920192,50.9088827],[3.691821,50.9088988],[3.6913583,50.9103951],[3.6917173,50.9104581],[3.6921112,50.910453],[3.6929908,50.910417],[3.6931449,50.9104332],[3.6940344,50.9106191],[3.6940488,50.9105858],[3.694076,50.9105225],[3.6941763,50.9103179],[3.6942831,50.9101147],[3.6943593,50.9099721],[3.6944384,50.9098464],[3.6944534,50.9098204],[3.6945568,50.9096773],[3.6946928,50.9095251],[3.6947865,50.9094307],[3.6955474,50.9100122],[3.6956345,50.9101318],[3.6962847,50.9100461],[3.6979453,50.9109786],[3.6985516,50.9106423],[3.7001152,50.9111393],[3.700422,50.9109268],[3.701844,50.9117163],[3.7047142,50.909994],[3.7050399,50.909906],[3.7058447,50.9099458],[3.7067658,50.909048],[3.7085671,50.9097394],[3.7127793,50.9111396],[3.7131684,50.9111077],[3.7135676,50.9110713],[3.7138216,50.9110609],[3.7140994,50.9110601],[3.7144134,50.9110773],[3.7148957,50.911117],[3.7153731,50.9111609],[3.7157647,50.9111944],[3.7161642,50.9112391],[3.7164126,50.9112765],[3.7165613,50.9113034],[3.7173275,50.9103267],[3.7185274,50.9107177],[3.7186823,50.9107672],[3.719141,50.910901],[3.719237,50.9110892],[3.7193287,50.9112044],[3.7194882,50.9112926],[3.7199792,50.9116496],[3.7203393,50.9113825],[3.7210182,50.9117714],[3.7214133,50.9120071],[3.7226282,50.9109808],[3.7235641,50.9112924],[3.7244743,50.9115853],[3.7254132,50.9118725],[3.725471,50.9119161],[3.7255486,50.9119279],[3.7255683,50.9118452],[3.7256428,50.9117146],[3.7258929,50.9113048],[3.7260231,50.9110827],[3.726167,50.9108703],[3.7262949,50.9107115],[3.7268808,50.9100734],[3.7274328,50.9094655],[3.7277508,50.9089561],[3.7278205,50.9088309],[3.7281063,50.9084924],[3.7284529,50.908074],[3.7261731,50.9075926],[3.7265033,50.9066981],[3.7269191,50.9067331],[3.7274939,50.905361],[3.7268088,50.9052235],[3.727137,50.9042062],[3.7272742,50.9042409],[3.727944,50.902372],[3.728193,50.902407],[3.7282956,50.9023941],[3.7286917,50.9024057],[3.7288251,50.9024769],[3.728938,50.9024717],[3.7291202,50.9025426],[3.7292577,50.9026893],[3.7292684,50.902794],[3.7293546,50.9028212],[3.7294696,50.9028121],[3.7295229,50.9028406],[3.7295024,50.9029131],[3.7295373,50.902948],[3.7296399,50.9029441],[3.7296748,50.9029933],[3.7296461,50.9030503],[3.7295456,50.903109],[3.730084,50.9032984],[3.7302009,50.9033333],[3.7330063,50.9045113],[3.7339114,50.9049197],[3.734003,50.904975],[3.7340547,50.9050158],[3.7340989,50.9051161],[3.734183,50.9051822],[3.7342887,50.9052236],[3.7343339,50.9052837],[3.7343606,50.9053741],[3.7344272,50.9054313],[3.7345309,50.9054585],[3.734653,50.9054222],[3.734691,50.9054462],[3.7347105,50.9055025],[3.7347647,50.9055299],[3.7348028,50.9055258],[3.7348398,50.905485],[3.734887,50.9054598],[3.7349454,50.9054779],[3.735008,50.9055148],[3.7349783,50.9055782],[3.7349567,50.9056384],[3.7350039,50.9056617],[3.7350819,50.9056474],[3.735203,50.9056092],[3.7352982,50.9055933],[3.7353549,50.9056526],[3.7353385,50.9057063],[3.735359,50.9057315],[3.7354298,50.9057438],[3.735478,50.9057225],[3.7354944,50.9056474],[3.7355427,50.9056358],[3.7357038,50.9056442],[3.7358602,50.9056401],[3.7361443,50.9056989],[3.7362479,50.9057525],[3.7363522,50.9058479],[3.7364185,50.9058925],[3.7366651,50.9059823],[3.7371306,50.9061728],[3.7373691,50.9062768],[3.7375368,50.9063614],[3.7376195,50.9064103],[3.7377699,50.9064332],[3.7378966,50.9065385],[3.7380486,50.9065451],[3.7381403,50.9065982],[3.7382424,50.9066267],[3.7384025,50.906632],[3.73851,50.906658],[3.7386715,50.9067468],[3.7388277,50.9068724],[3.739057,50.9069113],[3.7391791,50.9070474],[3.7392877,50.9070212],[3.7394513,50.9070719],[3.7395157,50.907159],[3.7397236,50.9071658],[3.7398925,50.907247],[3.7399664,50.9073614],[3.7402654,50.9073147],[3.7404886,50.9072954],[3.7406717,50.9073722],[3.7408179,50.9073569],[3.7409762,50.9074026],[3.7411666,50.9075252],[3.7417529,50.9077046],[3.7418506,50.9077772],[3.7420303,50.9077823],[3.7421295,50.9078939],[3.7428993,50.9082153],[3.7430736,50.9080808],[3.7433472,50.9081172],[3.7434679,50.9082559],[3.7435672,50.908239],[3.7436852,50.9080631],[3.7439159,50.908102],[3.7440768,50.9080563],[3.7443101,50.9080867],[3.7444111,50.9079646],[3.744396,50.9078635],[3.7444791,50.9078703],[3.744522,50.9079396],[3.7448463,50.9079003],[3.7449163,50.908014],[3.7450933,50.9081037],[3.7452704,50.9081595],[3.7454393,50.908129],[3.745603,50.9080631],[3.7458988,50.9079449],[3.7460838,50.9079029],[3.7469872,50.9079305],[3.7490067,50.9089984],[3.7495646,50.9091962],[3.7511876,50.9098003],[3.75165,50.9099514],[3.7520907,50.9100794],[3.7525257,50.9101695],[3.7526692,50.9102025],[3.7528292,50.910186],[3.7531561,50.9103294],[3.7533063,50.9104545],[3.7543379,50.9118838],[3.7548244,50.9125753],[3.7552415,50.913239],[3.7556759,50.9138178],[3.7557846,50.9139206],[3.7571755,50.9143927],[3.7583816,50.9149068],[3.7631536,50.9168182],[3.7642439,50.9172826],[3.7651676,50.9176718],[3.7651614,50.9179981],[3.7661377,50.9184798],[3.7706788,50.9160726],[3.7712449,50.9157173],[3.7720281,50.9146655],[3.7725243,50.9140229],[3.772863,50.9134402],[3.7738386,50.9123165],[3.7744984,50.911657],[3.7750549,50.9110741],[3.7753064,50.9108279],[3.7802799,50.9089958],[3.7803215,50.908962],[3.7804475,50.9089273],[3.7809491,50.9087599],[3.7811196,50.9086703],[3.7811986,50.9085992],[3.7813139,50.908124],[3.7815097,50.9075827],[3.7822017,50.9064225],[3.7831026,50.9050275],[3.7841302,50.9033711],[3.7846613,50.9021668],[3.7874293,50.9021532],[3.789437,50.9020348],[3.7894045,50.9018813],[3.7935018,50.901277],[3.7947196,50.9014834],[3.7962991,50.9011297],[3.7980224,50.8997021],[3.7991452,50.8987904],[3.7998808,50.897715],[3.8006687,50.8976299],[3.8014573,50.8977788],[3.8022415,50.8981065],[3.803013,50.8979344],[3.8040425,50.8976275],[3.8043863,50.8978836],[3.8049012,50.8981205],[3.805304,50.897987],[3.8050005,50.8971884],[3.804973,50.8971236],[3.8049548,50.8969538],[3.804963,50.896817],[3.8050112,50.8967197],[3.8050897,50.8966123],[3.8051963,50.8964774],[3.8062762,50.8952456],[3.8063932,50.8951012],[3.8064516,50.895014],[3.8065065,50.8948914],[3.8065318,50.8947485],[3.8086858,50.8953985],[3.8094224,50.895596],[3.8096595,50.8956611],[3.8100457,50.8957762],[3.81071,50.8961039],[3.811493,50.8966023],[3.8116202,50.8967642],[3.8116899,50.8970733],[3.8123792,50.8975932],[3.8136015,50.8980356],[3.8152207,50.8985084],[3.816764,50.8988777],[3.8168961,50.8990644],[3.8174142,50.8994072],[3.8154223,50.9010054],[3.8162391,50.9015435],[3.8156432,50.9019547],[3.8185093,50.9033986],[3.8167508,50.9048275],[3.8179541,50.9054855],[3.8174906,50.9058272],[3.8196755,50.9069659],[3.8187501,50.9078236],[3.8208254,50.9089423],[3.8203949,50.909727],[3.820589,50.9098035],[3.8207687,50.9098924],[3.820878,50.9099454],[3.8210046,50.9100177],[3.8211458,50.9100923],[3.8212213,50.9101538],[3.8213213,50.910243],[3.8214369,50.9103479],[3.8215578,50.9104695],[3.8217676,50.9106211],[3.8219629,50.9107298],[3.8221133,50.910807],[3.8222597,50.9108807],[3.8225484,50.9109771],[3.8228079,50.9110467],[3.8230815,50.9111091],[3.8239463,50.9112892],[3.8244966,50.9114189],[3.8250506,50.9115628],[3.8260739,50.9118039],[3.8266851,50.9119501],[3.8270371,50.9120514],[3.8272201,50.9121415],[3.8279077,50.9124615],[3.8283626,50.9126528],[3.8286565,50.9127631],[3.8289331,50.912855],[3.8292338,50.9129974],[3.8283795,50.913922],[3.8282585,50.9140457],[3.82799,50.9142307],[3.8277118,50.914412],[3.82715,50.9147245],[3.82694,50.9148391],[3.8263472,50.9151863],[3.8252314,50.9158112],[3.8250114,50.9159622],[3.8248114,50.9161081],[3.8246831,50.9162068],[3.8244654,50.9163477],[3.8243231,50.9164319],[3.8242066,50.9164891],[3.8240874,50.916544],[3.8239307,50.9165997],[3.8236081,50.9166979],[3.8234794,50.9167315],[3.8238538,50.9172269],[3.8242759,50.9177991],[3.8238947,50.9179548],[3.8244204,50.9184163],[3.8245043,50.9183836],[3.8249059,50.9188379],[3.8250795,50.9190294],[3.8254153,50.9195155],[3.8256311,50.919941],[3.8256983,50.9204553],[3.8259495,50.9207084],[3.8259446,50.9207237],[3.8258906,50.9207424],[3.8258824,50.9207632],[3.8260724,50.9214629],[3.8268885,50.9219317],[3.8269698,50.9219384],[3.827825,50.9223244],[3.8276195,50.9225893],[3.8281822,50.9229698],[3.829723,50.923633],[3.8299494,50.9238971],[3.8305123,50.924306],[3.830618,50.9246016],[3.8307368,50.9246939],[3.8308177,50.9248311],[3.8311512,50.9249246],[3.8320667,50.925515],[3.8310613,50.9263131],[3.8296307,50.9270441],[3.8295118,50.927005],[3.8293079,50.9276203],[3.8291851,50.9282042],[3.828969,50.9290606],[3.8284265,50.9289575],[3.8282541,50.9295877],[3.8274191,50.9322981],[3.827797,50.932361],[3.827965,50.932594],[3.8283086,50.9327048],[3.828815,50.932868],[3.829322,50.933284],[3.830281,50.933956],[3.831357,50.934356],[3.832206,50.934738],[3.832828,50.9351],[3.83402,50.93534],[3.835892,50.935833],[3.837085,50.936019],[3.838758,50.936439],[3.839526,50.936496],[3.84021,50.936355],[3.840578,50.936519],[3.840835,50.93645],[3.841089,50.936649],[3.842139,50.936817],[3.84254,50.936603],[3.843824,50.936355],[3.844694,50.937347],[3.845739,50.937946],[3.847299,50.938369],[3.850414,50.939586],[3.849965,50.941383],[3.850444,50.94178],[3.850013,50.942104],[3.849143,50.943519],[3.8492044,50.9437008],[3.8488879,50.9446139],[3.8487102,50.9448592],[3.848583,50.945079],[3.8486161,50.9451901],[3.8489454,50.9453748],[3.849513,50.945838],[3.847761,50.947231],[3.846906,50.947338],[3.845562,50.947906],[3.844756,50.948638],[3.844778,50.949214],[3.845115,50.949558],[3.844713,50.949825],[3.845166,50.950042],[3.845699,50.950622],[3.84618,50.950855],[3.846458,50.95145],[3.847252,50.951652],[3.847669,50.952446],[3.847693,50.952804],[3.84767,50.9530303],[3.8478416,50.9535169],[3.84767,50.9540035],[3.8468975,50.9557066],[3.8468131,50.9566389],[3.8474333,50.9571633],[3.849108,50.958925],[3.8491731,50.9591573],[3.8492841,50.9593302],[3.84972,50.9597124],[3.850006,50.95988],[3.8501427,50.9601304],[3.8503503,50.9603225],[3.8504366,50.9607557],[3.8511351,50.9618558],[3.8510196,50.9619811],[3.8509596,50.9622325],[3.850815,50.9624115],[3.851066,50.9628442],[3.8508348,50.9631128],[3.8504045,50.9633623],[3.850488,50.9635245],[3.8502838,50.963919],[3.8502207,50.9640541],[3.8499312,50.9639715],[3.8493893,50.9637701],[3.8490864,50.9635878],[3.8489008,50.9635193],[3.8485126,50.9639906],[3.8484702,50.9640078],[3.8483224,50.9637139],[3.8468642,50.9632762],[3.8437535,50.9647844],[3.8437653,50.9648692],[3.8425916,50.9653829],[3.8426512,50.9654425],[3.8431539,50.9657276],[3.8424571,50.9661829],[3.8427623,50.9664367],[3.8429811,50.9667376],[3.8432301,50.9669687],[3.8436238,50.9675085],[3.841606,50.9690395],[3.8414665,50.9690904],[3.8403144,50.9687467],[3.8402093,50.9686722],[3.8401558,50.9685118],[3.8395447,50.96834],[3.8389781,50.9682109],[3.8389254,50.9681768],[3.8386091,50.9683718],[3.8382254,50.968535],[3.8377531,50.9690527],[3.8366603,50.9701649],[3.8360752,50.9708948],[3.8353881,50.9714408],[3.8341647,50.9721337],[3.8323877,50.9708123],[3.8302093,50.9690025],[3.8289904,50.9700161],[3.8282242,50.9710389],[3.8298735,50.9723521],[3.8295946,50.9726877],[3.8294957,50.9728042],[3.8294092,50.9729508],[3.8297731,50.9734366],[3.8289982,50.9740525],[3.8286225,50.9744607],[3.8278583,50.9748405],[3.8275868,50.9748874],[3.8273887,50.9748515],[3.8271462,50.9749698],[3.8270563,50.9750506],[3.8270018,50.9751254],[3.8269793,50.9752345],[3.8269889,50.975332],[3.8270853,50.9755104],[3.8271655,50.975764],[3.8272136,50.9760177],[3.8271955,50.9762751],[3.8271446,50.9764502],[3.8271334,50.9765937],[3.8272423,50.9767943],[3.8272714,50.9773727],[3.8270274,50.9783953],[3.8268675,50.9785101],[3.825856,50.979419],[3.8252975,50.9799263],[3.8245978,50.9805611],[3.8257274,50.9808384],[3.8265056,50.9810294],[3.8262488,50.9815096],[3.8290174,50.9821733],[3.8294153,50.9822547],[3.8310912,50.9826623],[3.832079,50.982902],[3.833406,50.9832131],[3.8332481,50.983523],[3.8362315,50.9849297],[3.8352333,50.9860531],[3.8351409,50.986037],[3.8350711,50.9860655],[3.8349799,50.9861486],[3.8345038,50.9865614],[3.8332116,50.9874079],[3.8331532,50.9874493],[3.8327545,50.9878289],[3.832675,50.9878684],[3.8320624,50.9879953],[3.8318609,50.9880661],[3.8314652,50.9882619],[3.83084,50.9885145],[3.8306635,50.9886075],[3.8306139,50.9887417],[3.8305133,50.9888983],[3.8300531,50.9893446],[3.8297888,50.9896015],[3.8296706,50.9898649],[3.8296048,50.9899623],[3.8295286,50.9900398],[3.8289244,50.9903018],[3.8288586,50.9903908],[3.8287896,50.9905383],[3.8288006,50.9907898],[3.8288955,50.9915536],[3.828918,50.9921091],[3.8287735,50.9921839],[3.8286227,50.9927294],[3.8288402,50.9929309],[3.8294187,50.9934668],[3.8296732,50.9937036],[3.831097,50.993289],[3.832039,50.993114],[3.833321,50.993083],[3.8338872,50.9931151],[3.8338321,50.9934678],[3.833789,50.9938871],[3.8337796,50.9942434],[3.8336808,50.9943467],[3.8334174,50.9948133],[3.8330353,50.9953842],[3.8331012,50.9960869],[3.8324909,50.9962202],[3.8321853,50.9965215],[3.8320843,50.996621],[3.8312709,50.9969233],[3.8306735,50.9971864],[3.8305613,50.9972358],[3.829907,50.997383],[3.8297222,50.997741],[3.8295624,50.9979642],[3.8293178,50.9985231],[3.8291571,50.9987988],[3.8293459,51.0002918],[3.8299776,51.0005798],[3.8303277,51.0007425],[3.8303985,51.0007723],[3.8306256,51.000876],[3.8307731,51.0009436],[3.8313441,51.0011535],[3.8317426,51.0012778],[3.8324433,51.0014848],[3.8326027,51.0015346],[3.8326956,51.0015727],[3.8329576,51.001682],[3.8330362,51.0017644],[3.8330271,51.0019038],[3.833069,51.002483],[3.833434,51.002971],[3.833599,51.003421],[3.8334565,51.0040571],[3.831853,51.003971],[3.831114,51.003841],[3.8303055,51.0039835],[3.829828,51.004085],[3.829601,51.003978],[3.8294551,51.0035035],[3.8293569,51.0034067],[3.8284235,51.0034625],[3.8273938,51.0034776],[3.8265679,51.0034747],[3.8264504,51.0034774],[3.8259612,51.0034884],[3.825787,51.00349],[3.8236254,51.0033689],[3.8231576,51.0039688],[3.823031,51.00497],[3.8229711,51.0051642],[3.8230035,51.0055209],[3.823183,51.0058186],[3.823369,51.0060413],[3.823412,51.0061586],[3.8228362,51.008987],[3.8228247,51.009003],[3.82244,51.008998],[3.8220351,51.0089606],[3.8220406,51.0090702],[3.8222848,51.0094356],[3.8226913,51.0103477],[3.8232208,51.0117543],[3.8231533,51.0117759],[3.8217799,51.01221],[3.8206814,51.0126279],[3.8214379,51.0134477],[3.8218818,51.0139768],[3.8232905,51.0152616],[3.8233449,51.015454],[3.8233187,51.0156414],[3.8232036,51.016048],[3.8233068,51.016969],[3.8227103,51.0170852],[3.8230903,51.0177824],[3.8236499,51.0176997],[3.8240844,51.0185262],[3.824481,51.0193543],[3.8245861,51.0193378],[3.8247094,51.0193889],[3.8251141,51.0204201],[3.8251154,51.0207156],[3.8249041,51.0216278],[3.8253947,51.0238123],[3.82715,51.031627],[3.827197,51.032508],[3.827331,51.033153],[3.8282463,51.0347043],[3.8290915,51.0360776],[3.8294022,51.0368991],[3.8297701,51.0369024],[3.8295527,51.0371134],[3.830896,51.037704],[3.833349,51.037609],[3.8340382,51.0376647],[3.834767,51.038192],[3.835155,51.039127],[3.837166,51.0416939],[3.8367223,51.0420423],[3.8362386,51.0424571],[3.8356177,51.0427938],[3.8354831,51.0428123],[3.8343064,51.0432627],[3.8341095,51.0434119],[3.8335481,51.0435908],[3.8331468,51.0438057],[3.8322168,51.0445255],[3.8317346,51.0441471],[3.8313336,51.044191],[3.8309456,51.0441715],[3.8297508,51.0440525],[3.8290101,51.0439201],[3.8286071,51.0438978],[3.8276006,51.0440592],[3.8272281,51.0441454],[3.8267915,51.0441857],[3.8259317,51.0440939],[3.8249348,51.0442203],[3.8245499,51.044234],[3.8235785,51.0440782],[3.8230786,51.044944],[3.8237408,51.0455426],[3.8240151,51.0459882],[3.8242632,51.0461136],[3.8270781,51.047182],[3.8287337,51.0478],[3.8293937,51.0481206],[3.8300642,51.0485542],[3.8305136,51.0488571],[3.8308107,51.0491914],[3.8312679,51.0505202],[3.8324455,51.0509141],[3.8325057,51.0517665],[3.832457,51.052345],[3.835614,51.053134],[3.83558,51.053619],[3.835748,51.053855],[3.836346,51.053985],[3.836829,51.054149],[3.8379936,51.0547961],[3.8384994,51.0549485],[3.8387403,51.0549944],[3.839832,51.05587],[3.840627,51.056232],[3.8416936,51.0567368],[3.8428845,51.0573149],[3.8429638,51.057612],[3.843131,51.0575892],[3.8434675,51.0577038],[3.8435786,51.0577406],[3.8436642,51.0577394],[3.8438461,51.057701],[3.8441993,51.0576023],[3.8460045,51.0570726],[3.8463467,51.056962],[3.8465258,51.0569043],[3.8469814,51.0566828],[3.8477038,51.0562189],[3.8486695,51.0555909],[3.8504512,51.054481],[3.8509725,51.054143],[3.852192,51.0533482],[3.8534908,51.0525125],[3.8546294,51.0517802],[3.8549233,51.0515993],[3.8553358,51.0514276],[3.8559644,51.0512005],[3.8561955,51.0511153],[3.8566875,51.0509338],[3.8572326,51.0507115],[3.8575136,51.0505665],[3.8581074,51.0502124],[3.8582111,51.0502523],[3.8584596,51.0504427],[3.8586801,51.0506885],[3.8590147,51.0510702],[3.8600101,51.0522436],[3.8615379,51.0540305],[3.8634222,51.0562],[3.8644152,51.057344],[3.8654052,51.0584898],[3.866119,51.0593296],[3.8662242,51.0595553],[3.8664888,51.0596843],[3.8666224,51.059723],[3.8667372,51.0597508],[3.867089,51.0598148],[3.8674468,51.0599272],[3.867563,51.0599477],[3.8679863,51.0599742],[3.8686439,51.0601164],[3.8693154,51.0602535],[3.8701064,51.0604573],[3.871197,51.0607782],[3.8729252,51.0616159],[3.874249,51.0622458],[3.8760099,51.0630291],[3.8776862,51.0633483],[3.8788638,51.0636172],[3.8793915,51.0636859],[3.8805603,51.0638097],[3.8816648,51.0640492],[3.8824601,51.0635386],[3.8829591,51.0632387],[3.8834249,51.0629541],[3.8844462,51.0616928],[3.8851667,51.060753],[3.8859713,51.0596729],[3.8862942,51.0598091],[3.8886772,51.0610032],[3.8898146,51.0614531],[3.8898124,51.0616376],[3.8897897,51.0617879],[3.8891963,51.0629315],[3.8906663,51.0629918],[3.8917304,51.063069],[3.8917029,51.0632514],[3.8916301,51.0635007],[3.8915602,51.063638],[3.8929892,51.0637539],[3.893197,51.0637345],[3.8933035,51.0637016],[3.8935112,51.0634951],[3.8938512,51.0633923],[3.8943072,51.063251],[3.8951132,51.0629986],[3.8953351,51.062953],[3.8970827,51.0629878],[3.8972437,51.0630076],[3.8972673,51.0631607],[3.89732,51.0633721],[3.8974059,51.0638047],[3.8975173,51.0645763],[3.8975483,51.0647847],[3.8976702,51.0649468],[3.8984556,51.0647949],[3.899239,51.0646247],[3.8998501,51.0645049],[3.900096,51.0644681],[3.900986,51.0643401],[3.9010339,51.0643332],[3.9018969,51.0642393],[3.9022074,51.0641921],[3.902197,51.0644113],[3.9022358,51.0646334],[3.9022901,51.0649275],[3.9023846,51.0652994],[3.9025545,51.0655064],[3.9030266,51.0659373],[3.9031033,51.0660073],[3.9032351,51.0661563],[3.9033015,51.0663087],[3.9033765,51.0671177],[3.9031752,51.0680016],[3.9031246,51.0682302],[3.90307,51.0684155],[3.9030664,51.0684688],[3.9030778,51.0685392],[3.9031277,51.0686032],[3.9035688,51.0687742],[3.9042561,51.0689488],[3.9054323,51.0692319],[3.9062409,51.069426],[3.9065916,51.0695769],[3.9066878,51.0697786],[3.9067526,51.0698447],[3.9071338,51.0701046],[3.9075435,51.070384],[3.9091872,51.0710076],[3.9105205,51.0715522],[3.9112242,51.0718588],[3.9114836,51.0719676],[3.9117167,51.0720449],[3.9117992,51.0720657],[3.9122486,51.0721654],[3.9128777,51.0723072],[3.9133519,51.0723915],[3.9143657,51.072545],[3.9151834,51.0726616],[3.9159353,51.0728013],[3.9166053,51.0729535],[3.9172342,51.0731261],[3.9182385,51.0734136],[3.9193297,51.0740601],[3.9199486,51.0744106],[3.9207556,51.0747955],[3.9216522,51.0752322],[3.9232771,51.0760102],[3.9231288,51.0761531],[3.9229439,51.0763046],[3.9227389,51.0764687],[3.9227268,51.0764784],[3.9227247,51.0764801],[3.9227118,51.0764904],[3.9226091,51.076564],[3.9223547,51.0767462],[3.9221317,51.0768636],[3.9218399,51.0770172],[3.9218055,51.0769875],[3.921794,51.0769924],[3.921755,51.076962],[3.9217162,51.0769319],[3.9216334,51.0769711],[3.9213207,51.0771188],[3.9212636,51.0771475],[3.9212568,51.0771502],[3.9212392,51.077159],[3.9209944,51.0772733],[3.9208344,51.0773506],[3.9206865,51.077436],[3.920578,51.0775048],[3.9204661,51.0775818],[3.9203342,51.0776799],[3.9201616,51.0778316],[3.9200682,51.0779198],[3.9199156,51.0781058],[3.9198259,51.078203],[3.9197612,51.0782853],[3.9196278,51.0784197],[3.9193517,51.0786747],[3.9192292,51.0787937],[3.9190957,51.0789341],[3.9190006,51.07905],[3.9188817,51.0792021],[3.9186924,51.0794612],[3.9185007,51.0797601],[3.9182954,51.0801006],[3.9182538,51.0801475],[3.9182131,51.0801843],[3.9181334,51.0802402],[3.9180904,51.0802661],[3.9179792,51.0803212],[3.917576,51.0805041],[3.9173171,51.0806168],[3.9172073,51.0806596],[3.9170361,51.0807075],[3.9169379,51.0807238],[3.9168003,51.0807435],[3.9165795,51.0807707],[3.9164356,51.0807867],[3.9163576,51.0807975],[3.9162245,51.0808179],[3.9159988,51.0808744],[3.9158105,51.0809175],[3.9157929,51.0809011],[3.9156413,51.0809203],[3.9155061,51.0809447],[3.9150875,51.0810063],[3.9149554,51.0810275],[3.9147738,51.0810511],[3.9144887,51.0810933],[3.9143843,51.0811116],[3.9142683,51.0811292],[3.9139735,51.081174],[3.9139043,51.0811864],[3.913478,51.0812538],[3.9132521,51.0812863],[3.9129214,51.0813383],[3.9128843,51.0813441],[3.9127818,51.081358],[3.9120872,51.0814661],[3.9118659,51.0815009],[3.9118008,51.0815112],[3.9115106,51.0815596],[3.9113818,51.0815767],[3.9112956,51.0815857],[3.911023,51.0816281],[3.9106067,51.0816855],[3.9102253,51.081738],[3.9100179,51.0817643],[3.9097162,51.0817988],[3.9096612,51.0818068],[3.9096579,51.0818073],[3.9094539,51.0818433],[3.9088062,51.0819391],[3.9086716,51.0819597],[3.9085986,51.0819709],[3.9083528,51.0820129],[3.9081349,51.0820447],[3.9081251,51.0820467],[3.9080833,51.0820554],[3.908041,51.0820686],[3.9080113,51.0820836],[3.9079886,51.0821025],[3.9079715,51.0821238],[3.9078809,51.0824346],[3.9078488,51.0825259],[3.9078093,51.0826354],[3.9077018,51.0829091],[3.9076788,51.0829625],[3.9076126,51.0831155],[3.9075335,51.0833506],[3.907501,51.0834364],[3.9074985,51.0834426],[3.9073254,51.083864],[3.9072308,51.0840944],[3.9071665,51.0842629],[3.9070709,51.0845138],[3.9070124,51.0846548],[3.9069975,51.0846959],[3.9069614,51.0847957],[3.9069137,51.0849052],[3.9068698,51.085014],[3.9068207,51.0851357],[3.9067593,51.0853059],[3.9067193,51.0853997],[3.9066691,51.0855326],[3.9066524,51.0855771],[3.9065596,51.0857994],[3.9064852,51.0860099],[3.90647,51.0860529],[3.9063214,51.0864379],[3.9062579,51.0866024],[3.9062139,51.0867236],[3.9061768,51.0868349],[3.9061548,51.0869012],[3.906143,51.0869325],[3.9060452,51.087193],[3.9060029,51.0872895],[3.9059714,51.0873746],[3.9059505,51.0874309],[3.90592,51.0874979],[3.9058912,51.0875518],[3.9058615,51.0875964],[3.9058205,51.0876448],[3.9057536,51.0877238],[3.9057124,51.0877791],[3.9056613,51.0878476],[3.9054992,51.0880383],[3.9043889,51.0894262],[3.9036271,51.0904528],[3.9036015,51.0904843],[3.9034274,51.0907311],[3.9032799,51.0908766],[3.9030767,51.0911235],[3.9023577,51.0919813],[3.9021026,51.092357],[3.9020974,51.0923646],[3.901967,51.0923664],[3.9019775,51.0923879],[3.9021058,51.092651],[3.9022845,51.0930395],[3.9024319,51.0933176],[3.9024972,51.0934401],[3.9025342,51.0935395],[3.9027592,51.0940323],[3.9029517,51.0944205],[3.9029905,51.0945009],[3.9031015,51.0947309],[3.9031708,51.0949055],[3.9032477,51.0950279],[3.9035336,51.0956028],[3.9035656,51.0956865],[3.9036939,51.0960232],[3.9038254,51.0962781],[3.9038726,51.0963731],[3.9040217,51.0966922],[3.904141,51.0970106],[3.9042508,51.097099],[3.9044066,51.0971765],[3.9050953,51.097327],[3.9053284,51.0973779],[3.9053383,51.0974032],[3.9052036,51.0977082],[3.9050497,51.0980919],[3.9041973,51.0980575],[3.9040642,51.0985317],[3.9039677,51.09893],[3.9039671,51.0992375],[3.9039396,51.0994211],[3.9039121,51.0996048],[3.9038842,51.0997908],[3.9038648,51.0999203],[3.9037321,51.0998897],[3.9036334,51.1001074],[3.9035559,51.1002771],[3.9034142,51.100568],[3.9034097,51.1005772],[3.9034012,51.1005946],[3.9029826,51.1014543],[3.9029772,51.1014654],[3.902551,51.1023403],[3.9023791,51.1026933],[3.9023077,51.1026896],[3.9021396,51.1030533],[3.9019561,51.1034941],[3.9018775,51.1036831],[3.9017947,51.103882],[3.9017678,51.1039465],[3.9017422,51.1040037],[3.9014824,51.1045841],[3.9014487,51.1046592],[3.9014395,51.1046797],[3.9013754,51.1048203],[3.9013622,51.1048493],[3.9013347,51.1048638],[3.9012769,51.1048589],[3.9012424,51.104856],[3.9011566,51.1048488],[3.901131,51.1049532],[3.9011122,51.1050295],[3.9010549,51.1052643],[3.9010251,51.1053864],[3.9009886,51.1055359],[3.9009192,51.1058205],[3.9006387,51.106853],[3.90063,51.1069296],[3.9007107,51.1069314],[3.9008817,51.1069354],[3.9008893,51.1069355],[3.9009439,51.1069349],[3.9009575,51.1069355],[3.9010049,51.1069377],[3.9010042,51.1069432],[3.9009788,51.1071371],[3.9009543,51.1073246],[3.9009273,51.1076386],[3.9009276,51.1077374],[3.9009189,51.1078723],[3.9009209,51.1081763],[3.9009291,51.1082304],[3.9009362,51.1083541],[3.9009614,51.1085893],[3.9010004,51.1088357],[3.9010457,51.1091144],[3.9010843,51.1092672],[3.9011154,51.1093898],[3.9011406,51.1094899],[3.9011873,51.1096501],[3.9013873,51.1103929],[3.9013996,51.1104568],[3.9014345,51.1106605],[3.9014865,51.1109579],[3.9015468,51.1112623],[3.9015472,51.1113246],[3.9015707,51.1115231],[3.9015884,51.111582],[3.9016577,51.1118546],[3.9016774,51.1119311],[3.9017211,51.1121001],[3.9017483,51.1122008],[3.9017745,51.1122992],[3.9017883,51.1123422],[3.9018474,51.1125732],[3.9018992,51.1127473],[3.9019267,51.112843],[3.9019742,51.1129217],[3.902028,51.1131976],[3.9020437,51.1132782],[3.9020951,51.1135191],[3.9021632,51.1138157],[3.9022255,51.1140386],[3.9022757,51.1142148],[3.9023285,51.1143897],[3.902381,51.1145567],[3.9024225,51.1146846],[3.9024382,51.1147389],[3.9024846,51.1148887],[3.9025258,51.115021],[3.902566,51.1151535],[3.9026255,51.1153481],[3.9026416,51.1153919],[3.902695,51.1156159],[3.9027505,51.1158368],[3.9027932,51.1160596],[3.9028265,51.116239],[3.9028506,51.1164019],[3.9028209,51.1166727],[3.9027983,51.1168515],[3.9027622,51.1170859],[3.9027078,51.1173824],[3.9026785,51.1175344],[3.9026405,51.1177521],[3.9026019,51.1179735],[3.9025972,51.1180884],[3.9024421,51.1188923],[3.9023923,51.1190894],[3.9023464,51.1194199],[3.9023045,51.119687],[3.9022589,51.1199579],[3.9022106,51.1202552],[3.902135,51.1206828],[3.9021192,51.1207721],[3.9020589,51.1211797],[3.9019971,51.1215899],[3.9019143,51.1220421],[3.9018853,51.1221897],[3.9018553,51.1223422],[3.9018264,51.1225327],[3.9017957,51.1226754],[3.9015848,51.1235786],[3.9014951,51.1238895],[3.9014448,51.1240145],[3.9013716,51.1242903],[3.9013124,51.1244889],[3.9012529,51.1246583],[3.9010256,51.12506],[3.9007446,51.1253755],[3.9005798,51.1255522],[3.9002434,51.1259078],[3.9000644,51.1261031],[3.8999574,51.1262193],[3.8998463,51.1263398],[3.8995798,51.1266287],[3.8992851,51.1269463],[3.8992289,51.1270104],[3.899062,51.1271898],[3.8988926,51.1273749],[3.8987254,51.1275586],[3.8985494,51.1277378],[3.8983942,51.1279059],[3.8980865,51.1282526],[3.8980134,51.1283421],[3.8976157,51.1288468],[3.8975834,51.1288887],[3.8973173,51.129234],[3.8972679,51.129298],[3.897205,51.1293794],[3.8970685,51.1293574],[3.8970261,51.1296802],[3.8969174,51.130571],[3.896831,51.1313028],[3.8967931,51.131664],[3.8967776,51.1316729],[3.8967566,51.1318532],[3.8967311,51.1320731],[3.8967073,51.1323749],[3.8966728,51.1327287],[3.8966365,51.133126],[3.8966224,51.133288],[3.8966258,51.1334529],[3.8966927,51.1337235],[3.8967635,51.1339851],[3.8967905,51.1340283],[3.8969131,51.1343448],[3.8969896,51.1345321],[3.8971118,51.1348316],[3.8972451,51.1351586],[3.8973949,51.1355318],[3.8974791,51.1357418],[3.8975985,51.1360257],[3.8976578,51.136214],[3.8977197,51.1364385],[3.8977798,51.1365984],[3.8978199,51.1367182],[3.8978203,51.1368342],[3.8978422,51.1372447],[3.8979671,51.1378042],[3.8980602,51.1382048],[3.8981418,51.1385453],[3.8981617,51.1386279],[3.898224,51.1388702],[3.8983331,51.1392451],[3.8984543,51.1396895],[3.8984484,51.1397813],[3.8984752,51.140054],[3.8984898,51.1401497],[3.8984933,51.1401735],[3.8984683,51.1401744],[3.8984745,51.1402266],[3.8984943,51.1402416],[3.8985027,51.1402669],[3.8985191,51.140316],[3.8985198,51.1403181],[3.8985894,51.140522],[3.8985965,51.1405468],[3.8986877,51.1409945],[3.8986935,51.1410315],[3.8987101,51.1411372],[3.8987388,51.1412676],[3.8988477,51.1416041],[3.8988771,51.1416851],[3.8989934,51.1420065],[3.89905,51.142213],[3.8990639,51.142276],[3.8990772,51.1423861],[3.8990772,51.142478],[3.8990772,51.1425672],[3.8990731,51.1426469],[3.898997,51.1429935],[3.8989445,51.1431894],[3.8988886,51.1434289],[3.8987727,51.14391],[3.8987851,51.1440153],[3.8987591,51.1440919],[3.8986425,51.1444097],[3.8984848,51.1448066],[3.8982887,51.1453298],[3.8981611,51.1456669],[3.8981247,51.1457511],[3.897985,51.146132],[3.8977756,51.1466587],[3.8975845,51.1471794],[3.8975755,51.1472133],[3.8974968,51.1473328],[3.8975768,51.1473353],[3.8981585,51.1473792],[3.8981939,51.1473846],[3.8982658,51.1473958],[3.8984022,51.1474897],[3.8985139,51.1477382],[3.8985815,51.1478319],[3.8985977,51.1478544],[3.8987376,51.1479341],[3.8989432,51.1480043],[3.8991509,51.1480751],[3.8993594,51.1480789],[3.8994789,51.1480811],[3.8998871,51.1480615],[3.900009,51.1480508],[3.9000294,51.148046],[3.9001271,51.1480232],[3.9002545,51.1479538],[3.9004796,51.1477946],[3.9005503,51.1477446],[3.9008784,51.1476468],[3.9011325,51.1476024],[3.9011584,51.1476044],[3.9012797,51.147614],[3.9014225,51.1476507],[3.9014988,51.1476906],[3.9015636,51.1477591],[3.901625,51.1478541],[3.9016975,51.147993],[3.9017139,51.1480244],[3.9018129,51.1480986],[3.9021028,51.1482339],[3.9021305,51.1482431],[3.9023,51.1482994],[3.9023907,51.1483118],[3.9024712,51.1482987],[3.9025162,51.1482913],[3.9025244,51.14829],[3.9025793,51.1482755],[3.9025983,51.1482705],[3.9026831,51.1482477],[3.9027989,51.1487506],[3.9028299,51.1489041],[3.9028667,51.149147],[3.9028841,51.1493386],[3.9028998,51.1495048],[3.9029188,51.1497194],[3.9029403,51.1499526],[3.9029644,51.1502263],[3.903001,51.1506431],[3.9030323,51.1509903],[3.9030502,51.1512346],[3.9030626,51.151449],[3.903078,51.1517388],[3.9030944,51.1520521],[3.9031113,51.1523824],[3.9031293,51.1527012],[3.9031443,51.1529886],[3.903163,51.1533674],[3.9031835,51.1537319],[3.9031873,51.1538098],[3.9031904,51.1538803],[3.9031948,51.1539691],[3.9031973,51.154072],[3.9031959,51.1541524],[3.9031909,51.1542224],[3.9031598,51.1544134],[3.9030979,51.1547299],[3.903056,51.1549412],[3.9029937,51.1552523],[3.9029357,51.1555504],[3.9033939,51.1555501],[3.9035137,51.1555603],[3.907208,51.155876],[3.9087132,51.1560046],[3.9089109,51.1560252],[3.9100448,51.15633],[3.9100646,51.1563353],[3.9100204,51.1563672],[3.9096983,51.1565997],[3.9095578,51.1567012],[3.9092433,51.1569579],[3.9091936,51.1569985],[3.9085229,51.1577128],[3.9082195,51.1580567],[3.908116,51.1581741],[3.9080776,51.158225],[3.9080647,51.1582422],[3.9080618,51.1582461],[3.9080432,51.1582696],[3.9080003,51.158325],[3.9078047,51.1585768],[3.9077396,51.1586606],[3.9077225,51.1586879],[3.9076687,51.1587738],[3.9076561,51.158794],[3.9074822,51.1591266],[3.9074133,51.1592507],[3.9072607,51.1595257],[3.9069223,51.1596978],[3.9069208,51.1597],[3.9069062,51.1597221],[3.9068484,51.1598095],[3.9068265,51.1598425],[3.9067744,51.1599263],[3.9066156,51.1601813],[3.9065455,51.160294],[3.9062075,51.160837],[3.9059762,51.1612085],[3.9058688,51.161381],[3.9057628,51.1615693],[3.9057059,51.1616542],[3.9055902,51.1617559],[3.9055177,51.1618196],[3.9054085,51.1619041],[3.9052769,51.162006],[3.9051053,51.1621166],[3.9047094,51.162358],[3.9037167,51.1629506],[3.9034933,51.1630845],[3.9034548,51.1631107],[3.9033297,51.1631957],[3.9032904,51.1632319],[3.9032714,51.1632493],[3.9032618,51.163261],[3.9031943,51.1633432],[3.9028747,51.1637794],[3.9027475,51.1639388],[3.9026421,51.164071],[3.9026319,51.1640838],[3.9022752,51.1645659],[3.902245,51.1646136],[3.9022411,51.164617],[3.9021844,51.1646306],[3.9021335,51.1647009],[3.9021418,51.1648428],[3.902134,51.1650846],[3.9021139,51.165249],[3.9020771,51.1654177],[3.9020376,51.1655363],[3.9020248,51.1656702],[3.9020137,51.1658626],[3.9019811,51.1660422],[3.901934,51.1661994],[3.9018124,51.1667502],[3.9017429,51.1671235],[3.9017337,51.167236],[3.9017698,51.167393],[3.90181,51.1676637],[3.9018451,51.167844],[3.9018609,51.1678929],[3.9018994,51.1679867],[3.901978,51.1681781],[3.9020233,51.1681866],[3.9021316,51.168207],[3.9022486,51.1682276],[3.9023275,51.1682397],[3.9024731,51.1682615],[3.9024571,51.1684145],[3.9024632,51.168563],[3.9024963,51.1686807],[3.9026344,51.1689677],[3.9028684,51.1694925],[3.9030268,51.1697898],[3.9034411,51.1705931],[3.9034862,51.1706868],[3.9036771,51.1710585],[3.9036967,51.1710967],[3.9038025,51.1710491],[3.9039083,51.1710324],[3.9040289,51.1717825],[3.9041,51.1719193],[3.9043996,51.1725452],[3.9052826,51.1747427],[3.9053389,51.1748614],[3.9057337,51.175855],[3.9057488,51.175893],[3.9056629,51.1758923],[3.9056775,51.1759304],[3.9057028,51.1759966],[3.9058029,51.1762345],[3.9058223,51.1762806],[3.9058537,51.1763554],[3.9058854,51.1764307],[3.9059832,51.1766632],[3.9060616,51.1768495],[3.9060886,51.1769137],[3.9062127,51.1772088],[3.9063356,51.177501],[3.9064017,51.1774965],[3.9066953,51.1781881],[3.9071191,51.1791599],[3.907309,51.1796028],[3.9073156,51.1796183],[3.9073402,51.1796756],[3.9076357,51.1803577],[3.9077187,51.1803732],[3.9077839,51.1803749],[3.9078025,51.1804142],[3.9081898,51.1813583],[3.9082314,51.1814596],[3.9083266,51.1816909],[3.9080692,51.1817497],[3.9084612,51.1827144],[3.9092535,51.1846645],[3.9092668,51.184697],[3.9093063,51.1847944],[3.9096348,51.1856027],[3.9097047,51.1857748],[3.9097223,51.1858181],[3.9098278,51.185998],[3.9099406,51.1862688],[3.9100351,51.1864998],[3.9102408,51.1870021],[3.9103169,51.1872016],[3.9103724,51.1873537],[3.9104764,51.1876368],[3.9105649,51.187881],[3.9105743,51.1879054],[3.9106688,51.1879128],[3.9106735,51.187915],[3.9116326,51.1883631],[3.9117795,51.1884422],[3.9117992,51.1884416],[3.9118698,51.1884825],[3.9119079,51.1885157],[3.9119317,51.1885442],[3.91212,51.1892285],[3.9123675,51.1902139],[3.9128348,51.1919947],[3.9129338,51.1924674],[3.9127157,51.1924815],[3.9123757,51.1925042],[3.9123053,51.1925207],[3.9122946,51.1926084],[3.9122943,51.1926806],[3.9123361,51.1931386],[3.9123563,51.1933505],[3.9123855,51.1937334],[3.9124053,51.1940082],[3.9124238,51.1942656],[3.9124386,51.1945858],[3.9124475,51.1948584],[3.912452,51.1949693],[3.9124612,51.1950761],[3.9125472,51.1951349],[3.9126379,51.1951486],[3.91319,51.1951468],[3.9142168,51.1951451],[3.9153865,51.1951362],[3.9157513,51.1951329],[3.9158853,51.1951246],[3.9159565,51.1950814],[3.9160107,51.1950668],[3.9160685,51.1950824],[3.9165562,51.1951651],[3.9174288,51.1952985],[3.9175509,51.1953178],[3.9176697,51.1953248],[3.9182036,51.1953696],[3.9185712,51.1954005],[3.9187694,51.195417],[3.9194057,51.1954672],[3.9193884,51.1955044],[3.9191959,51.1959161],[3.9191778,51.1959691],[3.9191048,51.1960414],[3.918975,51.1961241],[3.9188455,51.196213],[3.9188008,51.1962568],[3.9187602,51.1963086],[3.9187117,51.1964243],[3.9184728,51.1970006],[3.918305,51.1974231],[3.918045,51.1978828],[3.918952,51.1982023],[3.9196062,51.198442],[3.919735,51.1984728],[3.9198059,51.1984896],[3.9200887,51.1985871],[3.9201777,51.1986017],[3.9202779,51.1986073],[3.92039,51.1985986],[3.9204711,51.1985712],[3.9205915,51.1985163],[3.9210536,51.1986389],[3.9218452,51.1988621],[3.9221641,51.1989506],[3.9211906,51.2018125],[3.9211807,51.2019214],[3.9210136,51.2023755],[3.9208287,51.2028784],[3.9207146,51.2032118],[3.9203385,51.204311],[3.9202597,51.2045085],[3.9201545,51.2047232],[3.9200393,51.2049638],[3.9194062,51.2066574],[3.9193408,51.206852],[3.9192449,51.2070021],[3.9192065,51.2070622],[3.9187823,51.207726],[3.9186289,51.2077653],[3.9166164,51.2082269],[3.9159087,51.2082543],[3.9153375,51.2081714],[3.9149746,51.2080384],[3.9145427,51.2078239],[3.9137706,51.207142],[3.9133525,51.2067425],[3.9129127,51.2063767],[3.9120309,51.2057376],[3.9115472,51.2054459],[3.9113538,51.2053815],[3.9106018,51.205214],[3.9086573,51.2047448],[3.9065465,51.2042967],[3.9049778,51.2038877],[3.9033908,51.2032851],[3.9022043,51.202957],[3.9009802,51.2026124],[3.9005533,51.2023849],[3.9000656,51.2018494],[3.8994716,51.2017425],[3.8988064,51.2017196],[3.8983741,51.2018805],[3.8976524,51.2023327],[3.896978,51.2026464],[3.8959742,51.202936],[3.8955502,51.2030835],[3.8952384,51.2032543],[3.8950343,51.2033748],[3.894664,51.203497],[3.8940817,51.2034355],[3.8936226,51.2033429],[3.8932534,51.2032631],[3.8931115,51.2030428],[3.893132,51.202981],[3.8932331,51.2028473],[3.8931985,51.2028248],[3.8928292,51.2026772],[3.892786,51.2026579],[3.8926307,51.2025719],[3.8917063,51.2021738],[3.8912763,51.2020064],[3.891004,51.201888],[3.8907206,51.2017647],[3.8906968,51.2017842],[3.8902552,51.2016173],[3.8900913,51.2015528],[3.8900423,51.201534],[3.8898484,51.2014577],[3.8897406,51.2014162],[3.8896813,51.201394],[3.8896304,51.2013761],[3.8895232,51.2013395],[3.889457,51.2013174],[3.8893968,51.2013003],[3.8893801,51.2012954],[3.8893222,51.2012797],[3.8891706,51.2012421],[3.8891566,51.2012384],[3.8890472,51.2012098],[3.8890479,51.2012085],[3.8888648,51.2011617],[3.8888204,51.2011517],[3.8887101,51.2011269],[3.8886764,51.2011211],[3.8886337,51.2011129],[3.8885544,51.2011003],[3.8884789,51.2010806],[3.888424,51.2010667],[3.8883003,51.2010339],[3.888193,51.2010772],[3.8881882,51.2010792],[3.8880798,51.2011059],[3.8880012,51.2011131],[3.8879058,51.2011166],[3.8878681,51.201114],[3.8878372,51.2011115],[3.8878093,51.2011047],[3.8877569,51.2010915],[3.8876495,51.2010584],[3.8875973,51.2010403],[3.8875463,51.2010204],[3.8875215,51.2010105],[3.8874703,51.2009887],[3.8874456,51.2009782],[3.8874008,51.2009532],[3.8873593,51.2009257],[3.8872966,51.2008423],[3.8872399,51.2006775],[3.8871245,51.2005761],[3.8870373,51.2005164],[3.8869796,51.2004902],[3.8869213,51.2004675],[3.8868134,51.2004316],[3.8867313,51.2004107],[3.8864853,51.2003195],[3.8864076,51.2002773],[3.8863503,51.2001624],[3.8862987,51.2001821],[3.8861529,51.2003971],[3.885918,51.2006802],[3.8857563,51.2009304],[3.8857086,51.2009991],[3.8855028,51.201309],[3.8853819,51.2014835],[3.8853158,51.2015679],[3.8852187,51.2016871],[3.8851871,51.2017286],[3.8850833,51.201831],[3.8850013,51.2018997],[3.8849497,51.2019775],[3.8849162,51.20205],[3.8849018,51.2021161],[3.8848774,51.2022715],[3.8848675,51.202511],[3.8848506,51.2025968],[3.8846313,51.2031459],[3.8846147,51.203183],[3.8845975,51.2032176],[3.8845791,51.203253],[3.8845473,51.2033069],[3.8845366,51.2033235],[3.884525,51.2033389],[3.8845109,51.2033545],[3.8844165,51.2034521],[3.8842678,51.2035898],[3.88426,51.2036011],[3.8841645,51.2036732],[3.8840514,51.2037512],[3.8834289,51.204172],[3.8831512,51.2043629],[3.8828405,51.2045559],[3.8824958,51.2047414],[3.8815551,51.2052107],[3.8814386,51.2052797],[3.880827,51.2055614],[3.8804885,51.2057501],[3.880344,51.2057995],[3.8802628,51.2058205],[3.880071,51.2058781],[3.8799357,51.2059132],[3.8796955,51.2060342],[3.8796243,51.2061058],[3.879601,51.2061351],[3.8792553,51.2064609],[3.8789508,51.2067303],[3.8779372,51.2076436],[3.8779177,51.2076605],[3.8778475,51.207736],[3.8778224,51.2077683],[3.8777977,51.2078155],[3.8778121,51.2078382],[3.8776259,51.2080132],[3.8776644,51.2080293],[3.877916,51.2081433],[3.878076,51.2082294],[3.8782463,51.2083386],[3.878459,51.208496],[3.8785258,51.2085513],[3.8786369,51.2086278],[3.8787575,51.2087007],[3.8788664,51.2087409],[3.878972,51.208771],[3.8790722,51.2087945],[3.8794836,51.208872],[3.8797655,51.2089332],[3.8799129,51.2089782],[3.880098,51.2090423],[3.8804344,51.2091685],[3.8816816,51.2096732],[3.8823783,51.2099649],[3.882848,51.2101671],[3.8830757,51.2102758],[3.8836577,51.2105604],[3.883939,51.2107073],[3.8842154,51.2108542],[3.8846874,51.2110921],[3.884988,51.211252],[3.8862754,51.211888],[3.8862963,51.211898],[3.8865856,51.2120373],[3.8869629,51.2122104],[3.8871645,51.2123127],[3.887264,51.2123764],[3.8873722,51.2124688],[3.8875366,51.2126644],[3.8876344,51.2127607],[3.88776,51.2128524],[3.8878843,51.2129116],[3.8880125,51.2129531],[3.8881645,51.2129814],[3.8882838,51.2130015],[3.8885036,51.2130437],[3.88868,51.2130875],[3.8888665,51.2131584],[3.8893694,51.2133815],[3.8896065,51.213496],[3.8898153,51.2136054],[3.8899393,51.2136866],[3.8900223,51.2137509],[3.8900862,51.2138039],[3.8901451,51.2138686],[3.8902445,51.2139954],[3.8903229,51.2141132],[3.8907765,51.2148427],[3.8908916,51.2150315],[3.8909894,51.2151924],[3.8912698,51.2156334],[3.8913549,51.2157669],[3.8914571,51.2159415],[3.89165,51.2162897],[3.8918435,51.2166309],[3.8918952,51.2167195],[3.8919545,51.2168082],[3.8920169,51.2168957],[3.8923259,51.2172871],[3.8926281,51.2176776],[3.8932399,51.2185238],[3.8933021,51.2186037],[3.8933474,51.2186619],[3.8933322,51.2187272],[3.893288,51.2188065],[3.8932236,51.2188737],[3.8926708,51.2193678],[3.8911188,51.2207323],[3.8906751,51.2209933],[3.8903223,51.2213359],[3.8903046,51.2213531],[3.8888471,51.2227685],[3.8887497,51.2228631],[3.8886544,51.2229556],[3.8886236,51.222981],[3.8886028,51.2229981],[3.8885492,51.2230176],[3.8884978,51.2230186],[3.8884502,51.2229993],[3.8883939,51.2229601],[3.8881385,51.2227583],[3.8858145,51.2219098],[3.8857101,51.2218717],[3.8835289,51.2210753],[3.8833508,51.2210494],[3.882967,51.2210572],[3.8826127,51.2209919],[3.8824341,51.2209198],[3.8814709,51.2204589],[3.8804212,51.2201517],[3.8796773,51.2199122],[3.8778588,51.2192702],[3.8762046,51.2186581],[3.8756701,51.2184368],[3.8756354,51.2184225],[3.8755944,51.2184055],[3.8740213,51.2177793],[3.8732158,51.2174628],[3.8731174,51.2174242],[3.8701527,51.2162594],[3.869235,51.2158716],[3.868095,51.215299],[3.8678297,51.2151618],[3.8670218,51.2147183],[3.8668999,51.214649],[3.8668159,51.2146046],[3.8650235,51.2136593],[3.8648908,51.2135794],[3.8647122,51.2134628],[3.8646415,51.2134166],[3.8642927,51.2133594],[3.8639838,51.2131803],[3.8635285,51.2129481],[3.8630059,51.2126769],[3.8628009,51.2125873],[3.8624451,51.2124982],[3.8622214,51.2124391],[3.8621672,51.2124212],[3.8621224,51.2123986],[3.8618144,51.2121432],[3.861312,51.2117428],[3.861087,51.2115799],[3.8604415,51.2112665],[3.8602506,51.2111764],[3.8598441,51.2109719],[3.8595721,51.2108305],[3.859435,51.2108469],[3.8594251,51.2108481],[3.8592846,51.210865],[3.8591493,51.2108812],[3.8567557,51.2110334],[3.8567543,51.2110245],[3.8564346,51.2110451],[3.8564359,51.211054],[3.856118,51.2110745],[3.8561124,51.2110638],[3.856126,51.2110467],[3.856149,51.2110039],[3.8562393,51.2109183],[3.856279,51.2109006],[3.8560483,51.2108233],[3.855748,51.2106061],[3.8553147,51.2102964],[3.8544255,51.2095744],[3.8520314,51.2076627],[3.8517675,51.2074947],[3.8502825,51.2065944],[3.8500113,51.2064488],[3.8498188,51.2063352],[3.8495393,51.2061702],[3.849415,51.2060975],[3.8488789,51.2057876],[3.8469983,51.2046786],[3.8462378,51.2041582],[3.8450494,51.2033104],[3.8428711,51.2017986],[3.8422662,51.2015904],[3.8421537,51.2015192],[3.8422141,51.2014828],[3.8422232,51.2014773],[3.8422803,51.201443],[3.8423131,51.2014233],[3.8413615,51.2006935],[3.8412975,51.2006384],[3.8412208,51.2005723],[3.8412035,51.2005427],[3.8402793,51.1998515],[3.8401571,51.1997468],[3.8400922,51.1996785],[3.8400636,51.1996484],[3.8400074,51.1995779],[3.8399497,51.1995054],[3.8397858,51.1992997],[3.8395905,51.1990544],[3.839238,51.1986117],[3.8392091,51.1985809],[3.8389446,51.1982489],[3.838848,51.1981277],[3.8386886,51.1979276],[3.8386446,51.1978724],[3.8386262,51.1978491],[3.8385029,51.1976927],[3.8383269,51.1974665],[3.8381796,51.1972789],[3.8381688,51.1972652],[3.8380884,51.1971628],[3.8380824,51.1971552],[3.8379951,51.197044],[3.8378127,51.1968087],[3.8377863,51.1967747],[3.8375224,51.1964237],[3.8374466,51.1963237],[3.8374144,51.1962122],[3.837412,51.196204],[3.8373584,51.1962232],[3.8372612,51.1962572],[3.8371909,51.1962818],[3.8371098,51.1963102],[3.8370511,51.1963308],[3.8370277,51.1963082],[3.8367613,51.1960506],[3.8365022,51.1958003],[3.8363749,51.1956773],[3.8363473,51.1956507],[3.8362966,51.1956016],[3.8362632,51.1955685],[3.8356576,51.1949692],[3.8356463,51.194958],[3.835615,51.1949269],[3.8351977,51.194512],[3.8349906,51.194306],[3.8349611,51.1942767],[3.8349498,51.1942653],[3.8349156,51.1942266],[3.8347303,51.1940171],[3.8346959,51.1939782],[3.8341725,51.1934764],[3.8339635,51.1932761],[3.8331844,51.1925074],[3.8331447,51.1924685],[3.8328524,51.1921815],[3.8326325,51.1919657],[3.832294,51.1916334],[3.8330146,51.1908909],[3.8331822,51.1906384],[3.8349816,51.1871754],[3.8355502,51.1861006],[3.8367876,51.1838089],[3.8366655,51.1837841],[3.8366552,51.1837819],[3.8344876,51.1833405],[3.834475,51.1833384],[3.8358049,51.1827002],[3.835845,51.1826811],[3.8357043,51.1826362],[3.8356573,51.1826212],[3.8352816,51.182511],[3.8343114,51.1822236],[3.8340526,51.182147],[3.8335318,51.1819913],[3.8335386,51.1821438],[3.833552,51.1824451],[3.8335353,51.1828997],[3.8335214,51.1833532],[3.8335093,51.1836857],[3.8327957,51.184026],[3.8308037,51.1849759],[3.8304282,51.1851423],[3.8302889,51.1851935],[3.8298753,51.1853926],[3.8294214,51.185611],[3.8281748,51.1862121],[3.8279527,51.1863179],[3.8261779,51.1860399],[3.825918,51.1859992],[3.8198583,51.1850483],[3.8198102,51.1850408],[3.8116514,51.1837635],[3.8098703,51.1834843],[3.809813,51.1834753],[3.8064914,51.1829544],[3.8055239,51.1828027],[3.8036109,51.1825021],[3.8034633,51.182515],[3.8036801,51.1828934],[3.8037238,51.1834137],[3.8036882,51.1849219],[3.803667,51.1858179],[3.8027118,51.1861755],[3.8028007,51.1862781],[3.80201,51.1865757],[3.8013294,51.1868318],[3.8012291,51.1867341],[3.8009612,51.1868319],[3.8007283,51.1869193],[3.8005326,51.1869988],[3.800257,51.1871273],[3.8000359,51.1872431],[3.7998431,51.1873775],[3.7996492,51.1875466],[3.7995298,51.1876587],[3.799412,51.1877724],[3.7993329,51.1878519],[3.7992423,51.187951],[3.7991687,51.1880417],[3.7990871,51.1881426],[3.7990179,51.1882415],[3.7989644,51.1883283],[3.7988914,51.1884464],[3.7988114,51.1885957],[3.7987831,51.1886607],[3.7987247,51.1888325],[3.7987054,51.188891],[3.7986888,51.1889964],[3.7986785,51.1890626],[3.7986753,51.1890833],[3.7986719,51.1891049],[3.7986539,51.1892271],[3.7986503,51.1892675],[3.7986442,51.1893702],[3.7986399,51.1894582],[3.798638,51.1895189],[3.798636,51.1895799],[3.7986362,51.1895874],[3.798637,51.1896167],[3.7986402,51.1897312],[3.79865,51.1898631],[3.7986508,51.189871],[3.7986546,51.1899172],[3.798656,51.1899307],[3.7986734,51.1900266],[3.7986824,51.1900762],[3.7986877,51.1900981],[3.798703,51.1901482],[3.7987053,51.1901556],[3.7987225,51.1902119],[3.7987976,51.190437],[3.7988514,51.1905691],[3.7989215,51.1907288],[3.7989257,51.1907388],[3.7991088,51.1909801],[3.7993196,51.1911729],[3.7972017,51.1896669],[3.7963277,51.1890042],[3.7956589,51.1884926],[3.7946507,51.1877524],[3.7938534,51.1871588],[3.7928342,51.1863731],[3.7927708,51.186402],[3.792641,51.1864613],[3.7924209,51.1865618],[3.7923433,51.1864853],[3.7915691,51.1867863],[3.7914324,51.1868316],[3.7913882,51.1868462],[3.7911762,51.1869006],[3.7910561,51.1869399],[3.7909536,51.1869191],[3.7904944,51.1868264],[3.7902367,51.1867781],[3.7897494,51.1866866],[3.7896778,51.1866716],[3.7889904,51.1865275],[3.7878526,51.1862891],[3.7875397,51.1862304],[3.7867674,51.1860854],[3.7862956,51.1859882],[3.7859227,51.1859113],[3.7850352,51.1857284],[3.7850106,51.1857233],[3.7849747,51.1857478],[3.7836931,51.1866241],[3.7836314,51.1866658],[3.7834255,51.186805],[3.7831894,51.1869646],[3.7827297,51.18727],[3.7825982,51.1873632],[3.7825741,51.1873802],[3.7820253,51.1872204],[3.7814728,51.1870666],[3.7808918,51.1869029],[3.7807108,51.186849],[3.7805472,51.1868009],[3.779665,51.1865191],[3.7793913,51.1864417],[3.7791557,51.1863681],[3.7791329,51.186361],[3.7788894,51.1862863],[3.7788196,51.1862648],[3.7787882,51.1862552],[3.7785939,51.1861955],[3.7785131,51.1861707],[3.7782553,51.1860915],[3.7781061,51.1860458],[3.7780887,51.1860404],[3.7780838,51.1860389],[3.7780543,51.1860299],[3.7780371,51.186189],[3.7781207,51.1870944],[3.7780434,51.1870983],[3.7775968,51.1871219],[3.7775382,51.1871254],[3.7775316,51.1871258],[3.7775104,51.1871403],[3.7772986,51.1871545],[3.7771199,51.1871664],[3.7771023,51.187164],[3.7770932,51.1871628],[3.7769701,51.1871461],[3.7769483,51.1871432],[3.7766754,51.1871868],[3.7765063,51.187219],[3.7764271,51.187234],[3.7762251,51.1872631],[3.7757979,51.1873287],[3.7749963,51.1874692],[3.7746576,51.1875445],[3.7741548,51.1876518],[3.774009,51.1876891],[3.7730602,51.1878984],[3.7720819,51.188127],[3.7720812,51.1881479],[3.7720471,51.1892229],[3.7720097,51.1897939],[3.7719704,51.1897933],[3.771929,51.1897927],[3.7718855,51.1897921],[3.7718554,51.1897917],[3.7718007,51.1897909],[3.7717441,51.1897906],[3.7714121,51.1897889],[3.7708902,51.1897861],[3.7704824,51.189784],[3.7700371,51.1897817],[3.7695319,51.189779],[3.7692972,51.1897778],[3.7690833,51.1897766],[3.76878,51.189775],[3.768714,51.1897747],[3.7685816,51.1897745],[3.7683748,51.1903898],[3.7680563,51.191323],[3.7680472,51.191359],[3.7679428,51.1913496],[3.7673919,51.1913002],[3.7668575,51.1912482],[3.7660568,51.1911623],[3.7659785,51.1911659],[3.765967,51.1911665],[3.7659346,51.1911678],[3.7658805,51.1911701],[3.7658181,51.1911728],[3.7656182,51.1911813],[3.7652948,51.1912258],[3.7649618,51.1912716],[3.7647734,51.1912975],[3.7647656,51.1912986],[3.7647365,51.1913069],[3.7647158,51.1913156],[3.7646471,51.1913444],[3.7645809,51.1914213],[3.764129,51.1913641],[3.7640693,51.191325],[3.7633009,51.1912184],[3.7621509,51.1910947],[3.7610203,51.1909813],[3.759871,51.190864],[3.7594043,51.1908089],[3.7587606,51.1907093],[3.758263,51.1905971],[3.7576119,51.19045],[3.7571686,51.1903492],[3.7569286,51.1902996],[3.7562949,51.1901864],[3.7562178,51.1901781],[3.7560809,51.1901747],[3.7557437,51.190179],[3.7552772,51.1901841],[3.7551228,51.1901882],[3.7550826,51.1901954],[3.7550081,51.1902429],[3.7548016,51.1903626],[3.7546091,51.190433],[3.7546735,51.1905782],[3.7545964,51.1906125],[3.7541203,51.190827],[3.7539165,51.1909493],[3.7536893,51.1910344],[3.7534578,51.1910729],[3.752397,51.1912006],[3.7523474,51.1912318],[3.7489329,51.1915461],[3.7486204,51.1915553],[3.7482851,51.1915199],[3.7482235,51.1916793],[3.7480753,51.1920666],[3.7479231,51.1924475],[3.747784,51.1926851],[3.7476502,51.1928413],[3.7474792,51.1929546],[3.7472706,51.1930135],[3.7468931,51.1930552],[3.7465418,51.1930467],[3.7463204,51.1930291],[3.7461276,51.1930188],[3.7456003,51.1929955],[3.7451952,51.1929762],[3.7444543,51.1929451],[3.7438454,51.192895],[3.7433814,51.1928324],[3.7431903,51.1927799],[3.7428974,51.1927327],[3.7424353,51.1926748],[3.7419552,51.1926194],[3.7415636,51.1925811],[3.7410955,51.1925458],[3.7409299,51.1925369],[3.7407074,51.1927224],[3.7404749,51.1929068],[3.7403247,51.1930257],[3.7402453,51.1930954],[3.7401308,51.1931962],[3.7400443,51.1932721],[3.7397611,51.1934277],[3.7394012,51.1936859],[3.7388425,51.1939641],[3.7382482,51.1942595],[3.7370615,51.1948575],[3.7367147,51.1950321],[3.7353885,51.1957138],[3.7351155,51.1957055],[3.734661,51.1956252],[3.7341056,51.19554],[3.733864,51.1955705],[3.7334643,51.1955813],[3.7331558,51.1955649],[3.7327907,51.1955253],[3.7322455,51.1964165],[3.7321554,51.1965844],[3.7321059,51.1966866],[3.7320263,51.1968501],[3.7319572,51.1971712],[3.7318754,51.1977089],[3.7317688,51.197875],[3.7315804,51.1981637],[3.7312313,51.1987046],[3.7310868,51.1987006],[3.730942,51.1986847],[3.7307804,51.1986401],[3.730356,51.1985213],[3.7297786,51.1983015],[3.729334,51.1981325],[3.7290698,51.1980309],[3.7286212,51.1978485],[3.7282455,51.1976736],[3.7283007,51.1976199],[3.7285401,51.1974489],[3.7287969,51.1972325],[3.7291771,51.1967594],[3.7292697,51.1965736],[3.7294507,51.1963434],[3.7294963,51.1962475],[3.7303224,51.1952365],[3.7303707,51.1951323],[3.7303786,51.1948463],[3.7303948,51.1944533],[3.7304559,51.1940479],[3.7305531,51.1936498],[3.7306496,51.1932598],[3.7307435,51.1927723],[3.7307516,51.192616],[3.7307281,51.1924913],[3.7306134,51.1919831],[3.7305558,51.1917436],[3.7305196,51.1916158],[3.7304616,51.1914896],[3.7303026,51.1910017],[3.7302393,51.19079],[3.7301816,51.1905774],[3.7299283,51.1897193],[3.729735,51.1888724],[3.729625,51.18821],[3.7297162,51.1881125],[3.7296519,51.187662],[3.7294483,51.1868687],[3.729267,51.1863793],[3.7290774,51.1857984],[3.7290443,51.1855891],[3.7291436,51.1852041],[3.7292587,51.1847803],[3.7293018,51.1845807],[3.729381,51.1842584],[3.7298208,51.1836557],[3.7298061,51.1836422],[3.7294821,51.1836017],[3.7294695,51.1835556],[3.7294856,51.1831588],[3.729503,51.1828436],[3.7295502,51.1824937],[3.7295687,51.1822493],[3.729554,51.1821366],[3.7295843,51.1818596],[3.729621,51.1817053],[3.7296724,51.1815638],[3.7297457,51.1812135],[3.729798,51.1810378],[3.7298356,51.1808504],[3.7298316,51.1808024],[3.7298111,51.1807411],[3.7298316,51.1799113],[3.7298875,51.1793922],[3.729908,51.1791874],[3.7299549,51.1787353],[3.7295821,51.1786687],[3.7290919,51.1785203],[3.7286608,51.1783635],[3.7280453,51.1781188],[3.727832,51.1780079],[3.7273401,51.1777458],[3.7258767,51.1768535],[3.7246978,51.1760935],[3.7245839,51.1759806],[3.7242727,51.1756765],[3.7240389,51.1754442],[3.7238114,51.1755503],[3.7236115,51.1756613],[3.7234023,51.1758059],[3.7233728,51.1758446],[3.7233232,51.1758783],[3.7222529,51.1764254],[3.72116,51.1768275],[3.7205793,51.1769914],[3.7193951,51.1773857],[3.7184443,51.1777153],[3.7150607,51.1787808],[3.7126936,51.1795389],[3.7115879,51.1798983],[3.7109408,51.1800933],[3.7108016,51.1801381],[3.7106578,51.1801826],[3.7103737,51.1802698],[3.7095541,51.1805149],[3.7094646,51.1805359],[3.7093144,51.1805782],[3.7091185,51.1806291],[3.7087031,51.1807516],[3.7086381,51.1807741],[3.7085295,51.1808209],[3.708382,51.1808642],[3.708101,51.1809567],[3.7075826,51.1811354],[3.7073681,51.1812329],[3.7071884,51.1813052],[3.7052894,51.1818634],[3.7001331,51.1833477],[3.6992116,51.18359],[3.6977265,51.1839708],[3.6962955,51.1843862],[3.6962181,51.1844112],[3.6960421,51.1844753],[3.6958926,51.1845226],[3.6954835,51.1846476],[3.6946638,51.1848929],[3.6930266,51.1854002],[3.692251,51.1856421],[3.6917551,51.1847489],[3.6911809,51.1837111],[3.6911246,51.1835901],[3.6910551,51.1835069],[3.6908441,51.1829766],[3.6906474,51.1825485],[3.6904412,51.1822054],[3.6903351,51.1819875],[3.6897862,51.1812413],[3.6895383,51.1810525],[3.689416,51.1809269],[3.6894107,51.1809084],[3.6894536,51.1808462],[3.6895072,51.1807251],[3.6895406,51.1805756],[3.6897499,51.1796866],[3.6898363,51.1793536],[3.6899042,51.1790639],[3.68999,51.178815],[3.6900705,51.1784703],[3.6905828,51.1766072],[3.6906659,51.1764222],[3.6910392,51.1747448],[3.6911662,51.1742547],[3.6911648,51.1742025],[3.6912423,51.1739509],[3.6913656,51.1735326],[3.691412,51.1733188],[3.6915216,51.1724116],[3.6915041,51.1723401],[3.6914814,51.1722997],[3.6914257,51.1722417],[3.6914089,51.1722009],[3.6914089,51.1721782],[3.6914545,51.1720988],[3.6915632,51.1719886],[3.6915544,51.1719554],[3.6915575,51.1719341],[3.6919266,51.1708224],[3.691999,51.1708156],[3.6920688,51.1704401],[3.6910012,51.1704431],[3.6907022,51.1704667],[3.690638,51.1704146],[3.6905412,51.1702951],[3.6904642,51.1702712],[3.6907372,51.1695694],[3.6914254,51.1687585],[3.6924358,51.168109],[3.6926427,51.1680163],[3.6928751,51.167846],[3.6926897,51.1678153],[3.6924497,51.1678096],[3.6922498,51.1678271],[3.6911836,51.1679322],[3.6893995,51.1681024],[3.6862966,51.168372],[3.6844459,51.1685292],[3.6844191,51.1684796],[3.6841643,51.1685065],[3.6841334,51.1685133],[3.6841428,51.1685612],[3.6830925,51.1686887],[3.6824906,51.168705],[3.6803904,51.1685906],[3.6777484,51.1683821],[3.6750475,51.1680693],[3.6719549,51.1677632],[3.6712682,51.16778],[3.6650802,51.1681],[3.6642529,51.168118],[3.6627227,51.1681584],[3.6602975,51.1681874],[3.6599496,51.1682063],[3.6594528,51.168245],[3.6586317,51.1683087],[3.6569908,51.1684439],[3.6552581,51.1686108],[3.6537051,51.1687418],[3.65293,51.168927],[3.6514065,51.1693609],[3.6506568,51.1695711],[3.6500372,51.1697212],[3.6497941,51.1697201],[3.6484225,51.1696056],[3.647245,51.1694929],[3.6470543,51.1694944],[3.6466871,51.1695837],[3.645914,51.169844],[3.6457734,51.1698975],[3.6377135,51.1726801],[3.6272283,51.1729544],[3.6187537,51.1725799],[3.6158078,51.1726153],[3.6146986,51.1722662],[3.6140137,51.1721897],[3.6133529,51.172383],[3.6124583,51.1728803],[3.6114541,51.1730893],[3.6103125,51.1729737],[3.6094883,51.1726806],[3.608545,51.172657],[3.6063609,51.1729855],[3.606138,51.173019],[3.593833,51.17538],[3.593947,51.173709],[3.5931763,51.1727035],[3.589534,51.172618],[3.586562,51.172489],[3.583904,51.172454],[3.584471,51.171039],[3.5847623,51.1701663],[3.583352,51.169555],[3.58159,51.168933],[3.578036,51.167758],[3.575336,51.166786],[3.574682,51.166622],[3.5738028,51.1666854],[3.573101,51.167133],[3.571129,51.168792],[3.570023,51.169914],[3.569963,51.170131],[3.56282,51.169849],[3.561908,51.167957],[3.561503,51.166568],[3.559425,51.165981],[3.557603,51.165519],[3.5572093,51.1654469],[3.5562758,51.165276],[3.555751,51.16518],[3.554128,51.164775],[3.550799,51.163784],[3.549689,51.163486],[3.5453594,51.1624286],[3.5453227,51.1624158],[3.545029,51.1623165],[3.5450031,51.1623117],[3.5446438,51.1622539],[3.543678,51.162208],[3.541734,51.162212],[3.539787,51.162395],[3.539588,51.162303],[3.539245,51.162303],[3.538934,51.162139],[3.537111,51.161712],[3.536021,51.161903],[3.535425,51.161666],[3.534445,51.162143],[3.533225,51.16156],[3.532457,51.161357],[3.530108,51.159904],[3.530254,51.159763],[3.529214,51.158695],[3.529502,51.158569],[3.528857,51.15781],[3.528169,51.157913],[3.527095,51.157169],[3.525664,51.155559],[3.525136,51.154621],[3.524188,51.154903],[3.523165,51.154537],[3.523311,51.154338],[3.522829,51.154102],[3.523555,51.153461],[3.5234815,51.1531506],[3.5233512,51.1528669],[3.5232632,51.1527922],[3.5231234,51.152647],[3.5230678,51.1525165],[3.5230062,51.1524427],[3.5228555,51.1523795],[3.5227818,51.1523653],[3.5226988,51.1523392],[3.5225071,51.1522388],[3.5223312,51.1520974],[3.5222618,51.1520034],[3.5222428,51.151935],[3.5222436,51.1517918],[3.5222299,51.1517348],[3.5220693,51.1513823],[3.5220326,51.1512944],[3.5219706,51.1512367],[3.5217663,51.1510986],[3.5216414,51.1510223],[3.5215717,51.1509458],[3.521519,51.1509041],[3.5214144,51.1508458],[3.5213065,51.1507274],[3.521138,51.1506005],[3.5210667,51.150491],[3.5210322,51.150472],[3.5208011,51.1504319],[3.5206396,51.1503723],[3.5205342,51.1503645],[3.520091,51.1501745],[3.5196569,51.1500154],[3.5195689,51.1499774],[3.5194942,51.1499399],[3.5193967,51.1499183],[3.5193358,51.1499126],[3.5192651,51.1498868],[3.5191311,51.1497853],[3.5187259,51.1496549],[3.5185006,51.1495725],[3.5183717,51.1495347],[3.5180322,51.1493999],[3.5178166,51.1492928],[3.5177142,51.149255],[3.5176237,51.1492008],[3.5174701,51.1491504],[3.5173757,51.1490824],[3.5173039,51.149017],[3.5172858,51.1489841],[3.5172839,51.1489269],[3.5171972,51.1488741],[3.5171472,51.1488271],[3.5170692,51.1487833],[3.5169775,51.1487222],[3.5169119,51.1486858],[3.5168564,51.1486638],[3.5167678,51.1486137],[3.5166454,51.1485628],[3.5165818,51.148517],[3.5165081,51.1484293],[3.516412,51.1483256],[3.5162725,51.1482472],[3.5161611,51.1481161],[3.5158919,51.1479396],[3.5151549,51.1475345],[3.5151144,51.147501],[3.5151028,51.147461],[3.5158269,51.1469533],[3.5158268,51.1469003],[3.5147956,51.1468751],[3.5138197,51.1468535],[3.5128801,51.1473349],[3.5126175,51.1470905],[3.5116891,51.1470639],[3.5114091,51.147231],[3.5096478,51.147356],[3.509513,51.1473997],[3.5086998,51.1476207],[3.5080377,51.1478063],[3.5077145,51.1479198],[3.5065456,51.1478343],[3.495181,51.1504761],[3.4940113,51.1507935],[3.4930832,51.1515301],[3.4918212,51.1522557],[3.4905573,51.1528025],[3.489346,51.151786],[3.481918,51.151515],[3.481288,51.15158],[3.48006,51.151481],[3.47806,51.151432],[3.4771171,51.1514395],[3.4746331,51.1515124],[3.4738637,51.1515205],[3.465679,51.151531],[3.458048,51.152912],[3.455392,51.1533009],[3.450938,51.153953],[3.4492156,51.1498328],[3.448528,51.149997],[3.4439861,51.1509508],[3.440604,51.151699],[3.429535,51.154903],[3.418689,51.158363],[3.417975,51.15834],[3.4148469,51.1597786],[3.4138117,51.159396],[3.4127047,51.158987],[3.4109642,51.159896],[3.4106366,51.1597043],[3.4103192,51.1595255],[3.409944,51.159194],[3.4094086,51.1586794],[3.4093505,51.1586411],[3.4091379,51.1585171],[3.4089093,51.1583917],[3.4088704,51.1583728],[3.4085177,51.1581861],[3.4082166,51.1580263],[3.4076964,51.1577294],[3.4064,51.156977],[3.4067625,51.1567886],[3.407311,51.1565032],[3.4050565,51.1550187],[3.4049997,51.1549946],[3.4049498,51.1549726],[3.4031317,51.1536777],[3.4039995,51.1530424],[3.403135,51.152622],[3.401206,51.15184],[3.401385,51.150497],[3.401468,51.150115],[3.402902,51.148925],[3.40343,51.149196],[3.403821,51.148696],[3.404064,51.147975],[3.404636,51.147983],[3.405336,51.147243],[3.405382,51.146835],[3.404051,51.146705],[3.403698,51.147182],[3.402022,51.147121],[3.4013951,51.1459287],[3.4010063,51.1453535],[3.4008253,51.1450612],[3.4006645,51.1448013],[3.400645,51.144769],[3.4003655,51.1447909],[3.4003175,51.1446711],[3.4003071,51.1446291],[3.4003061,51.1446146],[3.4001666,51.1440374],[3.4000373,51.1433009],[3.396948,51.141403],[3.396231,51.141059],[3.395971,51.140769],[3.39617,51.140388],[3.395833,51.140121],[3.395194,51.139709],[3.394746,51.139247],[3.394312,51.138214],[3.393934,51.138065],[3.393864,51.137779],[3.393495,51.137226],[3.393544,51.136745],[3.393453,51.135665],[3.392784,51.134891],[3.392493,51.134243],[3.391854,51.133853],[3.3911137,51.1334182],[3.3909376,51.1333039],[3.3907271,51.1331472],[3.3905973,51.1330612],[3.3904162,51.1329023],[3.3903595,51.1328368],[3.390308,51.1327719],[3.3902462,51.1326818],[3.3902158,51.1326081],[3.3901879,51.1324395],[3.3901828,51.1322912],[3.3901948,51.1321908],[3.3902075,51.1321606],[3.3903313,51.1319529],[3.390381,51.131849],[3.3904508,51.1316726],[3.3904588,51.1316198],[3.3904121,51.1314649],[3.3903843,51.1314156],[3.3903646,51.1314003],[3.3903379,51.1314015],[3.3902521,51.1314252],[3.3901524,51.1314659],[3.3900798,51.131407],[3.3900091,51.1313461],[3.3899777,51.1313089],[3.3898933,51.1311003],[3.3898531,51.1310208],[3.3897457,51.1308461],[3.387696,51.13013],[3.386787,51.129882],[3.38482,51.129264],[3.382397,51.128597],[3.381715,51.128471],[3.381338,51.128276],[3.380317,51.127933],[3.379522,51.127708],[3.380031,51.12709],[3.3803265,51.1260155],[3.3804712,51.1258575],[3.3807387,51.1255902],[3.3808705,51.1254296],[3.3810371,51.1251151],[3.381133,51.1249522],[3.3812988,51.124773],[3.3816374,51.1244026],[3.3816614,51.1243207],[3.3815615,51.1242393],[3.3814321,51.1241012],[3.3812272,51.123883],[3.3808212,51.1234549],[3.3806549,51.123265],[3.3802197,51.1227669],[3.3800063,51.122489],[3.3799512,51.1224169],[3.3799332,51.1223934],[3.3799225,51.1223794],[3.3797738,51.1221766],[3.3795552,51.1218531],[3.3794935,51.1217818],[3.3793969,51.1217111],[3.3792977,51.1216589],[3.3791376,51.1215883],[3.3768576,51.1205682],[3.3745164,51.1195197],[3.3761603,51.1180048],[3.3722752,51.115888],[3.3726073,51.1156628],[3.3680347,51.1146872],[3.3679613,51.1146722],[3.3678587,51.1146521],[3.3677525,51.1146466],[3.3675949,51.1146153],[3.367333,51.1145584],[3.3670182,51.1144894],[3.3669565,51.1144757],[3.3667934,51.1144443],[3.366291,51.1143469],[3.3661026,51.1143101],[3.3657755,51.1142437],[3.363694,51.113831],[3.3596096,51.1130354],[3.3591416,51.1129572],[3.3589102,51.1128734],[3.3586733,51.1127806],[3.3580667,51.1125623],[3.3576992,51.1124301],[3.3575571,51.112388],[3.3574766,51.1123775],[3.3568405,51.112356],[3.3563957,51.112332],[3.3550881,51.1122116],[3.3549335,51.112205],[3.354907,51.1111709],[3.3548822,51.1101764],[3.3548641,51.1100897],[3.3542455,51.1094272],[3.3534607,51.108586],[3.3525366,51.1084105],[3.3518393,51.1082783],[3.3493603,51.1078122],[3.350221,51.106525],[3.3467132,51.1060183],[3.3468533,51.1057374],[3.3470335,51.1053769],[3.3441685,51.1052158],[3.3413861,51.1050594],[3.3379655,51.1030529],[3.336957,51.1024613],[3.3364521,51.1021653],[3.3359475,51.1018691],[3.3351886,51.102154],[3.334824,51.1018461],[3.3345057,51.1015774],[3.3336543,51.1008592],[3.3325567,51.0999331],[3.3313115,51.0988832]]]}}]}